baseline_row	match_status	match_score	match_reasons	raw_candidate_count	raw_tie_count	selected_match_note	alternate_raw_candidates	partner_id	partner_isolate_id	partner_isolate_id_status	sh_id	qub_id	sequence_identifier	sequence_primer_from_identifier	sequence_bp	overview_row	overview_organism_type	overview_gtdb_assignment	overview_gtdb_taxon	overview_gtdb_pident	overview_closest_hungate_hit	overview_hungate_hit_pident	overview_jgi_sequenced	overview_mwl	overview_metadata	overview_notes	all16s_row	all16s_db_control_seq	all16s_project	all16s_responsible	all16s_status_info	all16s_bc_status	all16s_sh_id	all16s_project_isolate_id	all16s_short_sequence_code	all16s_original_fasta_id	all16s_order_date	all16s_order_id	all16s_type	all16s_plate_well_id	all16s_used_date	all16s_sequence_order_id	all16s_primer_direction	all16s_sequencing_primer	all16s_base_pairs	all16s_location_of_stock	all16s_method	all16s_isolation_time	all16s_isolation_medium	all16s_year	all16s_growth_medium	all16s_colony_size	all16s_colony_colour	all16s_colony_surface	all16s_maldi_tof	all16s_temperature	all16s_atmosphere	all16s_rf_project_reference	all16s_rf_collection_date	all16s_animal_species	all16s_animal_slaughter_id	all16s_animal_id	all16s_production_system_animal_diet	all16s_animal_week_of_age	ab1_expected_filename	ab1_expected_path	ab1_present	ab1_status	ab1_size_bytes	ab1_modified_time	ab1_directory_listing_status	ab1_directory_listing_error
1	MATCHED_NON_SH_RAW_CODE	125	short_sequence_code,unknown_primer,base_pairs,used_bc	1	1	Overview isolate ID was not recorded as an SH_ID in all_16S; matched by raw sequence code and base pairs.		QUB	JDP762_F9	NON_SH_ID		QUB_0653	QUB_?_0653	?	1223	11	Bacteria	RS_GCF_002266425.1	d__Bacteria;p__Bacillota;c__Clostridia;o__Tissierellales;f__Tissierellaceae;g__Tissierella;s__Tissierella carlieri	99.4				MWL13			44	DB_01246	Rumen_Gateway	PhD_Zhenbin??	missing_maldi	USED	NR	NR	>JDP762_F9	>JDP762_61777621_F9	2024-07-31 00:00:00	11109010182-1	Plate	9	2024-08-16 00:00:00	11109029784	F	NR	1223	NR	NR	NR	NR	NR	NR	NR	NR	NR				NR	NR	NR	NR	NR	NR	NR	JDP762_61777621_F9.ab1	/Users/nicholas/Library/CloudStorage/OneDrive-SharedLibraries-Queen'sUniversityBelfast/RUMEN Gateway QUB-Scientific_Consortium - Documents/03_Partners_sequences/QUB/ab1_files/JDP762_61777621_F9.ab1	TRUE	PRESENT	337486	2024-08-16T09:05:54	UNAVAILABLE	"PermissionError: [Errno 1] Operation not permitted: ""/Users/nicholas/Library/CloudStorage/OneDrive-SharedLibraries-Queen'sUniversityBelfast/RUMEN Gateway QUB-Scientific_Consortium - Documents/03_Partners_sequences/QUB/ab1_files"""
2	MATCHED_SH_PRIMER_BP	155	sh_id,primer,base_pairs,used_bc	3	1		row=67|db=DB_00126|short=ELX836|fasta=ELX836_30138361_30138361|primer=1387R|bp=1095|score=130|reasons=sh_id,base_pairs,used_bc; row=66|db=DB_00125|short=ELX835|fasta=ELX835_30138354_30138354|primer=63F|bp=157|score=105|reasons=sh_id,used_bc	QUB	RC_18	NON_SH_ID		QUB_0066	QUB_1387FC_0066	1387FC	1095	13	Bacteria	RS_GCF_000703005.1	d__Bacteria;p__Bacillota;c__Clostridia;o__Lachnospirales;f__Lachnospiraceae;g__Pseudobutyrivibrio;s__Pseudobutyrivibrio ruminis_A	99.7				MWL6			68	DB_00127	Rumen_Gateway	Postdoc_James	missing_maldi_missingScientificID	USED	RC_18	NR	>ELX836C	>ELX836C_30138361_30138361			Tube				F	1387FC	1095	NR	Dilution_to_extinction	NR	NR	2021	NR	NR	NR	NR				MASTER_1_FGS	NR	ovine	NR	NR	Control/silage/concentrate(50:50)	Samples from the slaughter	ELX836C_30138361_30138361.ab1	/Users/nicholas/Library/CloudStorage/OneDrive-SharedLibraries-Queen'sUniversityBelfast/RUMEN Gateway QUB-Scientific_Consortium - Documents/03_Partners_sequences/QUB/ab1_files/ELX836C_30138361_30138361.ab1	FALSE	MISSING_EXPECTED_FILE			UNAVAILABLE	"PermissionError: [Errno 1] Operation not permitted: ""/Users/nicholas/Library/CloudStorage/OneDrive-SharedLibraries-Queen'sUniversityBelfast/RUMEN Gateway QUB-Scientific_Consortium - Documents/03_Partners_sequences/QUB/ab1_files"""
3	MATCHED_SH_PRIMER_BP	155	sh_id,primer,base_pairs,used_bc	4	1		row=70|db=DB_00552|short=HOB488|fasta=HOB488_50974888_50974888|primer=27F|bp=1156|score=105|reasons=sh_id,used_bc; row=71|db=DB_01478|short=JDP761_A1|fasta=|primer=27F|bp=|score=105|reasons=sh_id,used_bc; row=72|db=DB_01479|short=JDP761_A2|fasta=|primer=1492R|bp=|score=105|reasons=sh_id,used_bc	QUB	SH_0007	SH_ID	SH_0007	QUB_0009	QUB_63F_0009	63F	1164	28	Bacteria	RS_GCF_900218035.1	d__Bacteria;p__Bacillota;c__Clostridia;o__Lachnospirales;f__Lachnospiraceae;g__Pseudobutyrivibrio;s__Pseudobutyrivibrio ruminis	98.9							69	DB_00046	Rumen_Gateway	MSc_Ziming	missing_maldi	USED	SH_0007	RC48; 48	>DYG755	>DYG755_26587555_26587555	02/02/2021	11107239059-1	Tube		19/07/2022	11108032820	F	63F	1164	A1.1.box1	Dilution_to_extinction	2	M2	2022	M2	pinpoint	white	NR	Actinomyces neuii			MASTER_2_FGS	NR	ovine	NR	7064	TMR/Control	Samples from the slaughter	DYG755_26587555_26587555.ab1	/Users/nicholas/Library/CloudStorage/OneDrive-SharedLibraries-Queen'sUniversityBelfast/RUMEN Gateway QUB-Scientific_Consortium - Documents/03_Partners_sequences/QUB/ab1_files/DYG755_26587555_26587555.ab1	TRUE	PRESENT	325953	2022-07-20T08:49:16	UNAVAILABLE	"PermissionError: [Errno 1] Operation not permitted: ""/Users/nicholas/Library/CloudStorage/OneDrive-SharedLibraries-Queen'sUniversityBelfast/RUMEN Gateway QUB-Scientific_Consortium - Documents/03_Partners_sequences/QUB/ab1_files"""
4	MATCHED_SH_PRIMER_BP	155	sh_id,primer,base_pairs,used_bc	4	1		row=71|db=DB_01478|short=JDP761_A1|fasta=|primer=27F|bp=|score=130|reasons=sh_id,primer,used_bc; row=69|db=DB_00046|short=DYG755|fasta=DYG755_26587555_26587555|primer=63F|bp=1164|score=105|reasons=sh_id,used_bc; row=72|db=DB_01479|short=JDP761_A2|fasta=|primer=1492R|bp=|score=105|reasons=sh_id,used_bc	QUB	SH_0007	SH_ID	SH_0007	QUB_0169	QUB_27F_0169	27F	1156	29	Bacteria	RS_GCF_010906925.1	d__Bacteria;p__Bacillota;c__Clostridia;o__Lachnospirales;f__Lachnospiraceae;g__Pseudobutyrivibrio;s__Pseudobutyrivibrio sp900112855	98.6							70	DB_00552	Rumen_Gateway	MSc_Ziming	missing_maldi	USED	SH_0007	RC48	>HOB488	>HOB488_50974888_50974888	28/06/2023	11108489641-1	Tube		04/12/2023	11108696594	F	27F	1156	A1.1.box1	Dilution_to_extinction	2	M2	2022	M2	pinpoint	white	NR	Actinomyces neuii			MASTER_2_FGS	NR	ovine	NR	7064	TMR/Control	Samples from the slaughter	HOB488_50974888_50974888.ab1	/Users/nicholas/Library/CloudStorage/OneDrive-SharedLibraries-Queen'sUniversityBelfast/RUMEN Gateway QUB-Scientific_Consortium - Documents/03_Partners_sequences/QUB/ab1_files/HOB488_50974888_50974888.ab1	TRUE	PRESENT	330608	2023-12-04T10:12:26	UNAVAILABLE	"PermissionError: [Errno 1] Operation not permitted: ""/Users/nicholas/Library/CloudStorage/OneDrive-SharedLibraries-Queen'sUniversityBelfast/RUMEN Gateway QUB-Scientific_Consortium - Documents/03_Partners_sequences/QUB/ab1_files"""
5	MATCHED_SH_PRIMER_BP	155	sh_id,primer,base_pairs,used_bc	4	1		row=74|db=DB_00551|short=HOB487|fasta=HOB487_50974871_50974871|primer=27F|bp=1057|score=105|reasons=sh_id,used_bc; row=75|db=DB_01695|short=JTQ749|fasta=JTQ749_65947495_65947495|primer=27F|bp=1191|score=105|reasons=sh_id,used_bc; row=76|db=DB_01696|short=JTQ750|fasta=JTQ750_65947501_65947501|primer=1492R|bp=1257|score=105|reasons=sh_id,used_bc	QUB	SH_0008	SH_ID	SH_0008	QUB_0021	QUB_63F_0021	63F	1201	30	Bacteria	RS_GCF_009695655.1	d__Bacteria;p__Bacillota;c__Bacilli;o__Erysipelotrichales;f__Coprobacillaceae;g__Sharpea;s__Sharpea porci	97.8							73	DB_00060	Rumen_Gateway	MSc_Ziming	missing_maldi	USED	SH_0008	RC62	>DYG769	>DYG769_26587692_26587692	02/02/2021	11107239059-1	Tube		19/07/2022	11108032820	F	63F	1201	A1.1.box1	Dilution_to_extinction	2	M2	2022	M2	small	white	NR	SH_155			MASTER_2_FGS	NR	ovine	NR	6973	TMR/High microalgae supplementation	Samples from the slaughter	DYG769_26587692_26587692.ab1	/Users/nicholas/Library/CloudStorage/OneDrive-SharedLibraries-Queen'sUniversityBelfast/RUMEN Gateway QUB-Scientific_Consortium - Documents/03_Partners_sequences/QUB/ab1_files/DYG769_26587692_26587692.ab1	TRUE	PRESENT	332501	2022-07-20T08:49:18	UNAVAILABLE	"PermissionError: [Errno 1] Operation not permitted: ""/Users/nicholas/Library/CloudStorage/OneDrive-SharedLibraries-Queen'sUniversityBelfast/RUMEN Gateway QUB-Scientific_Consortium - Documents/03_Partners_sequences/QUB/ab1_files"""
6	MATCHED_SH_PRIMER_BP	155	sh_id,primer,base_pairs,used_bc	4	1		row=75|db=DB_01695|short=JTQ749|fasta=JTQ749_65947495_65947495|primer=27F|bp=1191|score=130|reasons=sh_id,primer,used_bc; row=73|db=DB_00060|short=DYG769|fasta=DYG769_26587692_26587692|primer=63F|bp=1201|score=105|reasons=sh_id,used_bc; row=76|db=DB_01696|short=JTQ750|fasta=JTQ750_65947501_65947501|primer=1492R|bp=1257|score=105|reasons=sh_id,used_bc	QUB	SH_0008	SH_ID	SH_0008	QUB_0168	QUB_27F_0168	27F	1057	31	Bacteria	RS_GCF_029011175.1	d__Bacteria;p__Actinomycetota;c__Actinomycetes;o__Actinomycetales;f__Actinomycetaceae;g__Winkia;s__Winkia anitrata	99.2							74	DB_00551	Rumen_Gateway	MSc_Ziming	missing_maldi	USED	SH_0008	RC62	>HOB487	>HOB487_50974871_50974871	28/06/2023	11108489641-1	Tube		04/12/2023	11108696594	F	27F	1057	A1.1.box1	Dilution_to_extinction	2	M2	2022	M2	small	white	NR	SH_155			MASTER_2_FGS	NR	ovine	NR	6973	TMR/High microalgae supplementation	Samples from the slaughter	HOB487_50974871_50974871.ab1	/Users/nicholas/Library/CloudStorage/OneDrive-SharedLibraries-Queen'sUniversityBelfast/RUMEN Gateway QUB-Scientific_Consortium - Documents/03_Partners_sequences/QUB/ab1_files/HOB487_50974871_50974871.ab1	TRUE	PRESENT	336734	2023-12-04T10:12:26	UNAVAILABLE	"PermissionError: [Errno 1] Operation not permitted: ""/Users/nicholas/Library/CloudStorage/OneDrive-SharedLibraries-Queen'sUniversityBelfast/RUMEN Gateway QUB-Scientific_Consortium - Documents/03_Partners_sequences/QUB/ab1_files"""
7	MATCHED_SH_PRIMER_BP	155	sh_id,primer,base_pairs,used_bc	3	1		row=78|db=DB_00140|short=ELX848|fasta=ELX848_30138484_30138484|primer=1387R|bp=1112|score=130|reasons=sh_id,base_pairs,used_bc; row=77|db=DB_00139|short=ELX847|fasta=ELX847_30138477_30138477|primer=63F|bp=164|score=105|reasons=sh_id,used_bc	QUB	SH_0043	SH_ID	SH_0043	QUB_0072	QUB_1387FC_0072	1387FC	1112	32	Bacteria	RS_GCF_000703005.1	d__Bacteria;p__Bacillota;c__Clostridia;o__Lachnospirales;f__Lachnospiraceae;g__Pseudobutyrivibrio;s__Pseudobutyrivibrio ruminis_A	99.1				MWL6			79	DB_00141	Rumen_Gateway	BSc_Jnana and Corey	Dead	USED	SH_0043	24	>ELX848C	>ELX848C_30138484_30138484			Tube				F	1387FC	1112	Dead	Dilution_to_extinction	2	PC+RF	2021	PC+RF	pinpoint	white	NR	Dead			MASTER_1_FGS	NR	ovine	NR	16184	Control/silage/concentrate(50:50)	Samples from the slaughter	ELX848C_30138484_30138484.ab1	/Users/nicholas/Library/CloudStorage/OneDrive-SharedLibraries-Queen'sUniversityBelfast/RUMEN Gateway QUB-Scientific_Consortium - Documents/03_Partners_sequences/QUB/ab1_files/ELX848C_30138484_30138484.ab1	FALSE	MISSING_EXPECTED_FILE			UNAVAILABLE	"PermissionError: [Errno 1] Operation not permitted: ""/Users/nicholas/Library/CloudStorage/OneDrive-SharedLibraries-Queen'sUniversityBelfast/RUMEN Gateway QUB-Scientific_Consortium - Documents/03_Partners_sequences/QUB/ab1_files"""
8	MATCHED_SH_PRIMER_BP	155	sh_id,primer,base_pairs,used_bc	11	1		row=81|db=DB_00135|short=ELX844|fasta=ELX844_30138446_30138446|primer=1387R|bp=1097|score=130|reasons=sh_id,base_pairs,used_bc; row=80|db=DB_00134|short=ELX843|fasta=ELX843_30138439_30138439|primer=63F|bp=162|score=105|reasons=sh_id,used_bc; row=83|db=DB_01162|short=IWS844|fasta=IWS844_59988442_59988442|primer=27F|bp=690|score=105|reasons=sh_id,used_bc; row=84|db=DB_01273|short=JDP762_H11|fasta=JDP762_61777621_H11|primer=27F|bp=668|score=105|reasons=sh_id,used_bc; row=85|db=DB_01392|short=JDP777|fasta=|primer=|bp=|score=105|reasons=sh_id,used_bc; row=86|db=DB_01480|short=JDP761_A3|fasta=|primer=27F|bp=|score=105|reasons=sh_id,used_bc; row=87|db=DB_01481|short=JDP761_A4|fasta=|primer=1492R|bp=|score=105|reasons=sh_id,used_bc; row=88|db=DB_01719|short=JTQ773|fasta=JTQ773_65947730_65947730|primer=27F|bp=227|score=105|reasons=sh_id,used_bc; row=89|db=DB_01720|short=JTQ774|fasta=JTQ774_65947747_65947747|primer=1492R|bp=990|score=105|reasons=sh_id,used_bc; row=90|db=DB_01734|short=KCX852|fasta=KCX852_68358526_68358526|primer=27F|bp=724|score=105|reasons=sh_id,used_bc	QUB	SH_0044	SH_ID	SH_0044	QUB_0070	QUB_1387FC_0070	1387FC	1097	33	Bacteria	RS_GCF_900002405.1	d__Bacteria;p__Actinomycetota;c__Actinomycetes;o__Actinomycetales;f__Actinomycetaceae;g__Actinomyces;s__Actinomyces succiniciruminis	99.8				MWL6			82	DB_00136	Rumen_Gateway	BSc_Jnana and Corey	missing_maldi_missingScientificID	USED	SH_0044	22	>ELX844C	>ELX844C_30138446_30138446			Tube				F	1387FC	1097	A1.3 Box 3	Dilution_to_extinction	2	PC	2021	PC	NR	NR	NR	SH_44			MASTER_1_FGS	NR	ovine	NR	16951	Control/silage/concentrate(50:50)	Samples from the slaughter	ELX844C_30138446_30138446.ab1	/Users/nicholas/Library/CloudStorage/OneDrive-SharedLibraries-Queen'sUniversityBelfast/RUMEN Gateway QUB-Scientific_Consortium - Documents/03_Partners_sequences/QUB/ab1_files/ELX844C_30138446_30138446.ab1	FALSE	MISSING_EXPECTED_FILE			UNAVAILABLE	"PermissionError: [Errno 1] Operation not permitted: ""/Users/nicholas/Library/CloudStorage/OneDrive-SharedLibraries-Queen'sUniversityBelfast/RUMEN Gateway QUB-Scientific_Consortium - Documents/03_Partners_sequences/QUB/ab1_files"""
9	MATCHED_SH_PRIMER_BP	155	sh_id,primer,base_pairs,used_bc	11	1		row=84|db=DB_01273|short=JDP762_H11|fasta=JDP762_61777621_H11|primer=27F|bp=668|score=130|reasons=sh_id,primer,used_bc; row=86|db=DB_01480|short=JDP761_A3|fasta=|primer=27F|bp=|score=130|reasons=sh_id,primer,used_bc; row=88|db=DB_01719|short=JTQ773|fasta=JTQ773_65947730_65947730|primer=27F|bp=227|score=130|reasons=sh_id,primer,used_bc; row=90|db=DB_01734|short=KCX852|fasta=KCX852_68358526_68358526|primer=27F|bp=724|score=130|reasons=sh_id,primer,used_bc; row=80|db=DB_00134|short=ELX843|fasta=ELX843_30138439_30138439|primer=63F|bp=162|score=105|reasons=sh_id,used_bc; row=81|db=DB_00135|short=ELX844|fasta=ELX844_30138446_30138446|primer=1387R|bp=1097|score=105|reasons=sh_id,used_bc; row=82|db=DB_00136|short=ELX844C|fasta=ELX844C_30138446_30138446|primer=1387FC|bp=1097|score=105|reasons=sh_id,used_bc; row=85|db=DB_01392|short=JDP777|fasta=|primer=|bp=|score=105|reasons=sh_id,used_bc; row=87|db=DB_01481|short=JDP761_A4|fasta=|primer=1492R|bp=|score=105|reasons=sh_id,used_bc; row=89|db=DB_01720|short=JTQ774|fasta=JTQ774_65947747_65947747|primer=1492R|bp=990|score=105|reasons=sh_id,used_bc	QUB	SH_0044	SH_ID	SH_0044	QUB_0582	QUB_27F_0582	27F	690	34	Bacteria	RS_GCF_002797975.1	d__Bacteria;p__Bacillota;c__Clostridia;o__Lachnospirales;f__Lachnospiraceae;g__Lacrimispora;s__Lacrimispora celerecrescens	99.2				MWL6			83	DB_01162	Rumen_Gateway	BSc_Jnana and Corey	missing_maldi_missingScientificID	USED	SH_0044	22	>IWS844	>IWS844_59988442_59988442	19/04/2024	11108875297-1	Tube		23/08/2024	11109037792	F	27F	690	A1.3 Box 3	Dilution_to_extinction	2	PC	2021	PC	NR	NR	NR	SH_44			MASTER_1_FGS	NR	ovine	NR	16951	Control/silage/concentrate(50:50)	Samples from the slaughter	IWS844_59988442_59988442.ab1	/Users/nicholas/Library/CloudStorage/OneDrive-SharedLibraries-Queen'sUniversityBelfast/RUMEN Gateway QUB-Scientific_Consortium - Documents/03_Partners_sequences/QUB/ab1_files/IWS844_59988442_59988442.ab1	TRUE	PRESENT	357537	2024-08-26T12:54:08	UNAVAILABLE	"PermissionError: [Errno 1] Operation not permitted: ""/Users/nicholas/Library/CloudStorage/OneDrive-SharedLibraries-Queen'sUniversityBelfast/RUMEN Gateway QUB-Scientific_Consortium - Documents/03_Partners_sequences/QUB/ab1_files"""
10	MATCHED_SH_PRIMER_BP	155	sh_id,primer,base_pairs,used_bc	11	1		row=83|db=DB_01162|short=IWS844|fasta=IWS844_59988442_59988442|primer=27F|bp=690|score=130|reasons=sh_id,primer,used_bc; row=86|db=DB_01480|short=JDP761_A3|fasta=|primer=27F|bp=|score=130|reasons=sh_id,primer,used_bc; row=88|db=DB_01719|short=JTQ773|fasta=JTQ773_65947730_65947730|primer=27F|bp=227|score=130|reasons=sh_id,primer,used_bc; row=90|db=DB_01734|short=KCX852|fasta=KCX852_68358526_68358526|primer=27F|bp=724|score=130|reasons=sh_id,primer,used_bc; row=80|db=DB_00134|short=ELX843|fasta=ELX843_30138439_30138439|primer=63F|bp=162|score=105|reasons=sh_id,used_bc; row=81|db=DB_00135|short=ELX844|fasta=ELX844_30138446_30138446|primer=1387R|bp=1097|score=105|reasons=sh_id,used_bc; row=82|db=DB_00136|short=ELX844C|fasta=ELX844C_30138446_30138446|primer=1387FC|bp=1097|score=105|reasons=sh_id,used_bc; row=85|db=DB_01392|short=JDP777|fasta=|primer=|bp=|score=105|reasons=sh_id,used_bc; row=87|db=DB_01481|short=JDP761_A4|fasta=|primer=1492R|bp=|score=105|reasons=sh_id,used_bc; row=89|db=DB_01720|short=JTQ774|fasta=JTQ774_65947747_65947747|primer=1492R|bp=990|score=105|reasons=sh_id,used_bc	QUB	SH_0044	SH_ID	SH_0044	QUB_0663	QUB_27F_0663	27F	668	35	Bacteria	RS_GCF_900187165.1	d__Bacteria;p__Bacillota;c__Clostridia;o__Clostridiales;f__Clostridiaceae;g__Clostridium_G;s__Clostridium_G cochlearium	99.4				MWL6			84	DB_01273	Rumen_Gateway	BSc_Jnana and Corey	missing_maldi_missingScientificID	USED	SH_0044	22	>JDP762_H11	>JDP762_61777621_H11	2024-07-31 00:00:00	11109010182-1	Plate	11	2024-08-16 00:00:00	11109029784	F	27F	668	A1.3 Box 3	Dilution_to_extinction	2	PC	2021	PC	NR	NR	NR	SH_44			MASTER_1_FGS	NR	ovine	NR	16951	Control/silage/concentrate(50:50)	Samples from the slaughter	JDP762_61777621_H11.ab1	/Users/nicholas/Library/CloudStorage/OneDrive-SharedLibraries-Queen'sUniversityBelfast/RUMEN Gateway QUB-Scientific_Consortium - Documents/03_Partners_sequences/QUB/ab1_files/JDP762_61777621_H11.ab1	TRUE	PRESENT	328658	2024-08-16T09:05:56	UNAVAILABLE	"PermissionError: [Errno 1] Operation not permitted: ""/Users/nicholas/Library/CloudStorage/OneDrive-SharedLibraries-Queen'sUniversityBelfast/RUMEN Gateway QUB-Scientific_Consortium - Documents/03_Partners_sequences/QUB/ab1_files"""
11	MATCHED_SH_PRIMER_BP	155	sh_id,primer,base_pairs,used_bc	4	1		row=92|db=DB_00110|short=ELX820|fasta=ELX820_30138200_30138200|primer=1387R|bp=1107|score=105|reasons=sh_id,used_bc; row=93|db=DB_01172|short=IWS854|fasta=IWS854_59988541_59988541|primer=27F|bp=88|score=105|reasons=sh_id,used_bc; row=94|db=DB_01398|short=JDP783|fasta=|primer=|bp=|score=105|reasons=sh_id,used_bc	QUB	SH_0045	SH_ID	SH_0045	QUB_0056	QUB_63F_0056	63F	1114	36	Bacteria	RS_GCF_000741295.1	d__Bacteria;p__Actinomycetota;c__Actinomycetes;o__Actinomycetales;f__Bifidobacteriaceae;g__Bifidobacterium;s__Bifidobacterium globosum	99.7				MWL6			91	DB_00109	Rumen_Gateway	BSc_Jnana and Corey	missing_maldi	USED	SH_0045	10	>ELX819	>ELX819_30138194_30138194	01/07/2021	11107492450-1	Tube		02/08/2021	11107538579	F	63F	1114	A1.3 Box 3	Dilution_to_extinction	2	BHI+RF	2021	BHI+RF	small	white	NR	SH_45			MASTER_1_FGS	NR	ovine	NR	16932	Control/silage/concentrate(50:50)	Samples from the slaughter	ELX819_30138194_30138194.ab1	/Users/nicholas/Library/CloudStorage/OneDrive-SharedLibraries-Queen'sUniversityBelfast/RUMEN Gateway QUB-Scientific_Consortium - Documents/03_Partners_sequences/QUB/ab1_files/ELX819_30138194_30138194.ab1	TRUE	PRESENT	326987	2021-08-02T09:01:24	UNAVAILABLE	"PermissionError: [Errno 1] Operation not permitted: ""/Users/nicholas/Library/CloudStorage/OneDrive-SharedLibraries-Queen'sUniversityBelfast/RUMEN Gateway QUB-Scientific_Consortium - Documents/03_Partners_sequences/QUB/ab1_files"""
12	MATCHED_SH_PRIMER_BP	155	sh_id,primer,base_pairs,used_bc	5	1		row=96|db=DB_01671|short=JTQ725|fasta=JTQ725_65947259_65947259|primer=27F|bp=1254|score=105|reasons=sh_id,used_bc; row=97|db=DB_01672|short=JTQ726|fasta=JTQ726_65947266_65947266|primer=1492R|bp=1242|score=105|reasons=sh_id,used_bc; row=98|db=DB_01731|short=KCX849|fasta=KCX849_68358496_68358496|primer=27F|bp=1275|score=105|reasons=sh_id,used_bc; row=99|db=DB_01732|short=KCX850|fasta=KCX850_68358502_68358502|primer=1492R|bp=1264|score=105|reasons=sh_id,used_bc	QUB	SH_0046	SH_ID	SH_0046	QUB_0041	QUB_63F_0041	63F	1151	37	Bacteria	RS_GCF_001592005.1	d__Bacteria;p__Bacillota;c__Bacilli;o__Bacillales;f__Bacillaceae;g__Bacillus;s__Bacillus sonorensis	99.6				MWL13			95	DB_00081	Rumen_Gateway	MSc_Ziming	missing_maldi	USED	SH_0046	122	>DYG790	>DYG790_26587906_26587906	02/02/2021	11107239059-1	Tube		26/08/2022	11108081181	F	63F	1151	A1.1 Box4	Dilution_to_extinction	7	M2	2022	M2	pinpoint	grey	NR	SH_60			Routine in vitro ruminal fluid	NR	bovine				Slaughter	DYG790_26587906_26587906.ab1	/Users/nicholas/Library/CloudStorage/OneDrive-SharedLibraries-Queen'sUniversityBelfast/RUMEN Gateway QUB-Scientific_Consortium - Documents/03_Partners_sequences/QUB/ab1_files/DYG790_26587906_26587906.ab1	TRUE	PRESENT	330009	2022-08-26T16:16:18	UNAVAILABLE	"PermissionError: [Errno 1] Operation not permitted: ""/Users/nicholas/Library/CloudStorage/OneDrive-SharedLibraries-Queen'sUniversityBelfast/RUMEN Gateway QUB-Scientific_Consortium - Documents/03_Partners_sequences/QUB/ab1_files"""
13	MATCHED_SH_PRIMER_BP	155	sh_id,primer,base_pairs,used_bc	2	1		row=101|db=DB_00116|short=ELX826|fasta=ELX826_30138262_30138262|primer=1387R|bp=542|score=105|reasons=sh_id,used_bc	QUB	SH_0047	SH_ID	SH_0047	QUB_0059	QUB_63F_0059	63F	769	38	Bacteria	RS_GCF_000703005.1	d__Bacteria;p__Bacillota;c__Clostridia;o__Lachnospirales;f__Lachnospiraceae;g__Pseudobutyrivibrio;s__Pseudobutyrivibrio ruminis_A	99.5							100	DB_00115	Rumen_Gateway	BSc_Jnana and Corey	missing_maldi	USED	SH_0047	13	>ELX825	>ELX825_30138255_30138255	01/07/2021	11107492450-1	Tube		02/08/2021	11107538579	F	63F	769	A1.1 Box4	Dilution_to_extinction	2	BHI+RF	2021	BHI+RF	small	white	NR	SH_61			MASTER_1_FGS	NR	ovine	NR	16951	Control/silage/concentrate(50:50)	Samples from the slaughter	ELX825_30138255_30138255.ab1	/Users/nicholas/Library/CloudStorage/OneDrive-SharedLibraries-Queen'sUniversityBelfast/RUMEN Gateway QUB-Scientific_Consortium - Documents/03_Partners_sequences/QUB/ab1_files/ELX825_30138255_30138255.ab1	TRUE	PRESENT	310951	2021-08-02T09:01:24	UNAVAILABLE	"PermissionError: [Errno 1] Operation not permitted: ""/Users/nicholas/Library/CloudStorage/OneDrive-SharedLibraries-Queen'sUniversityBelfast/RUMEN Gateway QUB-Scientific_Consortium - Documents/03_Partners_sequences/QUB/ab1_files"""
14	MATCHED_SH_PRIMER_BP	155	sh_id,primer,base_pairs,used_bc	2	1		row=103|db=DB_00103|short=ELX814|fasta=ELX814_30138149_30138149|primer=1387R|bp=1035|score=105|reasons=sh_id,used_bc	QUB	SH_0048	SH_ID	SH_0048	QUB_0053	QUB_63F_0053	63F	1076	39	Bacteria	RS_GCF_000741295.1	d__Bacteria;p__Actinomycetota;c__Actinomycetes;o__Actinomycetales;f__Bifidobacteriaceae;g__Bifidobacterium;s__Bifidobacterium globosum	99.4							102	DB_00102	Rumen_Gateway	BSc_Jnana and Corey	missing_maldi	USED	SH_0048	7	>ELX813	>ELX813_30138132_30138132	01/07/2021	11107492450-1	Tube		02/08/2021	11107538579	F	63F	1076	A1.1 Box4	Dilution_to_extinction	2	BHI+RF	2021	BHI+RF	small	white	NR	SH_48			MASTER_1_FGS	NR	ovine	NR	16951	Control/silage/concentrate(50:50)	Samples from the slaughter	ELX813_30138132_30138132.ab1	/Users/nicholas/Library/CloudStorage/OneDrive-SharedLibraries-Queen'sUniversityBelfast/RUMEN Gateway QUB-Scientific_Consortium - Documents/03_Partners_sequences/QUB/ab1_files/ELX813_30138132_30138132.ab1	TRUE	PRESENT	331538	2021-08-02T09:01:24	UNAVAILABLE	"PermissionError: [Errno 1] Operation not permitted: ""/Users/nicholas/Library/CloudStorage/OneDrive-SharedLibraries-Queen'sUniversityBelfast/RUMEN Gateway QUB-Scientific_Consortium - Documents/03_Partners_sequences/QUB/ab1_files"""
15	MATCHED_SH_PRIMER_BP	155	sh_id,primer,base_pairs,used_bc	2	1		row=105|db=DB_00147|short=ELX854|fasta=ELX854_30138545_30138545|primer=1387R|bp=1103|score=105|reasons=sh_id,used_bc	QUB	SH_0049	SH_ID	SH_0049	QUB_0075	QUB_63F_0075	63F	1058	40	Bacteria	RS_GCF_010906925.1	d__Bacteria;p__Bacillota;c__Clostridia;o__Lachnospirales;f__Lachnospiraceae;g__Pseudobutyrivibrio;s__Pseudobutyrivibrio sp900112855	99.7				MWL6			104	DB_00146	Rumen_Gateway	BSc_Jnana and Corey	missing_maldi	USED	SH_0049	27	>ELX853	>ELX853_30138538_30138538	01/07/2021	11107492450-1	Tube		02/08/2021	11107538579	F	63F	1058	A1.1 Box4	Dilution_to_extinction	2	PC+RF	2021	PC	small	white	NR	SH_49			MASTER_1_FGS	NR	ovine	NR	15866	Control/silage/concentrate(50:50)	Samples from the slaughter	ELX853_30138538_30138538.ab1	/Users/nicholas/Library/CloudStorage/OneDrive-SharedLibraries-Queen'sUniversityBelfast/RUMEN Gateway QUB-Scientific_Consortium - Documents/03_Partners_sequences/QUB/ab1_files/ELX853_30138538_30138538.ab1	TRUE	PRESENT	338560	2021-08-02T09:01:24	UNAVAILABLE	"PermissionError: [Errno 1] Operation not permitted: ""/Users/nicholas/Library/CloudStorage/OneDrive-SharedLibraries-Queen'sUniversityBelfast/RUMEN Gateway QUB-Scientific_Consortium - Documents/03_Partners_sequences/QUB/ab1_files"""
16	MATCHED_SH_PRIMER_BP	155	sh_id,primer,base_pairs,used_bc	4	1		row=107|db=DB_00097|short=ELX808|fasta=ELX808_30138088_30138088|primer=1387R|bp=1143|score=105|reasons=sh_id,used_bc; row=108|db=DB_00577|short=HOB513|fasta=HOB513_50975137_50975137|primer=27F|bp=1149|score=105|reasons=sh_id,used_bc; row=109|db=DB_01101|short=IWS783|fasta=IWS783_59987834_59987834|primer=27F|bp=1249|score=105|reasons=sh_id,used_bc	QUB	SH_0050	SH_ID	SH_0050	QUB_0050	QUB_63F_0050	63F	1102	41	Bacteria	RS_GCF_000741295.1	d__Bacteria;p__Actinomycetota;c__Actinomycetes;o__Actinomycetales;f__Bifidobacteriaceae;g__Bifidobacterium;s__Bifidobacterium globosum	99.4				MWL6			106	DB_00096	Rumen_Gateway	BSc_Jnana and Corey	missing_maldi	USED	SH_0050	4	>ELX807	>ELX807_30138071_30138071	01/07/2021	11107492450-1	Tube		02/08/2021	11107538579	F	63F	1102	A1.1 Box4	Dilution_to_extinction	2	BHI	2021	BHI	small	white	NR	SH_50			MASTER_1_FGS	NR	ovine	NR	16932	Control/silage/concentrate(50:50)	Samples from the slaughter	ELX807_30138071_30138071.ab1	/Users/nicholas/Library/CloudStorage/OneDrive-SharedLibraries-Queen'sUniversityBelfast/RUMEN Gateway QUB-Scientific_Consortium - Documents/03_Partners_sequences/QUB/ab1_files/ELX807_30138071_30138071.ab1	TRUE	PRESENT	326389	2021-08-02T09:01:24	UNAVAILABLE	"PermissionError: [Errno 1] Operation not permitted: ""/Users/nicholas/Library/CloudStorage/OneDrive-SharedLibraries-Queen'sUniversityBelfast/RUMEN Gateway QUB-Scientific_Consortium - Documents/03_Partners_sequences/QUB/ab1_files"""
17	MATCHED_SH_PRIMER_BP	155	sh_id,primer,base_pairs,used_bc	4	1		row=109|db=DB_01101|short=IWS783|fasta=IWS783_59987834_59987834|primer=27F|bp=1249|score=130|reasons=sh_id,primer,used_bc; row=106|db=DB_00096|short=ELX807|fasta=ELX807_30138071_30138071|primer=63F|bp=1102|score=105|reasons=sh_id,used_bc; row=107|db=DB_00097|short=ELX808|fasta=ELX808_30138088_30138088|primer=1387R|bp=1143|score=105|reasons=sh_id,used_bc	QUB	SH_0050	SH_ID	SH_0050	QUB_0170	QUB_27F_0170	27F	1149	42	Bacteria	RS_GCF_009695655.1	d__Bacteria;p__Bacillota;c__Bacilli;o__Erysipelotrichales;f__Coprobacillaceae;g__Sharpea;s__Sharpea porci	97.4				MWL6			108	DB_00577	Rumen_Gateway	BSc_Jnana and Corey	missing_maldi	USED	SH_0050	4	>HOB513	>HOB513_50975137_50975137	28/06/2023	11108489641-1	Tube		04/12/2023	11108696594	F	27F	1149	A1.1 Box4	Dilution_to_extinction	2	BHI	2021	BHI	small	white	NR	SH_50			MASTER_1_FGS	NR	ovine	NR	16932	Control/silage/concentrate(50:50)	Samples from the slaughter	HOB513_50975137_50975137.ab1	/Users/nicholas/Library/CloudStorage/OneDrive-SharedLibraries-Queen'sUniversityBelfast/RUMEN Gateway QUB-Scientific_Consortium - Documents/03_Partners_sequences/QUB/ab1_files/HOB513_50975137_50975137.ab1	TRUE	PRESENT	336113	2023-12-04T10:12:26	UNAVAILABLE	"PermissionError: [Errno 1] Operation not permitted: ""/Users/nicholas/Library/CloudStorage/OneDrive-SharedLibraries-Queen'sUniversityBelfast/RUMEN Gateway QUB-Scientific_Consortium - Documents/03_Partners_sequences/QUB/ab1_files"""
18	MATCHED_SH_PRIMER_BP	155	sh_id,primer,base_pairs,used_bc	4	1		row=108|db=DB_00577|short=HOB513|fasta=HOB513_50975137_50975137|primer=27F|bp=1149|score=130|reasons=sh_id,primer,used_bc; row=106|db=DB_00096|short=ELX807|fasta=ELX807_30138071_30138071|primer=63F|bp=1102|score=105|reasons=sh_id,used_bc; row=107|db=DB_00097|short=ELX808|fasta=ELX808_30138088_30138088|primer=1387R|bp=1143|score=105|reasons=sh_id,used_bc	QUB	SH_0050	SH_ID	SH_0050	QUB_0537	QUB_27F_0537	27F	1249	43	Bacteria	RS_GCF_001592005.1	d__Bacteria;p__Bacillota;c__Bacilli;o__Bacillales;f__Bacillaceae;g__Bacillus;s__Bacillus sonorensis	99.7				MWL6			109	DB_01101	Rumen_Gateway	BSc_Jnana and Corey	missing_maldi_missingScientificID	USED	SH_0050	4	>IWS783	>IWS783_59987834_59987834	19/04/2024	11108875297-1	Tube		16/08/2024	11109029894	F	27F	1249	A1.1 Box4	Dilution_to_extinction	2	BHI	2021	BHI	NR	NR	NR	SH_50			MASTER_1_FGS	NR	ovine	NR	16932	Control/silage/concentrate(50:50)	Samples from the slaughter	IWS783_59987834_59987834.ab1	/Users/nicholas/Library/CloudStorage/OneDrive-SharedLibraries-Queen'sUniversityBelfast/RUMEN Gateway QUB-Scientific_Consortium - Documents/03_Partners_sequences/QUB/ab1_files/IWS783_59987834_59987834.ab1	FALSE	MISSING_EXPECTED_FILE			UNAVAILABLE	"PermissionError: [Errno 1] Operation not permitted: ""/Users/nicholas/Library/CloudStorage/OneDrive-SharedLibraries-Queen'sUniversityBelfast/RUMEN Gateway QUB-Scientific_Consortium - Documents/03_Partners_sequences/QUB/ab1_files"""
19	MATCHED_SH_PRIMER_BP	155	sh_id,primer,base_pairs,used_bc	4	1		row=111|db=DB_00143|short=ELX850|fasta=ELX850_30138507_30138507|primer=1387R|bp=1079|score=105|reasons=sh_id,used_bc; row=112|db=DB_01483|short=JDP761_A6|fasta=|primer=1492R|bp=|score=105|reasons=sh_id,used_bc; row=113|db=DB_01562|short=JDP761_H1|fasta=|primer=27F|bp=|score=105|reasons=sh_id,used_bc	QUB	SH_0051	SH_ID	SH_0051	QUB_0073	QUB_63F_0073	63F	1077	44	Bacteria	RS_GCF_011387195.1	d__Bacteria;p__Bacillota;c__Bacilli;o__Lactobacillales;f__Streptococcaceae;g__Streptococcus;s__Streptococcus ruminicola	99.1							110	DB_00142	Rumen_Gateway	BSc_Jnana and Corey	missing_maldi	USED	SH_0051	25	>ELX849	>ELX849_30138491_30138491	01/07/2021	11107492450-1	Tube		02/08/2021	11107538579	F	63F	1077	A1.1 Box4	Dilution_to_extinction	2	PC+RF	2021	PC	big/small (2 COLONIES)	white	NR	SH_162			MASTER_1_FGS	NR	ovine	NR	16932	Control/silage/concentrate(50:50)	Samples from the slaughter	ELX849_30138491_30138491.ab1	/Users/nicholas/Library/CloudStorage/OneDrive-SharedLibraries-Queen'sUniversityBelfast/RUMEN Gateway QUB-Scientific_Consortium - Documents/03_Partners_sequences/QUB/ab1_files/ELX849_30138491_30138491.ab1	TRUE	PRESENT	324549	2021-08-02T09:01:24	UNAVAILABLE	"PermissionError: [Errno 1] Operation not permitted: ""/Users/nicholas/Library/CloudStorage/OneDrive-SharedLibraries-Queen'sUniversityBelfast/RUMEN Gateway QUB-Scientific_Consortium - Documents/03_Partners_sequences/QUB/ab1_files"""
20	MATCHED_SH_PRIMER_BP	155	sh_id,primer,base_pairs,used_bc	2	1		row=115|db=DB_00138|short=ELX846|fasta=ELX846_30138460_30138460|primer=1387R|bp=1120|score=105|reasons=sh_id,used_bc	QUB	SH_0052	SH_ID	SH_0052	QUB_0071	QUB_63F_0071	63F	1071	45	Bacteria	RS_GCF_000703005.1	d__Bacteria;p__Bacillota;c__Clostridia;o__Lachnospirales;f__Lachnospiraceae;g__Pseudobutyrivibrio;s__Pseudobutyrivibrio ruminis_A	99.7							114	DB_00137	Rumen_Gateway	BSc_Jnana and Corey	missing_maldi	USED	SH_0052	23	>ELX845	>ELX845_30138453_30138453	01/07/2021	11107492450-1	Tube		02/08/2021	11107538579	F	63F	1071	A1.1 Box4	Dilution_to_extinction	2	PC+RF	2021	PC	no growth	white	NR	SH_52			MASTER_1_FGS	NR	ovine	NR	16361	Control/silage/concentrate(50:50)	Samples from the slaughter	ELX845_30138453_30138453.ab1	/Users/nicholas/Library/CloudStorage/OneDrive-SharedLibraries-Queen'sUniversityBelfast/RUMEN Gateway QUB-Scientific_Consortium - Documents/03_Partners_sequences/QUB/ab1_files/ELX845_30138453_30138453.ab1	TRUE	PRESENT	336608	2021-08-02T09:01:24	UNAVAILABLE	"PermissionError: [Errno 1] Operation not permitted: ""/Users/nicholas/Library/CloudStorage/OneDrive-SharedLibraries-Queen'sUniversityBelfast/RUMEN Gateway QUB-Scientific_Consortium - Documents/03_Partners_sequences/QUB/ab1_files"""
21	MATCHED_SH_PRIMER_BP	155	sh_id,primer,base_pairs,used_bc	2	1		row=117|db=DB_00131|short=ELX840|fasta=ELX840_30138408_30138408|primer=1387R|bp=1100|score=105|reasons=sh_id,used_bc	QUB	SH_0053	SH_ID	SH_0053	QUB_0068	QUB_63F_0068	63F	1072	46	Bacteria	RS_GCF_011387195.1	d__Bacteria;p__Bacillota;c__Bacilli;o__Lactobacillales;f__Streptococcaceae;g__Streptococcus;s__Streptococcus ruminicola	99				MWL6			116	DB_00130	Rumen_Gateway	BSc_Jnana and Corey	missing_maldi	USED	SH_0053	20	>ELX839	>ELX839_30138392_30138392	01/07/2021	11107492450-1	Tube		02/08/2021	11107538579	F	63F	1072	A1.1 Box4	Dilution_to_extinction	2	PC	2021	PC	pinpoint	white	NR	SH_53			MASTER_1_FGS	NR	ovine	NR	15866	Control/silage/concentrate(50:50)	Samples from the slaughter	ELX839_30138392_30138392.ab1	/Users/nicholas/Library/CloudStorage/OneDrive-SharedLibraries-Queen'sUniversityBelfast/RUMEN Gateway QUB-Scientific_Consortium - Documents/03_Partners_sequences/QUB/ab1_files/ELX839_30138392_30138392.ab1	TRUE	PRESENT	327553	2021-08-02T09:01:24	UNAVAILABLE	"PermissionError: [Errno 1] Operation not permitted: ""/Users/nicholas/Library/CloudStorage/OneDrive-SharedLibraries-Queen'sUniversityBelfast/RUMEN Gateway QUB-Scientific_Consortium - Documents/03_Partners_sequences/QUB/ab1_files"""
22	MATCHED_SH_PRIMER_BP	155	sh_id,primer,base_pairs,used_bc	4	1		row=119|db=DB_00094|short=ELX806|fasta=ELX806_30138064_30138064|primer=1387R|bp=899|score=130|reasons=sh_id,base_pairs,used_bc; row=118|db=DB_00093|short=ELX805|fasta=ELX805_30138057_30138057|primer=63F|bp=769|score=105|reasons=sh_id,used_bc; row=121|db=DB_01171|short=IWS853|fasta=IWS853_59988534_59988534|primer=27F|bp=1175|score=105|reasons=sh_id,used_bc	QUB	SH_0054	SH_ID	SH_0054	QUB_0049	QUB_1387FC_0049	1387FC	899	47	Bacteria	RS_GCF_014490785.1	d__Bacteria;p__Pseudomonadota;c__Gammaproteobacteria;o__Enterobacterales;f__Enterobacteriaceae;g__Kosakonia;s__Kosakonia sp014490785	98							120	DB_00095	Rumen_Gateway	BSc_Jnana and Corey	missing_maldi_missingScientificID	USED	SH_0054	3	>ELX806C	>ELX806C_30138064_30138064			Tube				F	1387FC	899	A1.1 Box4	Dilution_to_extinction	2	NR	2021	BHI	NR	NR	NR	Bifidobacterium pseudolongum			MASTER_1_FGS	NR	ovine	NR	16184	Control/silage/concentrate(50:50)	Samples from the slaughter	ELX806C_30138064_30138064.ab1	/Users/nicholas/Library/CloudStorage/OneDrive-SharedLibraries-Queen'sUniversityBelfast/RUMEN Gateway QUB-Scientific_Consortium - Documents/03_Partners_sequences/QUB/ab1_files/ELX806C_30138064_30138064.ab1	FALSE	MISSING_EXPECTED_FILE			UNAVAILABLE	"PermissionError: [Errno 1] Operation not permitted: ""/Users/nicholas/Library/CloudStorage/OneDrive-SharedLibraries-Queen'sUniversityBelfast/RUMEN Gateway QUB-Scientific_Consortium - Documents/03_Partners_sequences/QUB/ab1_files"""
23	MATCHED_SH_PRIMER_BP	155	sh_id,primer,base_pairs,used_bc	4	1		row=118|db=DB_00093|short=ELX805|fasta=ELX805_30138057_30138057|primer=63F|bp=769|score=105|reasons=sh_id,used_bc; row=119|db=DB_00094|short=ELX806|fasta=ELX806_30138064_30138064|primer=1387R|bp=899|score=105|reasons=sh_id,used_bc; row=120|db=DB_00095|short=ELX806C|fasta=ELX806C_30138064_30138064|primer=1387FC|bp=899|score=105|reasons=sh_id,used_bc	QUB	SH_0054	SH_ID	SH_0054	QUB_0591	QUB_27F_0591	27F	1175	48	Bacteria	RS_GCF_011387195.1	d__Bacteria;p__Bacillota;c__Bacilli;o__Lactobacillales;f__Streptococcaceae;g__Streptococcus;s__Streptococcus ruminicola	99.3							121	DB_01171	Rumen_Gateway	BSc_Jnana and Corey	missing_maldi	USED	SH_0054	3	>IWS853	>IWS853_59988534_59988534	19/04/2024	11108875297-1	Tube		12/07/2024	11108986368	F	27F	1175	A1.1 Box4	Dilution_to_extinction	2	BHI	2021	BHI	big	white	NR	Bifidobacterium pseudolongum			MASTER_1_FGS	NR	ovine	NR	16184	Control/silage/concentrate(50:50)	Samples from the slaughter	IWS853_59988534_59988534.ab1	/Users/nicholas/Library/CloudStorage/OneDrive-SharedLibraries-Queen'sUniversityBelfast/RUMEN Gateway QUB-Scientific_Consortium - Documents/03_Partners_sequences/QUB/ab1_files/IWS853_59988534_59988534.ab1	TRUE	PRESENT	314705	2024-07-12T14:04:18	UNAVAILABLE	"PermissionError: [Errno 1] Operation not permitted: ""/Users/nicholas/Library/CloudStorage/OneDrive-SharedLibraries-Queen'sUniversityBelfast/RUMEN Gateway QUB-Scientific_Consortium - Documents/03_Partners_sequences/QUB/ab1_files"""
24	MATCHED_SH_PRIMER_BP	155	sh_id,primer,base_pairs,used_bc	5	1		row=123|db=DB_00133|short=ELX842|fasta=ELX842_30138422_30138422|primer=1387R|bp=1093|score=105|reasons=sh_id,used_bc; row=124|db=DB_01098|short=IWS780|fasta=IWS780_59987803_59987803|primer=27F|bp=656|score=105|reasons=sh_id,used_bc; row=125|db=DB_01161|short=IWS843|fasta=IWS843_59988435_59988435|primer=27F|bp=66|score=105|reasons=sh_id,used_bc; row=126|db=DB_01391|short=JDP776|fasta=|primer=|bp=|score=105|reasons=sh_id,used_bc	QUB	SH_0055	SH_ID	SH_0055	QUB_0069	QUB_63F_0069	63F	1143	49	Bacteria	RS_GCF_900289195.1	d__Bacteria;p__Actinomycetota;c__Actinomycetes;o__Propionibacteriales;f__Propionibacteriaceae;g__Propionibacterium;s__Propionibacterium ruminifibrarum	99.2				MWL6			122	DB_00132	Rumen_Gateway	BSc_Jnana and Corey	missing_maldi	USED	SH_0055	21	>ELX841	>ELX841_30138415_30138415	01/07/2021	11107492450-1	Tube		02/08/2021	11107538579	F	63F	1143	A1.1 Box4	Dilution_to_extinction	2	PC	2021	PC	pinpoint	white	NR	SH_55			MASTER_1_FGS	NR	ovine	NR	16951	Control/silage/concentrate(50:50)	Samples from the slaughter	ELX841_30138415_30138415.ab1	/Users/nicholas/Library/CloudStorage/OneDrive-SharedLibraries-Queen'sUniversityBelfast/RUMEN Gateway QUB-Scientific_Consortium - Documents/03_Partners_sequences/QUB/ab1_files/ELX841_30138415_30138415.ab1	TRUE	PRESENT	332847	2021-08-02T09:01:24	UNAVAILABLE	"PermissionError: [Errno 1] Operation not permitted: ""/Users/nicholas/Library/CloudStorage/OneDrive-SharedLibraries-Queen'sUniversityBelfast/RUMEN Gateway QUB-Scientific_Consortium - Documents/03_Partners_sequences/QUB/ab1_files"""
25	MATCHED_SH_PRIMER_BP	155	sh_id,primer,base_pairs,used_bc	5	1		row=125|db=DB_01161|short=IWS843|fasta=IWS843_59988435_59988435|primer=27F|bp=66|score=130|reasons=sh_id,primer,used_bc; row=122|db=DB_00132|short=ELX841|fasta=ELX841_30138415_30138415|primer=63F|bp=1143|score=105|reasons=sh_id,used_bc; row=123|db=DB_00133|short=ELX842|fasta=ELX842_30138422_30138422|primer=1387R|bp=1093|score=105|reasons=sh_id,used_bc; row=126|db=DB_01391|short=JDP776|fasta=|primer=|bp=|score=105|reasons=sh_id,used_bc	QUB	SH_0055	SH_ID	SH_0055	QUB_0534	QUB_27F_0534	27F	656	50	Bacteria	RS_GCF_027568575.1	d__Bacteria;p__Bacillota;c__Bacilli;o__Bacillales_B;f__Caldibacillaceae;g__Caldifermentibacillus;s__Caldifermentibacillus hisashii	99.3							124	DB_01098	Rumen_Gateway	BSc_Jnana and Corey	missing_maldi_missingScientificID	USED	SH_0055	21	>IWS780	>IWS780_59987803_59987803	19/04/2024	11108875297-1	Tube		16/08/2024	11109030325	F	27F	656	A1.1 Box4	Dilution_to_extinction	2	NR	2021	PC	NR	NR	NR	SH_55			MASTER_1_FGS	NR	ovine	NR	16951	Control/silage/concentrate(50:50)	Samples from the slaughter	IWS780_59987803_59987803.ab1	/Users/nicholas/Library/CloudStorage/OneDrive-SharedLibraries-Queen'sUniversityBelfast/RUMEN Gateway QUB-Scientific_Consortium - Documents/03_Partners_sequences/QUB/ab1_files/IWS780_59987803_59987803.ab1	TRUE	PRESENT	328992	2024-08-16T13:52:14	UNAVAILABLE	"PermissionError: [Errno 1] Operation not permitted: ""/Users/nicholas/Library/CloudStorage/OneDrive-SharedLibraries-Queen'sUniversityBelfast/RUMEN Gateway QUB-Scientific_Consortium - Documents/03_Partners_sequences/QUB/ab1_files"""
26	MATCHED_SH_PRIMER_BP	155	sh_id,primer,base_pairs,used_bc	2	1		row=128|db=DB_00099|short=ELX810|fasta=ELX810_30138101_30138101|primer=1387R|bp=1037|score=105|reasons=sh_id,used_bc	QUB	SH_0056	SH_ID	SH_0056	QUB_0051	QUB_63F_0051	63F	1044	51	Bacteria	RS_GCF_900218035.1	d__Bacteria;p__Bacillota;c__Clostridia;o__Lachnospirales;f__Lachnospiraceae;g__Pseudobutyrivibrio;s__Pseudobutyrivibrio ruminis	98.6							127	DB_00098	Rumen_Gateway	BSc_Jnana and Corey	missing_maldi	USED	SH_0056	5	>ELX809	>ELX809_30138095_30138095	01/07/2021	11107492450-1	Tube		02/08/2021	11107538579	F	63F	1044	A1.1 Box4	Dilution_to_extinction	2	BHI	2021	BHI	big/small (2 COLONIES)	white/white yellow	NR	SH_54			MASTER_1_FGS	NR	ovine	NR	15935	Control/silage/concentrate(50:50)	Samples from the slaughter	ELX809_30138095_30138095.ab1	/Users/nicholas/Library/CloudStorage/OneDrive-SharedLibraries-Queen'sUniversityBelfast/RUMEN Gateway QUB-Scientific_Consortium - Documents/03_Partners_sequences/QUB/ab1_files/ELX809_30138095_30138095.ab1	TRUE	PRESENT	325375	2021-08-02T09:01:24	UNAVAILABLE	"PermissionError: [Errno 1] Operation not permitted: ""/Users/nicholas/Library/CloudStorage/OneDrive-SharedLibraries-Queen'sUniversityBelfast/RUMEN Gateway QUB-Scientific_Consortium - Documents/03_Partners_sequences/QUB/ab1_files"""
27	MATCHED_SH_PRIMER_BP	155	sh_id,primer,base_pairs,used_bc	2	1		row=130|db=DB_00145|short=ELX852|fasta=ELX852_30138521_30138521|primer=1387R|bp=1026|score=105|reasons=sh_id,used_bc	QUB	SH_0057	SH_ID	SH_0057	QUB_0074	QUB_63F_0074	63F	1081	52	Bacteria	RS_GCF_010906925.1	d__Bacteria;p__Bacillota;c__Clostridia;o__Lachnospirales;f__Lachnospiraceae;g__Pseudobutyrivibrio;s__Pseudobutyrivibrio sp900112855	99.4							129	DB_00144	Rumen_Gateway	BSc_Jnana and Corey	missing_maldi	USED	SH_0057	26	>ELX851	>ELX851_30138514_30138514	01/07/2021	11107492450-1	Tube		02/08/2021	11107538579	F	63F	1081	A1.1 Box4	Dilution_to_extinction	2	PC+RF	2021	PC	no growth	white	NR				MASTER_1_FGS	NR	ovine	NR	15935	Control/silage/concentrate(50:50)	Samples from the slaughter	ELX851_30138514_30138514.ab1	/Users/nicholas/Library/CloudStorage/OneDrive-SharedLibraries-Queen'sUniversityBelfast/RUMEN Gateway QUB-Scientific_Consortium - Documents/03_Partners_sequences/QUB/ab1_files/ELX851_30138514_30138514.ab1	TRUE	PRESENT	342646	2021-08-02T09:01:24	UNAVAILABLE	"PermissionError: [Errno 1] Operation not permitted: ""/Users/nicholas/Library/CloudStorage/OneDrive-SharedLibraries-Queen'sUniversityBelfast/RUMEN Gateway QUB-Scientific_Consortium - Documents/03_Partners_sequences/QUB/ab1_files"""
28	MATCHED_SH_PRIMER_BP	155	sh_id,primer,base_pairs,used_bc	2	1		row=132|db=DB_00101|short=ELX812|fasta=ELX812_30138125_30138125|primer=1387R|bp=1104|score=105|reasons=sh_id,used_bc	QUB	SH_0058	SH_ID	SH_0058	QUB_0052	QUB_63F_0052	63F	1095	53	Bacteria	RS_GCF_000741295.1	d__Bacteria;p__Actinomycetota;c__Actinomycetes;o__Actinomycetales;f__Bifidobacteriaceae;g__Bifidobacterium;s__Bifidobacterium globosum	99.1							131	DB_00100	Rumen_Gateway	BSc_Jnana and Corey	missing_maldi	USED	SH_0058	6	>ELX811	>ELX811_30138118_30138118	01/07/2021	11107492450-1	Tube		02/08/2021	11107538579	F	63F	1095	A1.1 Box4	Dilution_to_extinction	2	BHI	2021	BHI	small	white	NR	SH_58			MASTER_1_FGS	NR	ovine	NR	15866	Control/silage/concentrate(50:50)	Samples from the slaughter	ELX811_30138118_30138118.ab1	/Users/nicholas/Library/CloudStorage/OneDrive-SharedLibraries-Queen'sUniversityBelfast/RUMEN Gateway QUB-Scientific_Consortium - Documents/03_Partners_sequences/QUB/ab1_files/ELX811_30138118_30138118.ab1	TRUE	PRESENT	324866	2021-08-02T09:01:24	UNAVAILABLE	"PermissionError: [Errno 1] Operation not permitted: ""/Users/nicholas/Library/CloudStorage/OneDrive-SharedLibraries-Queen'sUniversityBelfast/RUMEN Gateway QUB-Scientific_Consortium - Documents/03_Partners_sequences/QUB/ab1_files"""
29	MATCHED_SH_PRIMER_BP	155	sh_id,primer,base_pairs,used_bc	3	1		row=134|db=DB_00120|short=ELX830|fasta=ELX830_30138309_30138309|primer=1387R|bp=1089|score=105|reasons=sh_id,used_bc; row=135|db=DB_00625|short=IPO320|fasta=IPO320_58123202_58123202|primer=27F|bp=1249|score=105|reasons=sh_id,used_bc	QUB	SH_0059	SH_ID	SH_0059	QUB_0062	QUB_63F_0062	63F	1076	54	Bacteria	RS_GCF_012844235.1	d__Bacteria;p__Actinomycetota;c__Coriobacteriia;o__Coriobacteriales;f__Atopobiaceae;g__Parafannyhessea;s__Parafannyhessea sp900538935	99.2				MWL4			133	DB_00119	Rumen_Gateway	BSc_Jnana and Corey	missing_maldi	USED	SH_0059	15	>ELX829	>ELX829_30138293_30138293	01/07/2021	11107492450-1	Tube		02/08/2021	11107538579	F	63F	1076	A1.1 Box4	Dilution_to_extinction	2	PC	2021	PC	small	white	NR	Bifidobacterium pseudolongum			MASTER_1_FGS	NR	ovine	NR	16951	Control/silage/concentrate(50:50)	Samples from the slaughter	ELX829_30138293_30138293.ab1	/Users/nicholas/Library/CloudStorage/OneDrive-SharedLibraries-Queen'sUniversityBelfast/RUMEN Gateway QUB-Scientific_Consortium - Documents/03_Partners_sequences/QUB/ab1_files/ELX829_30138293_30138293.ab1	TRUE	PRESENT	336214	2021-08-02T09:01:24	UNAVAILABLE	"PermissionError: [Errno 1] Operation not permitted: ""/Users/nicholas/Library/CloudStorage/OneDrive-SharedLibraries-Queen'sUniversityBelfast/RUMEN Gateway QUB-Scientific_Consortium - Documents/03_Partners_sequences/QUB/ab1_files"""
30	MATCHED_SH_PRIMER_BP	155	sh_id,primer,base_pairs,used_bc	3	1		row=133|db=DB_00119|short=ELX829|fasta=ELX829_30138293_30138293|primer=63F|bp=1076|score=105|reasons=sh_id,used_bc; row=134|db=DB_00120|short=ELX830|fasta=ELX830_30138309_30138309|primer=1387R|bp=1089|score=105|reasons=sh_id,used_bc	QUB	SH_0059	SH_ID	SH_0059	QUB_0172	QUB_27F_0172	27F	1249	55	Bacteria	GB_GCA_004555055.1	d__Bacteria;p__Bacteroidota;c__Bacteroidia;o__Bacteroidales;f__Bacteroidaceae;g__Alloprevotella;s__Alloprevotella sp004555055	98.9							135	DB_00625	Rumen_Gateway	BSc_Jnana and Corey	missing_maldi	USED	SH_0059	15	>IPO320	>IPO320_58123202_58123202	03/01/2024	11108725344-1	Tube		03/04/2024	11108850159	F	27F	1249	A1.1 Box4	Dilution_to_extinction	2	PC	2021	PC	small	white	NR	Bifidobacterium pseudolongum			MASTER_1_FGS	NR	ovine	NR	16951	Control/silage/concentrate(50:50)	Samples from the slaughter	IPO320_58123202_58123202.ab1	/Users/nicholas/Library/CloudStorage/OneDrive-SharedLibraries-Queen'sUniversityBelfast/RUMEN Gateway QUB-Scientific_Consortium - Documents/03_Partners_sequences/QUB/ab1_files/IPO320_58123202_58123202.ab1	TRUE	PRESENT	333557	2024-04-03T04:04:08	UNAVAILABLE	"PermissionError: [Errno 1] Operation not permitted: ""/Users/nicholas/Library/CloudStorage/OneDrive-SharedLibraries-Queen'sUniversityBelfast/RUMEN Gateway QUB-Scientific_Consortium - Documents/03_Partners_sequences/QUB/ab1_files"""
31	MATCHED_SH_PRIMER_BP	155	sh_id,primer,base_pairs,used_bc	2	1		row=137|db=DB_00105|short=ELX816|fasta=ELX816_30138163_30138163|primer=1387R|bp=1073|score=105|reasons=sh_id,used_bc	QUB	SH_0060	SH_ID	SH_0060	QUB_0054	QUB_63F_0054	63F	1124	56	Bacteria	RS_GCF_000011645.1	d__Bacteria;p__Bacillota;c__Bacilli;o__Bacillales;f__Bacillaceae;g__Bacillus;s__Bacillus licheniformis	99.2							136	DB_00104	Rumen_Gateway	BSc_Jnana and Corey	missing_maldi	USED	SH_0060	8	>ELX815	>ELX815_30138156_30138156	01/07/2021	11107492450-1	Tube		02/08/2021	11107538579	F	63F	1124	A1.1 Box4	Dilution_to_extinction	2	BHI+RF	2021	BHI+RF	big/small (2 COLONIES)	white/white yellow	NR	SH_60			MASTER_1_FGS	NR	ovine	NR	16361	Control/silage/concentrate(50:50)	Samples from the slaughter	ELX815_30138156_30138156.ab1	/Users/nicholas/Library/CloudStorage/OneDrive-SharedLibraries-Queen'sUniversityBelfast/RUMEN Gateway QUB-Scientific_Consortium - Documents/03_Partners_sequences/QUB/ab1_files/ELX815_30138156_30138156.ab1	TRUE	PRESENT	330465	2021-08-02T09:01:24	UNAVAILABLE	"PermissionError: [Errno 1] Operation not permitted: ""/Users/nicholas/Library/CloudStorage/OneDrive-SharedLibraries-Queen'sUniversityBelfast/RUMEN Gateway QUB-Scientific_Consortium - Documents/03_Partners_sequences/QUB/ab1_files"""
32	MATCHED_SH_PRIMER_BP	155	sh_id,primer,base_pairs,used_bc	2	1		row=139|db=DB_00112|short=ELX822|fasta=ELX822_30138224_30138224|primer=1387R|bp=1051|score=105|reasons=sh_id,used_bc	QUB	SH_0061	SH_ID	SH_0061	QUB_0057	QUB_63F_0057	63F	1096	57	Bacteria	RS_GCF_000741295.1	d__Bacteria;p__Actinomycetota;c__Actinomycetes;o__Actinomycetales;f__Bifidobacteriaceae;g__Bifidobacterium;s__Bifidobacterium globosum	99.9							138	DB_00111	Rumen_Gateway	BSc_Jnana and Corey	missing_maldi	USED	SH_0061	11	>ELX821	>ELX821_30138217_30138217	01/07/2021	11107492450-1	Tube		02/08/2021	11107538579	F	63F	1096	A1.2 Box1	Dilution_to_extinction	2	BHI+RF	2021	BHI+RF	big	white	NR	SH_61			MASTER_1_FGS	NR	ovine	NR	15935	Control/silage/concentrate(50:50)	Samples from the slaughter	ELX821_30138217_30138217.ab1	/Users/nicholas/Library/CloudStorage/OneDrive-SharedLibraries-Queen'sUniversityBelfast/RUMEN Gateway QUB-Scientific_Consortium - Documents/03_Partners_sequences/QUB/ab1_files/ELX821_30138217_30138217.ab1	TRUE	PRESENT	345181	2021-08-02T09:01:24	UNAVAILABLE	"PermissionError: [Errno 1] Operation not permitted: ""/Users/nicholas/Library/CloudStorage/OneDrive-SharedLibraries-Queen'sUniversityBelfast/RUMEN Gateway QUB-Scientific_Consortium - Documents/03_Partners_sequences/QUB/ab1_files"""
33	MATCHED_SH_PRIMER_BP	155	sh_id,primer,base_pairs,used_bc	1	1			QUB	SH_0062	SH_ID	SH_0062	QUB_0025	QUB_63F_0025	63F	1226	58	Bacteria	RS_GCF_018075365.1	d__Bacteria;p__Bacillota;c__Bacilli;o__Bacillales_D;f__Amphibacillaceae;g__Virgibacillus;s__Virgibacillus pantothenticus	97.6				MWL6			140	DB_00064	Rumen_Gateway	MSc_Ziming	missing_maldi	USED	SH_0062	66	>DYG773	>DYG773_26587739_26587739	02/02/2021	11107239059-1	Tube		19/07/2022	11108032820	F	63F	1226	A1.2 Box1	Dilution_to_extinction	2	M2	2022	M2	pinpoint	white	NR	SH_62			MASTER_2_FGS	NR	ovine	NR	6908	TMR/High microalgae supplementation	Samples from the slaughter	DYG773_26587739_26587739.ab1	/Users/nicholas/Library/CloudStorage/OneDrive-SharedLibraries-Queen'sUniversityBelfast/RUMEN Gateway QUB-Scientific_Consortium - Documents/03_Partners_sequences/QUB/ab1_files/DYG773_26587739_26587739.ab1	TRUE	PRESENT	327061	2022-07-20T08:49:18	UNAVAILABLE	"PermissionError: [Errno 1] Operation not permitted: ""/Users/nicholas/Library/CloudStorage/OneDrive-SharedLibraries-Queen'sUniversityBelfast/RUMEN Gateway QUB-Scientific_Consortium - Documents/03_Partners_sequences/QUB/ab1_files"""
34	MATCHED_SH_PRIMER_BP	155	sh_id,primer,base_pairs,used_bc	2	1		row=142|db=DB_00129|short=ELX838|fasta=ELX838_30138385_30138385|primer=1387R|bp=1147|score=105|reasons=sh_id,used_bc	QUB	SH_0063	SH_ID	SH_0063	QUB_0067	QUB_63F_0067	63F	1161	59	Bacteria	RS_GCF_010906925.1	d__Bacteria;p__Bacillota;c__Clostridia;o__Lachnospirales;f__Lachnospiraceae;g__Pseudobutyrivibrio;s__Pseudobutyrivibrio sp900112855	99.7							141	DB_00128	Rumen_Gateway	BSc_Jnana and Corey	missing_maldi	USED	SH_0063	19	>ELX837	>ELX837_30138378_30138378	01/07/2021	11107492450-1	Tube		02/08/2021	11107538579	F	63F	1161	A1.2 Box1	Dilution_to_extinction	2	PC	2021	PC	small	white	NR	Streptococcus lutetiensis			MASTER_1_FGS	NR	ovine	NR	15935	Control/silage/concentrate(50:50)	Samples from the slaughter	ELX837_30138378_30138378.ab1	/Users/nicholas/Library/CloudStorage/OneDrive-SharedLibraries-Queen'sUniversityBelfast/RUMEN Gateway QUB-Scientific_Consortium - Documents/03_Partners_sequences/QUB/ab1_files/ELX837_30138378_30138378.ab1	TRUE	PRESENT	341146	2021-08-02T09:01:24	UNAVAILABLE	"PermissionError: [Errno 1] Operation not permitted: ""/Users/nicholas/Library/CloudStorage/OneDrive-SharedLibraries-Queen'sUniversityBelfast/RUMEN Gateway QUB-Scientific_Consortium - Documents/03_Partners_sequences/QUB/ab1_files"""
35	MATCHED_SH_PRIMER_BP	155	sh_id,primer,base_pairs,used_bc	2	1		row=144|db=DB_00114|short=ELX824|fasta=ELX824_30138248_30138248|primer=1387R|bp=1075|score=105|reasons=sh_id,used_bc	QUB	SH_0064	SH_ID	SH_0064	QUB_0058	QUB_63F_0058	63F	1125	60	Bacteria	RS_GCF_900102515.1	d__Bacteria;p__Bacillota;c__Clostridia;o__Lachnospirales;f__Lachnospiraceae;g__Butyrivibrio;s__Butyrivibrio sp900102515	97.6							143	DB_00113	Rumen_Gateway	BSc_Jnana and Corey	missing_maldi	USED	SH_0064	12	>ELX823	>ELX823_30138231_30138231	01/07/2021	11107492450-1	Tube		02/08/2021	11107538579	F	63F	1125	A1.2 Box1	Dilution_to_extinction	2	BHI+RF	2021	BHI+RF	small	white	NR	Bifidobacterium pseudolongum			MASTER_1_FGS	NR	ovine	NR	15866	Control/silage/concentrate(50:50)	Samples from the slaughter	ELX823_30138231_30138231.ab1	/Users/nicholas/Library/CloudStorage/OneDrive-SharedLibraries-Queen'sUniversityBelfast/RUMEN Gateway QUB-Scientific_Consortium - Documents/03_Partners_sequences/QUB/ab1_files/ELX823_30138231_30138231.ab1	TRUE	PRESENT	331964	2021-08-02T09:01:24	UNAVAILABLE	"PermissionError: [Errno 1] Operation not permitted: ""/Users/nicholas/Library/CloudStorage/OneDrive-SharedLibraries-Queen'sUniversityBelfast/RUMEN Gateway QUB-Scientific_Consortium - Documents/03_Partners_sequences/QUB/ab1_files"""
36	MATCHED_SH_PRIMER_BP	155	sh_id,primer,base_pairs,used_bc	1	1			QUB	SH_0065	SH_ID	SH_0065	QUB_0103	QUB_63F_0103	63F	1094	61	Bacteria	GB_GCA_004555055.1	d__Bacteria;p__Bacteroidota;c__Bacteroidia;o__Bacteroidales;f__Bacteroidaceae;g__Alloprevotella;s__Alloprevotella sp004555055	99				MWL4			145	DB_00261	Rumen_Gateway	MSc_Ziming	missing_maldi	USED	SH_0065	84	>GBF587	>GBF587_40875874_40875874	05/08/2022	11108053228-1	Tube		23/08/2022	11108075893	F	63F	1094	A1.2 Box1	Dilution_to_extinction	2	PC	2022	PC	NR	white centre	NR	SH_137			Routine in vitro ruminal fluid	NR	bovine				Slaughter	GBF587_40875874_40875874.ab1	/Users/nicholas/Library/CloudStorage/OneDrive-SharedLibraries-Queen'sUniversityBelfast/RUMEN Gateway QUB-Scientific_Consortium - Documents/03_Partners_sequences/QUB/ab1_files/GBF587_40875874_40875874.ab1	TRUE	PRESENT	326867	2022-08-23T09:32:22	UNAVAILABLE	"PermissionError: [Errno 1] Operation not permitted: ""/Users/nicholas/Library/CloudStorage/OneDrive-SharedLibraries-Queen'sUniversityBelfast/RUMEN Gateway QUB-Scientific_Consortium - Documents/03_Partners_sequences/QUB/ab1_files"""
37	MATCHED_SH_PRIMER_BP	155	sh_id,primer,base_pairs,used_bc	2	1		row=147|db=DB_00151|short=ELX858|fasta=ELX858_30138583_30138583|primer=1387R|bp=1177|score=105|reasons=sh_id,used_bc	QUB	SH_0066	SH_ID	SH_0066	QUB_0076	QUB_63F_0076	63F	1161	62	Bacteria	RS_GCF_011387195.1	d__Bacteria;p__Bacillota;c__Bacilli;o__Lactobacillales;f__Streptococcaceae;g__Streptococcus;s__Streptococcus ruminicola	99.3							146	DB_00150	Rumen_Gateway	BSc_Jnana and Corey	missing_maldi	USED	SH_0066	29	>ELX857	>ELX857_30138576_30138576	01/07/2021	11107492450-1	Tube		02/08/2021	11107538579	F	63F	1161	A1.2 Box1	Dilution_to_extinction	2	BHI	2021	BHI	pinpoint	white	NR	SH_101			MASTER_1_FGS	NR	ovine	NR	16361	Control/silage/concentrate(50:50)	Samples from the slaughter	ELX857_30138576_30138576.ab1	/Users/nicholas/Library/CloudStorage/OneDrive-SharedLibraries-Queen'sUniversityBelfast/RUMEN Gateway QUB-Scientific_Consortium - Documents/03_Partners_sequences/QUB/ab1_files/ELX857_30138576_30138576.ab1	TRUE	PRESENT	336816	2021-08-02T09:01:24	UNAVAILABLE	"PermissionError: [Errno 1] Operation not permitted: ""/Users/nicholas/Library/CloudStorage/OneDrive-SharedLibraries-Queen'sUniversityBelfast/RUMEN Gateway QUB-Scientific_Consortium - Documents/03_Partners_sequences/QUB/ab1_files"""
38	MATCHED_SH_PRIMER_BP	155	sh_id,primer,base_pairs,used_bc	1	1			QUB	SH_0067_M7	SH_ID	SH_0067_M7	QUB_0060	QUB_63F_0060	63F	1184	63	Bacteria	RS_GCF_900095825.1	d__Bacteria;p__Bacillota;c__Negativicutes;o__Acidaminococcales;f__Acidaminococcaceae;g__Acidaminococcus;s__Acidaminococcus massiliensis	97.6							152	DB_00117	Rumen_Gateway	BSc_Malorie	missing_maldi	USED	SH_0067_M7	160	>ELX827	>ELX827_30138279_30138279	01/07/2021	11107492450-1	Tube		05/07/2023	11108500399	F	63F	1184	A1.2 Box1	Dilution_to_extinction	2	BHI+RF	2023	BHI+RF	small	transparent with brown centre	NR	Unreliable			HoloRuminant	NR	bovine	NR	37245	Conventional	12	ELX827_30138279_30138279.ab1	/Users/nicholas/Library/CloudStorage/OneDrive-SharedLibraries-Queen'sUniversityBelfast/RUMEN Gateway QUB-Scientific_Consortium - Documents/03_Partners_sequences/QUB/ab1_files/ELX827_30138279_30138279.ab1	TRUE	PRESENT	323350	2023-07-06T03:06:18	UNAVAILABLE	"PermissionError: [Errno 1] Operation not permitted: ""/Users/nicholas/Library/CloudStorage/OneDrive-SharedLibraries-Queen'sUniversityBelfast/RUMEN Gateway QUB-Scientific_Consortium - Documents/03_Partners_sequences/QUB/ab1_files"""
39	MATCHED_SH_PRIMER_BP	155	sh_id,primer,base_pairs,used_bc	1	1			QUB	SH_0068	SH_ID	SH_0068	QUB_0114	QUB_63F_0114	63F	1155	64	Bacteria	RS_GCF_011387195.1	d__Bacteria;p__Bacillota;c__Bacilli;o__Lactobacillales;f__Streptococcaceae;g__Streptococcus;s__Streptococcus ruminicola	99.7							153	DB_00274	Rumen_Gateway	MSc_Ziming	missing_maldi	USED	SH_0068	97	>GBF600	>GBF600_40876000_40876000	05/08/2022	11108053228-1	Tube		24/08/2022	11108077821	F	63F	1155	A1.2 Box1	Dilution_to_extinction	2	M2	2022	M2	NR	transparent	NR	SH_123			Routine in vitro ruminal fluid	NR	bovine				Slaughter	GBF600_40876000_40876000.ab1	/Users/nicholas/Library/CloudStorage/OneDrive-SharedLibraries-Queen'sUniversityBelfast/RUMEN Gateway QUB-Scientific_Consortium - Documents/03_Partners_sequences/QUB/ab1_files/GBF600_40876000_40876000.ab1	TRUE	PRESENT	323111	2022-08-24T14:18:42	UNAVAILABLE	"PermissionError: [Errno 1] Operation not permitted: ""/Users/nicholas/Library/CloudStorage/OneDrive-SharedLibraries-Queen'sUniversityBelfast/RUMEN Gateway QUB-Scientific_Consortium - Documents/03_Partners_sequences/QUB/ab1_files"""
40	MATCHED_SH_PRIMER_BP	155	sh_id,primer,base_pairs,used_bc	1	1			QUB	SH_0069_J9	SH_ID	SH_0069_J9	QUB_0138	QUB_63F_0138	63F	957	65	Bacteria	RS_GCF_001042485.2	d__Bacteria;p__Bacillota;c__Bacilli;o__Bacillales;f__Bacillaceae;g__Bacillus;s__Bacillus paralicheniformis	97.8							154	DB_00381	Rumen_Gateway	BSc_Jordan	kl_doesnthavereport	USED	SH_0069_J9	153	>GEC604	>GEC604_41626048_41626048	06/09/2022	11108091547-1	Tube		20/01/2023	11108264748	F	63F	957	A1.2 Box1	Dilution_to_extinction	2	BHI	2022	BHI	NR	NR	NR	SH_104			Routine in vitro ruminal fluid	NR	bovine				Slaughter	GEC604_41626048_41626048.ab1	/Users/nicholas/Library/CloudStorage/OneDrive-SharedLibraries-Queen'sUniversityBelfast/RUMEN Gateway QUB-Scientific_Consortium - Documents/03_Partners_sequences/QUB/ab1_files/GEC604_41626048_41626048.ab1	TRUE	PRESENT	346317	2023-01-21T01:20:36	UNAVAILABLE	"PermissionError: [Errno 1] Operation not permitted: ""/Users/nicholas/Library/CloudStorage/OneDrive-SharedLibraries-Queen'sUniversityBelfast/RUMEN Gateway QUB-Scientific_Consortium - Documents/03_Partners_sequences/QUB/ab1_files"""
41	MATCHED_SH_PRIMER_BP	155	sh_id,primer,base_pairs,used_bc	1	1			QUB	SH_0070	SH_ID	SH_0070	QUB_0104	QUB_63F_0104	63F	1122	66	Bacteria	RS_GCF_011387195.1	d__Bacteria;p__Bacillota;c__Bacilli;o__Lactobacillales;f__Streptococcaceae;g__Streptococcus;s__Streptococcus ruminicola	99.1				MWL4			155	DB_00262	Rumen_Gateway	MSc_Ziming	missing_maldi	USED	SH_0070	85	>GBF588	>GBF588_40875881_40875881	05/08/2022	11108053228-1	Tube		23/08/2022	11108075893	F	63F	1122	A1.2 Box1	Dilution_to_extinction	2	PC	2022	PC	small	white centre	NR	SH_80			Routine in vitro ruminal fluid	NR	bovine				Slaughter	GBF588_40875881_40875881.ab1	/Users/nicholas/Library/CloudStorage/OneDrive-SharedLibraries-Queen'sUniversityBelfast/RUMEN Gateway QUB-Scientific_Consortium - Documents/03_Partners_sequences/QUB/ab1_files/GBF588_40875881_40875881.ab1	TRUE	PRESENT	321583	2022-08-23T09:32:22	UNAVAILABLE	"PermissionError: [Errno 1] Operation not permitted: ""/Users/nicholas/Library/CloudStorage/OneDrive-SharedLibraries-Queen'sUniversityBelfast/RUMEN Gateway QUB-Scientific_Consortium - Documents/03_Partners_sequences/QUB/ab1_files"""
42	MATCHED_SH_PRIMER_BP	155	sh_id,primer,base_pairs,used_bc	1	1			QUB	SH_0071_M13	SH_ID	SH_0071_M13	QUB_0158	QUB_63F_0158	63F	1068	67	Bacteria	RS_GCF_000011645.1	d__Bacteria;p__Bacillota;c__Bacilli;o__Bacillales;f__Bacillaceae;g__Bacillus;s__Bacillus licheniformis	98.9				MWL4			175	DB_00482	Rumen_Gateway	BSc_Malorie	Dead	USED	SH_0071_M13	166	>GLE319	>GLE319_43463191_43463191	31/10/2022	11108143158-1	Tube		05/07/2023	11108500492	F	63F	1068	dead	Dilution_to_extinction	2	BHI+RF	2023	BHI+RF	pinpoint	brown mate cloudy	NR	dead			HoloRuminant	NR	bovine	NR	37186	Intensive	12	GLE319_43463191_43463191.ab1	/Users/nicholas/Library/CloudStorage/OneDrive-SharedLibraries-Queen'sUniversityBelfast/RUMEN Gateway QUB-Scientific_Consortium - Documents/03_Partners_sequences/QUB/ab1_files/GLE319_43463191_43463191.ab1	TRUE	PRESENT	318290	2023-07-06T03:10:20	UNAVAILABLE	"PermissionError: [Errno 1] Operation not permitted: ""/Users/nicholas/Library/CloudStorage/OneDrive-SharedLibraries-Queen'sUniversityBelfast/RUMEN Gateway QUB-Scientific_Consortium - Documents/03_Partners_sequences/QUB/ab1_files"""
43	MATCHED_SH_PRIMER_BP	155	sh_id,primer,base_pairs,used_bc	1	1			QUB	SH_0071.1.1	SH_ID	SH_0071.1.1	QUB_0171	QUB_27F_0171	27F	1186	68	Bacteria	RS_GCF_012844235.1	d__Bacteria;p__Actinomycetota;c__Coriobacteriia;o__Coriobacteriales;f__Atopobiaceae;g__Parafannyhessea;s__Parafannyhessea sp900538935	99.4				MWL4			157	DB_00624	Rumen_Gateway	BSc_Malorie	missing_maldi	USED	SH_0071.1.1	166	>IPO319	>IPO319_58123196_58123196	03/01/2024	11108725344-1	Tube		02/04/2024	11108849829	F	27F	1186	A1.2 Box1	Dilution_to_extinction	2	BHI+RF	2023	BHI+RF	pinpoint	brown mate cloudy	NR	SH_71.1.1			HoloRuminant	NR	bovine	NR	37186	Intensive	12	IPO319_58123196_58123196.ab1	/Users/nicholas/Library/CloudStorage/OneDrive-SharedLibraries-Queen'sUniversityBelfast/RUMEN Gateway QUB-Scientific_Consortium - Documents/03_Partners_sequences/QUB/ab1_files/IPO319_58123196_58123196.ab1	TRUE	PRESENT	324617	2024-04-03T02:56:22	UNAVAILABLE	"PermissionError: [Errno 1] Operation not permitted: ""/Users/nicholas/Library/CloudStorage/OneDrive-SharedLibraries-Queen'sUniversityBelfast/RUMEN Gateway QUB-Scientific_Consortium - Documents/03_Partners_sequences/QUB/ab1_files"""
44	MATCHED_SH_PRIMER_BP	155	sh_id,primer,base_pairs,used_bc	3	1		row=171|db=DB_00640|short=IPO335|fasta=IPO335_58123356_58123356|primer=27F|bp=386|score=130|reasons=sh_id,primer,used_bc; row=172|db=DB_01075|short=IVZ014|fasta=IVZ014_59790144_59790144|primer=27F|bp=155|score=130|reasons=sh_id,primer,used_bc	QUB	SH_0071.2.2	SH_ID	SH_0071.2.2	QUB_0535	QUB_27F_0535	27F	1275	69	Bacteria	RS_GCF_012844235.1	d__Bacteria;p__Actinomycetota;c__Coriobacteriia;o__Coriobacteriales;f__Atopobiaceae;g__Parafannyhessea;s__Parafannyhessea sp900538935	99.3				MWL4			173	DB_01099	Rumen_Gateway	BSc_Malorie	missing_maldi	USED	SH_0071.2.2	166	>IWS781	>IWS781_59987810_59987810	19/04/2024	11108875297-1	Tube		16/08/2024	11109029894	F	27F	1275	A1.2 Box1	Dilution_to_extinction	2	BHI+RF	2023	BHI+RF	NR	NR	NR	SH_71.2.2			HoloRuminant	NR	bovine	NR	37186	Intensive	12	IWS781_59987810_59987810.ab1	/Users/nicholas/Library/CloudStorage/OneDrive-SharedLibraries-Queen'sUniversityBelfast/RUMEN Gateway QUB-Scientific_Consortium - Documents/03_Partners_sequences/QUB/ab1_files/IWS781_59987810_59987810.ab1	FALSE	MISSING_EXPECTED_FILE			UNAVAILABLE	"PermissionError: [Errno 1] Operation not permitted: ""/Users/nicholas/Library/CloudStorage/OneDrive-SharedLibraries-Queen'sUniversityBelfast/RUMEN Gateway QUB-Scientific_Consortium - Documents/03_Partners_sequences/QUB/ab1_files"""
45	MATCHED_SH_PRIMER_BP	155	sh_id,primer,base_pairs,used_bc	1	1			QUB	SH_0071.3	SH_ID	SH_0071.3	QUB_0183	QUB_27F_0183	27F	1036	70	Bacteria	RS_GCF_011387195.1	d__Bacteria;p__Bacillota;c__Bacilli;o__Lactobacillales;f__Streptococcaceae;g__Streptococcus;s__Streptococcus ruminicola	98.6				MWL4			174	DB_00643	Rumen_Gateway	BSc_Malorie	missing_maldi	USED	SH_0071.3	166	>IPO338	>IPO338_58123387_58123387	03/01/2024	11108725344-1	Tube		15/04/2024	11108866550	F	27F	1036	A1.2 Box1	Dilution_to_extinction	2	BHI+RF	2023	BHI+RF	pinpoint	brown mate cloudy	NR	Staphylococcus aureus			HoloRuminant	NR	bovine	NR	37186	Intensive	12	IPO338_58123387_58123387.ab1	/Users/nicholas/Library/CloudStorage/OneDrive-SharedLibraries-Queen'sUniversityBelfast/RUMEN Gateway QUB-Scientific_Consortium - Documents/03_Partners_sequences/QUB/ab1_files/IPO338_58123387_58123387.ab1	TRUE	PRESENT	340451	2024-04-15T13:54:08	UNAVAILABLE	"PermissionError: [Errno 1] Operation not permitted: ""/Users/nicholas/Library/CloudStorage/OneDrive-SharedLibraries-Queen'sUniversityBelfast/RUMEN Gateway QUB-Scientific_Consortium - Documents/03_Partners_sequences/QUB/ab1_files"""
46	MATCHED_SH_PRIMER_BP	155	sh_id,primer,base_pairs,used_bc	1	1			QUB	SH_0072	SH_ID	SH_0072	QUB_0127	QUB_63F_0127	63F	1160	71	Bacteria	RS_GCF_000011645.1	d__Bacteria;p__Bacillota;c__Bacilli;o__Bacillales;f__Bacillaceae;g__Bacillus;s__Bacillus licheniformis	98.4							176	DB_00290	Rumen_Gateway	MSc_Ziming	missing_maldi	USED	SH_0072	113	>GBF616	>GBF616_40876161_40876161	05/08/2022	11108053228-1	Tube		24/08/2022	11108077821	F	63F	1160	A1.2 Box1	Dilution_to_extinction	2	BHI	2022	BHI	NR	NR	NR	SH_72			Routine in vitro ruminal fluid	NR	bovine				Slaughter	GBF616_40876161_40876161.ab1	/Users/nicholas/Library/CloudStorage/OneDrive-SharedLibraries-Queen'sUniversityBelfast/RUMEN Gateway QUB-Scientific_Consortium - Documents/03_Partners_sequences/QUB/ab1_files/GBF616_40876161_40876161.ab1	TRUE	PRESENT	330793	2022-08-24T14:18:44	UNAVAILABLE	"PermissionError: [Errno 1] Operation not permitted: ""/Users/nicholas/Library/CloudStorage/OneDrive-SharedLibraries-Queen'sUniversityBelfast/RUMEN Gateway QUB-Scientific_Consortium - Documents/03_Partners_sequences/QUB/ab1_files"""
47	MATCHED_SH_PRIMER_BP	155	sh_id,primer,base_pairs,used_bc	1	1			QUB	SH_0073	SH_ID	SH_0073	QUB_0043	QUB_63F_0043	63F	834	72	Bacteria	GB_GCA_004555055.1	d__Bacteria;p__Bacteroidota;c__Bacteroidia;o__Bacteroidales;f__Bacteroidaceae;g__Alloprevotella;s__Alloprevotella sp004555055	99.1							178	DB_00084	Rumen_Gateway	MSc_Ziming	missing_maldi	USED	SH_0073	125	>DYG793	>DYG793_26587937_26587937	02/02/2021	11107239059-1	Tube		26/08/2022	11108081181	F	63F	834	A1.2 Box1	Dilution_to_extinction	2	BHI	2022	M2	NR	white centre	NR	Bacillus sonorensis			Routine in vitro ruminal fluid	NR	bovine				Slaughter	DYG793_26587937_26587937.ab1	/Users/nicholas/Library/CloudStorage/OneDrive-SharedLibraries-Queen'sUniversityBelfast/RUMEN Gateway QUB-Scientific_Consortium - Documents/03_Partners_sequences/QUB/ab1_files/DYG793_26587937_26587937.ab1	TRUE	PRESENT	312179	2022-08-26T16:16:18	UNAVAILABLE	"PermissionError: [Errno 1] Operation not permitted: ""/Users/nicholas/Library/CloudStorage/OneDrive-SharedLibraries-Queen'sUniversityBelfast/RUMEN Gateway QUB-Scientific_Consortium - Documents/03_Partners_sequences/QUB/ab1_files"""
48	MATCHED_SH_PRIMER_BP	155	sh_id,primer,base_pairs,used_bc	1	1			QUB	SH_0074	SH_ID	SH_0074	QUB_0031	QUB_63F_0031	63F	1230	73	Bacteria	RS_GCF_009695655.1	d__Bacteria;p__Bacillota;c__Bacilli;o__Erysipelotrichales;f__Coprobacillaceae;g__Sharpea;s__Sharpea porci	97.7							179	DB_00070	Rumen_Gateway	MSc_Ziming	missing_maldi	USED	SH_0074	72	>DYG779	>DYG779_26587791_26587791	02/02/2021	11107239059-1	Tube		19/07/2022	11108032820	F	63F	1230	A1.2 Box1	Dilution_to_extinction	2	PC	2022	M2	medium	white	NR	Virgibacillus proomii			MASTER_2_FGS	NR	ovine	NR	6908	TMR/High microalgae supplementation	Samples from the slaughter	DYG779_26587791_26587791.ab1	/Users/nicholas/Library/CloudStorage/OneDrive-SharedLibraries-Queen'sUniversityBelfast/RUMEN Gateway QUB-Scientific_Consortium - Documents/03_Partners_sequences/QUB/ab1_files/DYG779_26587791_26587791.ab1	TRUE	PRESENT	327809	2022-07-20T08:49:18	UNAVAILABLE	"PermissionError: [Errno 1] Operation not permitted: ""/Users/nicholas/Library/CloudStorage/OneDrive-SharedLibraries-Queen'sUniversityBelfast/RUMEN Gateway QUB-Scientific_Consortium - Documents/03_Partners_sequences/QUB/ab1_files"""
49	MATCHED_SH_PRIMER_BP	155	sh_id,primer,base_pairs,used_bc	1	1			QUB	SH_0075_J4	SH_ID	SH_0075_J4	QUB_0143	QUB_63F_0143	63F	1217	74	Bacteria	RS_GCF_000011645.1	d__Bacteria;p__Bacillota;c__Bacilli;o__Bacillales;f__Bacillaceae;g__Bacillus;s__Bacillus licheniformis	99.1							180	DB_00392	Rumen_Gateway	BSc_Jordan	kl_doesnthavereport	USED	SH_0075_J4	148	>GEC615	>GEC615_41626154_41626154	06/09/2022	11108091547-1	Tube		20/01/2023	11108264748	F	63F	1217	A1.2 Box1	Dilution_to_extinction	2	BHI	2022	BHI	NR	NR	NR	SH_75			Routine in vitro ruminal fluid	NR	bovine				Slaughter	GEC615_41626154_41626154.ab1	/Users/nicholas/Library/CloudStorage/OneDrive-SharedLibraries-Queen'sUniversityBelfast/RUMEN Gateway QUB-Scientific_Consortium - Documents/03_Partners_sequences/QUB/ab1_files/GEC615_41626154_41626154.ab1	TRUE	PRESENT	341795	2023-01-21T01:20:36	UNAVAILABLE	"PermissionError: [Errno 1] Operation not permitted: ""/Users/nicholas/Library/CloudStorage/OneDrive-SharedLibraries-Queen'sUniversityBelfast/RUMEN Gateway QUB-Scientific_Consortium - Documents/03_Partners_sequences/QUB/ab1_files"""
50	MATCHED_SH_PRIMER_BP	155	sh_id,primer,base_pairs,used_bc	3	1		row=185|db=DB_00628|short=IPO323|fasta=IPO323_58123233_58123233|primer=27F|bp=1194|score=105|reasons=sh_id,used_bc; row=186|db=DB_01083|short=IWS765|fasta=IWS765_59987650_59987650|primer=27F|bp=1231|score=105|reasons=sh_id,used_bc	QUB	SH_0076	SH_ID	SH_0076	QUB_0010	QUB_63F_0010	63F	1171	75	Bacteria	RS_GCF_001969855.1	d__Bacteria;p__Bacillota;c__Bacilli;o__Bacillales;f__Bacillaceae;g__Bacillus;s__Bacillus haynesii	98.8				MWL6			181	DB_00047	Rumen_Gateway	MSc_Ziming	missing_maldi	USED	SH_0076	49	>DYG756	>DYG756_26587562_26587562	02/02/2021	11107239059-1	Tube		19/07/2022	11108032820	F	63F	1171	A1.2 Box2	Dilution_to_extinction	2	M2	2022	M2	medium	white centre	NR	SH_76			MASTER_2_FGS	NR	ovine	NR	7064	TMR/Control	Samples from the slaughter	DYG756_26587562_26587562.ab1	/Users/nicholas/Library/CloudStorage/OneDrive-SharedLibraries-Queen'sUniversityBelfast/RUMEN Gateway QUB-Scientific_Consortium - Documents/03_Partners_sequences/QUB/ab1_files/DYG756_26587562_26587562.ab1	TRUE	PRESENT	318902	2022-07-20T08:49:16	UNAVAILABLE	"PermissionError: [Errno 1] Operation not permitted: ""/Users/nicholas/Library/CloudStorage/OneDrive-SharedLibraries-Queen'sUniversityBelfast/RUMEN Gateway QUB-Scientific_Consortium - Documents/03_Partners_sequences/QUB/ab1_files"""
51	MATCHED_SH_PRIMER_BP	155	sh_id,primer,base_pairs,used_bc	3	1		row=186|db=DB_01083|short=IWS765|fasta=IWS765_59987650_59987650|primer=27F|bp=1231|score=130|reasons=sh_id,primer,used_bc; row=181|db=DB_00047|short=DYG756|fasta=DYG756_26587562_26587562|primer=63F|bp=1171|score=105|reasons=sh_id,used_bc	QUB	SH_0076	SH_ID	SH_0076	QUB_0174	QUB_27F_0174	27F	1194	76	Bacteria	GB_GCA_004555055.1	d__Bacteria;p__Bacteroidota;c__Bacteroidia;o__Bacteroidales;f__Bacteroidaceae;g__Alloprevotella;s__Alloprevotella sp004555055	99.1				MWL13			185	DB_00628	Rumen_Gateway	MSc_Ziming	missing_maldi	USED	SH_0076	49	>IPO323	>IPO323_58123233_58123233	03/01/2024	11108725344-1	Tube		02/04/2024	11108849829	F	27F	1194	A1.2 Box2	Dilution_to_extinction	2	M2	2022	M2	medium	white centre	NR	SH_76			MASTER_2_FGS	NR	ovine	NR	7064	TMR/Control	Samples from the slaughter	IPO323_58123233_58123233.ab1	/Users/nicholas/Library/CloudStorage/OneDrive-SharedLibraries-Queen'sUniversityBelfast/RUMEN Gateway QUB-Scientific_Consortium - Documents/03_Partners_sequences/QUB/ab1_files/IPO323_58123233_58123233.ab1	TRUE	PRESENT	327962	2024-04-03T02:56:22	UNAVAILABLE	"PermissionError: [Errno 1] Operation not permitted: ""/Users/nicholas/Library/CloudStorage/OneDrive-SharedLibraries-Queen'sUniversityBelfast/RUMEN Gateway QUB-Scientific_Consortium - Documents/03_Partners_sequences/QUB/ab1_files"""
52	MATCHED_SH_PRIMER_BP	155	sh_id,primer,base_pairs,used_bc	3	1		row=185|db=DB_00628|short=IPO323|fasta=IPO323_58123233_58123233|primer=27F|bp=1194|score=130|reasons=sh_id,primer,used_bc; row=181|db=DB_00047|short=DYG756|fasta=DYG756_26587562_26587562|primer=63F|bp=1171|score=105|reasons=sh_id,used_bc	QUB	SH_0076	SH_ID	SH_0076	QUB_0520	QUB_27F_0520	27F	1231	77	Bacteria	RS_GCF_000026225.1	d__Bacteria;p__Pseudomonadota;c__Gammaproteobacteria;o__Enterobacterales;f__Enterobacteriaceae;g__Escherichia;s__Escherichia fergusonii	99.1							186	DB_01083	Rumen_Gateway	MSc_Ziming	missing_maldi	USED	SH_0076	49	>IWS765	>IWS765_59987650_59987650	19/04/2024	11108875297-1	Tube		05/07/2024	11108977476	F	27F	1231	A1.2 Box2	Dilution_to_extinction	2	M2	2022	M2	medium	white centre	NR	SH_76			MASTER_2_FGS	NR	ovine	NR	7064	TMR/Control	Samples from the slaughter	IWS765_59987650_59987650.ab1	/Users/nicholas/Library/CloudStorage/OneDrive-SharedLibraries-Queen'sUniversityBelfast/RUMEN Gateway QUB-Scientific_Consortium - Documents/03_Partners_sequences/QUB/ab1_files/IWS765_59987650_59987650.ab1	TRUE	PRESENT	353519	2024-07-05T13:34:12	UNAVAILABLE	"PermissionError: [Errno 1] Operation not permitted: ""/Users/nicholas/Library/CloudStorage/OneDrive-SharedLibraries-Queen'sUniversityBelfast/RUMEN Gateway QUB-Scientific_Consortium - Documents/03_Partners_sequences/QUB/ab1_files"""
53	MATCHED_SH_PRIMER_BP	155	sh_id,primer,base_pairs,used_bc	1	1			QUB	SH_0077	SH_ID	SH_0077	QUB_0124	QUB_63F_0124	63F	1085	78	Bacteria	RS_GCF_001969855.1	d__Bacteria;p__Bacillota;c__Bacilli;o__Bacillales;f__Bacillaceae;g__Bacillus;s__Bacillus haynesii	98.9							187	DB_00285	Rumen_Gateway	MSc_Ziming	missing_maldi	USED	SH_0077	108	>GBF611	>GBF611_40876116_40876116	05/08/2022	11108053228-1	Tube		24/08/2022	11108077821	F	63F	1085	A1.2 Box2	Dilution_to_extinction	2	M2	2022	M2	big	white centre	NR	SH_077			Routine in vitro ruminal fluid	NR	bovine				Slaughter	GBF611_40876116_40876116.ab1	/Users/nicholas/Library/CloudStorage/OneDrive-SharedLibraries-Queen'sUniversityBelfast/RUMEN Gateway QUB-Scientific_Consortium - Documents/03_Partners_sequences/QUB/ab1_files/GBF611_40876116_40876116.ab1	TRUE	PRESENT	329825	2022-08-24T14:18:42	UNAVAILABLE	"PermissionError: [Errno 1] Operation not permitted: ""/Users/nicholas/Library/CloudStorage/OneDrive-SharedLibraries-Queen'sUniversityBelfast/RUMEN Gateway QUB-Scientific_Consortium - Documents/03_Partners_sequences/QUB/ab1_files"""
54	MATCHED_SH_PRIMER_BP	155	sh_id,primer,base_pairs,used_bc	2	1		row=190|db=DB_00153|short=ELX860|fasta=ELX860_30138606_30138606|primer=1387R|bp=1178|score=105|reasons=sh_id,used_bc	QUB	SH_0078	SH_ID	SH_0078	QUB_0077	QUB_63F_0077	63F	1162	79	Bacteria	RS_GCF_011387195.1	d__Bacteria;p__Bacillota;c__Bacilli;o__Lactobacillales;f__Streptococcaceae;g__Streptococcus;s__Streptococcus ruminicola	99							189	DB_00152	Rumen_Gateway	BSc_Jnana and Corey	missing_maldi	USED	SH_0078	30	>ELX859	>ELX859_30138590_30138590	01/07/2021	11107492450-1	Tube		02/08/2021	11107538579	F	63F	1162	A1.2 Box2	Dilution_to_extinction	2	PC+RF	2021	PC+RF	small	cream	NR				MASTER_1_FGS	NR	ovine	NR	15935/16951	Control/silage/concentrate(50:50)	Samples from the slaughter	ELX859_30138590_30138590.ab1	/Users/nicholas/Library/CloudStorage/OneDrive-SharedLibraries-Queen'sUniversityBelfast/RUMEN Gateway QUB-Scientific_Consortium - Documents/03_Partners_sequences/QUB/ab1_files/ELX859_30138590_30138590.ab1	TRUE	PRESENT	326142	2021-08-02T09:01:24	UNAVAILABLE	"PermissionError: [Errno 1] Operation not permitted: ""/Users/nicholas/Library/CloudStorage/OneDrive-SharedLibraries-Queen'sUniversityBelfast/RUMEN Gateway QUB-Scientific_Consortium - Documents/03_Partners_sequences/QUB/ab1_files"""
55	MATCHED_SH_PRIMER_BP	155	sh_id,primer,base_pairs,used_bc	1	1			QUB	SH_0079	SH_ID	SH_0079	QUB_0008	QUB_63F_0008	63F	1170	80	Bacteria	RS_GCF_011387195.1	d__Bacteria;p__Bacillota;c__Bacilli;o__Lactobacillales;f__Streptococcaceae;g__Streptococcus;s__Streptococcus ruminicola	99.1				MWL6			192	DB_00045	Rumen_Gateway	MSc_Ziming	missing_maldi	USED	SH_0079	47	>DYG754	>DYG754_26587548_26587548	02/02/2021	11107239059-1	Tube		19/07/2022	11108032820	F	63F	1170	A1.2 Box2	Dilution_to_extinction	2	M2	2022	M2	small	cream	NR	SH_79			MASTER_2_FGS	NR	ovine	NR	7064	TMR/Control	Samples from the slaughter	DYG754_26587548_26587548.ab1	/Users/nicholas/Library/CloudStorage/OneDrive-SharedLibraries-Queen'sUniversityBelfast/RUMEN Gateway QUB-Scientific_Consortium - Documents/03_Partners_sequences/QUB/ab1_files/DYG754_26587548_26587548.ab1	TRUE	PRESENT	325234	2022-07-20T08:49:16	UNAVAILABLE	"PermissionError: [Errno 1] Operation not permitted: ""/Users/nicholas/Library/CloudStorage/OneDrive-SharedLibraries-Queen'sUniversityBelfast/RUMEN Gateway QUB-Scientific_Consortium - Documents/03_Partners_sequences/QUB/ab1_files"""
56	MATCHED_SH_PRIMER_BP	155	sh_id,primer,base_pairs,used_bc	3	1		row=195|db=DB_00627|short=IPO322|fasta=IPO322_58123226_58123226|primer=27F|bp=1141|score=105|reasons=sh_id,used_bc; row=255|db=DB_01084|short=IWS766|fasta=IWS766_59987667_59987667|primer=27F|bp=1174|score=105|reasons=sh_id,used_bc	QUB	SH_0080	SH_ID	SH_0080	QUB_0033	QUB_63F_0033	63F	1202	81	Bacteria	RS_GCF_018916875.1	d__Bacteria;p__Bacillota;c__Bacilli;o__Bacillales_D;f__Amphibacillaceae;g__Virgibacillus;s__Virgibacillus proomii_B	99.3							193	DB_00072	Rumen_Gateway	MSc_Ziming	missing_maldi	USED	SH_0080	74	>DYG781	>DYG781_26587814_26587814	02/02/2021	11107239059-1	Tube		19/07/2022	11108032820	F	63F	1202	A1.2 Box2	Dilution_to_extinction	2	PC	2022	PC	medium	white	NR	SH_90			MASTER_2_FGS	NR	ovine	NR	6908	TMR/High microalgae supplementation	Samples from the slaughter	DYG781_26587814_26587814.ab1	/Users/nicholas/Library/CloudStorage/OneDrive-SharedLibraries-Queen'sUniversityBelfast/RUMEN Gateway QUB-Scientific_Consortium - Documents/03_Partners_sequences/QUB/ab1_files/DYG781_26587814_26587814.ab1	TRUE	PRESENT	314775	2022-07-20T08:49:18	UNAVAILABLE	"PermissionError: [Errno 1] Operation not permitted: ""/Users/nicholas/Library/CloudStorage/OneDrive-SharedLibraries-Queen'sUniversityBelfast/RUMEN Gateway QUB-Scientific_Consortium - Documents/03_Partners_sequences/QUB/ab1_files"""
57	MATCHED_SH_PRIMER_BP	155	sh_id,primer,base_pairs,used_bc	3	1		row=255|db=DB_01084|short=IWS766|fasta=IWS766_59987667_59987667|primer=27F|bp=1174|score=130|reasons=sh_id,primer,used_bc; row=193|db=DB_00072|short=DYG781|fasta=DYG781_26587814_26587814|primer=63F|bp=1202|score=105|reasons=sh_id,used_bc	QUB	SH_0080	SH_ID	SH_0080	QUB_0173	QUB_27F_0173	27F	1141	82	Bacteria	RS_GCF_900289195.1	d__Bacteria;p__Actinomycetota;c__Actinomycetes;o__Propionibacteriales;f__Propionibacteriaceae;g__Propionibacterium;s__Propionibacterium ruminifibrarum	99.4				MWL13			195	DB_00627	Rumen_Gateway	MSc_Ziming	missing_maldi	USED	SH_0080	74	>IPO322	>IPO322_58123226_58123226	03/01/2024	11108725344-1	Tube		02/04/2024	11108849829	F	27F	1141	A1.2 Box2	Dilution_to_extinction	2	PC	2022	PC	medium	white	NR	SH_90			MASTER_2_FGS	NR	ovine	NR	6908	TMR/High microalgae supplementation	Samples from the slaughter	IPO322_58123226_58123226.ab1	/Users/nicholas/Library/CloudStorage/OneDrive-SharedLibraries-Queen'sUniversityBelfast/RUMEN Gateway QUB-Scientific_Consortium - Documents/03_Partners_sequences/QUB/ab1_files/IPO322_58123226_58123226.ab1	TRUE	PRESENT	325218	2024-04-03T02:56:22	UNAVAILABLE	"PermissionError: [Errno 1] Operation not permitted: ""/Users/nicholas/Library/CloudStorage/OneDrive-SharedLibraries-Queen'sUniversityBelfast/RUMEN Gateway QUB-Scientific_Consortium - Documents/03_Partners_sequences/QUB/ab1_files"""
58	MATCHED_SH_PRIMER_BP	155	sh_id,primer,base_pairs,used_bc	3	1		row=195|db=DB_00627|short=IPO322|fasta=IPO322_58123226_58123226|primer=27F|bp=1141|score=130|reasons=sh_id,primer,used_bc; row=193|db=DB_00072|short=DYG781|fasta=DYG781_26587814_26587814|primer=63F|bp=1202|score=105|reasons=sh_id,used_bc	QUB	SH_0080	SH_ID	SH_0080	QUB_0521	QUB_27F_0521	27F	1174	83	Bacteria	RS_GCF_011387195.1	d__Bacteria;p__Bacillota;c__Bacilli;o__Lactobacillales;f__Streptococcaceae;g__Streptococcus;s__Streptococcus ruminicola	99.7							255	DB_01084	Rumen_Gateway	MSc_Ziming	missing_maldi	USED	SH_0080	74	>IWS766	>IWS766_59987667_59987667	19/04/2024	11108875297-1	Tube		05/07/2024	11108977476	F	27F	1174	A1.2 Box2	Dilution_to_extinction	2	PC	2022	PC	medium	white	NR	SH_90			MASTER_2_FGS	NR	ovine	NR	6908	TMR/High microalgae supplementation	Samples from the slaughter	IWS766_59987667_59987667.ab1	/Users/nicholas/Library/CloudStorage/OneDrive-SharedLibraries-Queen'sUniversityBelfast/RUMEN Gateway QUB-Scientific_Consortium - Documents/03_Partners_sequences/QUB/ab1_files/IWS766_59987667_59987667.ab1	TRUE	PRESENT	328511	2024-07-05T13:34:12	UNAVAILABLE	"PermissionError: [Errno 1] Operation not permitted: ""/Users/nicholas/Library/CloudStorage/OneDrive-SharedLibraries-Queen'sUniversityBelfast/RUMEN Gateway QUB-Scientific_Consortium - Documents/03_Partners_sequences/QUB/ab1_files"""
59	MATCHED_SH_PRIMER_BP	155	sh_id,primer,base_pairs,used_bc	1	1			QUB	SH_0082	SH_ID	SH_0082	QUB_0040	QUB_63F_0040	63F	823	84	Bacteria	RS_GCF_001592005.1	d__Bacteria;p__Bacillota;c__Bacilli;o__Bacillales;f__Bacillaceae;g__Bacillus;s__Bacillus sonorensis	98.1							256	DB_00080	Rumen_Gateway	MSc_Ziming	missing_maldi	USED	SH_0082	121	>DYG789	>DYG789_26587890_26587890	02/02/2021	11107239059-1	Tube		26/08/2022	11108081181	F	63F	823	A1.2 Box2	Dilution_to_extinction	7	PC	2022	M2	big	transparent	NR	SH_82			Routine in vitro ruminal fluid	NR	bovine				Slaughter	DYG789_26587890_26587890.ab1	/Users/nicholas/Library/CloudStorage/OneDrive-SharedLibraries-Queen'sUniversityBelfast/RUMEN Gateway QUB-Scientific_Consortium - Documents/03_Partners_sequences/QUB/ab1_files/DYG789_26587890_26587890.ab1	TRUE	PRESENT	325150	2022-08-26T16:16:18	UNAVAILABLE	"PermissionError: [Errno 1] Operation not permitted: ""/Users/nicholas/Library/CloudStorage/OneDrive-SharedLibraries-Queen'sUniversityBelfast/RUMEN Gateway QUB-Scientific_Consortium - Documents/03_Partners_sequences/QUB/ab1_files"""
60	MATCHED_SH_PRIMER_BP	155	sh_id,primer,base_pairs,used_bc	1	1			QUB	SH_0083	SH_ID	SH_0083	QUB_0116	QUB_63F_0116	63F	1150	85	Bacteria	GB_GCA_004555055.1	d__Bacteria;p__Bacteroidota;c__Bacteroidia;o__Bacteroidales;f__Bacteroidaceae;g__Alloprevotella;s__Alloprevotella sp004555055	99.2				MWL13			257	DB_00276	Rumen_Gateway	MSc_Ziming	missing_maldi	USED	SH_0083	99	>GBF602	>GBF602_40876024_40876024	05/08/2022	11108053228-1	Tube		24/08/2022	11108077821	F	63F	1150	A1.2 Box2	Dilution_to_extinction	2	BHI	2022	BHI	medium	white centre	NR	SH_80			Routine in vitro ruminal fluid	NR	bovine				Slaughter	GBF602_40876024_40876024.ab1	/Users/nicholas/Library/CloudStorage/OneDrive-SharedLibraries-Queen'sUniversityBelfast/RUMEN Gateway QUB-Scientific_Consortium - Documents/03_Partners_sequences/QUB/ab1_files/GBF602_40876024_40876024.ab1	TRUE	PRESENT	330865	2022-08-24T14:18:42	UNAVAILABLE	"PermissionError: [Errno 1] Operation not permitted: ""/Users/nicholas/Library/CloudStorage/OneDrive-SharedLibraries-Queen'sUniversityBelfast/RUMEN Gateway QUB-Scientific_Consortium - Documents/03_Partners_sequences/QUB/ab1_files"""
61	MATCHED_SH_PRIMER_BP	155	sh_id,primer,base_pairs,used_bc	1	1			QUB	SH_0084	SH_ID	SH_0084	QUB_0118	QUB_63F_0118	63F	1141	86	Bacteria	GB_GCA_905197905.1	d__Bacteria;p__Pseudomonadota;c__Gammaproteobacteria;o__Burkholderiales;f__Burkholderiaceae;g__Sutterella;s__Sutterella sp905197905	99.1							258	DB_00278	Rumen_Gateway	MSc_Ziming	missing_maldi	USED	SH_0084	101	>GBF604	>GBF604_40876048_40876048	05/08/2022	11108053228-1	Tube		24/08/2022	11108077821	F	63F	1141	A1.2 Box2	Dilution_to_extinction	2	BHI	2022	BHI	medium	white centre	NR	SH_084			Routine in vitro ruminal fluid	NR	bovine				Slaughter	GBF604_40876048_40876048.ab1	/Users/nicholas/Library/CloudStorage/OneDrive-SharedLibraries-Queen'sUniversityBelfast/RUMEN Gateway QUB-Scientific_Consortium - Documents/03_Partners_sequences/QUB/ab1_files/GBF604_40876048_40876048.ab1	TRUE	PRESENT	328066	2022-08-24T14:18:42	UNAVAILABLE	"PermissionError: [Errno 1] Operation not permitted: ""/Users/nicholas/Library/CloudStorage/OneDrive-SharedLibraries-Queen'sUniversityBelfast/RUMEN Gateway QUB-Scientific_Consortium - Documents/03_Partners_sequences/QUB/ab1_files"""
62	MATCHED_SH_PRIMER_BP	155	sh_id,primer,base_pairs,used_bc	1	1			QUB	SH_0085_M9	SH_ID	SH_0085_M9	QUB_0064	QUB_63F_0064	63F	1154	87	Bacteria	RS_GCF_900155555.1	d__Bacteria;p__Bacillota;c__Clostridia;o__Peptostreptococcales;f__Anaerovoracaceae;g__Baileyella;s__Baileyella timonense	95.7							259	DB_00122	Rumen_Gateway	BSc_Malorie	missing_maldi	USED	SH_0085_M9	162	>ELX832	>ELX832_30138323_30138323	01/07/2021	11107492450-1	Tube		05/07/2023	11108500399	F	63F	1154	A1.2 Box2	Dilution_to_extinction	2	BHI+RF	2023	BHI+RF	medium	brown with darker brown centre	NR	SH_85			HoloRuminant	NR	bovine	NR	37186	Intensive	12	ELX832_30138323_30138323.ab1	/Users/nicholas/Library/CloudStorage/OneDrive-SharedLibraries-Queen'sUniversityBelfast/RUMEN Gateway QUB-Scientific_Consortium - Documents/03_Partners_sequences/QUB/ab1_files/ELX832_30138323_30138323.ab1	TRUE	PRESENT	330932	2023-07-06T03:06:18	UNAVAILABLE	"PermissionError: [Errno 1] Operation not permitted: ""/Users/nicholas/Library/CloudStorage/OneDrive-SharedLibraries-Queen'sUniversityBelfast/RUMEN Gateway QUB-Scientific_Consortium - Documents/03_Partners_sequences/QUB/ab1_files"""
63	MATCHED_SH_PRIMER_BP	155	sh_id,primer,base_pairs,used_bc	1	1			QUB	SH_0086_M19	SH_ID	SH_0086_M19	QUB_0163	QUB_63F_0163	63F	1153	88	Bacteria	RS_GCF_012844235.1	d__Bacteria;p__Actinomycetota;c__Coriobacteriia;o__Coriobacteriales;f__Atopobiaceae;g__Parafannyhessea;s__Parafannyhessea sp900538935	98.8				MWL13			260	DB_00488	Rumen_Gateway	BSc_Malorie	Dead	USED	SH_0086_M19	172	>GLE325	>GLE325_43463252_43463252	31/10/2022	11108143158-1	Tube		05/07/2023	11108500492	F	63F	1153	Dead	Dilution_to_extinction	2	BHI+RF	2023	BHI+RF	medium	dark brown centre and transparent edges	NR	Dead			HoloRuminant	NR	bovine	NR	37363	Intensive	12	GLE325_43463252_43463252.ab1	/Users/nicholas/Library/CloudStorage/OneDrive-SharedLibraries-Queen'sUniversityBelfast/RUMEN Gateway QUB-Scientific_Consortium - Documents/03_Partners_sequences/QUB/ab1_files/GLE325_43463252_43463252.ab1	TRUE	PRESENT	330382	2023-07-06T03:10:20	UNAVAILABLE	"PermissionError: [Errno 1] Operation not permitted: ""/Users/nicholas/Library/CloudStorage/OneDrive-SharedLibraries-Queen'sUniversityBelfast/RUMEN Gateway QUB-Scientific_Consortium - Documents/03_Partners_sequences/QUB/ab1_files"""
64	MATCHED_SH_PRIMER_BP	155	sh_id,primer,base_pairs,used_bc	1	1			QUB	SH_0087	SH_ID	SH_0087	QUB_0012	QUB_63F_0012	63F	1160	89	Bacteria	RS_GCF_900218035.1	d__Bacteria;p__Bacillota;c__Clostridia;o__Lachnospirales;f__Lachnospiraceae;g__Pseudobutyrivibrio;s__Pseudobutyrivibrio ruminis	98.9							261	DB_00049	Rumen_Gateway	MSc_Ziming	missing_maldi	USED	SH_0087	51	>DYG758	>DYG758_26587586_26587586	02/02/2021	11107239059-1	Tube		19/07/2022	11108032820	F	63F	1160	A1.2 Box2	Dilution_to_extinction	2	PC	2022	PC	pinpoint	white	NR	SH_164			MASTER_2_FGS	NR	ovine	NR	6908	TMR/High microalgae supplementation	Samples from the slaughter	DYG758_26587586_26587586.ab1	/Users/nicholas/Library/CloudStorage/OneDrive-SharedLibraries-Queen'sUniversityBelfast/RUMEN Gateway QUB-Scientific_Consortium - Documents/03_Partners_sequences/QUB/ab1_files/DYG758_26587586_26587586.ab1	TRUE	PRESENT	326687	2022-07-20T08:49:16	UNAVAILABLE	"PermissionError: [Errno 1] Operation not permitted: ""/Users/nicholas/Library/CloudStorage/OneDrive-SharedLibraries-Queen'sUniversityBelfast/RUMEN Gateway QUB-Scientific_Consortium - Documents/03_Partners_sequences/QUB/ab1_files"""
65	MATCHED_SH_PRIMER_BP	155	sh_id,primer,base_pairs,used_bc	1	1			QUB	SH_0088	SH_ID	SH_0088	QUB_0013	QUB_63F_0013	63F	1178	90	Bacteria	RS_GCF_011387195.1	d__Bacteria;p__Bacillota;c__Bacilli;o__Lactobacillales;f__Streptococcaceae;g__Streptococcus;s__Streptococcus ruminicola	99							262	DB_00050	Rumen_Gateway	MSc_Ziming	missing_maldi	USED	SH_0088	52	>DYG759	>DYG759_26587593_26587593	02/02/2021	11107239059-1	Tube		19/07/2022	11108032820	F	63F	1178	A1.2 Box2	Dilution_to_extinction	2	PC	2022	M2	medium	transparent	NR	Virgibacillus proomii			MASTER_2_FGS	NR	ovine	NR	6908	TMR/High microalgae supplementation	Samples from the slaughter	DYG759_26587593_26587593.ab1	/Users/nicholas/Library/CloudStorage/OneDrive-SharedLibraries-Queen'sUniversityBelfast/RUMEN Gateway QUB-Scientific_Consortium - Documents/03_Partners_sequences/QUB/ab1_files/DYG759_26587593_26587593.ab1	TRUE	PRESENT	330718	2022-07-20T08:49:16	UNAVAILABLE	"PermissionError: [Errno 1] Operation not permitted: ""/Users/nicholas/Library/CloudStorage/OneDrive-SharedLibraries-Queen'sUniversityBelfast/RUMEN Gateway QUB-Scientific_Consortium - Documents/03_Partners_sequences/QUB/ab1_files"""
66	MATCHED_SH_PRIMER_BP	155	sh_id,primer,base_pairs,used_bc	1	1			QUB	SH_0089	SH_ID	SH_0089	QUB_0005	QUB_63F_0005	63F	1189	91	Bacteria	RS_GCF_001969855.1	d__Bacteria;p__Bacillota;c__Bacilli;o__Bacillales;f__Bacillaceae;g__Bacillus;s__Bacillus haynesii	99.2							263	DB_00042	Rumen_Gateway	MSc_Ziming	missing_maldi	USED	SH_0089	44	>DYG751	>DYG751_26587517_26587517	02/02/2021	11107239059-1	Tube		19/07/2022	11108032820	F	63F	1189	A1.2 Box2	Dilution_to_extinction	2	M2	2022	M2	big	white centre	NR	SH_89			MASTER_2_FGS	NR	ovine	NR	6908	TMR/High microalgae supplementation	Samples from the slaughter	DYG751_26587517_26587517.ab1	/Users/nicholas/Library/CloudStorage/OneDrive-SharedLibraries-Queen'sUniversityBelfast/RUMEN Gateway QUB-Scientific_Consortium - Documents/03_Partners_sequences/QUB/ab1_files/DYG751_26587517_26587517.ab1	TRUE	PRESENT	323788	2022-07-20T08:49:16	UNAVAILABLE	"PermissionError: [Errno 1] Operation not permitted: ""/Users/nicholas/Library/CloudStorage/OneDrive-SharedLibraries-Queen'sUniversityBelfast/RUMEN Gateway QUB-Scientific_Consortium - Documents/03_Partners_sequences/QUB/ab1_files"""
67	MATCHED_SH_PRIMER_BP	155	sh_id,primer,base_pairs,used_bc	3	1		row=265|db=DB_00632|short=IPO327|fasta=IPO327_58123271_58123271|primer=27F|bp=1128|score=105|reasons=sh_id,used_bc; row=266|db=DB_01085|short=IWS767|fasta=IWS767_59987674_59987674|primer=27F|bp=1173|score=105|reasons=sh_id,used_bc	QUB	SH_0090	SH_ID	SH_0090	QUB_0032	QUB_63F_0032	63F	1204	92	Bacteria	RS_GCF_000011645.1	d__Bacteria;p__Bacillota;c__Bacilli;o__Bacillales;f__Bacillaceae;g__Bacillus;s__Bacillus licheniformis	98.5							264	DB_00071	Rumen_Gateway	MSc_Ziming	missing_maldi	USED	SH_0090	73	>DYG780	>DYG780_26587807_26587807	02/02/2021	11107239059-1	Tube		19/07/2022	11108032820	F	63F	1204	A1.2 Box2	Dilution_to_extinction	2	PC	2022	PC	medium	white	NR	SH_90			MASTER_2_FGS	NR	ovine	NR	6908	TMR/High microalgae supplementation	Samples from the slaughter	DYG780_26587807_26587807.ab1	/Users/nicholas/Library/CloudStorage/OneDrive-SharedLibraries-Queen'sUniversityBelfast/RUMEN Gateway QUB-Scientific_Consortium - Documents/03_Partners_sequences/QUB/ab1_files/DYG780_26587807_26587807.ab1	TRUE	PRESENT	323109	2022-07-20T08:49:18	UNAVAILABLE	"PermissionError: [Errno 1] Operation not permitted: ""/Users/nicholas/Library/CloudStorage/OneDrive-SharedLibraries-Queen'sUniversityBelfast/RUMEN Gateway QUB-Scientific_Consortium - Documents/03_Partners_sequences/QUB/ab1_files"""
68	MATCHED_SH_PRIMER_BP	155	sh_id,primer,base_pairs,used_bc	3	1		row=266|db=DB_01085|short=IWS767|fasta=IWS767_59987674_59987674|primer=27F|bp=1173|score=130|reasons=sh_id,primer,used_bc; row=264|db=DB_00071|short=DYG780|fasta=DYG780_26587807_26587807|primer=63F|bp=1204|score=105|reasons=sh_id,used_bc	QUB	SH_0090	SH_ID	SH_0090	QUB_0177	QUB_27F_0177	27F	1128	93	Bacteria	GB_GCA_004555055.1	d__Bacteria;p__Bacteroidota;c__Bacteroidia;o__Bacteroidales;f__Bacteroidaceae;g__Alloprevotella;s__Alloprevotella sp004555055	98.8							265	DB_00632	Rumen_Gateway	MSc_Ziming	missing_maldi	USED	SH_0090	73	>IPO327	>IPO327_58123271_58123271	03/01/2024	11108725344-1	Tube		02/04/2024	11108849829	F	27F	1128	A1.2 Box2	Dilution_to_extinction	2	PC	2022	PC	medium	white	NR	SH_90			MASTER_2_FGS	NR	ovine	NR	6908	TMR/High microalgae supplementation	Samples from the slaughter	IPO327_58123271_58123271.ab1	/Users/nicholas/Library/CloudStorage/OneDrive-SharedLibraries-Queen'sUniversityBelfast/RUMEN Gateway QUB-Scientific_Consortium - Documents/03_Partners_sequences/QUB/ab1_files/IPO327_58123271_58123271.ab1	TRUE	PRESENT	324662	2024-04-03T02:56:24	UNAVAILABLE	"PermissionError: [Errno 1] Operation not permitted: ""/Users/nicholas/Library/CloudStorage/OneDrive-SharedLibraries-Queen'sUniversityBelfast/RUMEN Gateway QUB-Scientific_Consortium - Documents/03_Partners_sequences/QUB/ab1_files"""
69	MATCHED_SH_PRIMER_BP	155	sh_id,primer,base_pairs,used_bc	3	1		row=265|db=DB_00632|short=IPO327|fasta=IPO327_58123271_58123271|primer=27F|bp=1128|score=130|reasons=sh_id,primer,used_bc; row=264|db=DB_00071|short=DYG780|fasta=DYG780_26587807_26587807|primer=63F|bp=1204|score=105|reasons=sh_id,used_bc	QUB	SH_0090	SH_ID	SH_0090	QUB_0522	QUB_27F_0522	27F	1173	94	Bacteria	GB_GCA_004555055.1	d__Bacteria;p__Bacteroidota;c__Bacteroidia;o__Bacteroidales;f__Bacteroidaceae;g__Alloprevotella;s__Alloprevotella sp004555055	98.1							266	DB_01085	Rumen_Gateway	MSc_Ziming	missing_maldi	USED	SH_0090	73	>IWS767	>IWS767_59987674_59987674	19/04/2024	11108875297-1	Tube		05/07/2024	11108977476	F	27F	1173	A1.2 Box2	Dilution_to_extinction	2	PC	2022	PC	medium	white	NR	SH_90			MASTER_2_FGS	NR	ovine	NR	6908	TMR/High microalgae supplementation	Samples from the slaughter	IWS767_59987674_59987674.ab1	/Users/nicholas/Library/CloudStorage/OneDrive-SharedLibraries-Queen'sUniversityBelfast/RUMEN Gateway QUB-Scientific_Consortium - Documents/03_Partners_sequences/QUB/ab1_files/IWS767_59987674_59987674.ab1	TRUE	PRESENT	331176	2024-07-05T13:34:12	UNAVAILABLE	"PermissionError: [Errno 1] Operation not permitted: ""/Users/nicholas/Library/CloudStorage/OneDrive-SharedLibraries-Queen'sUniversityBelfast/RUMEN Gateway QUB-Scientific_Consortium - Documents/03_Partners_sequences/QUB/ab1_files"""
70	MATCHED_SH_PRIMER_BP	155	sh_id,primer,base_pairs,used_bc	3	1		row=268|db=DB_00631|short=IPO326|fasta=IPO326_58123264_58123264|primer=27F|bp=1210|score=105|reasons=sh_id,used_bc; row=269|db=DB_01081|short=IWS763|fasta=IWS763_59987636_59987636|primer=27F|bp=1269|score=105|reasons=sh_id,used_bc	QUB	SH_0091	SH_ID	SH_0091	QUB_0022	QUB_63F_0022	63F	1206	95	Bacteria	RS_GCF_011387195.1	d__Bacteria;p__Bacillota;c__Bacilli;o__Lactobacillales;f__Streptococcaceae;g__Streptococcus;s__Streptococcus ruminicola	98.4							267	DB_00061	Rumen_Gateway	MSc_Ziming	missing_maldi	USED	SH_0091	63	>DYG770	>DYG770_26587708_26587708	02/02/2021	11107239059-1	Tube		19/07/2022	11108032820	F	63F	1206	A1.2 Box3	Dilution_to_extinction	2	M2	2022	M2	small	white	NR	SH_164			MASTER_2_FGS	NR	ovine	NR	6973	TMR/High microalgae supplementation	Samples from the slaughter	DYG770_26587708_26587708.ab1	/Users/nicholas/Library/CloudStorage/OneDrive-SharedLibraries-Queen'sUniversityBelfast/RUMEN Gateway QUB-Scientific_Consortium - Documents/03_Partners_sequences/QUB/ab1_files/DYG770_26587708_26587708.ab1	TRUE	PRESENT	316001	2022-07-20T08:49:18	UNAVAILABLE	"PermissionError: [Errno 1] Operation not permitted: ""/Users/nicholas/Library/CloudStorage/OneDrive-SharedLibraries-Queen'sUniversityBelfast/RUMEN Gateway QUB-Scientific_Consortium - Documents/03_Partners_sequences/QUB/ab1_files"""
71	MATCHED_SH_PRIMER_BP	155	sh_id,primer,base_pairs,used_bc	3	1		row=269|db=DB_01081|short=IWS763|fasta=IWS763_59987636_59987636|primer=27F|bp=1269|score=130|reasons=sh_id,primer,used_bc; row=267|db=DB_00061|short=DYG770|fasta=DYG770_26587708_26587708|primer=63F|bp=1206|score=105|reasons=sh_id,used_bc	QUB	SH_0091	SH_ID	SH_0091	QUB_0176	QUB_27F_0176	27F	1210	96	Bacteria	RS_GCF_011387195.1	d__Bacteria;p__Bacillota;c__Bacilli;o__Lactobacillales;f__Streptococcaceae;g__Streptococcus;s__Streptococcus ruminicola	99.8				MWL13			268	DB_00631	Rumen_Gateway	MSc_Ziming	missing_maldi	USED	SH_0091	63	>IPO326	>IPO326_58123264_58123264	03/01/2024	11108725344-1	Tube		02/04/2024	11108849829	F	27F	1210	A1.2 Box3	Dilution_to_extinction	2	M2	2022	M2	small	white	NR	SH_164			MASTER_2_FGS	NR	ovine	NR	6973	TMR/High microalgae supplementation	Samples from the slaughter	IPO326_58123264_58123264.ab1	/Users/nicholas/Library/CloudStorage/OneDrive-SharedLibraries-Queen'sUniversityBelfast/RUMEN Gateway QUB-Scientific_Consortium - Documents/03_Partners_sequences/QUB/ab1_files/IPO326_58123264_58123264.ab1	TRUE	PRESENT	329485	2024-04-03T02:56:24	UNAVAILABLE	"PermissionError: [Errno 1] Operation not permitted: ""/Users/nicholas/Library/CloudStorage/OneDrive-SharedLibraries-Queen'sUniversityBelfast/RUMEN Gateway QUB-Scientific_Consortium - Documents/03_Partners_sequences/QUB/ab1_files"""
72	MATCHED_SH_PRIMER_BP	155	sh_id,primer,base_pairs,used_bc	3	1		row=268|db=DB_00631|short=IPO326|fasta=IPO326_58123264_58123264|primer=27F|bp=1210|score=130|reasons=sh_id,primer,used_bc; row=267|db=DB_00061|short=DYG770|fasta=DYG770_26587708_26587708|primer=63F|bp=1206|score=105|reasons=sh_id,used_bc	QUB	SH_0091	SH_ID	SH_0091	QUB_0519	QUB_27F_0519	27F	1269	97	Bacteria	RS_GCF_009695655.1	d__Bacteria;p__Bacillota;c__Bacilli;o__Erysipelotrichales;f__Coprobacillaceae;g__Sharpea;s__Sharpea porci	97.3							269	DB_01081	Rumen_Gateway	MSc_Ziming	missing_maldi	USED	SH_0091	63	>IWS763	>IWS763_59987636_59987636	19/04/2024	11108875297-1	Tube		05/07/2024	11108977476	F	27F	1269	A1.2 Box3	Dilution_to_extinction	2	M2	2022	M2	small	white	NR	SH_164			MASTER_2_FGS	NR	ovine	NR	6973	TMR/High microalgae supplementation	Samples from the slaughter	IWS763_59987636_59987636.ab1	/Users/nicholas/Library/CloudStorage/OneDrive-SharedLibraries-Queen'sUniversityBelfast/RUMEN Gateway QUB-Scientific_Consortium - Documents/03_Partners_sequences/QUB/ab1_files/IWS763_59987636_59987636.ab1	TRUE	PRESENT	326522	2024-07-05T13:34:12	UNAVAILABLE	"PermissionError: [Errno 1] Operation not permitted: ""/Users/nicholas/Library/CloudStorage/OneDrive-SharedLibraries-Queen'sUniversityBelfast/RUMEN Gateway QUB-Scientific_Consortium - Documents/03_Partners_sequences/QUB/ab1_files"""
73	MATCHED_SH_PRIMER_BP	155	sh_id,primer,base_pairs,used_bc	5	1		row=271|db=DB_01486|short=JDP761_A9|fasta=|primer=27F|bp=|score=105|reasons=sh_id,used_bc; row=272|db=DB_01487|short=JDP761_A10|fasta=|primer=1492R|bp=|score=105|reasons=sh_id,used_bc; row=273|db=DB_01673|short=JTQ727|fasta=JTQ727_65947273_65947273|primer=27F|bp=1143|score=105|reasons=sh_id,used_bc; row=274|db=DB_01674|short=JTQ728|fasta=JTQ728_65947280_65947280|primer=1492R|bp=1167|score=105|reasons=sh_id,used_bc	QUB	SH_0092	SH_ID	SH_0092	QUB_0026	QUB_63F_0026	63F	1210	98	Bacteria	RS_GCF_009695655.1	d__Bacteria;p__Bacillota;c__Bacilli;o__Erysipelotrichales;f__Coprobacillaceae;g__Sharpea;s__Sharpea porci	97.6							270	DB_00065	Rumen_Gateway	MSc_Ziming	missing_maldi	USED	SH_0092	67	>DYG774	>DYG774_26587746_26587746	02/02/2021	11107239059-1	Tube		19/07/2022	11108032820	F	63F	1210	A1.2 Box3	Dilution_to_extinction	2	M2	2022	M2	medium	grey	NR	SH_92			MASTER_2_FGS	NR	ovine	NR	6908	TMR/High microalgae supplementation	Samples from the slaughter	DYG774_26587746_26587746.ab1	/Users/nicholas/Library/CloudStorage/OneDrive-SharedLibraries-Queen'sUniversityBelfast/RUMEN Gateway QUB-Scientific_Consortium - Documents/03_Partners_sequences/QUB/ab1_files/DYG774_26587746_26587746.ab1	TRUE	PRESENT	334595	2022-07-20T08:49:18	UNAVAILABLE	"PermissionError: [Errno 1] Operation not permitted: ""/Users/nicholas/Library/CloudStorage/OneDrive-SharedLibraries-Queen'sUniversityBelfast/RUMEN Gateway QUB-Scientific_Consortium - Documents/03_Partners_sequences/QUB/ab1_files"""
74	MATCHED_SH_PRIMER_BP	155	sh_id,primer,base_pairs,used_bc	1	1			QUB	SH_0093	SH_ID	SH_0093	QUB_0110	QUB_63F_0110	63F	1116	99	Bacteria	RS_GCF_011387195.1	d__Bacteria;p__Bacillota;c__Bacilli;o__Lactobacillales;f__Streptococcaceae;g__Streptococcus;s__Streptococcus ruminicola	99.5				MWL13			275	DB_00270	Rumen_Gateway	MSc_Ziming	missing_maldi	USED	SH_0093	93	>GBF596	>GBF596_40875966_40875966	05/08/2022	11108053228-1	Tube		23/08/2022	11108075893	F	63F	1116	A1.2 Box3	Dilution_to_extinction	2	M2	2022	M2	NR	grey	NR	SH_80			Routine in vitro ruminal fluid	NR	bovine				Slaughter	GBF596_40875966_40875966.ab1	/Users/nicholas/Library/CloudStorage/OneDrive-SharedLibraries-Queen'sUniversityBelfast/RUMEN Gateway QUB-Scientific_Consortium - Documents/03_Partners_sequences/QUB/ab1_files/GBF596_40875966_40875966.ab1	TRUE	PRESENT	310743	2022-08-23T09:32:22	UNAVAILABLE	"PermissionError: [Errno 1] Operation not permitted: ""/Users/nicholas/Library/CloudStorage/OneDrive-SharedLibraries-Queen'sUniversityBelfast/RUMEN Gateway QUB-Scientific_Consortium - Documents/03_Partners_sequences/QUB/ab1_files"""
75	MATCHED_SH_PRIMER_BP	155	sh_id,primer,base_pairs,used_bc	1	1			QUB	SH_0094	SH_ID	SH_0094	QUB_0128	QUB_63F_0128	63F	1107	100	Bacteria	RS_GCF_000011645.1	d__Bacteria;p__Bacillota;c__Bacilli;o__Bacillales;f__Bacillaceae;g__Bacillus;s__Bacillus licheniformis	98.8							276	DB_00291	Rumen_Gateway	MSc_Ziming	missing_maldi	USED	SH_0094	114	>GBF617	>GBF617_40876178_40876178	05/08/2022	11108053228-1	Tube		24/08/2022	11108077821	F	63F	1107	A1.2 Box3	Dilution_to_extinction	2	BHI	2022	BHI	big	cream	NR	SH_94			Routine in vitro ruminal fluid	NR	bovine				Slaughter	GBF617_40876178_40876178.ab1	/Users/nicholas/Library/CloudStorage/OneDrive-SharedLibraries-Queen'sUniversityBelfast/RUMEN Gateway QUB-Scientific_Consortium - Documents/03_Partners_sequences/QUB/ab1_files/GBF617_40876178_40876178.ab1	TRUE	PRESENT	327572	2022-08-24T14:18:44	UNAVAILABLE	"PermissionError: [Errno 1] Operation not permitted: ""/Users/nicholas/Library/CloudStorage/OneDrive-SharedLibraries-Queen'sUniversityBelfast/RUMEN Gateway QUB-Scientific_Consortium - Documents/03_Partners_sequences/QUB/ab1_files"""
76	MATCHED_SH_PRIMER_BP	155	sh_id,primer,base_pairs,used_bc	1	1			QUB	SH_0095_M23	SH_ID	SH_0095_M23	QUB_0165	QUB_63F_0165	63F	1141	101	Bacteria	GB_GCA_021733645.1	d__Bacteria;p__Pseudomonadota;c__Gammaproteobacteria;o__Xanthomonadales;f__Xanthomonadaceae;g__Stenotrophomonas;s__Stenotrophomonas sp021733645	99.5				MWL6			279	DB_00490	Rumen_Gateway	BSc_Malorie	missing_maldi	USED	SH_0095_M23	176	>GLE327	>GLE327_43463276_43463276	31/10/2022	11108143158-1	Tube		05/07/2023	11108500492	F	63F	1141	A1.2 Box3	Dilution_to_extinction	2	BHI+RF	2023	BHI+RF	small	grey brown	NR	SH_95			HoloRuminant	NR	bovine	NR	37245	Conventional	12	GLE327_43463276_43463276.ab1	/Users/nicholas/Library/CloudStorage/OneDrive-SharedLibraries-Queen'sUniversityBelfast/RUMEN Gateway QUB-Scientific_Consortium - Documents/03_Partners_sequences/QUB/ab1_files/GLE327_43463276_43463276.ab1	TRUE	PRESENT	323167	2023-07-06T03:10:22	UNAVAILABLE	"PermissionError: [Errno 1] Operation not permitted: ""/Users/nicholas/Library/CloudStorage/OneDrive-SharedLibraries-Queen'sUniversityBelfast/RUMEN Gateway QUB-Scientific_Consortium - Documents/03_Partners_sequences/QUB/ab1_files"""
77	MATCHED_SH_PRIMER_BP	155	sh_id,primer,base_pairs,used_bc	1	1			QUB	SH_0096	SH_ID	SH_0096	QUB_0092	QUB_63F_0092	63F	1158	102	Bacteria	RS_GCF_011387195.1	d__Bacteria;p__Bacillota;c__Bacilli;o__Lactobacillales;f__Streptococcaceae;g__Streptococcus;s__Streptococcus ruminicola	99.1							280	DB_00187	Rumen_Gateway	MSc_Ziming	missing_maldi	USED	SH_0096	132	>ELX894	>ELX894_30138941_30138941	01/07/2021	11107492450-1	Tube		26/08/2022	11108081195	F	63F	1158	A1.2 Box3	Dilution_to_extinction	2	PC	2022	BHI	medium	cream	NR	Streptococcus lutetiensis			Routine in vitro ruminal fluid	NR	bovine				Slaughter	ELX894_30138941_30138941.ab1	/Users/nicholas/Library/CloudStorage/OneDrive-SharedLibraries-Queen'sUniversityBelfast/RUMEN Gateway QUB-Scientific_Consortium - Documents/03_Partners_sequences/QUB/ab1_files/ELX894_30138941_30138941.ab1	TRUE	PRESENT	332601	2022-08-26T16:16:10	UNAVAILABLE	"PermissionError: [Errno 1] Operation not permitted: ""/Users/nicholas/Library/CloudStorage/OneDrive-SharedLibraries-Queen'sUniversityBelfast/RUMEN Gateway QUB-Scientific_Consortium - Documents/03_Partners_sequences/QUB/ab1_files"""
78	MATCHED_SH_PRIMER_BP	155	sh_id,primer,base_pairs,used_bc	2	1		row=282|db=DB_00082|short=DYG791|fasta=DYG791_26587913_26587913|primer=63F|bp=22|score=130|reasons=sh_id,primer,used_bc	QUB	SH_0097	SH_ID	SH_0097	QUB_0027	QUB_63F_0027	63F	1187	103	Bacteria	RS_GCF_001969855.1	d__Bacteria;p__Bacillota;c__Bacilli;o__Bacillales;f__Bacillaceae;g__Bacillus;s__Bacillus haynesii	98.7							281	DB_00066	Rumen_Gateway	MSc_Ziming	missing_maldi	USED	SH_0097	68	>DYG775	>DYG775_26587753_26587753	02/02/2021	11107239059-1	Tube		19/07/2022	11108032820	F	63F	1187	A1.2 Box3	Dilution_to_extinction	2	BHI	2022	BHI	big	grey	NR	Bacillus sonorensis			MASTER_2_FGS	NR	ovine	NR	6908	TMR/High microalgae supplementation	Samples from the slaughter	DYG775_26587753_26587753.ab1	/Users/nicholas/Library/CloudStorage/OneDrive-SharedLibraries-Queen'sUniversityBelfast/RUMEN Gateway QUB-Scientific_Consortium - Documents/03_Partners_sequences/QUB/ab1_files/DYG775_26587753_26587753.ab1	TRUE	PRESENT	324131	2022-07-20T08:49:18	UNAVAILABLE	"PermissionError: [Errno 1] Operation not permitted: ""/Users/nicholas/Library/CloudStorage/OneDrive-SharedLibraries-Queen'sUniversityBelfast/RUMEN Gateway QUB-Scientific_Consortium - Documents/03_Partners_sequences/QUB/ab1_files"""
79	MATCHED_SH_PRIMER_BP	155	sh_id,primer,base_pairs,used_bc	1	1			QUB	SH_0098	SH_ID	SH_0098	QUB_0034	QUB_63F_0034	63F	1194	104	Bacteria	RS_GCF_018916875.1	d__Bacteria;p__Bacillota;c__Bacilli;o__Bacillales_D;f__Amphibacillaceae;g__Virgibacillus;s__Virgibacillus proomii_B	99.1							283	DB_00073	Rumen_Gateway	MSc_Ziming	missing_maldi	USED	SH_0098	75	>DYG782	>DYG782_26587821_26587821	02/02/2021	11107239059-1	Tube		19/07/2022	11108032820	F	63F	1194	A1.2 Box3	Dilution_to_extinction	2	BHI	2022	BHI	medium	white centre	NR	SH_98			MASTER_2_FGS	NR	ovine	NR	6973	TMR/High microalgae supplementation	Samples from the slaughter	DYG782_26587821_26587821.ab1	/Users/nicholas/Library/CloudStorage/OneDrive-SharedLibraries-Queen'sUniversityBelfast/RUMEN Gateway QUB-Scientific_Consortium - Documents/03_Partners_sequences/QUB/ab1_files/DYG782_26587821_26587821.ab1	TRUE	PRESENT	326238	2022-07-20T08:49:18	UNAVAILABLE	"PermissionError: [Errno 1] Operation not permitted: ""/Users/nicholas/Library/CloudStorage/OneDrive-SharedLibraries-Queen'sUniversityBelfast/RUMEN Gateway QUB-Scientific_Consortium - Documents/03_Partners_sequences/QUB/ab1_files"""
80	MATCHED_SH_PRIMER_BP	155	sh_id,primer,base_pairs,used_bc	4	1		row=285|db=DB_00642|short=IPO337|fasta=IPO337_58123370_58123370|primer=27F|bp=136|score=105|reasons=sh_id,used_bc; row=286|db=DB_01082|short=IWS764|fasta=IWS764_59987643_59987643|primer=27F|bp=152|score=105|reasons=sh_id,used_bc; row=287|db=DB_01170|short=IWS852|fasta=IWS852_59988527_59988527|primer=27F|bp=1211|score=105|reasons=sh_id,used_bc	QUB	SH_0099	SH_ID	SH_0099	QUB_0018	QUB_63F_0018	63F	1198	105	Bacteria	RS_GCF_011387195.1	d__Bacteria;p__Bacillota;c__Bacilli;o__Lactobacillales;f__Streptococcaceae;g__Streptococcus;s__Streptococcus ruminicola	99.2							284	DB_00055	Rumen_Gateway	MSc_Ziming	missing_maldi	USED	SH_0099	57	>DYG764	>DYG764_26587647_26587647	02/02/2021	11107239059-1	Tube		19/07/2022	11108032820	F	63F	1198	A1.2 Box3	Dilution_to_extinction	2	PC	2022	PC	pinpoint	grey	NR	SH_80			MASTER_2_FGS	NR	ovine	NR	7064	TMR/Control	Samples from the slaughter	DYG764_26587647_26587647.ab1	/Users/nicholas/Library/CloudStorage/OneDrive-SharedLibraries-Queen'sUniversityBelfast/RUMEN Gateway QUB-Scientific_Consortium - Documents/03_Partners_sequences/QUB/ab1_files/DYG764_26587647_26587647.ab1	TRUE	PRESENT	323027	2022-07-20T08:49:16	UNAVAILABLE	"PermissionError: [Errno 1] Operation not permitted: ""/Users/nicholas/Library/CloudStorage/OneDrive-SharedLibraries-Queen'sUniversityBelfast/RUMEN Gateway QUB-Scientific_Consortium - Documents/03_Partners_sequences/QUB/ab1_files"""
81	MATCHED_SH_PRIMER_BP	155	sh_id,primer,base_pairs,used_bc	4	1		row=285|db=DB_00642|short=IPO337|fasta=IPO337_58123370_58123370|primer=27F|bp=136|score=130|reasons=sh_id,primer,used_bc; row=286|db=DB_01082|short=IWS764|fasta=IWS764_59987643_59987643|primer=27F|bp=152|score=130|reasons=sh_id,primer,used_bc; row=284|db=DB_00055|short=DYG764|fasta=DYG764_26587647_26587647|primer=63F|bp=1198|score=105|reasons=sh_id,used_bc	QUB	SH_0099	SH_ID	SH_0099	QUB_0590	QUB_27F_0590	27F	1211	106	Bacteria	RS_GCF_011387195.1	d__Bacteria;p__Bacillota;c__Bacilli;o__Lactobacillales;f__Streptococcaceae;g__Streptococcus;s__Streptococcus ruminicola	99.7							287	DB_01170	Rumen_Gateway	MSc_Ziming	mismatching_info	USED	SH_0099	57	>IWS852	>IWS852_59988527_59988527	19/04/2024	11108875297-1	Tube		12/07/2024	11108986368	F	27F	1211	A1.2 Box3	Dilution_to_extinction	2	PC	2022	M2	pinpoint	grey	NR	SH_80			MASTER_2_FGS	NR	ovine	NR	7064	TMR/Control	Samples from the slaughter	IWS852_59988527_59988527.ab1	/Users/nicholas/Library/CloudStorage/OneDrive-SharedLibraries-Queen'sUniversityBelfast/RUMEN Gateway QUB-Scientific_Consortium - Documents/03_Partners_sequences/QUB/ab1_files/IWS852_59988527_59988527.ab1	TRUE	PRESENT	328861	2024-07-12T14:04:18	UNAVAILABLE	"PermissionError: [Errno 1] Operation not permitted: ""/Users/nicholas/Library/CloudStorage/OneDrive-SharedLibraries-Queen'sUniversityBelfast/RUMEN Gateway QUB-Scientific_Consortium - Documents/03_Partners_sequences/QUB/ab1_files"""
82	MATCHED_SH_PRIMER_BP	155	sh_id,primer,base_pairs,used_bc	1	1			QUB	SH_0100	SH_ID	SH_0100	QUB_0097	QUB_63F_0097	63F	1107	107	Bacteria	GB_GCA_004555055.1	d__Bacteria;p__Bacteroidota;c__Bacteroidia;o__Bacteroidales;f__Bacteroidaceae;g__Alloprevotella;s__Alloprevotella sp004555055	98.9				MWL13			288	DB_00255	Rumen_Gateway	MSc_Ziming	missing_maldi	USED	SH_0100	78	>GBF581	>GBF581_40875812_40875812	05/08/2022	11108053228-1	Tube		23/08/2022	11108075893	F	63F	1107	A1.2 Box3	Dilution_to_extinction	2	BHI	2022	BHI	small	grey	NR	SH_137			Routine in vitro ruminal fluid	NR	bovine				Slaughter	GBF581_40875812_40875812.ab1	/Users/nicholas/Library/CloudStorage/OneDrive-SharedLibraries-Queen'sUniversityBelfast/RUMEN Gateway QUB-Scientific_Consortium - Documents/03_Partners_sequences/QUB/ab1_files/GBF581_40875812_40875812.ab1	TRUE	PRESENT	319178	2022-08-23T09:32:22	UNAVAILABLE	"PermissionError: [Errno 1] Operation not permitted: ""/Users/nicholas/Library/CloudStorage/OneDrive-SharedLibraries-Queen'sUniversityBelfast/RUMEN Gateway QUB-Scientific_Consortium - Documents/03_Partners_sequences/QUB/ab1_files"""
83	MATCHED_SH_PRIMER_BP	155	sh_id,primer,base_pairs,used_bc	1	1			QUB	SH_0101	SH_ID	SH_0101	QUB_0105	QUB_63F_0105	63F	1121	108	Bacteria	GB_GCA_900764415.1	d__Bacteria;p__Actinomycetota;c__Coriobacteriia;o__Coriobacteriales;f__Coriobacteriaceae;g__Collinsella;s__Collinsella sp900764415	98.1							289	DB_00264	Rumen_Gateway	MSc_Ziming	Dead	USED	SH_0101	87	>GBF590	>GBF590_40875904_40875904	05/08/2022	11108053228-1	Tube		23/08/2022	11108075893	F	63F	1121	Dead	Dilution_to_extinction	2	PC	2022	PC	small	white	NR	Dead			Routine in vitro ruminal fluid	NR	bovine				Slaughter	GBF590_40875904_40875904.ab1	/Users/nicholas/Library/CloudStorage/OneDrive-SharedLibraries-Queen'sUniversityBelfast/RUMEN Gateway QUB-Scientific_Consortium - Documents/03_Partners_sequences/QUB/ab1_files/GBF590_40875904_40875904.ab1	TRUE	PRESENT	326830	2022-08-23T09:32:22	UNAVAILABLE	"PermissionError: [Errno 1] Operation not permitted: ""/Users/nicholas/Library/CloudStorage/OneDrive-SharedLibraries-Queen'sUniversityBelfast/RUMEN Gateway QUB-Scientific_Consortium - Documents/03_Partners_sequences/QUB/ab1_files"""
84	MATCHED_SH_PRIMER_BP	155	sh_id,primer,base_pairs,used_bc	1	1			QUB	SH_0101.1	SH_ID	SH_0101.1	QUB_0175	QUB_27F_0175	27F	1238	109	Bacteria	RS_GCF_009695655.1	d__Bacteria;p__Bacillota;c__Bacilli;o__Erysipelotrichales;f__Coprobacillaceae;g__Sharpea;s__Sharpea porci	97.6							290	DB_00630	Rumen_Gateway	MSc_Ziming	missing_maldi	USED	SH_0101.1	87	>IPO325	>IPO325_58123257_58123257	03/01/2024	11108725344-1	Tube		02/04/2024	11108849829	F	27F	1238	A1.2 Box3	Dilution_to_extinction	2	PC	2022	PC	small	white	NR	SH_101.1			Routine in vitro ruminal fluid	NR	bovine				Slaughter	IPO325_58123257_58123257.ab1	/Users/nicholas/Library/CloudStorage/OneDrive-SharedLibraries-Queen'sUniversityBelfast/RUMEN Gateway QUB-Scientific_Consortium - Documents/03_Partners_sequences/QUB/ab1_files/IPO325_58123257_58123257.ab1	TRUE	PRESENT	324397	2024-04-03T02:56:22	UNAVAILABLE	"PermissionError: [Errno 1] Operation not permitted: ""/Users/nicholas/Library/CloudStorage/OneDrive-SharedLibraries-Queen'sUniversityBelfast/RUMEN Gateway QUB-Scientific_Consortium - Documents/03_Partners_sequences/QUB/ab1_files"""
85	MATCHED_SH_PRIMER_BP	155	sh_id,primer,base_pairs,used_bc	1	1			QUB	SH_0101.2	SH_ID	SH_0101.2	QUB_0179	QUB_27F_0179	27F	1273	110	Bacteria	RS_GCF_011387195.1	d__Bacteria;p__Bacillota;c__Bacilli;o__Lactobacillales;f__Streptococcaceae;g__Streptococcus;s__Streptococcus ruminicola	99.1							291	DB_00635	Rumen_Gateway	MSc_Ziming	missing_maldi	USED	SH_0101.2	87	>IPO330	>IPO330_58123301_58123301	03/01/2024	11108725344-1	Tube		02/04/2024	11108849829	F	27F	1273	A1.2 Box3	Dilution_to_extinction	2	PC	2022	PC	small	white	NR	SH_101			Routine in vitro ruminal fluid	NR	bovine				Slaughter	IPO330_58123301_58123301.ab1	/Users/nicholas/Library/CloudStorage/OneDrive-SharedLibraries-Queen'sUniversityBelfast/RUMEN Gateway QUB-Scientific_Consortium - Documents/03_Partners_sequences/QUB/ab1_files/IPO330_58123301_58123301.ab1	TRUE	PRESENT	322932	2024-04-03T02:56:24	UNAVAILABLE	"PermissionError: [Errno 1] Operation not permitted: ""/Users/nicholas/Library/CloudStorage/OneDrive-SharedLibraries-Queen'sUniversityBelfast/RUMEN Gateway QUB-Scientific_Consortium - Documents/03_Partners_sequences/QUB/ab1_files"""
86	MATCHED_SH_PRIMER_BP	155	sh_id,primer,base_pairs,used_bc	2	1		row=294|db=DB_01104|short=IWS786|fasta=IWS786_59987865_59987865|primer=27F|bp=1219|score=105|reasons=sh_id,used_bc	QUB	SH_0103	SH_ID	SH_0103	QUB_0023	QUB_63F_0023	63F	1172	111	Bacteria	RS_GCF_011387195.1	d__Bacteria;p__Bacillota;c__Bacilli;o__Lactobacillales;f__Streptococcaceae;g__Streptococcus;s__Streptococcus ruminicola	98.6							293	DB_00062	Rumen_Gateway	MSc_Ziming	missing_maldi	USED	SH_0103	64	>DYG771	>DYG771_26587715_26587715	02/02/2021	11107239059-1	Tube		19/07/2022	11108032820	F	63F	1172	A1.2 Box3	Dilution_to_extinction	2	M2	2022	M2	medium	white	NR	SH_164			MASTER_2_FGS	NR	ovine	NR	6973	TMR/High microalgae supplementation	Samples from the slaughter	DYG771_26587715_26587715.ab1	/Users/nicholas/Library/CloudStorage/OneDrive-SharedLibraries-Queen'sUniversityBelfast/RUMEN Gateway QUB-Scientific_Consortium - Documents/03_Partners_sequences/QUB/ab1_files/DYG771_26587715_26587715.ab1	TRUE	PRESENT	330987	2022-07-20T08:49:18	UNAVAILABLE	"PermissionError: [Errno 1] Operation not permitted: ""/Users/nicholas/Library/CloudStorage/OneDrive-SharedLibraries-Queen'sUniversityBelfast/RUMEN Gateway QUB-Scientific_Consortium - Documents/03_Partners_sequences/QUB/ab1_files"""
87	MATCHED_SH_PRIMER_BP	155	sh_id,primer,base_pairs,used_bc	2	1		row=293|db=DB_00062|short=DYG771|fasta=DYG771_26587715_26587715|primer=63F|bp=1172|score=105|reasons=sh_id,used_bc	QUB	SH_0103	SH_ID	SH_0103	QUB_0540	QUB_27F_0540	27F	1219	112	Bacteria	RS_GCF_011387195.1	d__Bacteria;p__Bacillota;c__Bacilli;o__Lactobacillales;f__Streptococcaceae;g__Streptococcus;s__Streptococcus ruminicola	99.2							294	DB_01104	Rumen_Gateway	MSc_Ziming	Missing_from_report	USED	SH_0103	64	>IWS786	>IWS786_59987865_59987865	19/04/2024	11108875297-1	Tube		16/08/2024	11109029894	F	27F	1219	A1.2 Box3	Dilution_to_extinction	2	M2	2022	M2	NR	NR	NR	SH_164			MASTER_2_FGS	NR	ovine	NR	6973	TMR/High microalgae supplementation	Samples from the slaughter	IWS786_59987865_59987865.ab1	/Users/nicholas/Library/CloudStorage/OneDrive-SharedLibraries-Queen'sUniversityBelfast/RUMEN Gateway QUB-Scientific_Consortium - Documents/03_Partners_sequences/QUB/ab1_files/IWS786_59987865_59987865.ab1	FALSE	MISSING_EXPECTED_FILE			UNAVAILABLE	"PermissionError: [Errno 1] Operation not permitted: ""/Users/nicholas/Library/CloudStorage/OneDrive-SharedLibraries-Queen'sUniversityBelfast/RUMEN Gateway QUB-Scientific_Consortium - Documents/03_Partners_sequences/QUB/ab1_files"""
88	MATCHED_SH_PRIMER_BP	155	sh_id,primer,base_pairs,used_bc	1	1			QUB	SH_0104	SH_ID	SH_0104	QUB_0039	QUB_63F_0039	63F	1165	113	Bacteria	GB_GCA_004555055.1	d__Bacteria;p__Bacteroidota;c__Bacteroidia;o__Bacteroidales;f__Bacteroidaceae;g__Alloprevotella;s__Alloprevotella sp004555055	99.4				MWL13			295	DB_00078	Rumen_Gateway	MSc_Ziming	missing_maldi	USED	SH_0104	119	>DYG787	>DYG787_26587876_26587876	02/02/2021	11107239059-1	Tube		26/08/2022	11108081181	F	63F	1165	A1.2 Box3	Dilution_to_extinction	2	M2	2022	M2	medium	cream	NR	SH_80			Routine in vitro ruminal fluid	NR	bovine				Slaughter	DYG787_26587876_26587876.ab1	/Users/nicholas/Library/CloudStorage/OneDrive-SharedLibraries-Queen'sUniversityBelfast/RUMEN Gateway QUB-Scientific_Consortium - Documents/03_Partners_sequences/QUB/ab1_files/DYG787_26587876_26587876.ab1	TRUE	PRESENT	324544	2022-08-26T16:16:18	UNAVAILABLE	"PermissionError: [Errno 1] Operation not permitted: ""/Users/nicholas/Library/CloudStorage/OneDrive-SharedLibraries-Queen'sUniversityBelfast/RUMEN Gateway QUB-Scientific_Consortium - Documents/03_Partners_sequences/QUB/ab1_files"""
89	MATCHED_SH_PRIMER_BP	155	sh_id,primer,base_pairs,used_bc	1	1			QUB	SH_0105	SH_ID	SH_0105	QUB_0101	QUB_63F_0101	63F	1079	114	Bacteria	RS_GCF_000011645.1	d__Bacteria;p__Bacillota;c__Bacilli;o__Bacillales;f__Bacillaceae;g__Bacillus;s__Bacillus licheniformis	99							374	DB_00259	Rumen_Gateway	MSc_Ziming	missing_maldi	USED	SH_0105	82	>GBF585	>GBF585_40875850_40875850	05/08/2022	11108053228-1	Tube		23/08/2022	11108075893	F	63F	1079	A1.2 Box3	Dilution_to_extinction	2	BHI	2022	BHI	NR	NR	NR	SH_105			Routine in vitro ruminal fluid	NR	bovine				Slaughter	GBF585_40875850_40875850.ab1	/Users/nicholas/Library/CloudStorage/OneDrive-SharedLibraries-Queen'sUniversityBelfast/RUMEN Gateway QUB-Scientific_Consortium - Documents/03_Partners_sequences/QUB/ab1_files/GBF585_40875850_40875850.ab1	TRUE	PRESENT	323763	2022-08-23T09:32:22	UNAVAILABLE	"PermissionError: [Errno 1] Operation not permitted: ""/Users/nicholas/Library/CloudStorage/OneDrive-SharedLibraries-Queen'sUniversityBelfast/RUMEN Gateway QUB-Scientific_Consortium - Documents/03_Partners_sequences/QUB/ab1_files"""
90	MATCHED_SH_PRIMER_BP	155	sh_id,primer,base_pairs,used_bc	1	1			QUB	SH_0106	SH_ID	SH_0106	QUB_0099	QUB_63F_0099	63F	1109	115	Bacteria	GB_GCA_004555055.1	d__Bacteria;p__Bacteroidota;c__Bacteroidia;o__Bacteroidales;f__Bacteroidaceae;g__Alloprevotella;s__Alloprevotella sp004555055	98.8				MWL13			375	DB_00257	Rumen_Gateway	MSc_Ziming	missing_maldi	USED	SH_0106	80	>GBF583	>GBF583_40875836_40875836	05/08/2022	11108053228-1	Tube		23/08/2022	11108075893	F	63F	1109	A1.2 Box4	Dilution_to_extinction	2	BHI	2022	BHI	small	grey	NR	SH_106			Routine in vitro ruminal fluid	NR	bovine				Slaughter	GBF583_40875836_40875836.ab1	/Users/nicholas/Library/CloudStorage/OneDrive-SharedLibraries-Queen'sUniversityBelfast/RUMEN Gateway QUB-Scientific_Consortium - Documents/03_Partners_sequences/QUB/ab1_files/GBF583_40875836_40875836.ab1	TRUE	PRESENT	313639	2022-08-23T09:32:22	UNAVAILABLE	"PermissionError: [Errno 1] Operation not permitted: ""/Users/nicholas/Library/CloudStorage/OneDrive-SharedLibraries-Queen'sUniversityBelfast/RUMEN Gateway QUB-Scientific_Consortium - Documents/03_Partners_sequences/QUB/ab1_files"""
91	MATCHED_SH_PRIMER_BP	155	sh_id,primer,base_pairs,used_bc	1	1			QUB	SH_0107_M2	SH_ID	SH_0107_M2	QUB_0002	QUB_63F_0002	63F	1144	116	Bacteria	RS_GCF_011387195.1	d__Bacteria;p__Bacillota;c__Bacilli;o__Lactobacillales;f__Streptococcaceae;g__Streptococcus;s__Streptococcus ruminicola	98.6							376	DB_00032	Rumen_Gateway	BSc_Malorie	Dead	USED	SH_0107_M2	155	>DYG741	>DYG741_26587418_26587418	02/02/2021	11107239059-1	Tube		05/07/2023	11108500391	F	63F	1144	Dead	Dilution_to_extinction	2	BHI+RF	2023	BHI+RF	medium	brown with transparent edges and grey centre	NR	Dead			HoloRuminant	NR	bovine	NR	37234	Conventional	12	DYG741_26587418_26587418.ab1	/Users/nicholas/Library/CloudStorage/OneDrive-SharedLibraries-Queen'sUniversityBelfast/RUMEN Gateway QUB-Scientific_Consortium - Documents/03_Partners_sequences/QUB/ab1_files/DYG741_26587418_26587418.ab1	TRUE	PRESENT	328567	2023-07-05T23:44:06	UNAVAILABLE	"PermissionError: [Errno 1] Operation not permitted: ""/Users/nicholas/Library/CloudStorage/OneDrive-SharedLibraries-Queen'sUniversityBelfast/RUMEN Gateway QUB-Scientific_Consortium - Documents/03_Partners_sequences/QUB/ab1_files"""
92	MATCHED_SH_PRIMER_BP	155	sh_id,primer,base_pairs,used_bc	1	1			QUB	SH_0108	SH_ID	SH_0108	QUB_0003	QUB_63F_0003	63F	1147	117	Bacteria	RS_GCF_009695655.1	d__Bacteria;p__Bacillota;c__Bacilli;o__Erysipelotrichales;f__Coprobacillaceae;g__Sharpea;s__Sharpea porci	97.5							377	DB_00040	Rumen_Gateway	MSc_Ziming	missing_maldi	USED	SH_0108	42	>DYG749	>DYG749_26587494_26587494	02/02/2021	11107239059-1	Tube		19/07/2022	11108032820	F	63F	1147	A1.2 Box4	Dilution_to_extinction	2	BHI	2022	BHI	medium	white centre	NR	Bacillus sonorensis			MASTER_2_FGS	NR	ovine	NR	6908	TMR/High microalgae supplementation	Samples from the slaughter	DYG749_26587494_26587494.ab1	/Users/nicholas/Library/CloudStorage/OneDrive-SharedLibraries-Queen'sUniversityBelfast/RUMEN Gateway QUB-Scientific_Consortium - Documents/03_Partners_sequences/QUB/ab1_files/DYG749_26587494_26587494.ab1	TRUE	PRESENT	323823	2022-07-20T08:49:16	UNAVAILABLE	"PermissionError: [Errno 1] Operation not permitted: ""/Users/nicholas/Library/CloudStorage/OneDrive-SharedLibraries-Queen'sUniversityBelfast/RUMEN Gateway QUB-Scientific_Consortium - Documents/03_Partners_sequences/QUB/ab1_files"""
93	MATCHED_SH_PRIMER_BP	155	sh_id,primer,base_pairs,used_bc	1	1			QUB	SH_0109	SH_ID	SH_0109	QUB_0129	QUB_63F_0129	63F	1151	118	Bacteria	GB_GCA_905197905.1	d__Bacteria;p__Pseudomonadota;c__Gammaproteobacteria;o__Burkholderiales;f__Burkholderiaceae;g__Sutterella;s__Sutterella sp905197905	99.4							378	DB_00292	Rumen_Gateway	MSc_Ziming	missing_maldi	USED	SH_0109	115	>GBF618	>GBF618_40876185_40876185	05/08/2022	11108053228-1	Tube		24/08/2022	11108077821	F	63F	1151	A1.2 Box4	Dilution_to_extinction	2	BHI	2022	BHI	small	cream	NR	SH_109			Routine in vitro ruminal fluid	NR	bovine				Slaughter	GBF618_40876185_40876185.ab1	/Users/nicholas/Library/CloudStorage/OneDrive-SharedLibraries-Queen'sUniversityBelfast/RUMEN Gateway QUB-Scientific_Consortium - Documents/03_Partners_sequences/QUB/ab1_files/GBF618_40876185_40876185.ab1	TRUE	PRESENT	312564	2022-08-24T14:18:44	UNAVAILABLE	"PermissionError: [Errno 1] Operation not permitted: ""/Users/nicholas/Library/CloudStorage/OneDrive-SharedLibraries-Queen'sUniversityBelfast/RUMEN Gateway QUB-Scientific_Consortium - Documents/03_Partners_sequences/QUB/ab1_files"""
94	MATCHED_SH_PRIMER_BP	155	sh_id,primer,base_pairs,used_bc	1	1			QUB	SH_0110	SH_ID	SH_0110	QUB_0019	QUB_63F_0019	63F	1187	119	Bacteria	RS_GCF_011387195.1	d__Bacteria;p__Bacillota;c__Bacilli;o__Lactobacillales;f__Streptococcaceae;g__Streptococcus;s__Streptococcus ruminicola	98.7							379	DB_00058	Rumen_Gateway	MSc_Ziming	missing_maldi	USED	SH_0110	60	>DYG767	>DYG767_26587678_26587678	02/02/2021	11107239059-1	Tube		19/07/2022	11108032820	F	63F	1187	A1.2 Box4	Dilution_to_extinction	2	BHI	2022	BHI	big	white centre	NR	Streptococcus lutetiensis			MASTER_2_FGS	NR	ovine	NR	7064	TMR/Control	Samples from the slaughter	DYG767_26587678_26587678.ab1	/Users/nicholas/Library/CloudStorage/OneDrive-SharedLibraries-Queen'sUniversityBelfast/RUMEN Gateway QUB-Scientific_Consortium - Documents/03_Partners_sequences/QUB/ab1_files/DYG767_26587678_26587678.ab1	TRUE	PRESENT	321638	2022-07-20T08:49:18	UNAVAILABLE	"PermissionError: [Errno 1] Operation not permitted: ""/Users/nicholas/Library/CloudStorage/OneDrive-SharedLibraries-Queen'sUniversityBelfast/RUMEN Gateway QUB-Scientific_Consortium - Documents/03_Partners_sequences/QUB/ab1_files"""
95	MATCHED_SH_PRIMER_BP	155	sh_id,primer,base_pairs,used_bc	2	1		row=381|db=DB_01086|short=IWS768|fasta=IWS768_59987681_59987681|primer=27F|bp=1180|score=105|reasons=sh_id,used_bc	QUB	SH_0111	SH_ID	SH_0111	QUB_0102	QUB_63F_0102	63F	1175	120	Bacteria	GB_GCA_900764415.1	d__Bacteria;p__Actinomycetota;c__Coriobacteriia;o__Coriobacteriales;f__Coriobacteriaceae;g__Collinsella;s__Collinsella sp900764415	99.1				MWL13			380	DB_00260	Rumen_Gateway	MSc_Ziming	missing_maldi	USED	SH_0111	83	>GBF586	>GBF586_40875867_40875867	05/08/2022	11108053228-1	Tube		23/08/2022	11108075893	F	63F	1175	A1.2 Box4	Dilution_to_extinction	2	PC	2022	PC	NR	white centre	NR	Dead			Routine in vitro ruminal fluid	NR	bovine				Slaughter	GBF586_40875867_40875867.ab1	/Users/nicholas/Library/CloudStorage/OneDrive-SharedLibraries-Queen'sUniversityBelfast/RUMEN Gateway QUB-Scientific_Consortium - Documents/03_Partners_sequences/QUB/ab1_files/GBF586_40875867_40875867.ab1	TRUE	PRESENT	324017	2022-08-23T09:32:22	UNAVAILABLE	"PermissionError: [Errno 1] Operation not permitted: ""/Users/nicholas/Library/CloudStorage/OneDrive-SharedLibraries-Queen'sUniversityBelfast/RUMEN Gateway QUB-Scientific_Consortium - Documents/03_Partners_sequences/QUB/ab1_files"""
96	MATCHED_SH_PRIMER_BP	155	sh_id,primer,base_pairs,used_bc	2	1		row=380|db=DB_00260|short=GBF586|fasta=GBF586_40875867_40875867|primer=63F|bp=1175|score=105|reasons=sh_id,used_bc	QUB	SH_0111	SH_ID	SH_0111	QUB_0523	QUB_27F_0523	27F	1180	121	Bacteria	RS_GCF_000026225.1	d__Bacteria;p__Pseudomonadota;c__Gammaproteobacteria;o__Enterobacterales;f__Enterobacteriaceae;g__Escherichia;s__Escherichia fergusonii	98.3							381	DB_01086	Rumen_Gateway	MSc_Ziming	missing_maldi	USED	SH_0111	83	>IWS768	>IWS768_59987681_59987681	19/04/2024	11108875297-1	Tube		08/05/2024	11108899554	F	27F	1180	A1.2 Box4	Dilution_to_extinction	2	PC	2022	PC	NR	white centre	NR	Dead			Routine in vitro ruminal fluid	NR	bovine				Slaughter	IWS768_59987681_59987681.ab1	/Users/nicholas/Library/CloudStorage/OneDrive-SharedLibraries-Queen'sUniversityBelfast/RUMEN Gateway QUB-Scientific_Consortium - Documents/03_Partners_sequences/QUB/ab1_files/IWS768_59987681_59987681.ab1	TRUE	PRESENT	349661	2024-05-08T16:18:08	UNAVAILABLE	"PermissionError: [Errno 1] Operation not permitted: ""/Users/nicholas/Library/CloudStorage/OneDrive-SharedLibraries-Queen'sUniversityBelfast/RUMEN Gateway QUB-Scientific_Consortium - Documents/03_Partners_sequences/QUB/ab1_files"""
97	MATCHED_SH_PRIMER_BP	155	sh_id,primer,base_pairs,used_bc	1	1			QUB	SH_0112	SH_ID	SH_0112	QUB_0004	QUB_63F_0004	63F	1190	122	Bacteria	RS_GCF_029011175.1	d__Bacteria;p__Actinomycetota;c__Actinomycetes;o__Actinomycetales;f__Actinomycetaceae;g__Winkia;s__Winkia anitrata	98.7							385	DB_00041	Rumen_Gateway	MSc_Ziming	missing_maldi	USED	SH_0112	43	>DYG750	>DYG750_26587500_26587500	02/02/2021	11107239059-1	Tube		19/07/2022	11108032820	F	63F	1190	A1.2 Box4	Dilution_to_extinction	2	M2	2022	M2	small	white centre	NR	SH_112			MASTER_2_FGS	NR	ovine	NR	6908	TMR/High microalgae supplementation	Samples from the slaughter	DYG750_26587500_26587500.ab1	/Users/nicholas/Library/CloudStorage/OneDrive-SharedLibraries-Queen'sUniversityBelfast/RUMEN Gateway QUB-Scientific_Consortium - Documents/03_Partners_sequences/QUB/ab1_files/DYG750_26587500_26587500.ab1	TRUE	PRESENT	319379	2022-07-20T08:49:16	UNAVAILABLE	"PermissionError: [Errno 1] Operation not permitted: ""/Users/nicholas/Library/CloudStorage/OneDrive-SharedLibraries-Queen'sUniversityBelfast/RUMEN Gateway QUB-Scientific_Consortium - Documents/03_Partners_sequences/QUB/ab1_files"""
98	MATCHED_SH_PRIMER_BP	155	sh_id,primer,base_pairs,used_bc	1	1			QUB	SH_0113	SH_ID	SH_0113	QUB_0029	QUB_63F_0029	63F	1185	123	Bacteria	RS_GCF_011387195.1	d__Bacteria;p__Bacillota;c__Bacilli;o__Lactobacillales;f__Streptococcaceae;g__Streptococcus;s__Streptococcus ruminicola	99.5							387	DB_00068	Rumen_Gateway	MSc_Ziming	missing_maldi	USED	SH_0113	70	>DYG777	>DYG777_26587777_26587777	02/02/2021	11107239059-1	Tube		19/07/2022	11108032820	F	63F	1185	A1.2 Box4	Dilution_to_extinction	7	M2	2022	M2	pinpoint	grey	NR	SH_113			MASTER_2_FGS	NR	ovine	NR	6973	TMR/High microalgae supplementation	Samples from the slaughter	DYG777_26587777_26587777.ab1	/Users/nicholas/Library/CloudStorage/OneDrive-SharedLibraries-Queen'sUniversityBelfast/RUMEN Gateway QUB-Scientific_Consortium - Documents/03_Partners_sequences/QUB/ab1_files/DYG777_26587777_26587777.ab1	TRUE	PRESENT	331615	2022-07-20T08:49:18	UNAVAILABLE	"PermissionError: [Errno 1] Operation not permitted: ""/Users/nicholas/Library/CloudStorage/OneDrive-SharedLibraries-Queen'sUniversityBelfast/RUMEN Gateway QUB-Scientific_Consortium - Documents/03_Partners_sequences/QUB/ab1_files"""
99	MATCHED_SH_PRIMER_BP	155	sh_id,primer,base_pairs,used_bc	1	1			QUB	SH_0114	SH_ID	SH_0114	QUB_0046	QUB_63F_0046	63F	1196	124	Bacteria	RS_GCF_900178525.1	d__Bacteria;p__Bacteroidota;c__Bacteroidia;o__Bacteroidales;f__Tannerellaceae;g__Massilibacteroides;s__Massilibacteroides vaginae	96.9							388	DB_00087	Rumen_Gateway	MSc_Ziming	missing_maldi	USED	SH_0114	128	>DYG796	>DYG796_26587968_26587968	02/02/2021	11107239059-1	Tube		26/08/2022	11108081181	F	63F	1196	A1.2 Box4	Dilution_to_extinction	2	BHI	2022	BHI	big	white centre	NR	SH_174			Routine in vitro ruminal fluid	NR	bovine				Slaughter	DYG796_26587968_26587968.ab1	/Users/nicholas/Library/CloudStorage/OneDrive-SharedLibraries-Queen'sUniversityBelfast/RUMEN Gateway QUB-Scientific_Consortium - Documents/03_Partners_sequences/QUB/ab1_files/DYG796_26587968_26587968.ab1	TRUE	PRESENT	314466	2022-08-26T16:16:18	UNAVAILABLE	"PermissionError: [Errno 1] Operation not permitted: ""/Users/nicholas/Library/CloudStorage/OneDrive-SharedLibraries-Queen'sUniversityBelfast/RUMEN Gateway QUB-Scientific_Consortium - Documents/03_Partners_sequences/QUB/ab1_files"""
100	MATCHED_SH_PRIMER_BP	155	sh_id,primer,base_pairs,used_bc	1	1			QUB	SH_0115	SH_ID	SH_0115	QUB_0108	QUB_63F_0108	63F	1070	125	Bacteria	RS_GCF_027568575.1	d__Bacteria;p__Bacillota;c__Bacilli;o__Bacillales_B;f__Caldibacillaceae;g__Caldifermentibacillus;s__Caldifermentibacillus hisashii	99.2				MWL13			390	DB_00268	Rumen_Gateway	MSc_Ziming	missing_maldi	USED	SH_0115	91	>GBF594	>GBF594_40875942_40875942	05/08/2022	11108053228-1	Tube		23/08/2022	11108075893	F	63F	1070	A1.2 Box4	Dilution_to_extinction	2	M2	2022	M2	medium	cream	NR	SH_83			Routine in vitro ruminal fluid	NR	bovine				Slaughter	GBF594_40875942_40875942.ab1	/Users/nicholas/Library/CloudStorage/OneDrive-SharedLibraries-Queen'sUniversityBelfast/RUMEN Gateway QUB-Scientific_Consortium - Documents/03_Partners_sequences/QUB/ab1_files/GBF594_40875942_40875942.ab1	TRUE	PRESENT	315173	2022-08-23T09:32:22	UNAVAILABLE	"PermissionError: [Errno 1] Operation not permitted: ""/Users/nicholas/Library/CloudStorage/OneDrive-SharedLibraries-Queen'sUniversityBelfast/RUMEN Gateway QUB-Scientific_Consortium - Documents/03_Partners_sequences/QUB/ab1_files"""
101	MATCHED_SH_PRIMER_BP	155	sh_id,primer,base_pairs,used_bc	1	1			QUB	SH_0116	SH_ID	SH_0116	QUB_0090	QUB_63F_0090	63F	1080	126	Bacteria	RS_GCF_011387195.1	d__Bacteria;p__Bacillota;c__Bacilli;o__Lactobacillales;f__Streptococcaceae;g__Streptococcus;s__Streptococcus ruminicola	99							391	DB_00184	Rumen_Gateway	MSc_Ziming	missing_maldi	USED	SH_0116	130	>ELX891	>ELX891_30138910_30138910	01/07/2021	11107492450-1	Tube		26/08/2022	11108081195	F	63F	1080	A1.2 Box4	Dilution_to_extinction	2	PC	2022	BHI	medium	cream	NR	SH_164			Routine in vitro ruminal fluid	NR	bovine				Slaughter	ELX891_30138910_30138910.ab1	/Users/nicholas/Library/CloudStorage/OneDrive-SharedLibraries-Queen'sUniversityBelfast/RUMEN Gateway QUB-Scientific_Consortium - Documents/03_Partners_sequences/QUB/ab1_files/ELX891_30138910_30138910.ab1	TRUE	PRESENT	314993	2022-08-26T16:16:10	UNAVAILABLE	"PermissionError: [Errno 1] Operation not permitted: ""/Users/nicholas/Library/CloudStorage/OneDrive-SharedLibraries-Queen'sUniversityBelfast/RUMEN Gateway QUB-Scientific_Consortium - Documents/03_Partners_sequences/QUB/ab1_files"""
102	MATCHED_SH_PRIMER_BP	155	sh_id,primer,base_pairs,used_bc	1	1			QUB	SH_0117_M3	SH_ID	SH_0117_M3	QUB_0001	QUB_63F_0001	63F	1132	127	Bacteria	RS_GCF_009695655.1	d__Bacteria;p__Bacillota;c__Bacilli;o__Erysipelotrichales;f__Coprobacillaceae;g__Sharpea;s__Sharpea porci	97.8							393	DB_00031	Rumen_Gateway	BSc_Malorie	missing_maldi	USED	SH_0117_M3	156	>DYG740	>DYG740_26587401_26587401	02/02/2021	11107239059-1	Tube		05/07/2023	11108500391	F	63F	1132	A1.2 Box4	Dilution_to_extinction	2	BHI+RF	2023	BHI+RF	small	brown	NR	SH_117			HoloRuminant	NR	bovine	NR	37234	Conventional	12	DYG740_26587401_26587401.ab1	/Users/nicholas/Library/CloudStorage/OneDrive-SharedLibraries-Queen'sUniversityBelfast/RUMEN Gateway QUB-Scientific_Consortium - Documents/03_Partners_sequences/QUB/ab1_files/DYG740_26587401_26587401.ab1	TRUE	PRESENT	324744	2023-07-05T23:44:06	UNAVAILABLE	"PermissionError: [Errno 1] Operation not permitted: ""/Users/nicholas/Library/CloudStorage/OneDrive-SharedLibraries-Queen'sUniversityBelfast/RUMEN Gateway QUB-Scientific_Consortium - Documents/03_Partners_sequences/QUB/ab1_files"""
103	MATCHED_SH_PRIMER_BP	155	sh_id,primer,base_pairs,used_bc	2	1		row=461|db=DB_00124|short=ELX834|fasta=ELX834_30138347_30138347|primer=1387R|bp=14|score=105|reasons=sh_id,used_bc	QUB	SH_0118	SH_ID	SH_0118	QUB_0065	QUB_63F_0065	63F	1118	128	Bacteria	RS_GCF_011387195.1	d__Bacteria;p__Bacillota;c__Bacilli;o__Lactobacillales;f__Streptococcaceae;g__Streptococcus;s__Streptococcus ruminicola	99.4							394	DB_00123	Rumen_Gateway	BSc_Jnana and Corey	missing_maldi	USED	SH_0118	17	>ELX833	>ELX833_30138330_30138330	01/07/2021	11107492450-1	Tube		02/08/2021	11107538579	F	63F	1118	A1.2 Box4	Dilution_to_extinction	2	PC	2021	PC	pinpoint	white	NR	SH_3			MASTER_1_FGS	NR	ovine	NR	16184	Control/silage/concentrate(50:50)	Samples from the slaughter	ELX833_30138330_30138330.ab1	/Users/nicholas/Library/CloudStorage/OneDrive-SharedLibraries-Queen'sUniversityBelfast/RUMEN Gateway QUB-Scientific_Consortium - Documents/03_Partners_sequences/QUB/ab1_files/ELX833_30138330_30138330.ab1	TRUE	PRESENT	308779	2021-08-02T09:01:24	UNAVAILABLE	"PermissionError: [Errno 1] Operation not permitted: ""/Users/nicholas/Library/CloudStorage/OneDrive-SharedLibraries-Queen'sUniversityBelfast/RUMEN Gateway QUB-Scientific_Consortium - Documents/03_Partners_sequences/QUB/ab1_files"""
104	MATCHED_SH_PRIMER_BP	155	sh_id,primer,base_pairs,used_bc	1	1			QUB	SH_0119	SH_ID	SH_0119	QUB_0117	QUB_63F_0117	63F	1132	129	Bacteria	RS_GCF_011387195.1	d__Bacteria;p__Bacillota;c__Bacilli;o__Lactobacillales;f__Streptococcaceae;g__Streptococcus;s__Streptococcus ruminicola	99.7				MWL13			464	DB_00277	Rumen_Gateway	MSc_Ziming	missing_maldi	USED	SH_0119	100	>GBF603	>GBF603_40876031_40876031	05/08/2022	11108053228-1	Tube		24/08/2022	11108077821	F	63F	1132	A1.2 Box4	Dilution_to_extinction	2	BHI	2022	BHI	pinpoint	grey	NR	Escherichia coli			Routine in vitro ruminal fluid	NR	bovine				Slaughter	GBF603_40876031_40876031.ab1	/Users/nicholas/Library/CloudStorage/OneDrive-SharedLibraries-Queen'sUniversityBelfast/RUMEN Gateway QUB-Scientific_Consortium - Documents/03_Partners_sequences/QUB/ab1_files/GBF603_40876031_40876031.ab1	TRUE	PRESENT	322583	2022-08-24T14:18:42	UNAVAILABLE	"PermissionError: [Errno 1] Operation not permitted: ""/Users/nicholas/Library/CloudStorage/OneDrive-SharedLibraries-Queen'sUniversityBelfast/RUMEN Gateway QUB-Scientific_Consortium - Documents/03_Partners_sequences/QUB/ab1_files"""
105	MATCHED_SH_PRIMER_BP	155	sh_id,primer,base_pairs,used_bc	1	1			QUB	SH_0120_M22	SH_ID	SH_0120_M22	QUB_0166	QUB_63F_0166	63F	1174	130	Bacteria	RS_GCF_009696445.1	d__Bacteria;p__Bacillota;c__Clostridia;o__Lachnospirales;f__Lachnospiraceae;g__Porcincola;s__Porcincola intestinalis	99.6							465	DB_00491	Rumen_Gateway	BSc_Malorie	Dead	USED	SH_0120_M22	175	>GLE328	>GLE328_43463283_43463283	31/10/2022	11108143158-1	Tube		05/07/2023	11108500492	F	63F	1174	Dead	Dilution_to_extinction	2	BHI+RF	2023	BHI+RF	pinpoint	grey	NR	Dead			HoloRuminant	NR	bovine	NR	37363	Intensive	12	GLE328_43463283_43463283.ab1	/Users/nicholas/Library/CloudStorage/OneDrive-SharedLibraries-Queen'sUniversityBelfast/RUMEN Gateway QUB-Scientific_Consortium - Documents/03_Partners_sequences/QUB/ab1_files/GLE328_43463283_43463283.ab1	TRUE	PRESENT	323909	2023-07-06T03:10:22	UNAVAILABLE	"PermissionError: [Errno 1] Operation not permitted: ""/Users/nicholas/Library/CloudStorage/OneDrive-SharedLibraries-Queen'sUniversityBelfast/RUMEN Gateway QUB-Scientific_Consortium - Documents/03_Partners_sequences/QUB/ab1_files"""
106	MATCHED_SH_PRIMER_BP	155	sh_id,primer,base_pairs,used_bc	1	1			QUB	SH_0121	SH_ID	SH_0121	QUB_0125	QUB_63F_0125	63F	1144	131	Bacteria	RS_GCF_000011645.1	d__Bacteria;p__Bacillota;c__Bacilli;o__Bacillales;f__Bacillaceae;g__Bacillus;s__Bacillus licheniformis	98.6							466	DB_00288	Rumen_Gateway	MSc_Ziming	missing_maldi	USED	SH_0121	111	>GBF614	>GBF614_40876147_40876147	05/08/2022	11108053228-1	Tube		24/08/2022	11108077821	F	63F	1144	A1.3 Box1	Dilution_to_extinction	2	BHI	2022	BHI	NR	cream	NR	SH_121			Routine in vitro ruminal fluid	NR	bovine				Slaughter	GBF614_40876147_40876147.ab1	/Users/nicholas/Library/CloudStorage/OneDrive-SharedLibraries-Queen'sUniversityBelfast/RUMEN Gateway QUB-Scientific_Consortium - Documents/03_Partners_sequences/QUB/ab1_files/GBF614_40876147_40876147.ab1	TRUE	PRESENT	316501	2022-08-24T14:18:44	UNAVAILABLE	"PermissionError: [Errno 1] Operation not permitted: ""/Users/nicholas/Library/CloudStorage/OneDrive-SharedLibraries-Queen'sUniversityBelfast/RUMEN Gateway QUB-Scientific_Consortium - Documents/03_Partners_sequences/QUB/ab1_files"""
107	MATCHED_SH_PRIMER_BP	155	sh_id,primer,base_pairs,used_bc	1	1			QUB	SH_0122	SH_ID	SH_0122	QUB_0035	QUB_63F_0035	63F	1176	132	Bacteria	RS_GCF_018916875.1	d__Bacteria;p__Bacillota;c__Bacilli;o__Bacillales_D;f__Amphibacillaceae;g__Virgibacillus;s__Virgibacillus proomii_B	99.2							467	DB_00074	Rumen_Gateway	MSc_Ziming	missing_maldi	USED	SH_0122	76	>DYG783	>DYG783_26587838_26587838	02/02/2021	11107239059-1	Tube		19/07/2022	11108032820	F	63F	1176	A1.3 Box1	Dilution_to_extinction	7	PC	2022	PC	medium	grey	NR	SH_90			MASTER_2_FGS	NR	ovine	NR	6908	TMR/High microalgae supplementation	Samples from the slaughter	DYG783_26587838_26587838.ab1	/Users/nicholas/Library/CloudStorage/OneDrive-SharedLibraries-Queen'sUniversityBelfast/RUMEN Gateway QUB-Scientific_Consortium - Documents/03_Partners_sequences/QUB/ab1_files/DYG783_26587838_26587838.ab1	TRUE	PRESENT	322354	2022-07-20T08:49:18	UNAVAILABLE	"PermissionError: [Errno 1] Operation not permitted: ""/Users/nicholas/Library/CloudStorage/OneDrive-SharedLibraries-Queen'sUniversityBelfast/RUMEN Gateway QUB-Scientific_Consortium - Documents/03_Partners_sequences/QUB/ab1_files"""
108	MATCHED_SH_PRIMER_BP	150	sh_id,primer,base_pairs	2	1		row=469|db=DB_00633|short=IPO328|fasta=IPO328_58123288_58123288|primer=27F|bp=1216|score=105|reasons=sh_id,used_bc	QUB	SH_0123	SH_ID	SH_0123	QUB_0079	QUB_63F_0079	63F	1192	133	Bacteria	RS_GCF_000011645.1	d__Bacteria;p__Bacillota;c__Bacilli;o__Bacillales;f__Bacillaceae;g__Bacillus;s__Bacillus licheniformis	99.1							468	DB_00156	Rumen_Gateway	BSc_Malorie	missing_raw_files	UNK	SH_0123	164	>ELX863	>ELX863_30138637_30138637	01/07/2021	11107492450-1	Tube		05/07/2023	11108500399	F	63F	1192	A1.3 Box1	Dilution_to_extinction	2	BHI+RF	2023	BHI+RF	big	brown with transparent edges and grey centre	NR	SH_105			HoloRuminant	NR	bovine	NR	37186	Intensive	12	ELX863_30138637_30138637.ab1	/Users/nicholas/Library/CloudStorage/OneDrive-SharedLibraries-Queen'sUniversityBelfast/RUMEN Gateway QUB-Scientific_Consortium - Documents/03_Partners_sequences/QUB/ab1_files/ELX863_30138637_30138637.ab1	TRUE	PRESENT	327765	2023-07-06T03:06:18	UNAVAILABLE	"PermissionError: [Errno 1] Operation not permitted: ""/Users/nicholas/Library/CloudStorage/OneDrive-SharedLibraries-Queen'sUniversityBelfast/RUMEN Gateway QUB-Scientific_Consortium - Documents/03_Partners_sequences/QUB/ab1_files"""
109	MATCHED_SH_PRIMER_BP	155	sh_id,primer,base_pairs,used_bc	2	1		row=468|db=DB_00156|short=ELX863|fasta=ELX863_30138637_30138637|primer=63F|bp=1192|score=100|reasons=sh_id	QUB	SH_0123	SH_ID	SH_0123	QUB_0178	QUB_27F_0178	27F	1216	134	Bacteria	RS_GCF_011387195.1	d__Bacteria;p__Bacillota;c__Bacilli;o__Lactobacillales;f__Streptococcaceae;g__Streptococcus;s__Streptococcus ruminicola	99.6							469	DB_00633	Rumen_Gateway	BSc_Malorie	missing_maldi	USED	SH_0123	164	>IPO328	>IPO328_58123288_58123288	03/01/2024	11108725344-1	Tube		02/04/2024	11108849829	F	27F	1216	A1.3 Box1	Dilution_to_extinction	2	BHI+RF	2023	BHI+RF	big	brown with transparent edges and grey centre	NR	SH_105			HoloRuminant	NR	bovine	NR	37186	Intensive	12	IPO328_58123288_58123288.ab1	/Users/nicholas/Library/CloudStorage/OneDrive-SharedLibraries-Queen'sUniversityBelfast/RUMEN Gateway QUB-Scientific_Consortium - Documents/03_Partners_sequences/QUB/ab1_files/IPO328_58123288_58123288.ab1	TRUE	PRESENT	325331	2024-04-03T02:56:24	UNAVAILABLE	"PermissionError: [Errno 1] Operation not permitted: ""/Users/nicholas/Library/CloudStorage/OneDrive-SharedLibraries-Queen'sUniversityBelfast/RUMEN Gateway QUB-Scientific_Consortium - Documents/03_Partners_sequences/QUB/ab1_files"""
110	MATCHED_SH_PRIMER_BP	155	sh_id,primer,base_pairs,used_bc	1	1			QUB	SH_0123_M11	SH_ID	SH_0123_M11	QUB_0536	QUB_27F_0536	27F	1217	135	Bacteria	RS_GCF_000011645.1	d__Bacteria;p__Bacillota;c__Bacilli;o__Bacillales;f__Bacillaceae;g__Bacillus;s__Bacillus licheniformis	98.9							470	DB_01100	Rumen_Gateway	BSc_Malorie	missing_maldi	USED	SH_0123_M11	164	>IWS782	>IWS782_59987827_59987827	19/04/2024	11108875297-1	Tube		16/08/2024	11109030325	F	27F	1217	A1.3 Box1	Dilution_to_extinction	2	BHI+RF	2023	BHI+RF	NR	NR	NR	SH_105			HoloRuminant	NR	bovine	NR	37186	Intensive	12	IWS782_59987827_59987827.ab1	/Users/nicholas/Library/CloudStorage/OneDrive-SharedLibraries-Queen'sUniversityBelfast/RUMEN Gateway QUB-Scientific_Consortium - Documents/03_Partners_sequences/QUB/ab1_files/IWS782_59987827_59987827.ab1	TRUE	PRESENT	332516	2024-08-16T13:52:14	UNAVAILABLE	"PermissionError: [Errno 1] Operation not permitted: ""/Users/nicholas/Library/CloudStorage/OneDrive-SharedLibraries-Queen'sUniversityBelfast/RUMEN Gateway QUB-Scientific_Consortium - Documents/03_Partners_sequences/QUB/ab1_files"""
111	MATCHED_SH_PRIMER_BP	155	sh_id,primer,base_pairs,used_bc	1	1			QUB	SH_0124	SH_ID	SH_0124	QUB_0011	QUB_63F_0011	63F	1181	136	Bacteria	RS_GCF_011387195.1	d__Bacteria;p__Bacillota;c__Bacilli;o__Lactobacillales;f__Streptococcaceae;g__Streptococcus;s__Streptococcus ruminicola	99.2							471	DB_00048	Rumen_Gateway	MSc_Ziming	missing_maldi	USED	SH_0124	50	>DYG757	>DYG757_26587579_26587579	02/02/2021	11107239059-1	Tube		19/07/2022	11108032820	F	63F	1181	A1.3 Box1	Dilution_to_extinction	2	M2	2022	M2	medium	cream	NR	SH_124			MASTER_2_FGS	NR	ovine	NR	7064	TMR/Control	Samples from the slaughter	DYG757_26587579_26587579.ab1	/Users/nicholas/Library/CloudStorage/OneDrive-SharedLibraries-Queen'sUniversityBelfast/RUMEN Gateway QUB-Scientific_Consortium - Documents/03_Partners_sequences/QUB/ab1_files/DYG757_26587579_26587579.ab1	TRUE	PRESENT	329825	2022-07-20T08:49:16	UNAVAILABLE	"PermissionError: [Errno 1] Operation not permitted: ""/Users/nicholas/Library/CloudStorage/OneDrive-SharedLibraries-Queen'sUniversityBelfast/RUMEN Gateway QUB-Scientific_Consortium - Documents/03_Partners_sequences/QUB/ab1_files"""
112	MATCHED_SH_PRIMER_BP	155	sh_id,primer,base_pairs,used_bc	1	1			QUB	SH_0125	SH_ID	SH_0125	QUB_0045	QUB_63F_0045	63F	1191	137	Bacteria	RS_GCF_001592005.1	d__Bacteria;p__Bacillota;c__Bacilli;o__Bacillales;f__Bacillaceae;g__Bacillus;s__Bacillus sonorensis	99.1							472	DB_00086	Rumen_Gateway	MSc_Ziming	missing_maldi	USED	SH_0125	127	>DYG795	>DYG795_26587951_26587951	02/02/2021	11107239059-1	Tube		26/08/2022	11108081181	F	63F	1191	A1.3 Box1	Dilution_to_extinction	2	BHI	2022	M2	medium	white centre	NR	SH_174			Routine in vitro ruminal fluid	NR	bovine				Slaughter	DYG795_26587951_26587951.ab1	/Users/nicholas/Library/CloudStorage/OneDrive-SharedLibraries-Queen'sUniversityBelfast/RUMEN Gateway QUB-Scientific_Consortium - Documents/03_Partners_sequences/QUB/ab1_files/DYG795_26587951_26587951.ab1	TRUE	PRESENT	326527	2022-08-26T16:16:18	UNAVAILABLE	"PermissionError: [Errno 1] Operation not permitted: ""/Users/nicholas/Library/CloudStorage/OneDrive-SharedLibraries-Queen'sUniversityBelfast/RUMEN Gateway QUB-Scientific_Consortium - Documents/03_Partners_sequences/QUB/ab1_files"""
113	MATCHED_SH_PRIMER_BP	155	sh_id,primer,base_pairs,used_bc	1	1			QUB	SH_0126	SH_ID	SH_0126	QUB_0100	QUB_63F_0100	63F	1120	138	Bacteria	GB_GCA_004555055.1	d__Bacteria;p__Bacteroidota;c__Bacteroidia;o__Bacteroidales;f__Bacteroidaceae;g__Alloprevotella;s__Alloprevotella sp004555055	99.4				MWL13			473	DB_00258	Rumen_Gateway	MSc_Ziming	missing_maldi	USED	SH_0126	81	>GBF584	>GBF584_40875843_40875843	05/08/2022	11108053228-1	Tube		23/08/2022	11108075893	F	63F	1120	A1.3 Box1	Dilution_to_extinction	2	BHI	2022	BHI	big	white centre	NR	Escherichia coli			Routine in vitro ruminal fluid	NR	bovine				Slaughter	GBF584_40875843_40875843.ab1	/Users/nicholas/Library/CloudStorage/OneDrive-SharedLibraries-Queen'sUniversityBelfast/RUMEN Gateway QUB-Scientific_Consortium - Documents/03_Partners_sequences/QUB/ab1_files/GBF584_40875843_40875843.ab1	TRUE	PRESENT	324181	2022-08-23T09:32:22	UNAVAILABLE	"PermissionError: [Errno 1] Operation not permitted: ""/Users/nicholas/Library/CloudStorage/OneDrive-SharedLibraries-Queen'sUniversityBelfast/RUMEN Gateway QUB-Scientific_Consortium - Documents/03_Partners_sequences/QUB/ab1_files"""
114	MATCHED_SH_PRIMER_BP	155	sh_id,primer,base_pairs,used_bc	3	1		row=475|db=DB_00638|short=IPO333|fasta=IPO333_58123332_58123332|primer=27F|bp=1205|score=105|reasons=sh_id,used_bc; row=476|db=DB_01177|short=IWS859|fasta=IWS859_59988596_59988596|primer=27F|bp=1161|score=105|reasons=sh_id,used_bc	QUB	SH_0127	SH_ID	SH_0127	QUB_0106	QUB_63F_0106	63F	1105	139	Bacteria	GB_GCA_004555055.1	d__Bacteria;p__Bacteroidota;c__Bacteroidia;o__Bacteroidales;f__Bacteroidaceae;g__Alloprevotella;s__Alloprevotella sp004555055	99.2							474	DB_00266	Rumen_Gateway	MSc_Ziming	missing_maldi	USED	SH_0127	89	>GBF592	>GBF592_40875928_40875928	05/08/2022	11108053228-1	Tube		23/08/2022	11108075893	F	63F	1105	A1.3 Box1	Dilution_to_extinction	2	PC	2022	PC	pinpoint	white	NR				Routine in vitro ruminal fluid	NR	bovine				Slaughter	GBF592_40875928_40875928.ab1	/Users/nicholas/Library/CloudStorage/OneDrive-SharedLibraries-Queen'sUniversityBelfast/RUMEN Gateway QUB-Scientific_Consortium - Documents/03_Partners_sequences/QUB/ab1_files/GBF592_40875928_40875928.ab1	TRUE	PRESENT	327639	2022-08-23T09:32:22	UNAVAILABLE	"PermissionError: [Errno 1] Operation not permitted: ""/Users/nicholas/Library/CloudStorage/OneDrive-SharedLibraries-Queen'sUniversityBelfast/RUMEN Gateway QUB-Scientific_Consortium - Documents/03_Partners_sequences/QUB/ab1_files"""
115	MATCHED_SH_PRIMER_BP	155	sh_id,primer,base_pairs,used_bc	3	1		row=476|db=DB_01177|short=IWS859|fasta=IWS859_59988596_59988596|primer=27F|bp=1161|score=130|reasons=sh_id,primer,used_bc; row=474|db=DB_00266|short=GBF592|fasta=GBF592_40875928_40875928|primer=63F|bp=1105|score=105|reasons=sh_id,used_bc	QUB	SH_0127	SH_ID	SH_0127	QUB_0182	QUB_27F_0182	27F	1205	140	Bacteria	RS_GCF_000026225.1	d__Bacteria;p__Pseudomonadota;c__Gammaproteobacteria;o__Enterobacterales;f__Enterobacteriaceae;g__Escherichia;s__Escherichia fergusonii	99.1							475	DB_00638	Rumen_Gateway	MSc_Ziming	missing_maldi	USED	SH_0127	89	>IPO333	>IPO333_58123332_58123332	03/01/2024	11108725344-1	Tube		02/04/2024	11108849829	F	27F	1205	A1.3 Box1	Dilution_to_extinction	2	PC	2022	PC	pinpoint	white	NR				Routine in vitro ruminal fluid	NR	bovine				Slaughter	IPO333_58123332_58123332.ab1	/Users/nicholas/Library/CloudStorage/OneDrive-SharedLibraries-Queen'sUniversityBelfast/RUMEN Gateway QUB-Scientific_Consortium - Documents/03_Partners_sequences/QUB/ab1_files/IPO333_58123332_58123332.ab1	TRUE	PRESENT	324792	2024-04-03T02:56:24	UNAVAILABLE	"PermissionError: [Errno 1] Operation not permitted: ""/Users/nicholas/Library/CloudStorage/OneDrive-SharedLibraries-Queen'sUniversityBelfast/RUMEN Gateway QUB-Scientific_Consortium - Documents/03_Partners_sequences/QUB/ab1_files"""
116	MATCHED_SH_PRIMER_BP	155	sh_id,primer,base_pairs,used_bc	3	1		row=475|db=DB_00638|short=IPO333|fasta=IPO333_58123332_58123332|primer=27F|bp=1205|score=130|reasons=sh_id,primer,used_bc; row=474|db=DB_00266|short=GBF592|fasta=GBF592_40875928_40875928|primer=63F|bp=1105|score=105|reasons=sh_id,used_bc	QUB	SH_0127	SH_ID	SH_0127	QUB_0596	QUB_27F_0596	27F	1161	141	Bacteria	RS_GCF_012922555.1	d__Bacteria;p__Bacillota;c__Clostridia;o__Peptostreptococcales;f__Peptostreptococcaceae;g__Paraclostridium;s__Paraclostridium dentum	99.1							476	DB_01177	Rumen_Gateway	MSc_Ziming	mismatching_info	USED	SH_0127	89	>IWS859	>IWS859_59988596_59988596	19/04/2024	11108875297-1	Tube		05/07/2024	11108977476	F	27F	1161	A1.3 Box1	Dilution_to_extinction	2	PC	2022	PC	pinpoint	white	NR				Routine in vitro ruminal fluid	NR	bovine				Slaughter	IWS859_59988596_59988596.ab1	/Users/nicholas/Library/CloudStorage/OneDrive-SharedLibraries-Queen'sUniversityBelfast/RUMEN Gateway QUB-Scientific_Consortium - Documents/03_Partners_sequences/QUB/ab1_files/IWS859_59988596_59988596.ab1	TRUE	PRESENT	328638	2024-07-05T13:34:14	UNAVAILABLE	"PermissionError: [Errno 1] Operation not permitted: ""/Users/nicholas/Library/CloudStorage/OneDrive-SharedLibraries-Queen'sUniversityBelfast/RUMEN Gateway QUB-Scientific_Consortium - Documents/03_Partners_sequences/QUB/ab1_files"""
117	MATCHED_SH_PRIMER_BP	155	sh_id,primer,base_pairs,used_bc	1	1			QUB	SH_0128	SH_ID	SH_0128	QUB_0109	QUB_63F_0109	63F	1121	142	Bacteria	GB_GCA_004555055.1	d__Bacteria;p__Bacteroidota;c__Bacteroidia;o__Bacteroidales;f__Bacteroidaceae;g__Alloprevotella;s__Alloprevotella sp004555055	99				MWL13			477	DB_00269	Rumen_Gateway	MSc_Ziming	missing_maldi	USED	SH_0128	92	>GBF595	>GBF595_40875959_40875959	05/08/2022	11108053228-1	Tube		23/08/2022	11108075893	F	63F	1121	A1.3 Box1	Dilution_to_extinction	2	M2	2022	M2	big	cream	NR	SH_90			Routine in vitro ruminal fluid	NR	bovine				Slaughter	GBF595_40875959_40875959.ab1	/Users/nicholas/Library/CloudStorage/OneDrive-SharedLibraries-Queen'sUniversityBelfast/RUMEN Gateway QUB-Scientific_Consortium - Documents/03_Partners_sequences/QUB/ab1_files/GBF595_40875959_40875959.ab1	TRUE	PRESENT	311430	2022-08-23T09:32:22	UNAVAILABLE	"PermissionError: [Errno 1] Operation not permitted: ""/Users/nicholas/Library/CloudStorage/OneDrive-SharedLibraries-Queen'sUniversityBelfast/RUMEN Gateway QUB-Scientific_Consortium - Documents/03_Partners_sequences/QUB/ab1_files"""
118	MATCHED_SH_PRIMER_BP	155	sh_id,primer,base_pairs,used_bc	2	1		row=479|db=DB_01087|short=IWS769|fasta=IWS769_59987698_59987698|primer=27F|bp=1047|score=105|reasons=sh_id,used_bc	QUB	SH_0129	SH_ID	SH_0129	QUB_0107	QUB_63F_0107	63F	1139	143	Bacteria	GB_GCA_004555055.1	d__Bacteria;p__Bacteroidota;c__Bacteroidia;o__Bacteroidales;f__Bacteroidaceae;g__Alloprevotella;s__Alloprevotella sp004555055	99.5				MWL13			478	DB_00267	Rumen_Gateway	MSc_Ziming	missing_maldi	USED	SH_0129	90	>GBF593	>GBF593_40875935_40875935	05/08/2022	11108053228-1	Tube		23/08/2022	11108075893	F	63F	1139	A1.3 Box1	Dilution_to_extinction	2	PC	2022	PC	pinpoint	grey	NR	Dead			Routine in vitro ruminal fluid	NR	bovine				Slaughter	GBF593_40875935_40875935.ab1	/Users/nicholas/Library/CloudStorage/OneDrive-SharedLibraries-Queen'sUniversityBelfast/RUMEN Gateway QUB-Scientific_Consortium - Documents/03_Partners_sequences/QUB/ab1_files/GBF593_40875935_40875935.ab1	TRUE	PRESENT	323231	2022-08-23T09:32:22	UNAVAILABLE	"PermissionError: [Errno 1] Operation not permitted: ""/Users/nicholas/Library/CloudStorage/OneDrive-SharedLibraries-Queen'sUniversityBelfast/RUMEN Gateway QUB-Scientific_Consortium - Documents/03_Partners_sequences/QUB/ab1_files"""
119	MATCHED_SH_PRIMER_BP	155	sh_id,primer,base_pairs,used_bc	2	1		row=478|db=DB_00267|short=GBF593|fasta=GBF593_40875935_40875935|primer=63F|bp=1139|score=105|reasons=sh_id,used_bc	QUB	SH_0129	SH_ID	SH_0129	QUB_0524	QUB_27F_0524	27F	1047	144	Bacteria	RS_GCF_000026225.1	d__Bacteria;p__Pseudomonadota;c__Gammaproteobacteria;o__Enterobacterales;f__Enterobacteriaceae;g__Escherichia;s__Escherichia fergusonii	99.5				MWL13			479	DB_01087	Rumen_Gateway	MSc_Ziming	missing_maldi	USED	SH_0129	90	>IWS769	>IWS769_59987698_59987698	19/04/2024	11108875297-1	Tube		08/05/2024	11108899554	F	27F	1047	A1.3 Box1	Dilution_to_extinction	2	PC	2022	PC	pinpoint	grey	NR	Dead			Routine in vitro ruminal fluid	NR	bovine				Slaughter	IWS769_59987698_59987698.ab1	/Users/nicholas/Library/CloudStorage/OneDrive-SharedLibraries-Queen'sUniversityBelfast/RUMEN Gateway QUB-Scientific_Consortium - Documents/03_Partners_sequences/QUB/ab1_files/IWS769_59987698_59987698.ab1	TRUE	PRESENT	339243	2024-05-08T16:18:08	UNAVAILABLE	"PermissionError: [Errno 1] Operation not permitted: ""/Users/nicholas/Library/CloudStorage/OneDrive-SharedLibraries-Queen'sUniversityBelfast/RUMEN Gateway QUB-Scientific_Consortium - Documents/03_Partners_sequences/QUB/ab1_files"""
120	MATCHED_SH_PRIMER_BP	155	sh_id,primer,base_pairs,used_bc	2	1		row=484|db=DB_01030|short=IVY969|fasta=IVY969_59789698_59789698|primer=27F|bp=1180|score=130|reasons=sh_id,primer,used_bc	QUB	SH_0129.2	SH_ID	SH_0129.2	QUB_0181	QUB_27F_0181	27F	1129	145	Bacteria	RS_GCF_000741295.1	d__Bacteria;p__Actinomycetota;c__Actinomycetes;o__Actinomycetales;f__Bifidobacteriaceae;g__Bifidobacterium;s__Bifidobacterium globosum	99.4							483	DB_00637	Rumen_Gateway	MSc_Ziming	missing_maldi	USED	SH_0129.2	90	>IPO332	>IPO332_58123325_58123325	03/01/2024	11108725344-1	Tube		02/04/2024	11108849829	F	27F	1129	A1.3 Box1	Dilution_to_extinction	2	PC	2022	PC	pinpoint	grey	NR	SH_80			Routine in vitro ruminal fluid	NR	bovine				Slaughter	IPO332_58123325_58123325.ab1	/Users/nicholas/Library/CloudStorage/OneDrive-SharedLibraries-Queen'sUniversityBelfast/RUMEN Gateway QUB-Scientific_Consortium - Documents/03_Partners_sequences/QUB/ab1_files/IPO332_58123325_58123325.ab1	TRUE	PRESENT	325129	2024-04-03T02:56:24	UNAVAILABLE	"PermissionError: [Errno 1] Operation not permitted: ""/Users/nicholas/Library/CloudStorage/OneDrive-SharedLibraries-Queen'sUniversityBelfast/RUMEN Gateway QUB-Scientific_Consortium - Documents/03_Partners_sequences/QUB/ab1_files"""
121	MATCHED_SH_PRIMER_BP	155	sh_id,primer,base_pairs,used_bc	2	1		row=483|db=DB_00637|short=IPO332|fasta=IPO332_58123325_58123325|primer=27F|bp=1129|score=130|reasons=sh_id,primer,used_bc	QUB	SH_0129.2	SH_ID	SH_0129.2	QUB_0498	QUB_27F_0498	27F	1180	146	Bacteria	RS_GCF_001297065.1	d__Bacteria;p__Bacillota;c__Bacilli;o__Lactobacillales;f__Enterococcaceae;g__Enterococcus_D;s__Enterococcus_D sp001297065	99.2							484	DB_01030	Rumen_Gateway	MSc_Ziming	missing_maldi	USED	SH_0129.2	90	>IVY969	>IVY969_59789698_59789698	08/04/2024	11108856911-1	Tube		15/04/2024	11108867296	F	27F	1180	A1.3 Box1	Dilution_to_extinction	2	PC	2022	PC	pinpoint	grey	NR	SH_80			Routine in vitro ruminal fluid	NR	bovine				Slaughter	IVY969_59789698_59789698.ab1	/Users/nicholas/Library/CloudStorage/OneDrive-SharedLibraries-Queen'sUniversityBelfast/RUMEN Gateway QUB-Scientific_Consortium - Documents/03_Partners_sequences/QUB/ab1_files/IVY969_59789698_59789698.ab1	TRUE	PRESENT	331433	2024-04-16T01:10:12	UNAVAILABLE	"PermissionError: [Errno 1] Operation not permitted: ""/Users/nicholas/Library/CloudStorage/OneDrive-SharedLibraries-Queen'sUniversityBelfast/RUMEN Gateway QUB-Scientific_Consortium - Documents/03_Partners_sequences/QUB/ab1_files"""
122	MATCHED_SH_PRIMER_BP	155	sh_id,primer,base_pairs,used_bc	2	1		row=486|db=DB_01088|short=IWS770|fasta=IWS770_59987704_59987704|primer=27F|bp=1186|score=105|reasons=sh_id,used_bc	QUB	SH_0130	SH_ID	SH_0130	QUB_0119	QUB_63F_0119	63F	1126	147	Bacteria	RS_GCF_011387195.1	d__Bacteria;p__Bacillota;c__Bacilli;o__Lactobacillales;f__Streptococcaceae;g__Streptococcus;s__Streptococcus ruminicola	99.5							485	DB_00279	Rumen_Gateway	MSc_Ziming	missing_maldi	USED	SH_0130	102	>GBF605	>GBF605_40876055_40876055	05/08/2022	11108053228-1	Tube		24/08/2022	11108077821	F	63F	1126	A1.3 Box1	Dilution_to_extinction	2	BHI	2022	BHI	big	white centre	NR	SH_130			Routine in vitro ruminal fluid	NR	bovine				Slaughter	GBF605_40876055_40876055.ab1	/Users/nicholas/Library/CloudStorage/OneDrive-SharedLibraries-Queen'sUniversityBelfast/RUMEN Gateway QUB-Scientific_Consortium - Documents/03_Partners_sequences/QUB/ab1_files/GBF605_40876055_40876055.ab1	TRUE	PRESENT	319031	2022-08-24T14:18:42	UNAVAILABLE	"PermissionError: [Errno 1] Operation not permitted: ""/Users/nicholas/Library/CloudStorage/OneDrive-SharedLibraries-Queen'sUniversityBelfast/RUMEN Gateway QUB-Scientific_Consortium - Documents/03_Partners_sequences/QUB/ab1_files"""
123	MATCHED_SH_PRIMER_BP	155	sh_id,primer,base_pairs,used_bc	2	1		row=485|db=DB_00279|short=GBF605|fasta=GBF605_40876055_40876055|primer=63F|bp=1126|score=105|reasons=sh_id,used_bc	QUB	SH_0130	SH_ID	SH_0130	QUB_0525	QUB_27F_0525	27F	1186	148	Bacteria	RS_GCF_011387195.1	d__Bacteria;p__Bacillota;c__Bacilli;o__Lactobacillales;f__Streptococcaceae;g__Streptococcus;s__Streptococcus ruminicola	99.4							486	DB_01088	Rumen_Gateway	MSc_Ziming	missing_maldi	USED	SH_0130	102	>IWS770	>IWS770_59987704_59987704	19/04/2024	11108875297-1	Tube		08/05/2024	11108899554	F	27F	1186	A1.3 Box1	Dilution_to_extinction	2	BHI	2022	BHI	big	white centre	NR	SH_130			Routine in vitro ruminal fluid	NR	bovine				Slaughter	IWS770_59987704_59987704.ab1	/Users/nicholas/Library/CloudStorage/OneDrive-SharedLibraries-Queen'sUniversityBelfast/RUMEN Gateway QUB-Scientific_Consortium - Documents/03_Partners_sequences/QUB/ab1_files/IWS770_59987704_59987704.ab1	TRUE	PRESENT	350852	2024-05-08T16:18:08	UNAVAILABLE	"PermissionError: [Errno 1] Operation not permitted: ""/Users/nicholas/Library/CloudStorage/OneDrive-SharedLibraries-Queen'sUniversityBelfast/RUMEN Gateway QUB-Scientific_Consortium - Documents/03_Partners_sequences/QUB/ab1_files"""
124	MATCHED_SH_PRIMER_BP	155	sh_id,primer,base_pairs,used_bc	1	1			QUB	SH_0131	SH_ID	SH_0131	QUB_0120	QUB_63F_0120	63F	1133	149	Bacteria	RS_GCF_000011645.1	d__Bacteria;p__Bacillota;c__Bacilli;o__Bacillales;f__Bacillaceae;g__Bacillus;s__Bacillus licheniformis	99.1							487	DB_00280	Rumen_Gateway	MSc_Ziming	missing_maldi	USED	SH_0131	103	>GBF606	>GBF606_40876062_40876062	05/08/2022	11108053228-1	Tube		24/08/2022	11108077821	F	63F	1133	A1.3 Box1	Dilution_to_extinction	2	PC	2022	BHI	medium	cream	NR	SH_164			Routine in vitro ruminal fluid	NR	bovine				Slaughter	GBF606_40876062_40876062.ab1	/Users/nicholas/Library/CloudStorage/OneDrive-SharedLibraries-Queen'sUniversityBelfast/RUMEN Gateway QUB-Scientific_Consortium - Documents/03_Partners_sequences/QUB/ab1_files/GBF606_40876062_40876062.ab1	TRUE	PRESENT	320419	2022-08-24T14:18:42	UNAVAILABLE	"PermissionError: [Errno 1] Operation not permitted: ""/Users/nicholas/Library/CloudStorage/OneDrive-SharedLibraries-Queen'sUniversityBelfast/RUMEN Gateway QUB-Scientific_Consortium - Documents/03_Partners_sequences/QUB/ab1_files"""
125	MATCHED_SH_PRIMER_BP	155	sh_id,primer,base_pairs,used_bc	1	1			QUB	SH_0132_M6	SH_ID	SH_0132_M6	QUB_0096	QUB_63F_0096	63F	1146	150	Bacteria	GB_GCA_004555055.1	d__Bacteria;p__Bacteroidota;c__Bacteroidia;o__Bacteroidales;f__Bacteroidaceae;g__Alloprevotella;s__Alloprevotella sp004555055	99.2							488	DB_00193	Rumen_Gateway	BSc_Malorie	missing_maldi	USED	SH_0132_M6	159	>ELX900	>ELX900_30139009_30139009	01/07/2021	11107492450-1	Tube		05/07/2023	11108500399	F	63F	1146	A1.3 Box1	Dilution_to_extinction	2	BHI+RF	2023	BHI+RF	small	shinny cream	NR	SH_132			HoloRuminant	NR	bovine	NR	37245	Conventional	12	ELX900_30139009_30139009.ab1	/Users/nicholas/Library/CloudStorage/OneDrive-SharedLibraries-Queen'sUniversityBelfast/RUMEN Gateway QUB-Scientific_Consortium - Documents/03_Partners_sequences/QUB/ab1_files/ELX900_30139009_30139009.ab1	TRUE	PRESENT	326638	2023-07-06T03:06:18	UNAVAILABLE	"PermissionError: [Errno 1] Operation not permitted: ""/Users/nicholas/Library/CloudStorage/OneDrive-SharedLibraries-Queen'sUniversityBelfast/RUMEN Gateway QUB-Scientific_Consortium - Documents/03_Partners_sequences/QUB/ab1_files"""
126	MATCHED_SH_PRIMER_BP	155	sh_id,primer,base_pairs,used_bc	1	1			QUB	SH_0133_M10	SH_ID	SH_0133_M10	QUB_0063	QUB_63F_0063	63F	1164	151	Bacteria	RS_GCF_000011645.1	d__Bacteria;p__Bacillota;c__Bacilli;o__Bacillales;f__Bacillaceae;g__Bacillus;s__Bacillus licheniformis	98.7							489	DB_00121	Rumen_Gateway	BSc_Malorie	missing_maldi	USED	SH_0133_M10	163	>ELX831	>ELX831_30138316_30138316	01/07/2021	11107492450-1	Tube		05/07/2023	11108500399	F	63F	1164	A1.3 Box1	Dilution_to_extinction	2	BHI+RF	2023	BHI+RF	big	transparent	NR	SH_176			HoloRuminant	NR	bovine	NR	37186	Intensive	12	ELX831_30138316_30138316.ab1	/Users/nicholas/Library/CloudStorage/OneDrive-SharedLibraries-Queen'sUniversityBelfast/RUMEN Gateway QUB-Scientific_Consortium - Documents/03_Partners_sequences/QUB/ab1_files/ELX831_30138316_30138316.ab1	TRUE	PRESENT	319219	2023-07-06T03:06:18	UNAVAILABLE	"PermissionError: [Errno 1] Operation not permitted: ""/Users/nicholas/Library/CloudStorage/OneDrive-SharedLibraries-Queen'sUniversityBelfast/RUMEN Gateway QUB-Scientific_Consortium - Documents/03_Partners_sequences/QUB/ab1_files"""
127	MATCHED_SH_PRIMER_BP	155	sh_id,primer,base_pairs,used_bc	1	1			QUB	SH_0134	SH_ID	SH_0134	QUB_0015	QUB_63F_0015	63F	1156	152	Bacteria	RS_GCF_011387195.1	d__Bacteria;p__Bacillota;c__Bacilli;o__Lactobacillales;f__Streptococcaceae;g__Streptococcus;s__Streptococcus ruminicola	99.6							490	DB_00052	Rumen_Gateway	MSc_Ziming	missing_maldi	USED	SH_0134	54	>DYG761	>DYG761_26587616_26587616	02/02/2021	11107239059-1	Tube		19/07/2022	11108032820	F	63F	1156	A1.3 Box1	Dilution_to_extinction	2	PC	2022	PC	medium	grey	NR	SH_3			MASTER_2_FGS	NR	ovine	NR	6973	TMR/High microalgae supplementation	Samples from the slaughter	DYG761_26587616_26587616.ab1	/Users/nicholas/Library/CloudStorage/OneDrive-SharedLibraries-Queen'sUniversityBelfast/RUMEN Gateway QUB-Scientific_Consortium - Documents/03_Partners_sequences/QUB/ab1_files/DYG761_26587616_26587616.ab1	TRUE	PRESENT	325268	2022-07-20T08:49:16	UNAVAILABLE	"PermissionError: [Errno 1] Operation not permitted: ""/Users/nicholas/Library/CloudStorage/OneDrive-SharedLibraries-Queen'sUniversityBelfast/RUMEN Gateway QUB-Scientific_Consortium - Documents/03_Partners_sequences/QUB/ab1_files"""
128	MATCHED_SH_PRIMER_BP	155	sh_id,primer,base_pairs,used_bc	1	1			QUB	SH_0135_E2	SH_ID	SH_0135_E2	QUB_0131	QUB_63F_0131	63F	1215	153	Bacteria	RS_GCF_000011645.1	d__Bacteria;p__Bacillota;c__Bacilli;o__Bacillales;f__Bacillaceae;g__Bacillus;s__Bacillus licheniformis	99				MWL4			491	DB_00373	Rumen_Gateway	BSc_Emer	missing_maldi	USED	SH_0135_E2	136	>GEC596	>GEC596_41625966_41625966	06/09/2022	11108091547-1	Tube		20/01/2023	11108264748	F	63F	1215	A1.3 Box2	Dilution_to_extinction	2	BHI	2022	BHI	small	cream	NR	SH_136			Routine in vitro ruminal fluid	NR	bovine		Cow_1		Slaughter	GEC596_41625966_41625966.ab1	/Users/nicholas/Library/CloudStorage/OneDrive-SharedLibraries-Queen'sUniversityBelfast/RUMEN Gateway QUB-Scientific_Consortium - Documents/03_Partners_sequences/QUB/ab1_files/GEC596_41625966_41625966.ab1	TRUE	PRESENT	344868	2023-01-21T01:20:36	UNAVAILABLE	"PermissionError: [Errno 1] Operation not permitted: ""/Users/nicholas/Library/CloudStorage/OneDrive-SharedLibraries-Queen'sUniversityBelfast/RUMEN Gateway QUB-Scientific_Consortium - Documents/03_Partners_sequences/QUB/ab1_files"""
129	MATCHED_SH_PRIMER_BP	155	sh_id,primer,base_pairs,used_bc	1	1			QUB	SH_0136_E7	SH_ID	SH_0136_E7	QUB_0137	QUB_63F_0137	63F	1102	154	Bacteria	GB_GCA_900764415.1	d__Bacteria;p__Actinomycetota;c__Coriobacteriia;o__Coriobacteriales;f__Coriobacteriaceae;g__Collinsella;s__Collinsella sp900764415	99.3				MWL4			492	DB_00380	Rumen_Gateway	BSc_Emer	missing_maldi	USED	SH_0136_E7	141	>GEC603	>GEC603_41626031_41626031	06/09/2022	11108091547-1	Tube		20/01/2023	11108264748	F	63F	1102	A1.3 Box2	Dilution_to_extinction	2	BHI	2022	BHI	medium	grey with cream centre	NR	SH_136			Routine in vitro ruminal fluid	NR	bovine		Cow_3		Slaughter	GEC603_41626031_41626031.ab1	/Users/nicholas/Library/CloudStorage/OneDrive-SharedLibraries-Queen'sUniversityBelfast/RUMEN Gateway QUB-Scientific_Consortium - Documents/03_Partners_sequences/QUB/ab1_files/GEC603_41626031_41626031.ab1	TRUE	PRESENT	321798	2023-01-21T01:20:36	UNAVAILABLE	"PermissionError: [Errno 1] Operation not permitted: ""/Users/nicholas/Library/CloudStorage/OneDrive-SharedLibraries-Queen'sUniversityBelfast/RUMEN Gateway QUB-Scientific_Consortium - Documents/03_Partners_sequences/QUB/ab1_files"""
130	MATCHED_SH_PRIMER_BP	155	sh_id,primer,base_pairs,used_bc	1	1			QUB	SH_0137	SH_ID	SH_0137	QUB_0098	QUB_63F_0098	63F	1117	155	Bacteria	RS_GCF_009695655.1	d__Bacteria;p__Bacillota;c__Bacilli;o__Erysipelotrichales;f__Coprobacillaceae;g__Sharpea;s__Sharpea porci	97.6				MWL13			493	DB_00256	Rumen_Gateway	MSc_Ziming	missing_maldi	USED	SH_0137	79	>GBF582	>GBF582_40875829_40875829	05/08/2022	11108053228-1	Tube		23/08/2022	11108075893	F	63F	1117	A1.3 Box2	Dilution_to_extinction	2	BHI	2022	BHI	medium	white centre	NR	Escherichia coli			Routine in vitro ruminal fluid	NR	bovine				Slaughter	GBF582_40875829_40875829.ab1	/Users/nicholas/Library/CloudStorage/OneDrive-SharedLibraries-Queen'sUniversityBelfast/RUMEN Gateway QUB-Scientific_Consortium - Documents/03_Partners_sequences/QUB/ab1_files/GBF582_40875829_40875829.ab1	TRUE	PRESENT	328431	2022-08-23T09:32:22	UNAVAILABLE	"PermissionError: [Errno 1] Operation not permitted: ""/Users/nicholas/Library/CloudStorage/OneDrive-SharedLibraries-Queen'sUniversityBelfast/RUMEN Gateway QUB-Scientific_Consortium - Documents/03_Partners_sequences/QUB/ab1_files"""
131	MATCHED_SH_PRIMER_BP	155	sh_id,primer,base_pairs,used_bc	1	1			QUB	SH_0138	SH_ID	SH_0138	QUB_0123	QUB_63F_0123	63F	1115	156	Bacteria	RS_GCF_011387195.1	d__Bacteria;p__Bacillota;c__Bacilli;o__Lactobacillales;f__Streptococcaceae;g__Streptococcus;s__Streptococcus ruminicola	99.6							495	DB_00284	Rumen_Gateway	MSc_Ziming	Dead	USED	SH_0138	107	>GBF610	>GBF610_40876109_40876109	05/08/2022	11108053228-1	Tube		24/08/2022	11108077821	F	63F	1115	Dead	Dilution_to_extinction	2	PC	2022	PC	big	white centre	NR	Dead			Routine in vitro ruminal fluid	NR	bovine				Slaughter	GBF610_40876109_40876109.ab1	/Users/nicholas/Library/CloudStorage/OneDrive-SharedLibraries-Queen'sUniversityBelfast/RUMEN Gateway QUB-Scientific_Consortium - Documents/03_Partners_sequences/QUB/ab1_files/GBF610_40876109_40876109.ab1	TRUE	PRESENT	324339	2022-08-24T14:18:42	UNAVAILABLE	"PermissionError: [Errno 1] Operation not permitted: ""/Users/nicholas/Library/CloudStorage/OneDrive-SharedLibraries-Queen'sUniversityBelfast/RUMEN Gateway QUB-Scientific_Consortium - Documents/03_Partners_sequences/QUB/ab1_files"""
132	MATCHED_SH_PRIMER_BP	155	sh_id,primer,base_pairs,used_bc	1	1			QUB	SH_0139_M5	SH_ID	SH_0139_M5	QUB_0095	QUB_63F_0095	63F	1143	157	Bacteria	RS_GCF_011387195.1	d__Bacteria;p__Bacillota;c__Bacilli;o__Lactobacillales;f__Streptococcaceae;g__Streptococcus;s__Streptococcus ruminicola	99.2							579	DB_00191	Rumen_Gateway	BSc_Malorie		USED	SH_0139_M5	158	>ELX898	>ELX898_30138989_30138989	01/07/2021	11107492450-1	Tube		05/07/2023	11108500399	F	63F	1143	A1.3 Box2	Dilution_to_extinction	2	BHI+RF	2023	BHI+RF	small	brown	NR	SH_8			HoloRuminant	NR	bovine	NR	37245	Conventional	12	ELX898_30138989_30138989.ab1	/Users/nicholas/Library/CloudStorage/OneDrive-SharedLibraries-Queen'sUniversityBelfast/RUMEN Gateway QUB-Scientific_Consortium - Documents/03_Partners_sequences/QUB/ab1_files/ELX898_30138989_30138989.ab1	TRUE	PRESENT	319946	2023-07-06T03:06:18	UNAVAILABLE	"PermissionError: [Errno 1] Operation not permitted: ""/Users/nicholas/Library/CloudStorage/OneDrive-SharedLibraries-Queen'sUniversityBelfast/RUMEN Gateway QUB-Scientific_Consortium - Documents/03_Partners_sequences/QUB/ab1_files"""
133	MATCHED_SH_PRIMER_BP	155	sh_id,primer,base_pairs,used_bc	1	1			QUB	SH_0140_M24	SH_ID	SH_0140_M24	QUB_0164	QUB_63F_0164	63F	1145	158	Bacteria	RS_GCF_000011065.1	d__Bacteria;p__Bacteroidota;c__Bacteroidia;o__Bacteroidales;f__Bacteroidaceae;g__Bacteroides;s__Bacteroides thetaiotaomicron	98.8				MWL4			626	DB_00489	Rumen_Gateway	BSc_Malorie		USED	SH_0140_M24	177	>GLE326	>GLE326_43463269_43463269	31/10/2022	11108143158-1	Tube		05/07/2023	11108500492	F	63F	1145	A1.3 Box2	Dilution_to_extinction	2	BHI+RF	2023	BHI+RF	small	yellow cream with darker centre and transparent edges	NR	Enterococcus spp			HoloRuminant	NR	bovine	NR	37245	Conventional	12	GLE326_43463269_43463269.ab1	/Users/nicholas/Library/CloudStorage/OneDrive-SharedLibraries-Queen'sUniversityBelfast/RUMEN Gateway QUB-Scientific_Consortium - Documents/03_Partners_sequences/QUB/ab1_files/GLE326_43463269_43463269.ab1	TRUE	PRESENT	328813	2023-07-06T03:10:20	UNAVAILABLE	"PermissionError: [Errno 1] Operation not permitted: ""/Users/nicholas/Library/CloudStorage/OneDrive-SharedLibraries-Queen'sUniversityBelfast/RUMEN Gateway QUB-Scientific_Consortium - Documents/03_Partners_sequences/QUB/ab1_files"""
134	MATCHED_SH_PRIMER_BP	155	sh_id,primer,base_pairs,used_bc	4	1		row=630|db=DB_01103|short=IWS785|fasta=IWS785_59987858_59987858|primer=27F|bp=1241|score=130|reasons=sh_id,primer,used_bc; row=631|db=DB_01174|short=IWS856|fasta=IWS856_59988565_59988565|primer=27F|bp=822|score=130|reasons=sh_id,primer,used_bc; row=627|db=DB_00173|short=ELX880|fasta=ELX880_30138804_30138804|primer=63F|bp=1149|score=105|reasons=sh_id,used_bc	QUB	SH_0141	SH_ID	SH_0141	QUB_0180	QUB_27F_0180	27F	1215	159	Bacteria	RS_GCF_012844235.1	d__Bacteria;p__Actinomycetota;c__Coriobacteriia;o__Coriobacteriales;f__Atopobiaceae;g__Parafannyhessea;s__Parafannyhessea sp900538935	98.2							629	DB_00636	Rumen_Gateway	BSc_Maria	missing_maldi	USED	SH_0141	14_Maria	>IPO331	>IPO331_58123318_58123318	03/01/2024	11108725344-1	Tube		02/04/2024	11108849829	F	27F	1215	A1.3 Box2	Dilution_to_extinction	2	BHI	2021	BHI	small	white	NR	SH_61			MASTER_1_FGS	NR	ovine	NR	16361	Control/silage/concentrate(50:50)	Samples from the slaughter	IPO331_58123318_58123318.ab1	/Users/nicholas/Library/CloudStorage/OneDrive-SharedLibraries-Queen'sUniversityBelfast/RUMEN Gateway QUB-Scientific_Consortium - Documents/03_Partners_sequences/QUB/ab1_files/IPO331_58123318_58123318.ab1	TRUE	PRESENT	326567	2024-04-03T02:56:24	UNAVAILABLE	"PermissionError: [Errno 1] Operation not permitted: ""/Users/nicholas/Library/CloudStorage/OneDrive-SharedLibraries-Queen'sUniversityBelfast/RUMEN Gateway QUB-Scientific_Consortium - Documents/03_Partners_sequences/QUB/ab1_files"""
135	MATCHED_SH_PRIMER_BP	155	sh_id,primer,base_pairs,used_bc	4	1		row=629|db=DB_00636|short=IPO331|fasta=IPO331_58123318_58123318|primer=27F|bp=1215|score=130|reasons=sh_id,primer,used_bc; row=631|db=DB_01174|short=IWS856|fasta=IWS856_59988565_59988565|primer=27F|bp=822|score=130|reasons=sh_id,primer,used_bc; row=627|db=DB_00173|short=ELX880|fasta=ELX880_30138804_30138804|primer=63F|bp=1149|score=105|reasons=sh_id,used_bc	QUB	SH_0141	SH_ID	SH_0141	QUB_0539	QUB_27F_0539	27F	1241	160	Bacteria	RS_GCF_900218035.1	d__Bacteria;p__Bacillota;c__Clostridia;o__Lachnospirales;f__Lachnospiraceae;g__Pseudobutyrivibrio;s__Pseudobutyrivibrio ruminis	98.8				MWL11			630	DB_01103	Rumen_Gateway	BSc_Maria	missing_maldi	USED	SH_0141	14_Maria	>IWS785	>IWS785_59987858_59987858	19/04/2024	11108875297-1	Tube		16/08/2024	11109030325	F	27F	1241	A1.3 Box2	Dilution_to_extinction	2	BHI	2021	BHI	small	white	NR	SH_61			MASTER_1_FGS	NR	ovine	NR	16361	Medium/silage/concentrate(50:50)+microalgae	Samples from the slaughter	IWS785_59987858_59987858.ab1	/Users/nicholas/Library/CloudStorage/OneDrive-SharedLibraries-Queen'sUniversityBelfast/RUMEN Gateway QUB-Scientific_Consortium - Documents/03_Partners_sequences/QUB/ab1_files/IWS785_59987858_59987858.ab1	TRUE	PRESENT	336852	2024-08-16T13:52:14	UNAVAILABLE	"PermissionError: [Errno 1] Operation not permitted: ""/Users/nicholas/Library/CloudStorage/OneDrive-SharedLibraries-Queen'sUniversityBelfast/RUMEN Gateway QUB-Scientific_Consortium - Documents/03_Partners_sequences/QUB/ab1_files"""
136	MATCHED_SH_PRIMER_BP	155	sh_id,primer,base_pairs,used_bc	4	1		row=629|db=DB_00636|short=IPO331|fasta=IPO331_58123318_58123318|primer=27F|bp=1215|score=130|reasons=sh_id,primer,used_bc; row=630|db=DB_01103|short=IWS785|fasta=IWS785_59987858_59987858|primer=27F|bp=1241|score=130|reasons=sh_id,primer,used_bc; row=627|db=DB_00173|short=ELX880|fasta=ELX880_30138804_30138804|primer=63F|bp=1149|score=105|reasons=sh_id,used_bc	QUB	SH_0141	SH_ID	SH_0141	QUB_0593	QUB_27F_0593	27F	822	161	Bacteria	RS_GCF_000741295.1	d__Bacteria;p__Actinomycetota;c__Actinomycetes;o__Actinomycetales;f__Bifidobacteriaceae;g__Bifidobacterium;s__Bifidobacterium globosum	99.7							631	DB_01174	Rumen_Gateway	BSc_Maria	missing_maldi	USED	SH_0141	14_Maria	>IWS856	>IWS856_59988565_59988565	19/04/2024	11108875297-1	Tube		05/07/2024	11108977476	F	27F	822	A1.3 Box2	Dilution_to_extinction	2	BHI	2021	BHI	small	white	NR	SH_61			MASTER_1_FGS	NR	ovine	NR	16361	Control/silage/concentrate(50:50)	Samples from the slaughter	IWS856_59988565_59988565.ab1	/Users/nicholas/Library/CloudStorage/OneDrive-SharedLibraries-Queen'sUniversityBelfast/RUMEN Gateway QUB-Scientific_Consortium - Documents/03_Partners_sequences/QUB/ab1_files/IWS856_59988565_59988565.ab1	TRUE	PRESENT	335357	2024-07-05T13:34:12	UNAVAILABLE	"PermissionError: [Errno 1] Operation not permitted: ""/Users/nicholas/Library/CloudStorage/OneDrive-SharedLibraries-Queen'sUniversityBelfast/RUMEN Gateway QUB-Scientific_Consortium - Documents/03_Partners_sequences/QUB/ab1_files"""
137	MATCHED_SH_PRIMER_BP	155	sh_id,primer,base_pairs,used_bc	2	1		row=633|db=DB_01102|short=IWS784|fasta=IWS784_59987841_59987841|primer=27F|bp=1189|score=105|reasons=sh_id,used_bc	QUB	SH_0142	SH_ID	SH_0142	QUB_0038	QUB_63F_0038	63F	1136	162	Bacteria	RS_GCF_001592005.1	d__Bacteria;p__Bacillota;c__Bacilli;o__Bacillales;f__Bacillaceae;g__Bacillus;s__Bacillus sonorensis	99.3							632	DB_00077	Rumen_Gateway	MSc_Ziming	missing_maldi	USED	SH_0142	118	>DYG786	>DYG786_26587869_26587869	02/02/2021	11107239059-1	Tube		26/08/2022	11108081181	F	63F	1136	A1.3 Box2	Dilution_to_extinction	2	BHI	2022	BHI	NR	cream	NR	Bacillus sonorensis			Routine in vitro ruminal fluid	NR	bovine				Slaughter	DYG786_26587869_26587869.ab1	/Users/nicholas/Library/CloudStorage/OneDrive-SharedLibraries-Queen'sUniversityBelfast/RUMEN Gateway QUB-Scientific_Consortium - Documents/03_Partners_sequences/QUB/ab1_files/DYG786_26587869_26587869.ab1	TRUE	PRESENT	308859	2022-08-26T16:16:18	UNAVAILABLE	"PermissionError: [Errno 1] Operation not permitted: ""/Users/nicholas/Library/CloudStorage/OneDrive-SharedLibraries-Queen'sUniversityBelfast/RUMEN Gateway QUB-Scientific_Consortium - Documents/03_Partners_sequences/QUB/ab1_files"""
138	MATCHED_SH_PRIMER_BP	155	sh_id,primer,base_pairs,used_bc	2	1		row=632|db=DB_00077|short=DYG786|fasta=DYG786_26587869_26587869|primer=63F|bp=1136|score=105|reasons=sh_id,used_bc	QUB	SH_0142	SH_ID	SH_0142	QUB_0538	QUB_27F_0538	27F	1189	163	Bacteria	RS_GCF_000024945.1	d__Bacteria;p__Bacillota;c__Negativicutes;o__Veillonellales;f__Veillonellaceae;g__Veillonella;s__Veillonella parvula	99							633	DB_01102	Rumen_Gateway	MSc_Ziming	mismatching_info	USED	SH_0142	118	>IWS784	>IWS784_59987841_59987841	19/04/2024	11108875297-1	Tube		16/08/2024	11109029894	F	27F	1189	A1.3 Box2	Dilution_to_extinction	2	BHI	2022	BHI	NR	NR	NR	Bacillus sonorensis			Routine in vitro ruminal fluid	NR	bovine				Slaughter	IWS784_59987841_59987841.ab1	/Users/nicholas/Library/CloudStorage/OneDrive-SharedLibraries-Queen'sUniversityBelfast/RUMEN Gateway QUB-Scientific_Consortium - Documents/03_Partners_sequences/QUB/ab1_files/IWS784_59987841_59987841.ab1	FALSE	MISSING_EXPECTED_FILE			UNAVAILABLE	"PermissionError: [Errno 1] Operation not permitted: ""/Users/nicholas/Library/CloudStorage/OneDrive-SharedLibraries-Queen'sUniversityBelfast/RUMEN Gateway QUB-Scientific_Consortium - Documents/03_Partners_sequences/QUB/ab1_files"""
139	MATCHED_SH_PRIMER_BP	155	sh_id,primer,base_pairs,used_bc	1	1			QUB	SH_0143	SH_ID	SH_0143	QUB_0091	QUB_63F_0091	63F	1133	164	Bacteria	RS_GCF_011387195.1	d__Bacteria;p__Bacillota;c__Bacilli;o__Lactobacillales;f__Streptococcaceae;g__Streptococcus;s__Streptococcus ruminicola	98.9							634	DB_00185	Rumen_Gateway	MSc_Ziming	missing_maldi	USED	SH_0143	131	>ELX892	>ELX892_30138927_30138927	01/07/2021	11107492450-1	Tube		26/08/2022	11108081195	F	63F	1133	A1.3 Box2	Dilution_to_extinction	2	PC	2022	BHI	big	grey	NR	SH_164			Routine in vitro ruminal fluid	NR	bovine				Slaughter	ELX892_30138927_30138927.ab1	/Users/nicholas/Library/CloudStorage/OneDrive-SharedLibraries-Queen'sUniversityBelfast/RUMEN Gateway QUB-Scientific_Consortium - Documents/03_Partners_sequences/QUB/ab1_files/ELX892_30138927_30138927.ab1	TRUE	PRESENT	332970	2022-08-26T16:16:10	UNAVAILABLE	"PermissionError: [Errno 1] Operation not permitted: ""/Users/nicholas/Library/CloudStorage/OneDrive-SharedLibraries-Queen'sUniversityBelfast/RUMEN Gateway QUB-Scientific_Consortium - Documents/03_Partners_sequences/QUB/ab1_files"""
140	MATCHED_SH_PRIMER_BP	150	sh_id,primer,base_pairs	1	1			QUB	SH_0144_M12	SH_ID	SH_0144_M12	QUB_0078	QUB_63F_0078	63F	1157	165	Bacteria	RS_GCF_012844235.1	d__Bacteria;p__Actinomycetota;c__Coriobacteriia;o__Coriobacteriales;f__Atopobiaceae;g__Parafannyhessea;s__Parafannyhessea sp900538935	99.1				MWL4			636	DB_00155	Rumen_Gateway	BSc_Malorie	missing_raw_files	UNK	SH_0144_M12	165	>ELX862	>ELX862_30138620_30138620	01/07/2021	11107492450-1	Tube		05/07/2023	11108500399	F	63F	1157	A1.3 Box2	Dilution_to_extinction	2	BHI+RF	2023	BHI+RF	small	brown with shinny grey centre	NR	SH_144			HoloRuminant	NR	bovine	NR	37186	Intensive	12	ELX862_30138620_30138620.ab1	/Users/nicholas/Library/CloudStorage/OneDrive-SharedLibraries-Queen'sUniversityBelfast/RUMEN Gateway QUB-Scientific_Consortium - Documents/03_Partners_sequences/QUB/ab1_files/ELX862_30138620_30138620.ab1	TRUE	PRESENT	326369	2023-07-06T03:06:18	UNAVAILABLE	"PermissionError: [Errno 1] Operation not permitted: ""/Users/nicholas/Library/CloudStorage/OneDrive-SharedLibraries-Queen'sUniversityBelfast/RUMEN Gateway QUB-Scientific_Consortium - Documents/03_Partners_sequences/QUB/ab1_files"""
141	MATCHED_SH_PRIMER_BP	155	sh_id,primer,base_pairs,used_bc	1	1			QUB	SH_0145_M16	SH_ID	SH_0145_M16	QUB_0161	QUB_63F_0161	63F	1154	166	Bacteria	RS_GCF_000011645.1	d__Bacteria;p__Bacillota;c__Bacilli;o__Bacillales;f__Bacillaceae;g__Bacillus;s__Bacillus licheniformis	98.9							637	DB_00485	Rumen_Gateway	BSc_Malorie		USED	SH_0145_M16	169	>GLE322	>GLE322_43463221_43463221	31/10/2022	11108143158-1	Tube		05/07/2023	11108500492	F	63F	1154	A1.3 Box2	Dilution_to_extinction	2	BHI+RF	2023	BHI+RF	big	shinny brown	NR	SH_145			HoloRuminant	NR	bovine	NR	37186	Intensive	12	GLE322_43463221_43463221.ab1	/Users/nicholas/Library/CloudStorage/OneDrive-SharedLibraries-Queen'sUniversityBelfast/RUMEN Gateway QUB-Scientific_Consortium - Documents/03_Partners_sequences/QUB/ab1_files/GLE322_43463221_43463221.ab1	TRUE	PRESENT	321947	2023-07-06T03:10:20	UNAVAILABLE	"PermissionError: [Errno 1] Operation not permitted: ""/Users/nicholas/Library/CloudStorage/OneDrive-SharedLibraries-Queen'sUniversityBelfast/RUMEN Gateway QUB-Scientific_Consortium - Documents/03_Partners_sequences/QUB/ab1_files"""
142	MATCHED_SH_PRIMER_BP	155	sh_id,primer,base_pairs,used_bc	1	1			QUB	SH_0146	SH_ID	SH_0146	QUB_0006	QUB_63F_0006	63F	1161	167	Bacteria	RS_GCF_001969855.1	d__Bacteria;p__Bacillota;c__Bacilli;o__Bacillales;f__Bacillaceae;g__Bacillus;s__Bacillus haynesii	98.6							638	DB_00043	Rumen_Gateway	MSc_Ziming	missing_maldi	USED	SH_0146	45	>DYG752	>DYG752_26587524_26587524	02/02/2021	11107239059-1	Tube		19/07/2022	11108032820	F	63F	1161	A1.3 Box2	Dilution_to_extinction	2	M2	2022	M2	medium	NR	NR	SH_101			MASTER_2_FGS	NR	ovine	NR	6973	TMR/High microalgae supplementation	Samples from the slaughter	DYG752_26587524_26587524.ab1	/Users/nicholas/Library/CloudStorage/OneDrive-SharedLibraries-Queen'sUniversityBelfast/RUMEN Gateway QUB-Scientific_Consortium - Documents/03_Partners_sequences/QUB/ab1_files/DYG752_26587524_26587524.ab1	TRUE	PRESENT	323349	2022-07-20T08:49:16	UNAVAILABLE	"PermissionError: [Errno 1] Operation not permitted: ""/Users/nicholas/Library/CloudStorage/OneDrive-SharedLibraries-Queen'sUniversityBelfast/RUMEN Gateway QUB-Scientific_Consortium - Documents/03_Partners_sequences/QUB/ab1_files"""
143	MATCHED_SH_PRIMER_BP	155	sh_id,primer,base_pairs,used_bc	1	1			QUB	SH_0147	SH_ID	SH_0147	QUB_0028	QUB_63F_0028	63F	1196	168	Bacteria	RS_GCF_000703005.1	d__Bacteria;p__Bacillota;c__Clostridia;o__Lachnospirales;f__Lachnospiraceae;g__Pseudobutyrivibrio;s__Pseudobutyrivibrio ruminis_A	97							639	DB_00067	Rumen_Gateway	MSc_Ziming	missing_maldi	USED	SH_0147	69	>DYG776	>DYG776_26587760_26587760	02/02/2021	11107239059-1	Tube		19/07/2022	11108032820	F	63F	1196	A1.3 Box2	Dilution_to_extinction	2	BHI	2022	BHI	medium	white centre	NR	SH_162			MASTER_2_FGS	NR	ovine	NR	7064	TMR/Control	Samples from the slaughter	DYG776_26587760_26587760.ab1	/Users/nicholas/Library/CloudStorage/OneDrive-SharedLibraries-Queen'sUniversityBelfast/RUMEN Gateway QUB-Scientific_Consortium - Documents/03_Partners_sequences/QUB/ab1_files/DYG776_26587760_26587760.ab1	TRUE	PRESENT	324330	2022-07-20T08:49:18	UNAVAILABLE	"PermissionError: [Errno 1] Operation not permitted: ""/Users/nicholas/Library/CloudStorage/OneDrive-SharedLibraries-Queen'sUniversityBelfast/RUMEN Gateway QUB-Scientific_Consortium - Documents/03_Partners_sequences/QUB/ab1_files"""
144	MATCHED_SH_PRIMER_BP	155	sh_id,primer,base_pairs,used_bc	1	1			QUB	SH_0149_E4	SH_ID	SH_0149_E4	QUB_0134	QUB_63F_0134	63F	1210	169	Bacteria	GB_GCA_900764415.1	d__Bacteria;p__Actinomycetota;c__Coriobacteriia;o__Coriobacteriales;f__Coriobacteriaceae;g__Collinsella;s__Collinsella sp900764415	98.9				MWL4			641	DB_00377	Rumen_Gateway	BSc_Emer	missing_maldi	USED	SH_0149_E4	138	>GEC600	>GEC600_41626000_41626000	06/09/2022	11108091547-1	Tube		20/01/2023	11108264748	F	63F	1210	A1.3 Box2	Dilution_to_extinction	2	BHI	2022	BHI	small	cream	NR	SH_158			Routine in vitro ruminal fluid	NR	bovine		Cow_3		Slaughter	GEC600_41626000_41626000.ab1	/Users/nicholas/Library/CloudStorage/OneDrive-SharedLibraries-Queen'sUniversityBelfast/RUMEN Gateway QUB-Scientific_Consortium - Documents/03_Partners_sequences/QUB/ab1_files/GEC600_41626000_41626000.ab1	TRUE	PRESENT	348122	2023-01-21T01:20:36	UNAVAILABLE	"PermissionError: [Errno 1] Operation not permitted: ""/Users/nicholas/Library/CloudStorage/OneDrive-SharedLibraries-Queen'sUniversityBelfast/RUMEN Gateway QUB-Scientific_Consortium - Documents/03_Partners_sequences/QUB/ab1_files"""
145	MATCHED_SH_PRIMER_BP	155	sh_id,primer,base_pairs,used_bc	1	1			QUB	SH_0150	SH_ID	SH_0150	QUB_0121	QUB_63F_0121	63F	1112	170	Bacteria	RS_GCF_011387195.1	d__Bacteria;p__Bacillota;c__Bacilli;o__Lactobacillales;f__Streptococcaceae;g__Streptococcus;s__Streptococcus ruminicola	98.6							642	DB_00281	Rumen_Gateway	MSc_Ziming	missing_maldi	USED	SH_0150	104	>GBF607	>GBF607_40876079_40876079	05/08/2022	11108053228-1	Tube		24/08/2022	11108077821	F	63F	1112	A1.3 Box2	Dilution_to_extinction	2	PC	2022	PC	small	cream	NR	SH_150			Routine in vitro ruminal fluid	NR	bovine				Slaughter	GBF607_40876079_40876079.ab1	/Users/nicholas/Library/CloudStorage/OneDrive-SharedLibraries-Queen'sUniversityBelfast/RUMEN Gateway QUB-Scientific_Consortium - Documents/03_Partners_sequences/QUB/ab1_files/GBF607_40876079_40876079.ab1	TRUE	PRESENT	320635	2022-08-24T14:18:42	UNAVAILABLE	"PermissionError: [Errno 1] Operation not permitted: ""/Users/nicholas/Library/CloudStorage/OneDrive-SharedLibraries-Queen'sUniversityBelfast/RUMEN Gateway QUB-Scientific_Consortium - Documents/03_Partners_sequences/QUB/ab1_files"""
146	MATCHED_SH_PRIMER_BP	155	sh_id,primer,base_pairs,used_bc	1	1			QUB	SH_0151_M8	SH_ID	SH_0151_M8	QUB_0061	QUB_63F_0061	63F	1143	171	Bacteria	RS_GCF_009695655.1	d__Bacteria;p__Bacillota;c__Bacilli;o__Erysipelotrichales;f__Coprobacillaceae;g__Sharpea;s__Sharpea porci	97.7							643	DB_00118	Rumen_Gateway	BSc_Malorie		USED	SH_0151_M8	161	>ELX828	>ELX828_30138286_30138286	01/07/2021	11107492450-1	Tube		05/07/2023	11108500399	F	63F	1143	A1.3 Box3	Dilution_to_extinction	2	BHI+RF	2023	BHI+RF	medium	yellow with brown centre and transparent edges	NR	SH_117			HoloRuminant	NR	bovine	NR	37245	Conventional	12	ELX828_30138286_30138286.ab1	/Users/nicholas/Library/CloudStorage/OneDrive-SharedLibraries-Queen'sUniversityBelfast/RUMEN Gateway QUB-Scientific_Consortium - Documents/03_Partners_sequences/QUB/ab1_files/ELX828_30138286_30138286.ab1	TRUE	PRESENT	321478	2023-07-06T03:06:18	UNAVAILABLE	"PermissionError: [Errno 1] Operation not permitted: ""/Users/nicholas/Library/CloudStorage/OneDrive-SharedLibraries-Queen'sUniversityBelfast/RUMEN Gateway QUB-Scientific_Consortium - Documents/03_Partners_sequences/QUB/ab1_files"""
147	MATCHED_SH_PRIMER_BP	155	sh_id,primer,base_pairs,used_bc	1	1			QUB	SH_0152_M14	SH_ID	SH_0152_M14	QUB_0157	QUB_63F_0157	63F	1163	172	Bacteria	RS_GCF_012844235.1	d__Bacteria;p__Actinomycetota;c__Coriobacteriia;o__Coriobacteriales;f__Atopobiaceae;g__Parafannyhessea;s__Parafannyhessea sp900538935	98.6							644	DB_00481	Rumen_Gateway	BSc_Malorie		USED	SH_0152_M14	167	>GLE318	>GLE318_43463184_43463184	31/10/2022	11108143158-1	Tube		05/07/2023	11108500492	F	63F	1163	A1.3 Box3	Dilution_to_extinction	2	BHI+RF	2023	BHI+RF	big	grey with brown edges, mate	NR	SH_152			HoloRuminant	NR	bovine	NR	37186	Intensive	12	GLE318_43463184_43463184.ab1	/Users/nicholas/Library/CloudStorage/OneDrive-SharedLibraries-Queen'sUniversityBelfast/RUMEN Gateway QUB-Scientific_Consortium - Documents/03_Partners_sequences/QUB/ab1_files/GLE318_43463184_43463184.ab1	TRUE	PRESENT	321665	2023-07-06T03:10:20	UNAVAILABLE	"PermissionError: [Errno 1] Operation not permitted: ""/Users/nicholas/Library/CloudStorage/OneDrive-SharedLibraries-Queen'sUniversityBelfast/RUMEN Gateway QUB-Scientific_Consortium - Documents/03_Partners_sequences/QUB/ab1_files"""
148	MATCHED_SH_PRIMER_BP	155	sh_id,primer,base_pairs,used_bc	1	1			QUB	SH_0154	SH_ID	SH_0154	QUB_0113	QUB_63F_0113	63F	1146	173	Bacteria	RS_GCF_000011645.1	d__Bacteria;p__Bacillota;c__Bacilli;o__Bacillales;f__Bacillaceae;g__Bacillus;s__Bacillus licheniformis	98.4							646	DB_00273	Rumen_Gateway	MSc_Ziming	missing_maldi	USED	SH_0154	96	>GBF599	>GBF599_40875997_40875997	05/08/2022	11108053228-1	Tube		24/08/2022	11108077821	F	63F	1146	A1.3 Box3	Dilution_to_extinction	2	M2	2022	M2	big	cream	NR	SH_154.2			Routine in vitro ruminal fluid	NR	bovine				Slaughter	GBF599_40875997_40875997.ab1	/Users/nicholas/Library/CloudStorage/OneDrive-SharedLibraries-Queen'sUniversityBelfast/RUMEN Gateway QUB-Scientific_Consortium - Documents/03_Partners_sequences/QUB/ab1_files/GBF599_40875997_40875997.ab1	TRUE	PRESENT	322201	2022-08-24T14:18:42	UNAVAILABLE	"PermissionError: [Errno 1] Operation not permitted: ""/Users/nicholas/Library/CloudStorage/OneDrive-SharedLibraries-Queen'sUniversityBelfast/RUMEN Gateway QUB-Scientific_Consortium - Documents/03_Partners_sequences/QUB/ab1_files"""
149	MATCHED_SH_PRIMER_BP	155	sh_id,primer,base_pairs,used_bc	1	1			QUB	SH_0156_M21	SH_ID	SH_0156_M21	QUB_0162	QUB_63F_0162	63F	1169	174	Bacteria	RS_GCF_012844235.1	d__Bacteria;p__Actinomycetota;c__Coriobacteriia;o__Coriobacteriales;f__Atopobiaceae;g__Parafannyhessea;s__Parafannyhessea sp900538935	99.2				MWL4			648	DB_00486	Rumen_Gateway	BSc_Malorie	missing_maldi	USED	SH_0156_M21	174	>GLE323	>GLE323_43463238_43463238	31/10/2022	11108143158-1	Tube		05/07/2023	11108500492	F	63F	1169	A1.3 Box3	Dilution_to_extinction	2	BHI+RF	2023	BHI+RF	small	brown mate	NR	SH_163			HoloRuminant	NR	bovine	NR	37363	Intensive	12	GLE323_43463238_43463238.ab1	/Users/nicholas/Library/CloudStorage/OneDrive-SharedLibraries-Queen'sUniversityBelfast/RUMEN Gateway QUB-Scientific_Consortium - Documents/03_Partners_sequences/QUB/ab1_files/GLE323_43463238_43463238.ab1	TRUE	PRESENT	322348	2023-07-06T03:10:20	UNAVAILABLE	"PermissionError: [Errno 1] Operation not permitted: ""/Users/nicholas/Library/CloudStorage/OneDrive-SharedLibraries-Queen'sUniversityBelfast/RUMEN Gateway QUB-Scientific_Consortium - Documents/03_Partners_sequences/QUB/ab1_files"""
150	MATCHED_SH_PRIMER_BP	155	sh_id,primer,base_pairs,used_bc	4	1		row=650|db=DB_00641|short=IPO336|fasta=IPO336_58123363_58123363|primer=27F|bp=221|score=105|reasons=sh_id,used_bc; row=651|db=DB_01029|short=IVY968|fasta=IVY968_59789681_59789681|primer=27F|bp=187|score=105|reasons=sh_id,used_bc; row=652|db=DB_01164|short=IWS846|fasta=IWS846_59988466_59988466|primer=27F|bp=1189|score=105|reasons=sh_id,used_bc	QUB	SH_0157	SH_ID	SH_0157	QUB_0014	QUB_63F_0014	63F	1183	175	Bacteria	RS_GCF_011387195.1	d__Bacteria;p__Bacillota;c__Bacilli;o__Lactobacillales;f__Streptococcaceae;g__Streptococcus;s__Streptococcus ruminicola	99.1							649	DB_00051	Rumen_Gateway	MSc_Ziming	missing_maldi	USED	SH_0157	53	>DYG760	>DYG760_26587609_26587609	02/02/2021	11107239059-1	Tube		19/07/2022	11108032820	F	63F	1183	A1.3 Box3	Dilution_to_extinction	2	PC	2022	PC	medium	grey	NR	SH_80			MASTER_2_FGS	NR	ovine	NR	6908	TMR/High microalgae supplementation	Samples from the slaughter	DYG760_26587609_26587609.ab1	/Users/nicholas/Library/CloudStorage/OneDrive-SharedLibraries-Queen'sUniversityBelfast/RUMEN Gateway QUB-Scientific_Consortium - Documents/03_Partners_sequences/QUB/ab1_files/DYG760_26587609_26587609.ab1	TRUE	PRESENT	314445	2022-07-20T08:49:16	UNAVAILABLE	"PermissionError: [Errno 1] Operation not permitted: ""/Users/nicholas/Library/CloudStorage/OneDrive-SharedLibraries-Queen'sUniversityBelfast/RUMEN Gateway QUB-Scientific_Consortium - Documents/03_Partners_sequences/QUB/ab1_files"""
151	MATCHED_SH_PRIMER_BP	155	sh_id,primer,base_pairs,used_bc	4	1		row=650|db=DB_00641|short=IPO336|fasta=IPO336_58123363_58123363|primer=27F|bp=221|score=130|reasons=sh_id,primer,used_bc; row=651|db=DB_01029|short=IVY968|fasta=IVY968_59789681_59789681|primer=27F|bp=187|score=130|reasons=sh_id,primer,used_bc; row=649|db=DB_00051|short=DYG760|fasta=DYG760_26587609_26587609|primer=63F|bp=1183|score=105|reasons=sh_id,used_bc	QUB	SH_0157	SH_ID	SH_0157	QUB_0584	QUB_27F_0584	27F	1189	176	Bacteria	RS_GCF_012844235.1	d__Bacteria;p__Actinomycetota;c__Coriobacteriia;o__Coriobacteriales;f__Atopobiaceae;g__Parafannyhessea;s__Parafannyhessea sp900538935	99.7							652	DB_01164	Rumen_Gateway	MSc_Ziming	missing_maldi	USED	SH_0157	53	>IWS846	>IWS846_59988466_59988466	19/04/2024	11108875297-1	Tube		12/07/2024	11108986368	F	27F	1189	A1.3 Box3	Dilution_to_extinction	2	PC	2022	PC	medium	grey	NR	SH_80			MASTER_2_FGS	NR	ovine	NR	6908	TMR/High microalgae supplementation	Samples from the slaughter	IWS846_59988466_59988466.ab1	/Users/nicholas/Library/CloudStorage/OneDrive-SharedLibraries-Queen'sUniversityBelfast/RUMEN Gateway QUB-Scientific_Consortium - Documents/03_Partners_sequences/QUB/ab1_files/IWS846_59988466_59988466.ab1	TRUE	PRESENT	326220	2024-07-12T14:04:18	UNAVAILABLE	"PermissionError: [Errno 1] Operation not permitted: ""/Users/nicholas/Library/CloudStorage/OneDrive-SharedLibraries-Queen'sUniversityBelfast/RUMEN Gateway QUB-Scientific_Consortium - Documents/03_Partners_sequences/QUB/ab1_files"""
152	MATCHED_SH_PRIMER_BP	155	sh_id,primer,base_pairs,used_bc	1	1			QUB	SH_0158_E6	SH_ID	SH_0158_E6	QUB_0133	QUB_63F_0133	63F	1204	177	Bacteria	GB_GCA_905197905.1	d__Bacteria;p__Pseudomonadota;c__Gammaproteobacteria;o__Burkholderiales;f__Burkholderiaceae;g__Sutterella;s__Sutterella sp905197905	99.1							653	DB_00375	Rumen_Gateway	BSc_Emer	missing_maldi	USED	SH_0158_E6	140	>GEC598	>GEC598_41625980_41625980	06/09/2022	11108091547-1	Tube		20/01/2023	11108264748	F	63F	1204	A1.3 Box3	Dilution_to_extinction	2	BHI	2022	BHI	medium	cream	NR	SH_158			Routine in vitro ruminal fluid	NR	bovine		Cow_3		Slaughter	GEC598_41625980_41625980.ab1	/Users/nicholas/Library/CloudStorage/OneDrive-SharedLibraries-Queen'sUniversityBelfast/RUMEN Gateway QUB-Scientific_Consortium - Documents/03_Partners_sequences/QUB/ab1_files/GEC598_41625980_41625980.ab1	TRUE	PRESENT	346274	2023-01-21T01:20:36	UNAVAILABLE	"PermissionError: [Errno 1] Operation not permitted: ""/Users/nicholas/Library/CloudStorage/OneDrive-SharedLibraries-Queen'sUniversityBelfast/RUMEN Gateway QUB-Scientific_Consortium - Documents/03_Partners_sequences/QUB/ab1_files"""
153	MATCHED_SH_PRIMER_BP	155	sh_id,primer,base_pairs,used_bc	1	1			QUB	SH_0159	SH_ID	SH_0159	QUB_0111	QUB_63F_0111	63F	993	178	Bacteria	GB_GCA_004555055.1	d__Bacteria;p__Bacteroidota;c__Bacteroidia;o__Bacteroidales;f__Bacteroidaceae;g__Alloprevotella;s__Alloprevotella sp004555055	99.1							654	DB_00271	Rumen_Gateway	MSc_Ziming	missing_maldi	USED	SH_0159	94	>GBF597	>GBF597_40875973_40875973	05/08/2022	11108053228-1	Tube		24/08/2022	11108077821	F	63F	993	A1.3 Box3	Dilution_to_extinction	2	M2	2022	M2	big	cream	NR	SH_162			Routine in vitro ruminal fluid	NR	bovine				Slaughter	GBF597_40875973_40875973.ab1	/Users/nicholas/Library/CloudStorage/OneDrive-SharedLibraries-Queen'sUniversityBelfast/RUMEN Gateway QUB-Scientific_Consortium - Documents/03_Partners_sequences/QUB/ab1_files/GBF597_40875973_40875973.ab1	TRUE	PRESENT	321317	2022-08-24T14:18:42	UNAVAILABLE	"PermissionError: [Errno 1] Operation not permitted: ""/Users/nicholas/Library/CloudStorage/OneDrive-SharedLibraries-Queen'sUniversityBelfast/RUMEN Gateway QUB-Scientific_Consortium - Documents/03_Partners_sequences/QUB/ab1_files"""
154	MATCHED_SH_PRIMER_BP	155	sh_id,primer,base_pairs,used_bc	1	1			QUB	SH_0160_M1	SH_ID	SH_0160_M1	QUB_0144	QUB_63F_0144	63F	1123	179	Bacteria	RS_GCF_011387195.1	d__Bacteria;p__Bacillota;c__Bacilli;o__Lactobacillales;f__Streptococcaceae;g__Streptococcus;s__Streptococcus ruminicola	99.7				MWL4			657	DB_00459	Rumen_Gateway	BSc_Malorie		USED	SH_0160_M1	154	>GLE296	>GLE296_43462965_43462965	31/10/2022	11108143158-1	Tube		05/07/2023	11108500492	F	63F	1123	A1.3 Box3	Dilution_to_extinction	2	BHI+RF	2023	BHI+RF	small	brown with grey centre	NR	Enterococcus faecalis			HoloRuminant	NR	bovine	NR	37234	Conventional	12	GLE296_43462965_43462965.ab1	/Users/nicholas/Library/CloudStorage/OneDrive-SharedLibraries-Queen'sUniversityBelfast/RUMEN Gateway QUB-Scientific_Consortium - Documents/03_Partners_sequences/QUB/ab1_files/GLE296_43462965_43462965.ab1	TRUE	PRESENT	320706	2023-07-06T03:10:20	UNAVAILABLE	"PermissionError: [Errno 1] Operation not permitted: ""/Users/nicholas/Library/CloudStorage/OneDrive-SharedLibraries-Queen'sUniversityBelfast/RUMEN Gateway QUB-Scientific_Consortium - Documents/03_Partners_sequences/QUB/ab1_files"""
155	MATCHED_SH_PRIMER_BP	155	sh_id,primer,base_pairs,used_bc	1	1			QUB	SH_0161	SH_ID	SH_0161	QUB_0533	QUB_27F_0533	27F	1195	180	Bacteria	RS_GCF_022427145.1	d__Bacteria;p__Bacillota;c__Bacilli;o__Paenibacillales;f__Paenibacillaceae;g__Fontibacillus;s__Fontibacillus timonensis	98.4							658	DB_01097	Rumen_Gateway	BSc_Malorie	missing_maldi	USED	SH_0161	171	>IWS779	>IWS779_59987797_59987797	19/04/2024	11108875297-1	Tube		16/08/2024	11109029894	F	27F	1195	A1.3 Box3	Dilution_to_extinction	2	BHI+RF	2023	BHI+RF	NR	NR	NR	SH_161			HoloRuminant	NR	bovine	NR	37186	Intensive	12	IWS779_59987797_59987797.ab1	/Users/nicholas/Library/CloudStorage/OneDrive-SharedLibraries-Queen'sUniversityBelfast/RUMEN Gateway QUB-Scientific_Consortium - Documents/03_Partners_sequences/QUB/ab1_files/IWS779_59987797_59987797.ab1	FALSE	MISSING_EXPECTED_FILE			UNAVAILABLE	"PermissionError: [Errno 1] Operation not permitted: ""/Users/nicholas/Library/CloudStorage/OneDrive-SharedLibraries-Queen'sUniversityBelfast/RUMEN Gateway QUB-Scientific_Consortium - Documents/03_Partners_sequences/QUB/ab1_files"""
156	MATCHED_SH_PRIMER_BP	155	sh_id,primer,base_pairs,used_bc	1	1			QUB	SH_0161_M18	SH_ID	SH_0161_M18	QUB_0159	QUB_63F_0159	63F	1116	181	Bacteria	RS_GCF_027568575.1	d__Bacteria;p__Bacillota;c__Bacilli;o__Bacillales_B;f__Caldibacillaceae;g__Caldifermentibacillus;s__Caldifermentibacillus hisashii	99.4							659	DB_00483	Rumen_Gateway	BSc_Malorie	missing_maldi	USED	SH_0161_M18	171	>GLE320	>GLE320_43463207_43463207	31/10/2022	11108143158-1	Tube		05/07/2023	11108500492	F	63F	1116	A1.3 Box3	Dilution_to_extinction	2	BHI+RF	2023	BHI+RF	medium	brown with grey centre	NR	SH_161			HoloRuminant	NR	bovine	NR	37186	Intensive	12	GLE320_43463207_43463207.ab1	/Users/nicholas/Library/CloudStorage/OneDrive-SharedLibraries-Queen'sUniversityBelfast/RUMEN Gateway QUB-Scientific_Consortium - Documents/03_Partners_sequences/QUB/ab1_files/GLE320_43463207_43463207.ab1	TRUE	PRESENT	327887	2023-07-06T03:10:20	UNAVAILABLE	"PermissionError: [Errno 1] Operation not permitted: ""/Users/nicholas/Library/CloudStorage/OneDrive-SharedLibraries-Queen'sUniversityBelfast/RUMEN Gateway QUB-Scientific_Consortium - Documents/03_Partners_sequences/QUB/ab1_files"""
157	MATCHED_SH_PRIMER_BP	155	sh_id,primer,base_pairs,used_bc	1	1			QUB	SH_0162	SH_ID	SH_0162	QUB_0112	QUB_63F_0112	63F	1112	182	Bacteria	RS_GCF_011387195.1	d__Bacteria;p__Bacillota;c__Bacilli;o__Lactobacillales;f__Streptococcaceae;g__Streptococcus;s__Streptococcus ruminicola	99.3							660	DB_00272	Rumen_Gateway	MSc_Ziming	missing_maldi	USED	SH_0162	95	>GBF598	>GBF598_40875980_40875980	05/08/2022	11108053228-1	Tube		24/08/2022	11108077821	F	63F	1112	A1.3 Box3	Dilution_to_extinction	2	M2	2022	M2	big	cream	NR	SH_162			Routine in vitro ruminal fluid	NR	bovine				Slaughter	GBF598_40875980_40875980.ab1	/Users/nicholas/Library/CloudStorage/OneDrive-SharedLibraries-Queen'sUniversityBelfast/RUMEN Gateway QUB-Scientific_Consortium - Documents/03_Partners_sequences/QUB/ab1_files/GBF598_40875980_40875980.ab1	TRUE	PRESENT	320835	2022-08-24T14:18:42	UNAVAILABLE	"PermissionError: [Errno 1] Operation not permitted: ""/Users/nicholas/Library/CloudStorage/OneDrive-SharedLibraries-Queen'sUniversityBelfast/RUMEN Gateway QUB-Scientific_Consortium - Documents/03_Partners_sequences/QUB/ab1_files"""
158	MATCHED_SH_PRIMER_BP	155	sh_id,primer,base_pairs,used_bc	1	1			QUB	SH_0163	SH_ID	SH_0163	QUB_0037	QUB_63F_0037	63F	1127	183	Bacteria	RS_GCF_040632975.1	d__Bacteria;p__Actinomycetota;c__Actinomycetes;o__Streptomycetales;f__Streptomycetaceae;g__Streptomyces;s__Streptomyces sp040632975	98.2				MWL13			661	DB_00076	Rumen_Gateway	MSc_Ziming	missing_maldi	USED	SH_0163	117	>DYG785	>DYG785_26587852_26587852	02/02/2021	11107239059-1	Tube		26/08/2022	11108081181	F	63F	1127	A1.3 Box3	Dilution_to_extinction	2	BHI	2022	BHI	small	white centre	NR	SH_126			Routine in vitro ruminal fluid	NR	bovine				Slaughter	DYG785_26587852_26587852.ab1	/Users/nicholas/Library/CloudStorage/OneDrive-SharedLibraries-Queen'sUniversityBelfast/RUMEN Gateway QUB-Scientific_Consortium - Documents/03_Partners_sequences/QUB/ab1_files/DYG785_26587852_26587852.ab1	TRUE	PRESENT	308348	2022-08-26T16:16:18	UNAVAILABLE	"PermissionError: [Errno 1] Operation not permitted: ""/Users/nicholas/Library/CloudStorage/OneDrive-SharedLibraries-Queen'sUniversityBelfast/RUMEN Gateway QUB-Scientific_Consortium - Documents/03_Partners_sequences/QUB/ab1_files"""
159	MATCHED_SH_PRIMER_BP	155	sh_id,primer,base_pairs,used_bc	1	1			QUB	SH_0164	SH_ID	SH_0164	QUB_0020	QUB_63F_0020	63F	1158	184	Bacteria	RS_GCF_009695655.1	d__Bacteria;p__Bacillota;c__Bacilli;o__Erysipelotrichales;f__Coprobacillaceae;g__Sharpea;s__Sharpea porci	97.3							662	DB_00059	Rumen_Gateway	MSc_Ziming	missing_maldi	USED	SH_0164	61	>DYG768	>DYG768_26587685_26587685	02/02/2021	11107239059-1	Tube		19/07/2022	11108032820	F	63F	1158	A1.3 Box3	Dilution_to_extinction	2	BHI	2022	BHI	small	white	NR	Streptococcus lutetiensis			MASTER_2_FGS	NR	ovine	NR	7064	TMR/Control	Samples from the slaughter	DYG768_26587685_26587685.ab1	/Users/nicholas/Library/CloudStorage/OneDrive-SharedLibraries-Queen'sUniversityBelfast/RUMEN Gateway QUB-Scientific_Consortium - Documents/03_Partners_sequences/QUB/ab1_files/DYG768_26587685_26587685.ab1	TRUE	PRESENT	326099	2022-07-20T08:49:18	UNAVAILABLE	"PermissionError: [Errno 1] Operation not permitted: ""/Users/nicholas/Library/CloudStorage/OneDrive-SharedLibraries-Queen'sUniversityBelfast/RUMEN Gateway QUB-Scientific_Consortium - Documents/03_Partners_sequences/QUB/ab1_files"""
160	MATCHED_SH_PRIMER_BP	155	sh_id,primer,base_pairs,used_bc	1	1			QUB	SH_0165_E1	SH_ID	SH_0165_E1	QUB_0132	QUB_63F_0132	63F	1213	185	Bacteria	RS_GCF_004211955.1	d__Bacteria;p__Pseudomonadota;c__Gammaproteobacteria;o__Enterobacterales;f__Enterobacteriaceae;g__Escherichia;s__Escherichia sp004211955	99.3							663	DB_00374	Rumen_Gateway	BSc_Emer	missing_maldi	USED	SH_0165_E1	135	>GEC597	>GEC597_41625973_41625973	06/09/2022	11108091547-1	Tube		20/01/2023	11108264748	F	63F	1213	A1.3 Box3	Dilution_to_extinction	2	BHI	2022	BHI	small	cream	NR	SH_165			Routine in vitro ruminal fluid	NR	bovine		Cow_1		Slaughter	GEC597_41625973_41625973.ab1	/Users/nicholas/Library/CloudStorage/OneDrive-SharedLibraries-Queen'sUniversityBelfast/RUMEN Gateway QUB-Scientific_Consortium - Documents/03_Partners_sequences/QUB/ab1_files/GEC597_41625973_41625973.ab1	TRUE	PRESENT	342144	2023-01-21T01:20:36	UNAVAILABLE	"PermissionError: [Errno 1] Operation not permitted: ""/Users/nicholas/Library/CloudStorage/OneDrive-SharedLibraries-Queen'sUniversityBelfast/RUMEN Gateway QUB-Scientific_Consortium - Documents/03_Partners_sequences/QUB/ab1_files"""
161	MATCHED_SH_PRIMER_BP	155	sh_id,primer,base_pairs,used_bc	1	1			QUB	SH_0166_J8	SH_ID	SH_0166_J8	QUB_0142	QUB_63F_0142	63F	1223	186	Bacteria	RS_GCF_012844235.1	d__Bacteria;p__Actinomycetota;c__Coriobacteriia;o__Coriobacteriales;f__Atopobiaceae;g__Parafannyhessea;s__Parafannyhessea sp900538935	99.5							664	DB_00391	Rumen_Gateway	BSc_Jordan	Dead	USED	SH_0166_J8	152	>GEC614	>GEC614_41626147_41626147	06/09/2022	11108091547-1	Tube		20/01/2023	11108264748	F	63F	1223	Dead	Dilution_to_extinction	2	BHI	2022	BHI	NR	NR	NR	Dead			Routine in vitro ruminal fluid	NR	bovine		Cow		Slaughter	GEC614_41626147_41626147.ab1	/Users/nicholas/Library/CloudStorage/OneDrive-SharedLibraries-Queen'sUniversityBelfast/RUMEN Gateway QUB-Scientific_Consortium - Documents/03_Partners_sequences/QUB/ab1_files/GEC614_41626147_41626147.ab1	TRUE	PRESENT	318598	2023-01-21T01:20:36	UNAVAILABLE	"PermissionError: [Errno 1] Operation not permitted: ""/Users/nicholas/Library/CloudStorage/OneDrive-SharedLibraries-Queen'sUniversityBelfast/RUMEN Gateway QUB-Scientific_Consortium - Documents/03_Partners_sequences/QUB/ab1_files"""
162	MATCHED_SH_PRIMER_BP	155	sh_id,primer,base_pairs,used_bc	1	1			QUB	SH_0167_M15	SH_ID	SH_0167_M15	QUB_0156	QUB_63F_0156	63F	989	187	Bacteria	GB_GCA_905197905.1	d__Bacteria;p__Pseudomonadota;c__Gammaproteobacteria;o__Burkholderiales;f__Burkholderiaceae;g__Sutterella;s__Sutterella sp905197905	99.6							665	DB_00480	Rumen_Gateway	BSc_Malorie	missing_maldi	USED	SH_0167_M15	168	>GLE317	>GLE317_43463177_43463177	31/10/2022	11108143158-1	Tube		05/07/2023	11108500492	F	63F	989	A1.3 Box4	Dilution_to_extinction	2	BHI+RF	2023	BHI+RF	big	brown with grey centre and transparent edges	NR	SH_167			HoloRuminant	NR	bovine	NR	37186	Intensive	12	GLE317_43463177_43463177.ab1	/Users/nicholas/Library/CloudStorage/OneDrive-SharedLibraries-Queen'sUniversityBelfast/RUMEN Gateway QUB-Scientific_Consortium - Documents/03_Partners_sequences/QUB/ab1_files/GLE317_43463177_43463177.ab1	TRUE	PRESENT	328184	2023-07-06T03:10:20	UNAVAILABLE	"PermissionError: [Errno 1] Operation not permitted: ""/Users/nicholas/Library/CloudStorage/OneDrive-SharedLibraries-Queen'sUniversityBelfast/RUMEN Gateway QUB-Scientific_Consortium - Documents/03_Partners_sequences/QUB/ab1_files"""
163	MATCHED_SH_PRIMER_BP	155	sh_id,primer,base_pairs,used_bc	4	1		row=669|db=DB_00090|short=ELX802|fasta=ELX802_30138026_30138026|primer=1387R|bp=1122|score=105|reasons=sh_id,used_bc; row=670|db=DB_01703|short=JTQ757|fasta=JTQ757_65947570_65947570|primer=27F|bp=1198|score=105|reasons=sh_id,used_bc; row=671|db=DB_01704|short=JTQ758|fasta=JTQ758_65947587_65947587|primer=1492R|bp=1180|score=105|reasons=sh_id,used_bc	QUB	SH_0168	SH_ID	SH_0168	QUB_0048	QUB_63F_0048	63F	1137	188	Bacteria	RS_GCF_011387195.1	d__Bacteria;p__Bacillota;c__Bacilli;o__Lactobacillales;f__Streptococcaceae;g__Streptococcus;s__Streptococcus ruminicola	98.7							666	DB_00089	Rumen_Gateway	BSc_Jnana and Corey	missing_maldi	USED	SH_0168	1	>ELX801	>ELX801_30138019_30138019	01/07/2021	11107492450-1	Tube		02/08/2021	11107538579	F	63F	1137	A1.3 Box4	Dilution_to_extinction	2	BHI	2021	BHI	big	white	NR	SH_168			MASTER_1_FGS	NR	ovine	NR	16951	Control/silage/concentrate(50:50)	Samples from the slaughter	ELX801_30138019_30138019.ab1	/Users/nicholas/Library/CloudStorage/OneDrive-SharedLibraries-Queen'sUniversityBelfast/RUMEN Gateway QUB-Scientific_Consortium - Documents/03_Partners_sequences/QUB/ab1_files/ELX801_30138019_30138019.ab1	TRUE	PRESENT	321987	2021-08-02T09:01:24	UNAVAILABLE	"PermissionError: [Errno 1] Operation not permitted: ""/Users/nicholas/Library/CloudStorage/OneDrive-SharedLibraries-Queen'sUniversityBelfast/RUMEN Gateway QUB-Scientific_Consortium - Documents/03_Partners_sequences/QUB/ab1_files"""
164	MATCHED_SH_PRIMER_BP	155	sh_id,primer,base_pairs,used_bc	1	1			QUB	SH_0169	SH_ID	SH_0169	QUB_0007	QUB_63F_0007	63F	1186	189	Bacteria	RS_GCF_011387195.1	d__Bacteria;p__Bacillota;c__Bacilli;o__Lactobacillales;f__Streptococcaceae;g__Streptococcus;s__Streptococcus ruminicola	98.8							672	DB_00044	Rumen_Gateway	MSc_Ziming	missing_maldi	USED	SH_0169	46	>DYG753	>DYG753_26587531_26587531	02/02/2021	11107239059-1	Tube		19/07/2022	11108032820	F	63F	1186	A1.3 Box4	Dilution_to_extinction	2	M2	2022	M2	medium	cream	NR	SH_164			MASTER_2_FGS	NR	ovine	NR	6973	TMR/High microalgae supplementation	Samples from the slaughter	DYG753_26587531_26587531.ab1	/Users/nicholas/Library/CloudStorage/OneDrive-SharedLibraries-Queen'sUniversityBelfast/RUMEN Gateway QUB-Scientific_Consortium - Documents/03_Partners_sequences/QUB/ab1_files/DYG753_26587531_26587531.ab1	TRUE	PRESENT	330061	2022-07-20T08:49:16	UNAVAILABLE	"PermissionError: [Errno 1] Operation not permitted: ""/Users/nicholas/Library/CloudStorage/OneDrive-SharedLibraries-Queen'sUniversityBelfast/RUMEN Gateway QUB-Scientific_Consortium - Documents/03_Partners_sequences/QUB/ab1_files"""
165	MATCHED_SH_PRIMER_BP	155	sh_id,primer,base_pairs,used_bc	1	1			QUB	SH_0170	SH_ID	SH_0170	QUB_0042	QUB_63F_0042	63F	1125	190	Bacteria	RS_GCF_001592005.1	d__Bacteria;p__Bacillota;c__Bacilli;o__Bacillales;f__Bacillaceae;g__Bacillus;s__Bacillus sonorensis	99.6							673	DB_00083	Rumen_Gateway	MSc_Ziming	missing_maldi	USED	SH_0170	124	>DYG792	>DYG792_26587920_26587920	02/02/2021	11107239059-1	Tube		26/08/2022	11108081181	F	63F	1125	A1.3 Box4	Dilution_to_extinction	2	BHI	2022	M2	NR	grey	NR	SH_174			Routine in vitro ruminal fluid	NR	bovine				Slaughter	DYG792_26587920_26587920.ab1	/Users/nicholas/Library/CloudStorage/OneDrive-SharedLibraries-Queen'sUniversityBelfast/RUMEN Gateway QUB-Scientific_Consortium - Documents/03_Partners_sequences/QUB/ab1_files/DYG792_26587920_26587920.ab1	TRUE	PRESENT	308402	2022-08-26T16:16:18	UNAVAILABLE	"PermissionError: [Errno 1] Operation not permitted: ""/Users/nicholas/Library/CloudStorage/OneDrive-SharedLibraries-Queen'sUniversityBelfast/RUMEN Gateway QUB-Scientific_Consortium - Documents/03_Partners_sequences/QUB/ab1_files"""
166	MATCHED_SH_PRIMER_BP	155	sh_id,primer,base_pairs,used_bc	1	1			QUB	SH_0171_E9	SH_ID	SH_0171_E9	QUB_0136	QUB_63F_0136	63F	1136	191	Bacteria	RS_GCF_004211955.1	d__Bacteria;p__Pseudomonadota;c__Gammaproteobacteria;o__Enterobacterales;f__Enterobacteriaceae;g__Escherichia;s__Escherichia sp004211955	99.5							674	DB_00379	Rumen_Gateway	BSc_Emer	missing_maldi	USED	SH_0171_E9	143	>GEC602	>GEC602_41626024_41626024	06/09/2022	11108091547-1	Tube		20/01/2023	11108264748	F	63F	1136	A1.3 Box4	Dilution_to_extinction	2	BHI	2022	BHI	NR	NR	NR	Escherichia coli			Routine in vitro ruminal fluid	NR	bovine		Cow_2		Slaughter	GEC602_41626024_41626024.ab1	/Users/nicholas/Library/CloudStorage/OneDrive-SharedLibraries-Queen'sUniversityBelfast/RUMEN Gateway QUB-Scientific_Consortium - Documents/03_Partners_sequences/QUB/ab1_files/GEC602_41626024_41626024.ab1	TRUE	PRESENT	350113	2023-01-21T01:20:36	UNAVAILABLE	"PermissionError: [Errno 1] Operation not permitted: ""/Users/nicholas/Library/CloudStorage/OneDrive-SharedLibraries-Queen'sUniversityBelfast/RUMEN Gateway QUB-Scientific_Consortium - Documents/03_Partners_sequences/QUB/ab1_files"""
167	MATCHED_SH_PRIMER_BP	155	sh_id,primer,base_pairs,used_bc	1	1			QUB	SH_0172_J2	SH_ID	SH_0172_J2	QUB_0140	QUB_63F_0140	63F	1178	192	Bacteria	RS_GCF_000011645.1	d__Bacteria;p__Bacillota;c__Bacilli;o__Bacillales;f__Bacillaceae;g__Bacillus;s__Bacillus licheniformis	99.4							675	DB_00386	Rumen_Gateway	BSc_Jordan	missing_maldi	USED	SH_0172_J2	146	>GEC609	>GEC609_41626093_41626093	06/09/2022	11108091547-1	Tube		20/01/2023	11108264748	F	63F	1178	A1.3 Box4	Dilution_to_extinction	2	BHI	2022	BHI	NR	NR	NR	SH_69			Routine in vitro ruminal fluid	NR	bovine		Cow		Slaughter	GEC609_41626093_41626093.ab1	/Users/nicholas/Library/CloudStorage/OneDrive-SharedLibraries-Queen'sUniversityBelfast/RUMEN Gateway QUB-Scientific_Consortium - Documents/03_Partners_sequences/QUB/ab1_files/GEC609_41626093_41626093.ab1	TRUE	PRESENT	315454	2023-01-21T01:20:36	UNAVAILABLE	"PermissionError: [Errno 1] Operation not permitted: ""/Users/nicholas/Library/CloudStorage/OneDrive-SharedLibraries-Queen'sUniversityBelfast/RUMEN Gateway QUB-Scientific_Consortium - Documents/03_Partners_sequences/QUB/ab1_files"""
168	MATCHED_SH_PRIMER_BP	155	sh_id,primer,base_pairs,used_bc	1	1			QUB	SH_0173	SH_ID	SH_0173	QUB_0193	QUB_27F_0193	27F	799	193	Bacteria	RS_GCF_000160755.1	d__Bacteria;p__Pseudomonadota;c__Gammaproteobacteria;o__Enterobacterales;f__Enterobacteriaceae;g__Proteus;s__Proteus mirabilis	99.9							676	DB_00667	Rumen_Gateway	BSc_Maria and Jack	missing_maldi	USED	SH_0173	13	>IPO339_B12	>IPO339_58123394_B12	2024-01-03 00:00:00	11108725344-1	Plate		2024-04-29 00:00:00	11108886591	F	27F	799	A1.3 Box4	Dilution_to_extinction	2	BHI	2021	BHI	NR	NR	NR	SH_173			MASTER_1_FGS	NR	ovine	NR	NR	Medium/silage/concentrate(50:50)+microalgae	Samples from the slaughter	IPO339_58123394_B12.ab1	/Users/nicholas/Library/CloudStorage/OneDrive-SharedLibraries-Queen'sUniversityBelfast/RUMEN Gateway QUB-Scientific_Consortium - Documents/03_Partners_sequences/QUB/ab1_files/IPO339_58123394_B12.ab1	TRUE	PRESENT	327107	2024-04-29T09:44:10	UNAVAILABLE	"PermissionError: [Errno 1] Operation not permitted: ""/Users/nicholas/Library/CloudStorage/OneDrive-SharedLibraries-Queen'sUniversityBelfast/RUMEN Gateway QUB-Scientific_Consortium - Documents/03_Partners_sequences/QUB/ab1_files"""
169	MATCHED_SH_PRIMER_BP	155	sh_id,primer,base_pairs,used_bc	1	1			QUB	SH_0174	SH_ID	SH_0174	QUB_0044	QUB_63F_0044	63F	1112	194	Bacteria	RS_GCF_001592005.1	d__Bacteria;p__Bacillota;c__Bacilli;o__Bacillales;f__Bacillaceae;g__Bacillus;s__Bacillus sonorensis	98.9							677	DB_00085	Rumen_Gateway	MSc_Ziming	missing_maldi	USED	SH_0174	126	>DYG794	>DYG794_26587944_26587944	02/02/2021	11107239059-1	Tube		26/08/2022	11108081181	F	63F	1112	A1.3 Box4	Dilution_to_extinction	2	BHI	2022	M2	NR	white centre	NR	SH_174			Routine in vitro ruminal fluid	NR	bovine				Slaughter	DYG794_26587944_26587944.ab1	/Users/nicholas/Library/CloudStorage/OneDrive-SharedLibraries-Queen'sUniversityBelfast/RUMEN Gateway QUB-Scientific_Consortium - Documents/03_Partners_sequences/QUB/ab1_files/DYG794_26587944_26587944.ab1	TRUE	PRESENT	306629	2022-08-26T16:16:18	UNAVAILABLE	"PermissionError: [Errno 1] Operation not permitted: ""/Users/nicholas/Library/CloudStorage/OneDrive-SharedLibraries-Queen'sUniversityBelfast/RUMEN Gateway QUB-Scientific_Consortium - Documents/03_Partners_sequences/QUB/ab1_files"""
170	MATCHED_SH_PRIMER_BP	155	sh_id,primer,base_pairs,used_bc	1	1			QUB	SH_0175_M17	SH_ID	SH_0175_M17	QUB_0160	QUB_63F_0160	63F	1162	195	Bacteria	GB_GCA_021733645.1	d__Bacteria;p__Pseudomonadota;c__Gammaproteobacteria;o__Xanthomonadales;f__Xanthomonadaceae;g__Stenotrophomonas;s__Stenotrophomonas sp021733645	99.3							678	DB_00484	Rumen_Gateway	BSc_Malorie	Dead	USED	SH_0175_M17	170	>GLE321	>GLE321_43463214_43463214	31/10/2022	11108143158-1	Tube		05/07/2023	11108500492	F	63F	1162	Dead	Dilution_to_extinction	2	BHI+RF	2023	BHI+RF	pinpoint	brown	NR	Dead			HoloRuminant	NR	bovine	NR	37186	Intensive	12	GLE321_43463214_43463214.ab1	/Users/nicholas/Library/CloudStorage/OneDrive-SharedLibraries-Queen'sUniversityBelfast/RUMEN Gateway QUB-Scientific_Consortium - Documents/03_Partners_sequences/QUB/ab1_files/GLE321_43463214_43463214.ab1	TRUE	PRESENT	328731	2023-07-06T03:10:20	UNAVAILABLE	"PermissionError: [Errno 1] Operation not permitted: ""/Users/nicholas/Library/CloudStorage/OneDrive-SharedLibraries-Queen'sUniversityBelfast/RUMEN Gateway QUB-Scientific_Consortium - Documents/03_Partners_sequences/QUB/ab1_files"""
171	MATCHED_SH_PRIMER_BP	155	sh_id,primer,base_pairs,used_bc	1	1			QUB	SH_0176_J7	SH_ID	SH_0176_J7	QUB_0141	QUB_63F_0141	63F	1193	196	Bacteria	RS_GCF_000011645.1	d__Bacteria;p__Bacillota;c__Bacilli;o__Bacillales;f__Bacillaceae;g__Bacillus;s__Bacillus licheniformis	98.5							682	DB_00388	Rumen_Gateway	BSc_Jordan	kl_doesnthavereport	USED	SH_0176_J7	151	>GEC611	>GEC611_41626116_41626116	06/09/2022	11108091547-1	Tube		20/01/2023	11108264748	F	63F	1193	A1.3 Box4	Dilution_to_extinction	2	BHI	2022	BHI	NR	NR	NR	SH_176			Routine in vitro ruminal fluid	NR	bovine		Cow		Slaughter	GEC611_41626116_41626116.ab1	/Users/nicholas/Library/CloudStorage/OneDrive-SharedLibraries-Queen'sUniversityBelfast/RUMEN Gateway QUB-Scientific_Consortium - Documents/03_Partners_sequences/QUB/ab1_files/GEC611_41626116_41626116.ab1	TRUE	PRESENT	319923	2023-01-21T01:20:36	UNAVAILABLE	"PermissionError: [Errno 1] Operation not permitted: ""/Users/nicholas/Library/CloudStorage/OneDrive-SharedLibraries-Queen'sUniversityBelfast/RUMEN Gateway QUB-Scientific_Consortium - Documents/03_Partners_sequences/QUB/ab1_files"""
172	MATCHED_SH_PRIMER_BP	155	sh_id,primer,base_pairs,used_bc	3	1		row=706|db=DB_00091|short=ELX803|fasta=ELX803_30138033_30138033|primer=63F|bp=18|score=105|reasons=sh_id,used_bc; row=707|db=DB_00092|short=ELX804|fasta=ELX804_30138040_30138040|primer=1387R|bp=1|score=105|reasons=sh_id,used_bc	QUB	SH_0249	SH_ID	SH_0249	QUB_0595	QUB_27F_0595	27F	1190	197	Bacteria	RS_GCF_011387195.1	d__Bacteria;p__Bacillota;c__Bacilli;o__Lactobacillales;f__Streptococcaceae;g__Streptococcus;s__Streptococcus ruminicola	99.7							708	DB_01176	Rumen_Gateway	BSc_Jnana and Corey	missing_maldi	USED	SH_0249	2	>IWS858	>IWS858_59988589_59988589	19/04/2024	11108875297-1	Tube		12/07/2024	11108986368	F	27F	1190	B1.1 Box 1	Dilution_to_extinction	2	BHI	2021	M2	big	white cream	NR	SH_164			MASTER_1_FGS	NR	ovine	NR	16361	Control/silage/concentrate(50:50)	Samples from the slaughter	IWS858_59988589_59988589.ab1	/Users/nicholas/Library/CloudStorage/OneDrive-SharedLibraries-Queen'sUniversityBelfast/RUMEN Gateway QUB-Scientific_Consortium - Documents/03_Partners_sequences/QUB/ab1_files/IWS858_59988589_59988589.ab1	TRUE	PRESENT	316908	2024-07-12T14:04:20	UNAVAILABLE	"PermissionError: [Errno 1] Operation not permitted: ""/Users/nicholas/Library/CloudStorage/OneDrive-SharedLibraries-Queen'sUniversityBelfast/RUMEN Gateway QUB-Scientific_Consortium - Documents/03_Partners_sequences/QUB/ab1_files"""
173	MATCHED_SH_PRIMER_BP	155	sh_id,primer,base_pairs,used_bc	3	1		row=710|db=DB_00463|short=GLE300|fasta=GLE300_43463009_43463009|primer=63F|bp=1214|score=130|reasons=sh_id,primer,used_bc; row=711|db=DB_01175|short=IWS857|fasta=IWS857_59988572_59988572|primer=27F|bp=1165|score=105|reasons=sh_id,used_bc	QUB	SH_0249.1	SH_ID	SH_0249.1	QUB_0145	QUB_63F_0145	63F	1176	198	Bacteria	RS_GCF_000011645.1	d__Bacteria;p__Bacillota;c__Bacilli;o__Bacillales;f__Bacillaceae;g__Bacillus;s__Bacillus licheniformis	98.2							709	DB_00462	Rumen_Gateway	PhD_Izabella, Renata 2023	missing_maldi_missingScientificID	USED	SH_0249.1	2	>GLE299	>GLE299_43462996_43462996	31/10/2022	11108143158-1	Tube		10/05/2023	11108424650	F	63F	1176	B1.1 Box 1	Dilution_to_extinction	2	BHI	2021	M2	big	white cream	NR	SH_164			MASTER_1_FGS	NR	ovine	NR	16361	Control/silage/concentrate(50:50)	Samples from the slaughter	GLE299_43462996_43462996.ab1	/Users/nicholas/Library/CloudStorage/OneDrive-SharedLibraries-Queen'sUniversityBelfast/RUMEN Gateway QUB-Scientific_Consortium - Documents/03_Partners_sequences/QUB/ab1_files/GLE299_43462996_43462996.ab1	TRUE	PRESENT	338473	2023-05-10T09:36:52	UNAVAILABLE	"PermissionError: [Errno 1] Operation not permitted: ""/Users/nicholas/Library/CloudStorage/OneDrive-SharedLibraries-Queen'sUniversityBelfast/RUMEN Gateway QUB-Scientific_Consortium - Documents/03_Partners_sequences/QUB/ab1_files"""
174	MATCHED_SH_PRIMER_BP	155	sh_id,primer,base_pairs,used_bc	3	1		row=709|db=DB_00462|short=GLE299|fasta=GLE299_43462996_43462996|primer=63F|bp=1176|score=130|reasons=sh_id,primer,used_bc; row=711|db=DB_01175|short=IWS857|fasta=IWS857_59988572_59988572|primer=27F|bp=1165|score=105|reasons=sh_id,used_bc	QUB	SH_0249.1	SH_ID	SH_0249.1	QUB_0146	QUB_63F_0146	63F	1214	199	Bacteria	RS_GCF_000741295.1	d__Bacteria;p__Actinomycetota;c__Actinomycetes;o__Actinomycetales;f__Bifidobacteriaceae;g__Bifidobacterium;s__Bifidobacterium globosum	99.3							710	DB_00463	Rumen_Gateway	PhD_Izabella, Renata 2023	missing_maldi_missingScientificID	USED	SH_0249.1	2.1	>GLE300	>GLE300_43463009_43463009	31/10/2022	11108143158-1	Tube		10/05/2023	11108424650	F	63F	1214	B1.1 Box 1	Dilution_to_extinction	2	BHI	2021	M2	small	white cream	NR	SH_164			MASTER_1_FGS	NR	ovine	NR	16361	Control/silage/concentrate(50:50)	Samples from the slaughter	GLE300_43463009_43463009.ab1	/Users/nicholas/Library/CloudStorage/OneDrive-SharedLibraries-Queen'sUniversityBelfast/RUMEN Gateway QUB-Scientific_Consortium - Documents/03_Partners_sequences/QUB/ab1_files/GLE300_43463009_43463009.ab1	TRUE	PRESENT	316858	2023-05-10T09:36:54	UNAVAILABLE	"PermissionError: [Errno 1] Operation not permitted: ""/Users/nicholas/Library/CloudStorage/OneDrive-SharedLibraries-Queen'sUniversityBelfast/RUMEN Gateway QUB-Scientific_Consortium - Documents/03_Partners_sequences/QUB/ab1_files"""
175	MATCHED_SH_PRIMER_BP	155	sh_id,primer,base_pairs,used_bc	3	1		row=709|db=DB_00462|short=GLE299|fasta=GLE299_43462996_43462996|primer=63F|bp=1176|score=105|reasons=sh_id,used_bc; row=710|db=DB_00463|short=GLE300|fasta=GLE300_43463009_43463009|primer=63F|bp=1214|score=105|reasons=sh_id,used_bc	QUB	SH_0249.1	SH_ID	SH_0249.1	QUB_0594	QUB_27F_0594	27F	1165	200	Bacteria	RS_GCF_011387195.1	d__Bacteria;p__Bacillota;c__Bacilli;o__Lactobacillales;f__Streptococcaceae;g__Streptococcus;s__Streptococcus ruminicola	99.6							711	DB_01175	Rumen_Gateway	PhD_Izabella, Renata 2023	missing_maldi	USED	SH_0249.1	2.1	>IWS857	>IWS857_59988572_59988572	19/04/2024	11108875297-1	Tube		12/07/2024	11108986368	F	27F	1165	B1.1 Box 1	Dilution_to_extinction	2	BHI	2021	M2	small	white cream	NR	SH_164			MASTER_1_FGS	NR	ovine	NR	16361	Control/silage/concentrate(50:50)	Samples from the slaughter	IWS857_59988572_59988572.ab1	/Users/nicholas/Library/CloudStorage/OneDrive-SharedLibraries-Queen'sUniversityBelfast/RUMEN Gateway QUB-Scientific_Consortium - Documents/03_Partners_sequences/QUB/ab1_files/IWS857_59988572_59988572.ab1	TRUE	PRESENT	330856	2024-07-12T14:04:20	UNAVAILABLE	"PermissionError: [Errno 1] Operation not permitted: ""/Users/nicholas/Library/CloudStorage/OneDrive-SharedLibraries-Queen'sUniversityBelfast/RUMEN Gateway QUB-Scientific_Consortium - Documents/03_Partners_sequences/QUB/ab1_files"""
176	MATCHED_SH_PRIMER_BP	155	sh_id,primer,base_pairs,used_bc	2	1		row=713|db=DB_01169|short=IWS851|fasta=IWS851_59988510_59988510|primer=27F|bp=1187|score=105|reasons=sh_id,used_bc	QUB	SH_0250	SH_ID	SH_0250	QUB_0149	QUB_63F_0149	63F	1189	201	Bacteria	RS_GCF_011387195.1	d__Bacteria;p__Bacillota;c__Bacilli;o__Lactobacillales;f__Streptococcaceae;g__Streptococcus;s__Streptococcus ruminicola	99.5							712	DB_00466	Rumen_Gateway	PhD_Izabella, Renata 2023	missing_maldi_missingScientificID	USED	SH_0250	16	>GLE303	>GLE303_43463030_43463030	31/10/2022	11108143158-1	Tube		10/05/2023	11108424650	F	63F	1189	B1.1 Box 1	Dilution_to_extinction	2	PC	2021	M2	big	white	NR	SH_164			MASTER_1_FGS	NR	ovine	NR	16361	Control/silage/concentrate(50:50)	Samples from the slaughter	GLE303_43463030_43463030.ab1	/Users/nicholas/Library/CloudStorage/OneDrive-SharedLibraries-Queen'sUniversityBelfast/RUMEN Gateway QUB-Scientific_Consortium - Documents/03_Partners_sequences/QUB/ab1_files/GLE303_43463030_43463030.ab1	TRUE	PRESENT	313557	2023-05-10T09:36:54	UNAVAILABLE	"PermissionError: [Errno 1] Operation not permitted: ""/Users/nicholas/Library/CloudStorage/OneDrive-SharedLibraries-Queen'sUniversityBelfast/RUMEN Gateway QUB-Scientific_Consortium - Documents/03_Partners_sequences/QUB/ab1_files"""
177	MATCHED_SH_PRIMER_BP	155	sh_id,primer,base_pairs,used_bc	2	1		row=712|db=DB_00466|short=GLE303|fasta=GLE303_43463030_43463030|primer=63F|bp=1189|score=105|reasons=sh_id,used_bc	QUB	SH_0250	SH_ID	SH_0250	QUB_0589	QUB_27F_0589	27F	1187	202	Bacteria	RS_GCF_011387195.1	d__Bacteria;p__Bacillota;c__Bacilli;o__Lactobacillales;f__Streptococcaceae;g__Streptococcus;s__Streptococcus ruminicola	99.3							713	DB_01169	Rumen_Gateway	PhD_Izabella, Renata 2023	missing_maldi	USED	SH_0250	16	>IWS851	>IWS851_59988510_59988510	19/04/2024	11108875297-1	Tube		12/07/2024	11108986368	F	27F	1187	B1.1 Box 1	Dilution_to_extinction	2	PC	2021	M2	big	white	NR	SH_164			MASTER_1_FGS	NR	ovine	NR	16361	Control/silage/concentrate(50:50)	Samples from the slaughter	IWS851_59988510_59988510.ab1	/Users/nicholas/Library/CloudStorage/OneDrive-SharedLibraries-Queen'sUniversityBelfast/RUMEN Gateway QUB-Scientific_Consortium - Documents/03_Partners_sequences/QUB/ab1_files/IWS851_59988510_59988510.ab1	TRUE	PRESENT	333573	2024-07-12T14:04:18	UNAVAILABLE	"PermissionError: [Errno 1] Operation not permitted: ""/Users/nicholas/Library/CloudStorage/OneDrive-SharedLibraries-Queen'sUniversityBelfast/RUMEN Gateway QUB-Scientific_Consortium - Documents/03_Partners_sequences/QUB/ab1_files"""
178	MATCHED_SH_PRIMER_BP	155	sh_id,primer,base_pairs,used_bc	1	1			QUB	SH_0250.1	SH_ID	SH_0250.1	QUB_0588	QUB_27F_0588	27F	1212	203	Bacteria	RS_GCF_011387195.1	d__Bacteria;p__Bacillota;c__Bacilli;o__Lactobacillales;f__Streptococcaceae;g__Streptococcus;s__Streptococcus ruminicola	99.5							714	DB_01168	Rumen_Gateway	BSc_Jnana and Corey	missing_maldi	USED	SH_0250.1	16.1	>IWS850	>IWS850_59988503_59988503	19/04/2024	11108875297-1	Tube		12/07/2024	11108986368	F	27F	1212	B1.1 Box 1	Dilution_to_extinction	2	PC	2021	M2	big	white	NR	SH_164			MASTER_1_FGS	NR	ovine	NR	16361	Control/silage/concentrate(50:50)	Samples from the slaughter	IWS850_59988503_59988503.ab1	/Users/nicholas/Library/CloudStorage/OneDrive-SharedLibraries-Queen'sUniversityBelfast/RUMEN Gateway QUB-Scientific_Consortium - Documents/03_Partners_sequences/QUB/ab1_files/IWS850_59988503_59988503.ab1	TRUE	PRESENT	332781	2024-07-12T14:04:18	UNAVAILABLE	"PermissionError: [Errno 1] Operation not permitted: ""/Users/nicholas/Library/CloudStorage/OneDrive-SharedLibraries-Queen'sUniversityBelfast/RUMEN Gateway QUB-Scientific_Consortium - Documents/03_Partners_sequences/QUB/ab1_files"""
179	MATCHED_SH_PRIMER_BP	155	sh_id,primer,base_pairs,used_bc	4	1		row=715|db=DB_00148|short=ELX855|fasta=ELX855_30138552_30138552|primer=63F|bp=18|score=130|reasons=sh_id,primer,used_bc; row=718|db=DB_00149|short=ELX856|fasta=ELX856_30138569_30138569|primer=1387R|bp=25|score=105|reasons=sh_id,used_bc; row=720|db=DB_01167|short=IWS849|fasta=IWS849_59988497_59988497|primer=27F|bp=1191|score=105|reasons=sh_id,used_bc	QUB	SH_0251	SH_ID	SH_0251	QUB_0150	QUB_63F_0150	63F	1173	204	Bacteria	RS_GCF_011387195.1	d__Bacteria;p__Bacillota;c__Bacilli;o__Lactobacillales;f__Streptococcaceae;g__Streptococcus;s__Streptococcus ruminicola	99.3							719	DB_00467	Rumen_Gateway	PhD_Izabella, Renata 2023	missing_maldi_missingScientificID	USED	SH_0251	28	>GLE304	>GLE304_43463047_43463047	31/10/2022	11108143158-1	Tube		10/05/2023	11108424650	F	63F	1173	B1.1 Box 1	Dilution_to_extinction	2	BHI+RF	2021	M2	medium	White cream	NR	SH_003			MASTER_1_FGS	NR	ovine	NR	16361	Control/silage/concentrate(50:50)	Samples from the slaughter	GLE304_43463047_43463047.ab1	/Users/nicholas/Library/CloudStorage/OneDrive-SharedLibraries-Queen'sUniversityBelfast/RUMEN Gateway QUB-Scientific_Consortium - Documents/03_Partners_sequences/QUB/ab1_files/GLE304_43463047_43463047.ab1	TRUE	PRESENT	311995	2023-05-10T09:36:54	UNAVAILABLE	"PermissionError: [Errno 1] Operation not permitted: ""/Users/nicholas/Library/CloudStorage/OneDrive-SharedLibraries-Queen'sUniversityBelfast/RUMEN Gateway QUB-Scientific_Consortium - Documents/03_Partners_sequences/QUB/ab1_files"""
180	MATCHED_SH_PRIMER_BP	155	sh_id,primer,base_pairs,used_bc	4	1		row=715|db=DB_00148|short=ELX855|fasta=ELX855_30138552_30138552|primer=63F|bp=18|score=105|reasons=sh_id,used_bc; row=718|db=DB_00149|short=ELX856|fasta=ELX856_30138569_30138569|primer=1387R|bp=25|score=105|reasons=sh_id,used_bc; row=719|db=DB_00467|short=GLE304|fasta=GLE304_43463047_43463047|primer=63F|bp=1173|score=105|reasons=sh_id,used_bc	QUB	SH_0251	SH_ID	SH_0251	QUB_0587	QUB_27F_0587	27F	1191	205	Bacteria	RS_GCF_011387195.1	d__Bacteria;p__Bacillota;c__Bacilli;o__Lactobacillales;f__Streptococcaceae;g__Streptococcus;s__Streptococcus ruminicola	99.5							720	DB_01167	Rumen_Gateway	PhD_Izabella, Renata 2023	missing_maldi	USED	SH_0251	28	>IWS849	>IWS849_59988497_59988497	19/04/2024	11108875297-1	Tube		12/07/2024	11108986368	F	27F	1191	B1.1 Box 1	Dilution_to_extinction	2	BHI+RF	2021	M2	medium	White cream	NR	SH_003			MASTER_1_FGS	NR	ovine	NR	16361	Control/silage/concentrate(50:50)	Samples from the slaughter	IWS849_59988497_59988497.ab1	/Users/nicholas/Library/CloudStorage/OneDrive-SharedLibraries-Queen'sUniversityBelfast/RUMEN Gateway QUB-Scientific_Consortium - Documents/03_Partners_sequences/QUB/ab1_files/IWS849_59988497_59988497.ab1	TRUE	PRESENT	339939	2024-07-12T14:04:18	UNAVAILABLE	"PermissionError: [Errno 1] Operation not permitted: ""/Users/nicholas/Library/CloudStorage/OneDrive-SharedLibraries-Queen'sUniversityBelfast/RUMEN Gateway QUB-Scientific_Consortium - Documents/03_Partners_sequences/QUB/ab1_files"""
181	MATCHED_SH_PRIMER_BP	155	sh_id,primer,base_pairs,used_bc	1	1			QUB	SH_0251.1	SH_ID	SH_0251.1	QUB_0586	QUB_27F_0586	27F	1261	206	Bacteria	RS_GCF_900187165.1	d__Bacteria;p__Bacillota;c__Clostridia;o__Clostridiales;f__Clostridiaceae;g__Clostridium_G;s__Clostridium_G cochlearium	99.5							721	DB_01166	Rumen_Gateway	PhD_Izabella, Renata 2023	missing_maldi	USED	SH_0251.1	28.1	>IWS848	>IWS848_59988480_59988480	19/04/2024	11108875297-1	Tube		12/07/2024	11108986368	F	27F	1261	B1.1 Box 1	Dilution_to_extinction	2	BHI+RF	2021	M2	medium	White cream	NR	SH_124			MASTER_1_FGS	NR	ovine	NR	16361	Control/silage/concentrate(50:50)	Samples from the slaughter	IWS848_59988480_59988480.ab1	/Users/nicholas/Library/CloudStorage/OneDrive-SharedLibraries-Queen'sUniversityBelfast/RUMEN Gateway QUB-Scientific_Consortium - Documents/03_Partners_sequences/QUB/ab1_files/IWS848_59988480_59988480.ab1	TRUE	PRESENT	326437	2024-07-12T14:04:18	UNAVAILABLE	"PermissionError: [Errno 1] Operation not permitted: ""/Users/nicholas/Library/CloudStorage/OneDrive-SharedLibraries-Queen'sUniversityBelfast/RUMEN Gateway QUB-Scientific_Consortium - Documents/03_Partners_sequences/QUB/ab1_files"""
182	MATCHED_SH_PRIMER_BP	155	sh_id,primer,base_pairs,used_bc	2	1		row=723|db=DB_01165|short=IWS847|fasta=IWS847_59988473_59988473|primer=27F|bp=1193|score=105|reasons=sh_id,used_bc	QUB	SH_0252	SH_ID	SH_0252	QUB_0151	QUB_63F_0151	63F	1241	207	Bacteria	RS_GCF_900187165.1	d__Bacteria;p__Bacillota;c__Clostridia;o__Clostridiales;f__Clostridiaceae;g__Clostridium_G;s__Clostridium_G cochlearium	99.3				MWL4			722	DB_00468	Rumen_Gateway	PhD_Izabella, Renata 2023	missing_maldi_missingScientificID	USED	SH_0252	31	>GLE305	>GLE305_43463054_43463054	31/10/2022	11108143158-1	Tube		10/05/2023	11108424650	F	63F	1241	B1.1 Box 1	Dilution_to_extinction	2	M2	2021	M2	small	white cream	NR	Unknown			MASTER_1_FGS	NR	ovine	NR	15935	Control/silage/concentrate(50:50)	Samples from the slaughter	GLE305_43463054_43463054.ab1	/Users/nicholas/Library/CloudStorage/OneDrive-SharedLibraries-Queen'sUniversityBelfast/RUMEN Gateway QUB-Scientific_Consortium - Documents/03_Partners_sequences/QUB/ab1_files/GLE305_43463054_43463054.ab1	TRUE	PRESENT	342880	2023-05-10T09:36:54	UNAVAILABLE	"PermissionError: [Errno 1] Operation not permitted: ""/Users/nicholas/Library/CloudStorage/OneDrive-SharedLibraries-Queen'sUniversityBelfast/RUMEN Gateway QUB-Scientific_Consortium - Documents/03_Partners_sequences/QUB/ab1_files"""
183	MATCHED_SH_PRIMER_BP	155	sh_id,primer,base_pairs,used_bc	2	1		row=722|db=DB_00468|short=GLE305|fasta=GLE305_43463054_43463054|primer=63F|bp=1241|score=105|reasons=sh_id,used_bc	QUB	SH_0252	SH_ID	SH_0252	QUB_0585	QUB_27F_0585	27F	1193	208	Bacteria	RS_GCF_011387195.1	d__Bacteria;p__Bacillota;c__Bacilli;o__Lactobacillales;f__Streptococcaceae;g__Streptococcus;s__Streptococcus ruminicola	99.7				MWL4			723	DB_01165	Rumen_Gateway	PhD_Izabella, Renata 2023	missing_maldi	USED	SH_0252	31	>IWS847	>IWS847_59988473_59988473	19/04/2024	11108875297-1	Tube		12/07/2024	11108986368	F	27F	1193	B1.1 Box 1	Dilution_to_extinction	2	M2	2021	M2	big	cream	NR	Unknown			MASTER_1_FGS	NR	ovine	NR	15935	Control/silage/concentrate(50:50)	Samples from the slaughter	IWS847_59988473_59988473.ab1	/Users/nicholas/Library/CloudStorage/OneDrive-SharedLibraries-Queen'sUniversityBelfast/RUMEN Gateway QUB-Scientific_Consortium - Documents/03_Partners_sequences/QUB/ab1_files/IWS847_59988473_59988473.ab1	TRUE	PRESENT	328023	2024-07-12T14:04:18	UNAVAILABLE	"PermissionError: [Errno 1] Operation not permitted: ""/Users/nicholas/Library/CloudStorage/OneDrive-SharedLibraries-Queen'sUniversityBelfast/RUMEN Gateway QUB-Scientific_Consortium - Documents/03_Partners_sequences/QUB/ab1_files"""
184	MATCHED_SH_PRIMER_BP	155	sh_id,primer,base_pairs,used_bc	2	1		row=725|db=DB_01163|short=IWS845|fasta=IWS845_59988459_59988459|primer=27F|bp=1179|score=105|reasons=sh_id,used_bc	QUB	SH_0252.1	SH_ID	SH_0252.1	QUB_0152	QUB_63F_0152	63F	1156	209	Bacteria	RS_GCF_012844235.1	d__Bacteria;p__Actinomycetota;c__Coriobacteriia;o__Coriobacteriales;f__Atopobiaceae;g__Parafannyhessea;s__Parafannyhessea sp900538935	99							724	DB_00469	Rumen_Gateway	PhD_Izabella, Renata 2023	missing_maldi_missingScientificID	USED	SH_0252.1	31.1	>GLE306	>GLE306_43463061_43463061	31/10/2022	11108143158-1	Tube		10/05/2023	11108424650	F	63F	1156	B1.1 Box 1	Dilution_to_extinction	2	M2	2021	M2	big	cream	NR	Unknown			MASTER_1_FGS	NR	ovine	NR	15935	Control/silage/concentrate(50:50)	Samples from the slaughter	GLE306_43463061_43463061.ab1	/Users/nicholas/Library/CloudStorage/OneDrive-SharedLibraries-Queen'sUniversityBelfast/RUMEN Gateway QUB-Scientific_Consortium - Documents/03_Partners_sequences/QUB/ab1_files/GLE306_43463061_43463061.ab1	TRUE	PRESENT	327469	2023-05-10T09:36:54	UNAVAILABLE	"PermissionError: [Errno 1] Operation not permitted: ""/Users/nicholas/Library/CloudStorage/OneDrive-SharedLibraries-Queen'sUniversityBelfast/RUMEN Gateway QUB-Scientific_Consortium - Documents/03_Partners_sequences/QUB/ab1_files"""
185	MATCHED_SH_PRIMER_BP	155	sh_id,primer,base_pairs,used_bc	2	1		row=724|db=DB_00469|short=GLE306|fasta=GLE306_43463061_43463061|primer=63F|bp=1156|score=105|reasons=sh_id,used_bc	QUB	SH_0252.1	SH_ID	SH_0252.1	QUB_0583	QUB_27F_0583	27F	1179	210	Bacteria	RS_GCF_000741295.1	d__Bacteria;p__Actinomycetota;c__Actinomycetes;o__Actinomycetales;f__Bifidobacteriaceae;g__Bifidobacterium;s__Bifidobacterium globosum	98.5							725	DB_01163	Rumen_Gateway	PhD_Izabella, Renata 2023	missing_maldi	USED	SH_0252.1	31.1	>IWS845	>IWS845_59988459_59988459	19/04/2024	11108875297-1	Tube		12/07/2024	11108986368	F	27F	1179	B1.1 Box 1	Dilution_to_extinction	2	M2	2021	M2	big	cream	NR	Unknown			MASTER_1_FGS	NR	ovine	NR	15935	Control/silage/concentrate(50:50)	Samples from the slaughter	IWS845_59988459_59988459.ab1	/Users/nicholas/Library/CloudStorage/OneDrive-SharedLibraries-Queen'sUniversityBelfast/RUMEN Gateway QUB-Scientific_Consortium - Documents/03_Partners_sequences/QUB/ab1_files/IWS845_59988459_59988459.ab1	TRUE	PRESENT	333558	2024-07-12T14:04:18	UNAVAILABLE	"PermissionError: [Errno 1] Operation not permitted: ""/Users/nicholas/Library/CloudStorage/OneDrive-SharedLibraries-Queen'sUniversityBelfast/RUMEN Gateway QUB-Scientific_Consortium - Documents/03_Partners_sequences/QUB/ab1_files"""
186	MATCHED_SH_PRIMER_BP	155	sh_id,primer,base_pairs,used_bc	3	1		row=727|db=DB_00107|short=ELX818|fasta=ELX818_30138187_30138187|primer=1387R|bp=1096|score=130|reasons=sh_id,base_pairs,used_bc; row=726|db=DB_00106|short=ELX817|fasta=ELX817_30138170_30138170|primer=63F|bp=165|score=105|reasons=sh_id,used_bc	QUB	SH_0253	SH_ID	SH_0253	QUB_0055	QUB_1387FC_0055	1387FC	1096	211	Bacteria	RS_GCF_040681735.1	d__Bacteria;p__Actinomycetota;c__Actinomycetes;o__Mycobacteriales;f__Micromonosporaceae;g__Actinoplanes;s__Actinoplanes sp040681735	99.6				MWL6			730	DB_00108	Rumen_Gateway	BSc_Jnana and Corey	missing_maldi	USED	SH_0253	9	>ELX818C	>ELX818C_30138187_30138187			Tube				F	1387FC	1096	B1.1 Box 1	Dilution_to_extinction	2	BHI+RF	2021	BHI+RF	small	white	NR	Unknown			MASTER_1_FGS	NR	ovine	NR	16184	Control/silage/concentrate(50:50)	Samples from the slaughter	ELX818C_30138187_30138187.ab1	/Users/nicholas/Library/CloudStorage/OneDrive-SharedLibraries-Queen'sUniversityBelfast/RUMEN Gateway QUB-Scientific_Consortium - Documents/03_Partners_sequences/QUB/ab1_files/ELX818C_30138187_30138187.ab1	FALSE	MISSING_EXPECTED_FILE			UNAVAILABLE	"PermissionError: [Errno 1] Operation not permitted: ""/Users/nicholas/Library/CloudStorage/OneDrive-SharedLibraries-Queen'sUniversityBelfast/RUMEN Gateway QUB-Scientific_Consortium - Documents/03_Partners_sequences/QUB/ab1_files"""
187	MATCHED_SH_PRIMER_BP	155	sh_id,primer,base_pairs,used_bc	2	1		row=732|db=DB_01173|short=IWS855|fasta=IWS855_59988558_59988558|primer=27F|bp=1211|score=105|reasons=sh_id,used_bc	QUB	SH_0254	SH_ID	SH_0254	QUB_0148	QUB_63F_0148	63F	1140	212	Bacteria	RS_GCF_011387195.1	d__Bacteria;p__Bacillota;c__Bacilli;o__Lactobacillales;f__Streptococcaceae;g__Streptococcus;s__Streptococcus ruminicola	99.6							731	DB_00465	Rumen_Gateway	PhD_Izabella, Renata 2023	missing_maldi_missingScientificID	USED	SH_0254	14	>GLE302	>GLE302_43463023_43463023	31/10/2022	11108143158-1	Tube		10/05/2023	11108424650	F	63F	1140	B1.1 Box 1	Dilution_to_extinction	2	BHI+RF	2021	M2	small	white cream	NR	SH_173			MASTER_1_FGS	NR	ovine	NR	NR	Control/silage/concentrate(50:50)	Samples from the slaughter	GLE302_43463023_43463023.ab1	/Users/nicholas/Library/CloudStorage/OneDrive-SharedLibraries-Queen'sUniversityBelfast/RUMEN Gateway QUB-Scientific_Consortium - Documents/03_Partners_sequences/QUB/ab1_files/GLE302_43463023_43463023.ab1	TRUE	PRESENT	308783	2023-05-10T09:36:54	UNAVAILABLE	"PermissionError: [Errno 1] Operation not permitted: ""/Users/nicholas/Library/CloudStorage/OneDrive-SharedLibraries-Queen'sUniversityBelfast/RUMEN Gateway QUB-Scientific_Consortium - Documents/03_Partners_sequences/QUB/ab1_files"""
188	MATCHED_SH_PRIMER_BP	155	sh_id,primer,base_pairs,used_bc	2	1		row=731|db=DB_00465|short=GLE302|fasta=GLE302_43463023_43463023|primer=63F|bp=1140|score=105|reasons=sh_id,used_bc	QUB	SH_0254	SH_ID	SH_0254	QUB_0592	QUB_27F_0592	27F	1211	213	Bacteria	RS_GCF_000741295.1	d__Bacteria;p__Actinomycetota;c__Actinomycetes;o__Actinomycetales;f__Bifidobacteriaceae;g__Bifidobacterium;s__Bifidobacterium globosum	99.1							732	DB_01173	Rumen_Gateway	PhD_Izabella, Renata 2023	missing_maldi	USED	SH_0254	14	>IWS855	>IWS855_59988558_59988558	19/04/2024	11108875297-1	Tube		12/07/2024	11108986368	F	27F	1211	B1.1 Box 1	Dilution_to_extinction	2	BHI+RF	2021	M2	small	white cream	NR	SH_173			MASTER_1_FGS	NR	ovine	NR	NR	Control/silage/concentrate(50:50)	Samples from the slaughter	IWS855_59988558_59988558.ab1	/Users/nicholas/Library/CloudStorage/OneDrive-SharedLibraries-Queen'sUniversityBelfast/RUMEN Gateway QUB-Scientific_Consortium - Documents/03_Partners_sequences/QUB/ab1_files/IWS855_59988558_59988558.ab1	TRUE	PRESENT	333321	2024-07-12T14:04:20	UNAVAILABLE	"PermissionError: [Errno 1] Operation not permitted: ""/Users/nicholas/Library/CloudStorage/OneDrive-SharedLibraries-Queen'sUniversityBelfast/RUMEN Gateway QUB-Scientific_Consortium - Documents/03_Partners_sequences/QUB/ab1_files"""
189	MATCHED_SH_PRIMER_BP	155	sh_id,primer,base_pairs,used_bc	2	1		row=734|db=DB_01107|short=IWS789|fasta=IWS789_59987896_59987896|primer=27F|bp=1214|score=105|reasons=sh_id,used_bc	QUB	SH_0254.1	SH_ID	SH_0254.1	QUB_0147	QUB_63F_0147	63F	1209	214	Bacteria	RS_GCF_000741295.1	d__Bacteria;p__Actinomycetota;c__Actinomycetes;o__Actinomycetales;f__Bifidobacteriaceae;g__Bifidobacterium;s__Bifidobacterium globosum	99.8							733	DB_00464	Rumen_Gateway	PhD_Izabella, Renata 2023	missing_maldi_missingScientificID	USED	SH_0254.1	14.1	>GLE301	>GLE301_43463016_43463016	31/10/2022	11108143158-1	Tube		10/05/2023	11108424650	F	63F	1209	B1.1 Box 1	Dilution_to_extinction	2	BHI+RF	2021	M2	big	white centre with transparent edges	NR	SH_173			MASTER_1_FGS	NR	ovine	NR	NR	Control/silage/concentrate(50:50)	Samples from the slaughter	GLE301_43463016_43463016.ab1	/Users/nicholas/Library/CloudStorage/OneDrive-SharedLibraries-Queen'sUniversityBelfast/RUMEN Gateway QUB-Scientific_Consortium - Documents/03_Partners_sequences/QUB/ab1_files/GLE301_43463016_43463016.ab1	TRUE	PRESENT	333418	2023-05-10T09:36:54	UNAVAILABLE	"PermissionError: [Errno 1] Operation not permitted: ""/Users/nicholas/Library/CloudStorage/OneDrive-SharedLibraries-Queen'sUniversityBelfast/RUMEN Gateway QUB-Scientific_Consortium - Documents/03_Partners_sequences/QUB/ab1_files"""
190	MATCHED_SH_PRIMER_BP	155	sh_id,primer,base_pairs,used_bc	2	1		row=733|db=DB_00464|short=GLE301|fasta=GLE301_43463016_43463016|primer=63F|bp=1209|score=105|reasons=sh_id,used_bc	QUB	SH_0254.1	SH_ID	SH_0254.1	QUB_0543	QUB_27F_0543	27F	1214	215	Bacteria	RS_GCF_011387195.1	d__Bacteria;p__Bacillota;c__Bacilli;o__Lactobacillales;f__Streptococcaceae;g__Streptococcus;s__Streptococcus ruminicola	99.4							734	DB_01107	Rumen_Gateway	PhD_Izabella, Renata 2023	missing_maldi	USED	SH_0254.1	14.1	>IWS789	>IWS789_59987896_59987896	19/04/2024	11108875297-1	Tube		16/08/2024	11109030325	F	27F	1214	B1.1 Box 1	Dilution_to_extinction	2	BHI+RF	2021	M2	NR	NR	NR	SH_173			MASTER_1_FGS	NR	ovine	NR	NR	Control/silage/concentrate(50:50)	Samples from the slaughter	IWS789_59987896_59987896.ab1	/Users/nicholas/Library/CloudStorage/OneDrive-SharedLibraries-Queen'sUniversityBelfast/RUMEN Gateway QUB-Scientific_Consortium - Documents/03_Partners_sequences/QUB/ab1_files/IWS789_59987896_59987896.ab1	TRUE	PRESENT	341949	2024-08-16T13:52:14	UNAVAILABLE	"PermissionError: [Errno 1] Operation not permitted: ""/Users/nicholas/Library/CloudStorage/OneDrive-SharedLibraries-Queen'sUniversityBelfast/RUMEN Gateway QUB-Scientific_Consortium - Documents/03_Partners_sequences/QUB/ab1_files"""
191	MATCHED_SH_PRIMER_BP	155	sh_id,primer,base_pairs,used_bc	1	1			QUB	SH_0255	SH_ID	SH_0255	QUB_0016	QUB_63F_0016	63F	1159	216	Bacteria	RS_GCF_011387195.1	d__Bacteria;p__Bacillota;c__Bacilli;o__Lactobacillales;f__Streptococcaceae;g__Streptococcus;s__Streptococcus ruminicola	98.7							735	DB_00053	Rumen_Gateway	MSc_Ziming	missing_maldi	USED	SH_0255	55	>DYG762	>DYG762_26587623_26587623	02/02/2021	11107239059-1	Tube		19/07/2022	11108032820	F	63F	1159	B1.1 Box 1	Dilution_to_extinction	2	PC	2022	PC	medium	grey	NR	SH_110			MASTER_2_FGS	NR	ovine	NR	6973	TMR/High microalgae supplementation	Samples from the slaughter	DYG762_26587623_26587623.ab1	/Users/nicholas/Library/CloudStorage/OneDrive-SharedLibraries-Queen'sUniversityBelfast/RUMEN Gateway QUB-Scientific_Consortium - Documents/03_Partners_sequences/QUB/ab1_files/DYG762_26587623_26587623.ab1	TRUE	PRESENT	326949	2022-07-20T08:49:16	UNAVAILABLE	"PermissionError: [Errno 1] Operation not permitted: ""/Users/nicholas/Library/CloudStorage/OneDrive-SharedLibraries-Queen'sUniversityBelfast/RUMEN Gateway QUB-Scientific_Consortium - Documents/03_Partners_sequences/QUB/ab1_files"""
192	MATCHED_SH_PRIMER_BP	155	sh_id,primer,base_pairs,used_bc	1	1			QUB	SH_0256	SH_ID	SH_0256	QUB_0017	QUB_63F_0017	63F	1173	217	Bacteria	RS_GCF_011387195.1	d__Bacteria;p__Bacillota;c__Bacilli;o__Lactobacillales;f__Streptococcaceae;g__Streptococcus;s__Streptococcus ruminicola	98.6							736	DB_00054	Rumen_Gateway	MSc_Ziming	missing_maldi	USED	SH_0256	56	>DYG763	>DYG763_26587630_26587630	02/02/2021	11107239059-1	Tube		19/07/2022	11108032820	F	63F	1173	B1.1 Box 2	Dilution_to_extinction	2	PC	2022	PC	pinpoint	white	NR	SH_101.2			MASTER_2_FGS	NR	ovine	NR	7064	TMR/Control	Samples from the slaughter	DYG763_26587630_26587630.ab1	/Users/nicholas/Library/CloudStorage/OneDrive-SharedLibraries-Queen'sUniversityBelfast/RUMEN Gateway QUB-Scientific_Consortium - Documents/03_Partners_sequences/QUB/ab1_files/DYG763_26587630_26587630.ab1	TRUE	PRESENT	330301	2022-07-20T08:49:16	UNAVAILABLE	"PermissionError: [Errno 1] Operation not permitted: ""/Users/nicholas/Library/CloudStorage/OneDrive-SharedLibraries-Queen'sUniversityBelfast/RUMEN Gateway QUB-Scientific_Consortium - Documents/03_Partners_sequences/QUB/ab1_files"""
193	MATCHED_SH_PRIMER_BP	155	sh_id,primer,base_pairs,used_bc	1	1			QUB	SH_0257	SH_ID	SH_0257	QUB_0559	QUB_27F_0559	27F	1248	218	Bacteria	GB_GCA_032483415.1	d__Bacteria;p__Bacillota;c__Negativicutes;o__Veillonellales;f__Veillonellaceae;g__Veillonella;s__Veillonella sp032483415	98.5				MWL11			737	DB_01136	Rumen_Gateway	PhD_Zhenbin		USED	SH_0257	18	>IWS818	>IWS818_59988183_59988183	19/04/2024	11108875297-1	Tube		20/08/2024	11109033104	F	27F	1248	B1.1 Box 2	Direct_plating		PYG		M2	middle	yellow	uneven	Clostridium sporogenes			MASTER_2_FGS	2021	ovine	Ruminal fluid from 2 animals	NR	high microalgae oil	Adult	IWS818_59988183_59988183.ab1	/Users/nicholas/Library/CloudStorage/OneDrive-SharedLibraries-Queen'sUniversityBelfast/RUMEN Gateway QUB-Scientific_Consortium - Documents/03_Partners_sequences/QUB/ab1_files/IWS818_59988183_59988183.ab1	TRUE	PRESENT	341177	2024-08-20T12:36:12	UNAVAILABLE	"PermissionError: [Errno 1] Operation not permitted: ""/Users/nicholas/Library/CloudStorage/OneDrive-SharedLibraries-Queen'sUniversityBelfast/RUMEN Gateway QUB-Scientific_Consortium - Documents/03_Partners_sequences/QUB/ab1_files"""
194	MATCHED_SH_PRIMER_BP	155	sh_id,primer,base_pairs,used_bc	2	1		row=742|db=DB_01245|short=JDP762_F8|fasta=JDP762_61777621_F8|primer=27F|bp=1|score=130|reasons=sh_id,primer,used_bc	QUB	SH_0259	SH_ID	SH_0259	QUB_0569	QUB_27F_0569	27F	1183	219	Bacteria	RS_GCF_001436025.1	d__Bacteria;p__Bacillota;c__Bacilli;o__Lactobacillales;f__Lactobacillaceae;g__Limosilactobacillus;s__Limosilactobacillus mucosae	99.7				MWL11			739	DB_01146	Rumen_Gateway	PhD_Zhenbin		USED	SH_0259	20	>IWS828	>IWS828_59988282_59988282	19/04/2024	11108875297-1	Tube		06/09/2024	11109054630	F	27F	1183	B1.1 Box 2	Direct_plating		PYG		M2	big	yellow	uneven	Clostridium sporogenes			MASTER_2_FGS	2021	ovine	Ruminal fluid from 2 animals	NR	high microalgae oil	Adult	IWS828_59988282_59988282.ab1	/Users/nicholas/Library/CloudStorage/OneDrive-SharedLibraries-Queen'sUniversityBelfast/RUMEN Gateway QUB-Scientific_Consortium - Documents/03_Partners_sequences/QUB/ab1_files/IWS828_59988282_59988282.ab1	TRUE	PRESENT	346890	2024-09-09T05:56:04	UNAVAILABLE	"PermissionError: [Errno 1] Operation not permitted: ""/Users/nicholas/Library/CloudStorage/OneDrive-SharedLibraries-Queen'sUniversityBelfast/RUMEN Gateway QUB-Scientific_Consortium - Documents/03_Partners_sequences/QUB/ab1_files"""
195	MATCHED_SH_PRIMER_BP	155	sh_id,primer,base_pairs,used_bc	2	1		row=745|db=DB_01135|short=IWS817|fasta=IWS817_59988176_59988176|primer=27F|bp=283|score=130|reasons=sh_id,primer,used_bc	QUB	SH_0261	SH_ID	SH_0261	QUB_0568	QUB_27F_0568	27F	1148	220	Bacteria	RS_GCF_002008345.1	d__Bacteria;p__Bacillota;c__Clostridia;o__Clostridiales;f__Clostridiaceae;g__Clostridium_F;s__Clostridium_F tepidum	99.6							746	DB_01145	Rumen_Gateway	PhD_Zhenbin		USED	SH_0261	22	>IWS827	>IWS827_59988275_59988275	19/04/2024	11108875297-1	Tube		06/09/2024	11109053815	F	27F	1148	B1.1 Box 2	Direct_plating		PYG		M2	big	center yellow, transparent round	uneven	Unreliable			MASTER_2_FGS	2021	ovine	Ruminal fluid from 2 animals	NR	high microalgae oil	Adult	IWS827_59988275_59988275.ab1	/Users/nicholas/Library/CloudStorage/OneDrive-SharedLibraries-Queen'sUniversityBelfast/RUMEN Gateway QUB-Scientific_Consortium - Documents/03_Partners_sequences/QUB/ab1_files/IWS827_59988275_59988275.ab1	TRUE	PRESENT	358123	2024-09-09T05:52:20	UNAVAILABLE	"PermissionError: [Errno 1] Operation not permitted: ""/Users/nicholas/Library/CloudStorage/OneDrive-SharedLibraries-Queen'sUniversityBelfast/RUMEN Gateway QUB-Scientific_Consortium - Documents/03_Partners_sequences/QUB/ab1_files"""
196	MATCHED_SH_PRIMER_BP	155	sh_id,primer,base_pairs,used_bc	3	1		row=748|db=DB_01743|short=KCX861|fasta=KCX861_68358618_68358618|primer=27F|bp=1227|score=130|reasons=sh_id,primer,used_bc; row=749|db=DB_01744|short=KCX862|fasta=KCX862_68358625_68358625|primer=1492R|bp=1225|score=105|reasons=sh_id,used_bc	QUB	SH_0262	SH_ID	SH_0262	QUB_0558	QUB_27F_0558	27F	1244	221	Bacteria	RS_GCF_002008345.1	d__Bacteria;p__Bacillota;c__Clostridia;o__Clostridiales;f__Clostridiaceae;g__Clostridium_F;s__Clostridium_F tepidum	99.5							747	DB_01134	Rumen_Gateway	PhD_Zhenbin		USED	SH_0262	23	>IWS816	>IWS816_59988169_59988169	19/04/2024	11108875297-1	Tube		20/08/2024	11109033104	F	27F	1244	B1.1 Box 2	Direct_plating		PYG		M2	big part	yellow	uneven	Unreliable			MASTER_2_FGS	2021	ovine	Ruminal fluid from 2 animals	NR	medium microalgae oil	Adult	IWS816_59988169_59988169.ab1	/Users/nicholas/Library/CloudStorage/OneDrive-SharedLibraries-Queen'sUniversityBelfast/RUMEN Gateway QUB-Scientific_Consortium - Documents/03_Partners_sequences/QUB/ab1_files/IWS816_59988169_59988169.ab1	TRUE	PRESENT	357043	2024-08-20T12:36:12	UNAVAILABLE	"PermissionError: [Errno 1] Operation not permitted: ""/Users/nicholas/Library/CloudStorage/OneDrive-SharedLibraries-Queen'sUniversityBelfast/RUMEN Gateway QUB-Scientific_Consortium - Documents/03_Partners_sequences/QUB/ab1_files"""
197	MATCHED_SH_PRIMER_BP	155	sh_id,primer,base_pairs,used_bc	2	1		row=751|db=DB_01212|short=JDP762_C11|fasta=JDP762_61777621_C11|primer=27F|bp=77|score=130|reasons=sh_id,primer,used_bc	QUB	SH_0263	SH_ID	SH_0263	QUB_0567	QUB_27F_0567	27F	1141	222	Bacteria	RS_GCF_029024925.1	d__Bacteria;p__Bacillota;c__Bacilli;o__Lactobacillales;f__Enterococcaceae;g__Enterococcus;s__Enterococcus faecalis	99.5							750	DB_01144	Rumen_Gateway	PhD_Zhenbin		USED	SH_0263	24	>IWS826	>IWS826_59988268_59988268	19/04/2024	11108875297-1	Tube		06/09/2024	11109053815	F	27F	1141	B1.1 Box 2	Direct_plating		PYG		M2	small	cream, yellow round	uneven	Clostridium sporogenes			MASTER_2_FGS	2021	ovine	Ruminal fluid from 2 animals	NR	no microalgae oil	Adult	IWS826_59988268_59988268.ab1	/Users/nicholas/Library/CloudStorage/OneDrive-SharedLibraries-Queen'sUniversityBelfast/RUMEN Gateway QUB-Scientific_Consortium - Documents/03_Partners_sequences/QUB/ab1_files/IWS826_59988268_59988268.ab1	TRUE	PRESENT	344270	2024-09-09T05:52:20	UNAVAILABLE	"PermissionError: [Errno 1] Operation not permitted: ""/Users/nicholas/Library/CloudStorage/OneDrive-SharedLibraries-Queen'sUniversityBelfast/RUMEN Gateway QUB-Scientific_Consortium - Documents/03_Partners_sequences/QUB/ab1_files"""
198	MATCHED_SH_PRIMER_BP	155	sh_id,primer,base_pairs,used_bc	3	1		row=753|db=DB_01705|short=JTQ759|fasta=JTQ759_65947594_65947594|primer=27F|bp=1191|score=130|reasons=sh_id,primer,used_bc; row=754|db=DB_01706|short=JTQ760|fasta=JTQ760_65947600_65947600|primer=1492R|bp=1155|score=105|reasons=sh_id,used_bc	QUB	SH_0264	SH_ID	SH_0264	QUB_0560	QUB_27F_0560	27F	1268	223	Bacteria	GB_GCA_032483415.1	d__Bacteria;p__Bacillota;c__Negativicutes;o__Veillonellales;f__Veillonellaceae;g__Veillonella;s__Veillonella sp032483415	99.5				MWL11			752	DB_01137	Rumen_Gateway	PhD_Zhenbin		USED	SH_0264	25	>IWS819	>IWS819_59988190_59988190	19/04/2024	11108875297-1	Tube		20/08/2024	11109033104	F	27F	1268	B1.1 Box 2	Direct_plating		PYG		M2	middle	cream center, yellow out circle	uneven	Clostridium sporogenes			MASTER_2_FGS	2021	ovine	Ruminal fluid from 2 animals	NR	no microalgae oil	Adult	IWS819_59988190_59988190.ab1	/Users/nicholas/Library/CloudStorage/OneDrive-SharedLibraries-Queen'sUniversityBelfast/RUMEN Gateway QUB-Scientific_Consortium - Documents/03_Partners_sequences/QUB/ab1_files/IWS819_59988190_59988190.ab1	TRUE	PRESENT	356012	2024-08-20T12:36:12	UNAVAILABLE	"PermissionError: [Errno 1] Operation not permitted: ""/Users/nicholas/Library/CloudStorage/OneDrive-SharedLibraries-Queen'sUniversityBelfast/RUMEN Gateway QUB-Scientific_Consortium - Documents/03_Partners_sequences/QUB/ab1_files"""
199	MATCHED_SH_PRIMER_BP	155	sh_id,primer,base_pairs,used_bc	2	1		row=756|db=DB_01272|short=JDP762_H10|fasta=JDP762_61777621_H10|primer=27F|bp=1|score=130|reasons=sh_id,primer,used_bc	QUB	SH_0265	SH_ID	SH_0265	QUB_0572	QUB_27F_0572	27F	1160	224	Bacteria	GB_GCA_032483415.1	d__Bacteria;p__Bacillota;c__Negativicutes;o__Veillonellales;f__Veillonellaceae;g__Veillonella;s__Veillonella sp032483415	99.7				MWL11			755	DB_01149	Rumen_Gateway	PhD_Zhenbin		USED	SH_0265	26	>IWS831	>IWS831_59988312_59988312	19/04/2024	11108875297-1	Tube		06/09/2024	11109053815	F	27F	1160	B1.1 Box 2	Direct_plating		PYG		M2	small	cream, yellow round	uneven	Clostridium sporogenes			MASTER_2_FGS	2021	ovine	Ruminal fluid from 2 animals	NR	no microalgae oil	Adult	IWS831_59988312_59988312.ab1	/Users/nicholas/Library/CloudStorage/OneDrive-SharedLibraries-Queen'sUniversityBelfast/RUMEN Gateway QUB-Scientific_Consortium - Documents/03_Partners_sequences/QUB/ab1_files/IWS831_59988312_59988312.ab1	TRUE	PRESENT	357650	2024-09-09T05:52:20	UNAVAILABLE	"PermissionError: [Errno 1] Operation not permitted: ""/Users/nicholas/Library/CloudStorage/OneDrive-SharedLibraries-Queen'sUniversityBelfast/RUMEN Gateway QUB-Scientific_Consortium - Documents/03_Partners_sequences/QUB/ab1_files"""
200	MATCHED_SH_PRIMER_BP	155	sh_id,primer,base_pairs,used_bc	1	1			QUB	SH_0266	SH_ID	SH_0266	QUB_0645	QUB_27F_0645	27F	945	225	Bacteria	RS_GCF_040632975.1	d__Bacteria;p__Actinomycetota;c__Actinomycetes;o__Streptomycetales;f__Streptomycetaceae;g__Streptomyces;s__Streptomyces sp040632975	99.6				MWL11			757	DB_01248	Rumen_Gateway	PhD_Zhenbin		USED	SH_0266	27	>JDP762_F11	>JDP762_61777621_F11	2024-07-31 00:00:00	11109010182-1	Plate	11	2024-08-16 00:00:00	11109029784	F	27F	945	B1.1 Box 2	Direct_plating		PYG		M2	small	transparent	dry	Unreliable			MASTER_2_FGS	2021	ovine	Ruminal fluid from 2 animals	NR	no microalgae oil	Adult	JDP762_61777621_F11.ab1	/Users/nicholas/Library/CloudStorage/OneDrive-SharedLibraries-Queen'sUniversityBelfast/RUMEN Gateway QUB-Scientific_Consortium - Documents/03_Partners_sequences/QUB/ab1_files/JDP762_61777621_F11.ab1	TRUE	PRESENT	328500	2024-08-16T09:05:54	UNAVAILABLE	"PermissionError: [Errno 1] Operation not permitted: ""/Users/nicholas/Library/CloudStorage/OneDrive-SharedLibraries-Queen'sUniversityBelfast/RUMEN Gateway QUB-Scientific_Consortium - Documents/03_Partners_sequences/QUB/ab1_files"""
201	MATCHED_SH_PRIMER_BP	155	sh_id,primer,base_pairs,used_bc	2	1		row=761|db=DB_01247|short=JDP762_F10|fasta=JDP762_61777621_F10|primer=27F|bp=19|score=130|reasons=sh_id,primer,used_bc	QUB	SH_0269	SH_ID	SH_0269	QUB_0571	QUB_27F_0571	27F	1180	226	Bacteria	RS_GCF_012844235.1	d__Bacteria;p__Actinomycetota;c__Coriobacteriia;o__Coriobacteriales;f__Atopobiaceae;g__Parafannyhessea;s__Parafannyhessea sp900538935	99							760	DB_01148	Rumen_Gateway	PhD_Zhenbin		USED	SH_0269	30	>IWS830	>IWS830_59988305_59988305	19/04/2024	11108875297-1	Tube		06/09/2024	11109053815	F	27F	1180	B1.1 Box 2	Direct_plating		PYG		PYG	middle	cream center, transparent out circle	NR	Clostridium sporogenes			MASTER_2_FGS	2021	ovine	Ruminal fluid from 2 animals	NR	no microalgae oil	Adult	IWS830_59988305_59988305.ab1	/Users/nicholas/Library/CloudStorage/OneDrive-SharedLibraries-Queen'sUniversityBelfast/RUMEN Gateway QUB-Scientific_Consortium - Documents/03_Partners_sequences/QUB/ab1_files/IWS830_59988305_59988305.ab1	TRUE	PRESENT	334822	2024-09-09T05:52:20	UNAVAILABLE	"PermissionError: [Errno 1] Operation not permitted: ""/Users/nicholas/Library/CloudStorage/OneDrive-SharedLibraries-Queen'sUniversityBelfast/RUMEN Gateway QUB-Scientific_Consortium - Documents/03_Partners_sequences/QUB/ab1_files"""
202	MATCHED_SH_PRIMER_BP	155	sh_id,primer,base_pairs,used_bc	2	1		row=768|db=DB_01233|short=JDP762_E8|fasta=JDP762_61777621_E8|primer=27F|bp=12|score=130|reasons=sh_id,primer,used_bc	QUB	SH_0275	SH_ID	SH_0275	QUB_0570	QUB_27F_0570	27F	1183	227	Bacteria	GB_GCA_032483415.1	d__Bacteria;p__Bacillota;c__Negativicutes;o__Veillonellales;f__Veillonellaceae;g__Veillonella;s__Veillonella sp032483415	99.7				MWL11			767	DB_01147	Rumen_Gateway	PhD_Zhenbin		USED	SH_0275	36	>IWS829	>IWS829_59988299_59988299	19/04/2024	11108875297-1	Tube		06/09/2024	11109053815	F	27F	1183	B1.1 Box 3	Direct_plating		PYG		PYG	big	cream center, yellow out irregular	dry	Clostridium sporogenes			MASTER_2_FGS	2021	ovine	Ruminal fluid from 2 animals	NR	low microalgae oil	Adult	IWS829_59988299_59988299.ab1	/Users/nicholas/Library/CloudStorage/OneDrive-SharedLibraries-Queen'sUniversityBelfast/RUMEN Gateway QUB-Scientific_Consortium - Documents/03_Partners_sequences/QUB/ab1_files/IWS829_59988299_59988299.ab1	TRUE	PRESENT	334732	2024-09-09T05:52:20	UNAVAILABLE	"PermissionError: [Errno 1] Operation not permitted: ""/Users/nicholas/Library/CloudStorage/OneDrive-SharedLibraries-Queen'sUniversityBelfast/RUMEN Gateway QUB-Scientific_Consortium - Documents/03_Partners_sequences/QUB/ab1_files"""
203	MATCHED_SH_PRIMER_BP	155	sh_id,primer,base_pairs,used_bc	2	1		row=770|db=DB_01130|short=IWS812|fasta=IWS812_59988121_59988121|primer=27F|bp=1|score=130|reasons=sh_id,primer,used_bc	QUB	SH_0277	SH_ID	SH_0277	QUB_0573	QUB_27F_0573	27F	1175	228	Bacteria	GB_GCA_032483415.1	d__Bacteria;p__Bacillota;c__Negativicutes;o__Veillonellales;f__Veillonellaceae;g__Veillonella;s__Veillonella sp032483415	99.7				MWL11			771	DB_01150	Rumen_Gateway	PhD_Zhenbin		USED	SH_0277	38	>IWS832	>IWS832_59988329_59988329	19/04/2024	11108875297-1	Tube		06/09/2024	11109053815	F	27F	1175	B1.1 Box 3	Direct_plating		PYG		PYG	big	cream center, yellow out irregular	dry	Clostridium sporogenes			MASTER_2_FGS	2021	ovine	Ruminal fluid from 2 animals	NR	no microalgae oil	Adult	IWS832_59988329_59988329.ab1	/Users/nicholas/Library/CloudStorage/OneDrive-SharedLibraries-Queen'sUniversityBelfast/RUMEN Gateway QUB-Scientific_Consortium - Documents/03_Partners_sequences/QUB/ab1_files/IWS832_59988329_59988329.ab1	TRUE	PRESENT	342981	2024-09-09T05:52:20	UNAVAILABLE	"PermissionError: [Errno 1] Operation not permitted: ""/Users/nicholas/Library/CloudStorage/OneDrive-SharedLibraries-Queen'sUniversityBelfast/RUMEN Gateway QUB-Scientific_Consortium - Documents/03_Partners_sequences/QUB/ab1_files"""
204	MATCHED_SH_PRIMER_BP	155	sh_id,primer,base_pairs,used_bc	1	1			QUB	SH_0278	SH_ID	SH_0278	QUB_0609	QUB_27F_0609	27F	1145	229	Bacteria	RS_GCF_011387195.1	d__Bacteria;p__Bacillota;c__Bacilli;o__Lactobacillales;f__Streptococcaceae;g__Streptococcus;s__Streptococcus ruminicola	99.3				MWL11			772	DB_01200	Rumen_Gateway	PhD_Zhenbin		USED	SH_0278	39	>JDP762_B11	>JDP762_61777621_B11	2024-07-31 00:00:00	11109010182-1	Plate	11	2024-08-16 00:00:00	11109029784	F	27F	1145	B1.1 Box 3	Direct_plating		PYG		PYG	big	white center, yellow out circle	uneven	Clostridium perfringens			MASTER_2_FGS	2021	ovine	Ruminal fluid from 2 animals	NR	no microalgae oil	Adult	JDP762_61777621_B11.ab1	/Users/nicholas/Library/CloudStorage/OneDrive-SharedLibraries-Queen'sUniversityBelfast/RUMEN Gateway QUB-Scientific_Consortium - Documents/03_Partners_sequences/QUB/ab1_files/JDP762_61777621_B11.ab1	TRUE	PRESENT	331505	2024-08-16T09:05:52	UNAVAILABLE	"PermissionError: [Errno 1] Operation not permitted: ""/Users/nicholas/Library/CloudStorage/OneDrive-SharedLibraries-Queen'sUniversityBelfast/RUMEN Gateway QUB-Scientific_Consortium - Documents/03_Partners_sequences/QUB/ab1_files"""
205	MATCHED_SH_PRIMER_BP	155	sh_id,primer,base_pairs,used_bc	2	1		row=777|db=DB_01132|short=IWS814|fasta=IWS814_59988145_59988145|primer=27F|bp=22|score=130|reasons=sh_id,primer,used_bc	QUB	SH_0283	SH_ID	SH_0283	QUB_0574	QUB_27F_0574	27F	1163	230	Bacteria	GB_GCA_032483415.1	d__Bacteria;p__Bacillota;c__Negativicutes;o__Veillonellales;f__Veillonellaceae;g__Veillonella;s__Veillonella sp032483415	100							778	DB_01151	Rumen_Gateway	PhD_Zhenbin		USED	SH_0283	44	>IWS833	>IWS833_59988336_59988336	19/04/2024	11108875297-1	Tube		06/09/2024	11109053815	F	27F	1163	B1.1 Box 3	Direct_plating		PYG		PYG	middle	yellow center, cream out circle	dry	Unreliable			MASTER_2_FGS	2021	ovine	Ruminal fluid from 2 animals	NR	low microalgae oil	Adult	IWS833_59988336_59988336.ab1	/Users/nicholas/Library/CloudStorage/OneDrive-SharedLibraries-Queen'sUniversityBelfast/RUMEN Gateway QUB-Scientific_Consortium - Documents/03_Partners_sequences/QUB/ab1_files/IWS833_59988336_59988336.ab1	TRUE	PRESENT	355868	2024-09-09T05:52:20	UNAVAILABLE	"PermissionError: [Errno 1] Operation not permitted: ""/Users/nicholas/Library/CloudStorage/OneDrive-SharedLibraries-Queen'sUniversityBelfast/RUMEN Gateway QUB-Scientific_Consortium - Documents/03_Partners_sequences/QUB/ab1_files"""
206	MATCHED_SH_PRIMER_BP	155	sh_id,primer,base_pairs,used_bc	2	1		row=781|db=DB_01221|short=JDP762_D8|fasta=JDP762_61777621_D8|primer=27F|bp=44|score=130|reasons=sh_id,primer,used_bc	QUB	SH_0285	SH_ID	SH_0285	QUB_0575	QUB_27F_0575	27F	1117	231	Bacteria	RS_GCF_012844235.1	d__Bacteria;p__Actinomycetota;c__Coriobacteriia;o__Coriobacteriales;f__Atopobiaceae;g__Parafannyhessea;s__Parafannyhessea sp900538935	99.2				MWL4			780	DB_01152	Rumen_Gateway	PhD_Zhenbin		USED	SH_0285	46	>IWS834	>IWS834_59988343_59988343	19/04/2024	11108875297-1	Tube		06/09/2024	11109053815	F	27F	1117	B1.1 Box 3	Direct_plating		PYG		PYG	small	white center, transparent out circle	shiny	SH_071.3			MASTER_2_FGS	2021	ovine	Ruminal fluid from 2 animals	NR	low microalgae oil	Adult	IWS834_59988343_59988343.ab1	/Users/nicholas/Library/CloudStorage/OneDrive-SharedLibraries-Queen'sUniversityBelfast/RUMEN Gateway QUB-Scientific_Consortium - Documents/03_Partners_sequences/QUB/ab1_files/IWS834_59988343_59988343.ab1	TRUE	PRESENT	360795	2024-09-09T05:52:20	UNAVAILABLE	"PermissionError: [Errno 1] Operation not permitted: ""/Users/nicholas/Library/CloudStorage/OneDrive-SharedLibraries-Queen'sUniversityBelfast/RUMEN Gateway QUB-Scientific_Consortium - Documents/03_Partners_sequences/QUB/ab1_files"""
207	MATCHED_SH_PRIMER_BP	155	sh_id,primer,base_pairs,used_bc	2	1		row=782|db=DB_01131|short=IWS813|fasta=IWS813_59988138_59988138|primer=27F|bp=71|score=130|reasons=sh_id,primer,used_bc	QUB	SH_0286	SH_ID	SH_0286	QUB_0576	QUB_27F_0576	27F	1159	232	Bacteria	RS_GCF_003925875.1	d__Bacteria;p__Bacillota;c__Bacilli;o__Erysipelotrichales;f__Coprobacillaceae;g__Intestinibaculum;s__Intestinibaculum porci	91.9				MWL4			783	DB_01153	Rumen_Gateway	PhD_Zhenbin		USED	SH_0286	47	>IWS835	>IWS835_59988350_59988350	19/04/2024	11108875297-1	Tube		06/09/2024	11109053815	F	27F	1159	B1.1 Box 4	Direct_plating		PYG		PYG	small	white center, transparent out circle	shiny	SH_071.3			MASTER_2_FGS	2021	ovine	Ruminal fluid from 2 animals	NR	low microalgae oil	Adult	IWS835_59988350_59988350.ab1	/Users/nicholas/Library/CloudStorage/OneDrive-SharedLibraries-Queen'sUniversityBelfast/RUMEN Gateway QUB-Scientific_Consortium - Documents/03_Partners_sequences/QUB/ab1_files/IWS835_59988350_59988350.ab1	TRUE	PRESENT	328897	2024-09-09T05:52:20	UNAVAILABLE	"PermissionError: [Errno 1] Operation not permitted: ""/Users/nicholas/Library/CloudStorage/OneDrive-SharedLibraries-Queen'sUniversityBelfast/RUMEN Gateway QUB-Scientific_Consortium - Documents/03_Partners_sequences/QUB/ab1_files"""
208	MATCHED_SH_PRIMER_BP	155	sh_id,primer,base_pairs,used_bc	6	1		row=787|db=DB_01129|short=IWS811|fasta=IWS811_59988114_59988114|primer=27F|bp=32|score=130|reasons=sh_id,primer,used_bc; row=789|db=DB_01675|short=JTQ729|fasta=JTQ729_65947297_65947297|primer=27F|bp=1186|score=130|reasons=sh_id,primer,used_bc; row=791|db=DB_01711|short=JTQ765|fasta=JTQ765_65947655_65947655|primer=27F|bp=991|score=130|reasons=sh_id,primer,used_bc; row=790|db=DB_01676|short=JTQ730|fasta=JTQ730_65947303_65947303|primer=1492R|bp=1228|score=105|reasons=sh_id,used_bc; row=792|db=DB_01712|short=JTQ766|fasta=JTQ766_65947662_65947662|primer=1492R|bp=1069|score=105|reasons=sh_id,used_bc	QUB	SH_0289	SH_ID	SH_0289	QUB_0577	QUB_27F_0577	27F	1158	233	Bacteria	RS_GCF_018378075.1	d__Bacteria;p__Bacillota;c__Negativicutes;o__Veillonellales;f__Veillonellaceae;g__Veillonella;s__Veillonella parvula_K	99.9				MWL11			788	DB_01154	Rumen_Gateway	PhD_Zhenbin		USED	SH_0289	50	>IWS836	>IWS836_59988367_59988367	19/04/2024	11108875297-1	Tube		06/09/2024	11109053815	F	27F	1158	B1.1 Box 4	Direct_plating		PYG		PYG	middle	white center, yellow out circle	uneven	Clostridium perfringens			MASTER_2_FGS	2021	ovine	Ruminal fluid from 2 animals	NR	low microalgae oil	Adult	IWS836_59988367_59988367.ab1	/Users/nicholas/Library/CloudStorage/OneDrive-SharedLibraries-Queen'sUniversityBelfast/RUMEN Gateway QUB-Scientific_Consortium - Documents/03_Partners_sequences/QUB/ab1_files/IWS836_59988367_59988367.ab1	TRUE	PRESENT	339742	2024-09-09T05:52:20	UNAVAILABLE	"PermissionError: [Errno 1] Operation not permitted: ""/Users/nicholas/Library/CloudStorage/OneDrive-SharedLibraries-Queen'sUniversityBelfast/RUMEN Gateway QUB-Scientific_Consortium - Documents/03_Partners_sequences/QUB/ab1_files"""
209	MATCHED_SH_PRIMER_BP	155	sh_id,primer,base_pairs,used_bc	2	1		row=793|db=DB_01133|short=IWS815|fasta=IWS815_59988152_59988152|primer=27F|bp=11|score=130|reasons=sh_id,primer,used_bc	QUB	SH_0290	SH_ID	SH_0290	QUB_0578	QUB_27F_0578	27F	1173	234	Bacteria	RS_GCF_009695655.1	d__Bacteria;p__Bacillota;c__Bacilli;o__Erysipelotrichales;f__Coprobacillaceae;g__Sharpea;s__Sharpea porci	94.8				MWL11			794	DB_01155	Rumen_Gateway	PhD_Zhenbin		USED	SH_0290	51	>IWS837	>IWS837_59988374_59988374	19/04/2024	11108875297-1	Tube		06/09/2024	11109053815	F	27F	1173	B1.1 Box 4	Direct_plating		PYG		PYG	big	cream center, yellow out circle	uneven	Clostridium sporogenes			MASTER_2_FGS	2021	ovine	Ruminal fluid from 2 animals	NR	no microalgae oil	Adult	IWS837_59988374_59988374.ab1	/Users/nicholas/Library/CloudStorage/OneDrive-SharedLibraries-Queen'sUniversityBelfast/RUMEN Gateway QUB-Scientific_Consortium - Documents/03_Partners_sequences/QUB/ab1_files/IWS837_59988374_59988374.ab1	TRUE	PRESENT	351719	2024-09-09T05:52:20	UNAVAILABLE	"PermissionError: [Errno 1] Operation not permitted: ""/Users/nicholas/Library/CloudStorage/OneDrive-SharedLibraries-Queen'sUniversityBelfast/RUMEN Gateway QUB-Scientific_Consortium - Documents/03_Partners_sequences/QUB/ab1_files"""
210	MATCHED_SH_PRIMER_BP	155	sh_id,primer,base_pairs,used_bc	1	1			QUB	SH_0293	SH_ID	SH_0293	QUB_0636	QUB_27F_0636	27F	1120	235	Bacteria	RS_GCF_040632975.1	d__Bacteria;p__Actinomycetota;c__Actinomycetes;o__Streptomycetales;f__Streptomycetaceae;g__Streptomyces;s__Streptomyces sp040632975	99.5				MWL4			797	DB_01236	Rumen_Gateway	PhD_Zhenbin		USED	SH_0293	54	>JDP762_E11	>JDP762_61777621_E11	2024-07-31 00:00:00	11109010182-1	Plate	11	2024-08-16 00:00:00	11109029784	F	27F	1120	B1.1 Box 4	Direct_plating		PYG		PYG	small	white center, cream petals around	NR	SH_071.3			MASTER_2_FGS	2021	ovine	Ruminal fluid from 2 animals	NR	low microalgae oil	Adult	JDP762_61777621_E11.ab1	/Users/nicholas/Library/CloudStorage/OneDrive-SharedLibraries-Queen'sUniversityBelfast/RUMEN Gateway QUB-Scientific_Consortium - Documents/03_Partners_sequences/QUB/ab1_files/JDP762_61777621_E11.ab1	TRUE	PRESENT	334518	2024-08-16T09:05:54	UNAVAILABLE	"PermissionError: [Errno 1] Operation not permitted: ""/Users/nicholas/Library/CloudStorage/OneDrive-SharedLibraries-Queen'sUniversityBelfast/RUMEN Gateway QUB-Scientific_Consortium - Documents/03_Partners_sequences/QUB/ab1_files"""
211	MATCHED_SH_PRIMER_BP	155	sh_id,primer,base_pairs,used_bc	2	1		row=805|db=DB_01127|short=IWS809|fasta=IWS809_59988091_59988091|primer=27F|bp=18|score=130|reasons=sh_id,primer,used_bc	QUB	SH_0301	SH_ID	SH_0301	QUB_0579	QUB_27F_0579	27F	1108	236	Bacteria	GB_GCA_032483415.1	d__Bacteria;p__Bacillota;c__Negativicutes;o__Veillonellales;f__Veillonellaceae;g__Veillonella;s__Veillonella sp032483415	99.6							806	DB_01156	Rumen_Gateway	PhD_Zhenbin		USED	SH_0301	62	>IWS838	>IWS838_59988381_59988381	19/04/2024	11108875297-1	Tube		06/09/2024	11109053815	F	27F	1108	B1.2 Box 1	Direct_plating		PYG		M2	middle	white center, cream out circle	NR	SH_016.2			MASTER_2_FGS	2021	ovine	Ruminal fluid from 2 animals	NR	medium microalgae oil	Adult	IWS838_59988381_59988381.ab1	/Users/nicholas/Library/CloudStorage/OneDrive-SharedLibraries-Queen'sUniversityBelfast/RUMEN Gateway QUB-Scientific_Consortium - Documents/03_Partners_sequences/QUB/ab1_files/IWS838_59988381_59988381.ab1	TRUE	PRESENT	350353	2024-09-09T05:52:20	UNAVAILABLE	"PermissionError: [Errno 1] Operation not permitted: ""/Users/nicholas/Library/CloudStorage/OneDrive-SharedLibraries-Queen'sUniversityBelfast/RUMEN Gateway QUB-Scientific_Consortium - Documents/03_Partners_sequences/QUB/ab1_files"""
212	MATCHED_SH_PRIMER_BP	155	sh_id,primer,base_pairs,used_bc	1	1			QUB	SH_0302	SH_ID	SH_0302	QUB_0634	QUB_27F_0634	27F	1291	237	Bacteria	RS_GCF_012844235.1	d__Bacteria;p__Actinomycetota;c__Coriobacteriia;o__Coriobacteriales;f__Atopobiaceae;g__Parafannyhessea;s__Parafannyhessea sp900538935	99.1							807	DB_01222	Rumen_Gateway	PhD_Zhenbin		USED	SH_0302	63	>JDP762_D9	>JDP762_61777621_D9	2024-07-31 00:00:00	11109010182-1	Plate	9	2024-08-16 00:00:00	11109029784	F	27F	1291	B1.2 Box 1	Direct_plating		PYG		PYG	middle	transparent	dry	HUWSLAB_CC_31			MASTER_2_FGS	2021	ovine	Ruminal fluid from 2 animals	NR	medium microalgae oil	Adult	JDP762_61777621_D9.ab1	/Users/nicholas/Library/CloudStorage/OneDrive-SharedLibraries-Queen'sUniversityBelfast/RUMEN Gateway QUB-Scientific_Consortium - Documents/03_Partners_sequences/QUB/ab1_files/JDP762_61777621_D9.ab1	TRUE	PRESENT	340710	2024-08-16T09:05:54	UNAVAILABLE	"PermissionError: [Errno 1] Operation not permitted: ""/Users/nicholas/Library/CloudStorage/OneDrive-SharedLibraries-Queen'sUniversityBelfast/RUMEN Gateway QUB-Scientific_Consortium - Documents/03_Partners_sequences/QUB/ab1_files"""
213	MATCHED_SH_PRIMER_BP	155	sh_id,primer,base_pairs,used_bc	1	1			QUB	SH_0303	SH_ID	SH_0303	QUB_0608	QUB_27F_0608	27F	1176	238	Bacteria	RS_GCF_018378075.1	d__Bacteria;p__Bacillota;c__Negativicutes;o__Veillonellales;f__Veillonellaceae;g__Veillonella;s__Veillonella parvula_K	99.9							808	DB_01199	Rumen_Gateway	PhD_Zhenbin		USED	SH_0303	64	>JDP762_B10	>JDP762_61777621_B10	2024-07-31 00:00:00	11109010182-1	Plate	10	2024-08-16 00:00:00	11109029784	F	27F	1176	B1.2 Box 1	Direct_plating		PYG		PYG	big	transparent	dry	HUWSLAB_CC_31			MASTER_2_FGS	2021	ovine	Ruminal fluid from 2 animals	NR	medium microalgae oil	Adult	JDP762_61777621_B10.ab1	/Users/nicholas/Library/CloudStorage/OneDrive-SharedLibraries-Queen'sUniversityBelfast/RUMEN Gateway QUB-Scientific_Consortium - Documents/03_Partners_sequences/QUB/ab1_files/JDP762_61777621_B10.ab1	TRUE	PRESENT	336804	2024-08-16T09:05:52	UNAVAILABLE	"PermissionError: [Errno 1] Operation not permitted: ""/Users/nicholas/Library/CloudStorage/OneDrive-SharedLibraries-Queen'sUniversityBelfast/RUMEN Gateway QUB-Scientific_Consortium - Documents/03_Partners_sequences/QUB/ab1_files"""
214	MATCHED_SH_PRIMER_BP	155	sh_id,primer,base_pairs,used_bc	1	1			QUB	SH_0304	SH_ID	SH_0304	QUB_0617	QUB_27F_0617	27F	1152	239	Bacteria	RS_GCF_012844235.1	d__Bacteria;p__Actinomycetota;c__Coriobacteriia;o__Coriobacteriales;f__Atopobiaceae;g__Parafannyhessea;s__Parafannyhessea sp900538935	100				MWL4			809	DB_01198	Rumen_Gateway	PhD_Zhenbin		USED	SH_0304	65	>JDP762_B9	>JDP762_61777621_B9	2024-07-31 00:00:00	11109010182-1	Plate	9	2024-08-16 00:00:00	11109029784	F	27F	1152	B1.2 Box 1	Direct_plating		PYG		PYG	big	yellow	dry	Unreliable			MASTER_2_FGS	2021	ovine	Ruminal fluid from 2 animals	NR	high microalgae oil	Adult	JDP762_61777621_B9.ab1	/Users/nicholas/Library/CloudStorage/OneDrive-SharedLibraries-Queen'sUniversityBelfast/RUMEN Gateway QUB-Scientific_Consortium - Documents/03_Partners_sequences/QUB/ab1_files/JDP762_61777621_B9.ab1	TRUE	PRESENT	340592	2024-08-16T09:05:52	UNAVAILABLE	"PermissionError: [Errno 1] Operation not permitted: ""/Users/nicholas/Library/CloudStorage/OneDrive-SharedLibraries-Queen'sUniversityBelfast/RUMEN Gateway QUB-Scientific_Consortium - Documents/03_Partners_sequences/QUB/ab1_files"""
215	MATCHED_SH_PRIMER_BP	155	sh_id,primer,base_pairs,used_bc	1	1			QUB	SH_0305	SH_ID	SH_0305	QUB_0669	QUB_27F_0669	27F	1187	240	Bacteria	RS_GCF_027568575.1	d__Bacteria;p__Bacillota;c__Bacilli;o__Bacillales_B;f__Caldibacillaceae;g__Caldifermentibacillus;s__Caldifermentibacillus hisashii	99.4							810	DB_01270	Rumen_Gateway	PhD_Zhenbin		USED	SH_0305	66	>JDP762_H8	>JDP762_61777621_H8	2024-07-31 00:00:00	11109010182-1	Plate	8	2024-08-16 00:00:00	11109029784	F	27F	1187	B1.2 Box 1	Direct_plating		PYG		PYG	middle	white center, cream out circle	NR	SH_071.3			MASTER_2_FGS	2021	ovine	Ruminal fluid from 2 animals	NR	high microalgae oil	Adult	JDP762_61777621_H8.ab1	/Users/nicholas/Library/CloudStorage/OneDrive-SharedLibraries-Queen'sUniversityBelfast/RUMEN Gateway QUB-Scientific_Consortium - Documents/03_Partners_sequences/QUB/ab1_files/JDP762_61777621_H8.ab1	TRUE	PRESENT	334234	2024-08-16T09:05:56	UNAVAILABLE	"PermissionError: [Errno 1] Operation not permitted: ""/Users/nicholas/Library/CloudStorage/OneDrive-SharedLibraries-Queen'sUniversityBelfast/RUMEN Gateway QUB-Scientific_Consortium - Documents/03_Partners_sequences/QUB/ab1_files"""
216	MATCHED_SH_PRIMER_BP	155	sh_id,primer,base_pairs,used_bc	1	1			QUB	SH_0306	SH_ID	SH_0306	QUB_0606	QUB_27F_0606	27F	1190	241	Bacteria	GB_GCA_000283635.1	d__Bacteria;p__Bacillota;c__Bacilli;o__Lactobacillales;f__Streptococcaceae;g__Streptococcus;s__Streptococcus macedonicus	99.3							811	DB_01186	Rumen_Gateway	PhD_Zhenbin		USED	SH_0306	67	>JDP762_A9	>JDP762_61777621_A9	2024-07-31 00:00:00	11109010182-1	Plate	9	2024-08-16 00:00:00	11109029784	F	27F	1190	B1.2 Box 1	Direct_plating		PYG		PYG	middle	white center, cream out circle	NR	Streptococcus gallolyticus			MASTER_2_FGS	2021	ovine	Ruminal fluid from 2 animals	NR	high microalgae oil	Adult	JDP762_61777621_A9.ab1	/Users/nicholas/Library/CloudStorage/OneDrive-SharedLibraries-Queen'sUniversityBelfast/RUMEN Gateway QUB-Scientific_Consortium - Documents/03_Partners_sequences/QUB/ab1_files/JDP762_61777621_A9.ab1	TRUE	PRESENT	335383	2024-08-16T09:05:52	UNAVAILABLE	"PermissionError: [Errno 1] Operation not permitted: ""/Users/nicholas/Library/CloudStorage/OneDrive-SharedLibraries-Queen'sUniversityBelfast/RUMEN Gateway QUB-Scientific_Consortium - Documents/03_Partners_sequences/QUB/ab1_files"""
217	MATCHED_SH_PRIMER_BP	155	sh_id,primer,base_pairs,used_bc	1	1			QUB	SH_0307	SH_ID	SH_0307	QUB_0624	QUB_27F_0624	27F	1277	242	Bacteria	RS_GCF_000011645.1	d__Bacteria;p__Bacillota;c__Bacilli;o__Bacillales;f__Bacillaceae;g__Bacillus;s__Bacillus licheniformis	98.8							812	DB_01210	Rumen_Gateway	PhD_Zhenbin		USED	SH_0307	68	>JDP762_C9	>JDP762_61777621_C9	2024-07-31 00:00:00	11109010182-1	Plate	9	2024-08-16 00:00:00	11109029784	F	27F	1277	B1.2 Box 1	Direct_plating		PYG		PYG	middle	white center, cream out circle	NR	Streptococcus gallolyticus			MASTER_2_FGS	2021	ovine	Ruminal fluid from 2 animals	NR	high microalgae oil	Adult	JDP762_61777621_C9.ab1	/Users/nicholas/Library/CloudStorage/OneDrive-SharedLibraries-Queen'sUniversityBelfast/RUMEN Gateway QUB-Scientific_Consortium - Documents/03_Partners_sequences/QUB/ab1_files/JDP762_61777621_C9.ab1	TRUE	PRESENT	337391	2024-08-16T09:05:52	UNAVAILABLE	"PermissionError: [Errno 1] Operation not permitted: ""/Users/nicholas/Library/CloudStorage/OneDrive-SharedLibraries-Queen'sUniversityBelfast/RUMEN Gateway QUB-Scientific_Consortium - Documents/03_Partners_sequences/QUB/ab1_files"""
218	MATCHED_SH_PRIMER_BP	155	sh_id,primer,base_pairs,used_bc	1	1			QUB	SH_0308	SH_ID	SH_0308	QUB_0661	QUB_27F_0661	27F	1200	243	Bacteria	RS_GCF_900289195.1	d__Bacteria;p__Actinomycetota;c__Actinomycetes;o__Propionibacteriales;f__Propionibacteriaceae;g__Propionibacterium;s__Propionibacterium ruminifibrarum	99.7				MWL11			813	DB_01258	Rumen_Gateway	PhD_Zhenbin		USED	SH_0308	69	>JDP762_G9	>JDP762_61777621_G9	2024-07-31 00:00:00	11109010182-1	Plate	9	2024-08-16 00:00:00	11109029784	F	27F	1200	B1.2 Box 1	Direct_plating		PYG		PYG	small	yellow	dry	Clostridium sporogenes			MASTER_2_FGS	2021	ovine	Ruminal fluid from 2 animals	NR	high microalgae oil	Adult	JDP762_61777621_G9.ab1	/Users/nicholas/Library/CloudStorage/OneDrive-SharedLibraries-Queen'sUniversityBelfast/RUMEN Gateway QUB-Scientific_Consortium - Documents/03_Partners_sequences/QUB/ab1_files/JDP762_61777621_G9.ab1	TRUE	PRESENT	335016	2024-08-16T09:05:54	UNAVAILABLE	"PermissionError: [Errno 1] Operation not permitted: ""/Users/nicholas/Library/CloudStorage/OneDrive-SharedLibraries-Queen'sUniversityBelfast/RUMEN Gateway QUB-Scientific_Consortium - Documents/03_Partners_sequences/QUB/ab1_files"""
219	MATCHED_SH_PRIMER_BP	155	sh_id,primer,base_pairs,used_bc	1	1			QUB	SH_0309	SH_ID	SH_0309	QUB_0670	QUB_27F_0670	27F	958	244	Bacteria	GB_GCA_032483415.1	d__Bacteria;p__Bacillota;c__Negativicutes;o__Veillonellales;f__Veillonellaceae;g__Veillonella;s__Veillonella sp032483415	99.7							814	DB_01271	Rumen_Gateway	PhD_Zhenbin		USED	SH_0309	70	>JDP762_H9	>JDP762_61777621_H9	2024-07-31 00:00:00	11109010182-1	Plate	9	2024-08-16 00:00:00	11109029784	F	27F	958	B1.2 Box 1	Direct_plating		PYG		PYG	small	center cream, transparent round	dry	Clostridium sporogenes			MASTER_2_FGS	2021	ovine	Ruminal fluid from 2 animals	NR	low microalgae oil	Adult	JDP762_61777621_H9.ab1	/Users/nicholas/Library/CloudStorage/OneDrive-SharedLibraries-Queen'sUniversityBelfast/RUMEN Gateway QUB-Scientific_Consortium - Documents/03_Partners_sequences/QUB/ab1_files/JDP762_61777621_H9.ab1	TRUE	PRESENT	332964	2024-08-16T09:05:56	UNAVAILABLE	"PermissionError: [Errno 1] Operation not permitted: ""/Users/nicholas/Library/CloudStorage/OneDrive-SharedLibraries-Queen'sUniversityBelfast/RUMEN Gateway QUB-Scientific_Consortium - Documents/03_Partners_sequences/QUB/ab1_files"""
220	MATCHED_SH_PRIMER_BP	155	sh_id,primer,base_pairs,used_bc	1	1			QUB	SH_0310	SH_ID	SH_0310	QUB_0618	QUB_27F_0618	27F	1153	245	Bacteria	GB_GCA_032483415.1	d__Bacteria;p__Bacillota;c__Negativicutes;o__Veillonellales;f__Veillonellaceae;g__Veillonella;s__Veillonella sp032483415	99.7				MWL11			815	DB_01211	Rumen_Gateway	PhD_Zhenbin		USED	SH_0310	71	>JDP762_C10	>JDP762_61777621_C10	2024-07-31 00:00:00	11109010182-1	Plate	10	2024-08-16 00:00:00	11109029784	F	27F	1153	B1.2 Box 1	Direct_plating		PYG		PYG	small	cream, yellow round	uneven	Clostridium sporogenes			MASTER_2_FGS	2021	ovine	Ruminal fluid from 2 animals	NR	low microalgae oil	Adult	JDP762_61777621_C10.ab1	/Users/nicholas/Library/CloudStorage/OneDrive-SharedLibraries-Queen'sUniversityBelfast/RUMEN Gateway QUB-Scientific_Consortium - Documents/03_Partners_sequences/QUB/ab1_files/JDP762_61777621_C10.ab1	TRUE	PRESENT	335686	2024-08-16T09:05:52	UNAVAILABLE	"PermissionError: [Errno 1] Operation not permitted: ""/Users/nicholas/Library/CloudStorage/OneDrive-SharedLibraries-Queen'sUniversityBelfast/RUMEN Gateway QUB-Scientific_Consortium - Documents/03_Partners_sequences/QUB/ab1_files"""
221	MATCHED_SH_PRIMER_BP	155	sh_id,primer,base_pairs,used_bc	3	1		row=817|db=DB_01488|short=JDP761_A11|fasta=|primer=27F|bp=|score=130|reasons=sh_id,primer,used_bc; row=818|db=DB_01489|short=JDP761_A12|fasta=|primer=1492R|bp=|score=105|reasons=sh_id,used_bc	QUB	SH_0311	SH_ID	SH_0311	QUB_0597	QUB_27F_0597	27F	1168	246	Bacteria	RS_GCF_011387195.1	d__Bacteria;p__Bacillota;c__Bacilli;o__Lactobacillales;f__Streptococcaceae;g__Streptococcus;s__Streptococcus ruminicola	99.1							816	DB_01187	Rumen_Gateway	PhD_Zhenbin		USED	SH_0311	72	>JDP762_A10	>JDP762_61777621_A10	2024-07-31 00:00:00	11109010182-1	Plate	10	2024-08-16 00:00:00	11109029784	F	27F	1168	B1.2 Box 1	Direct_plating		PYG		PYG	middle	yellow	uneven	Clostridium subterminale			MASTER_2_FGS	2021	ovine	Ruminal fluid from 2 animals	NR	low microalgae oil	Adult	JDP762_61777621_A10.ab1	/Users/nicholas/Library/CloudStorage/OneDrive-SharedLibraries-Queen'sUniversityBelfast/RUMEN Gateway QUB-Scientific_Consortium - Documents/03_Partners_sequences/QUB/ab1_files/JDP762_61777621_A10.ab1	TRUE	PRESENT	333863	2024-08-16T09:05:52	UNAVAILABLE	"PermissionError: [Errno 1] Operation not permitted: ""/Users/nicholas/Library/CloudStorage/OneDrive-SharedLibraries-Queen'sUniversityBelfast/RUMEN Gateway QUB-Scientific_Consortium - Documents/03_Partners_sequences/QUB/ab1_files"""
222	MATCHED_SH_PRIMER_BP	155	sh_id,primer,base_pairs,used_bc	2	1		row=819|db=DB_01235|short=JDP762_E10|fasta=JDP762_61777621_E10|primer=27F|bp=76|score=130|reasons=sh_id,primer,used_bc	QUB	SH_0312	SH_ID	SH_0312	QUB_0671	QUB_27F_0671	27F	1154	247	Bacteria	RS_GCF_008121495.1	d__Bacteria;p__Bacillota;c__Clostridia;o__Lachnospirales;f__Lachnospiraceae;g__Ruminococcus_B;s__Ruminococcus_B gnavus	98.5				MWL6			820	DB_01275	Rumen_Gateway	PhD_Zhenbin		USED	SH_0312	73	>JDP763	>JDP763_61777638_61777638	31/07/2024	11109010182-1	Tube		06/09/2024	11109054640	F	27F	1154	B1.2 Box 1	Direct_plating		PYG		PYG	small	white cream, transparent out circle	shiny	Ruminococcus gnavus			MASTER_2_FGS	2021	ovine	Ruminal fluid from 2 animals	NR	high microalgae oil	Adult	JDP763_61777638_61777638.ab1	/Users/nicholas/Library/CloudStorage/OneDrive-SharedLibraries-Queen'sUniversityBelfast/RUMEN Gateway QUB-Scientific_Consortium - Documents/03_Partners_sequences/QUB/ab1_files/JDP763_61777638_61777638.ab1	TRUE	PRESENT	327438	2024-09-09T05:56:04	UNAVAILABLE	"PermissionError: [Errno 1] Operation not permitted: ""/Users/nicholas/Library/CloudStorage/OneDrive-SharedLibraries-Queen'sUniversityBelfast/RUMEN Gateway QUB-Scientific_Consortium - Documents/03_Partners_sequences/QUB/ab1_files"""
223	MATCHED_SH_PRIMER_BP	155	sh_id,primer,base_pairs,used_bc	2	1		row=821|db=DB_01257|short=JDP762_G8|fasta=JDP762_61777621_G8|primer=27F|bp=19|score=130|reasons=sh_id,primer,used_bc	QUB	SH_0313	SH_ID	SH_0313	QUB_0672	QUB_27F_0672	27F	1161	248	Bacteria	GB_GCA_000283635.1	d__Bacteria;p__Bacillota;c__Bacilli;o__Lactobacillales;f__Streptococcaceae;g__Streptococcus;s__Streptococcus macedonicus	98.7							822	DB_01276	Rumen_Gateway	PhD_Zhenbin		USED	SH_0313	74	>JDP764	>JDP764_61777645_61777645	31/07/2024	11109010182-1	Tube		06/09/2024	11109053858	F	27F	1161	B1.2 Box 1	Direct_plating		PYG		PYG	big	center yellow point, cream round	NR	Streptococcus gallolyticus			MASTER_2_FGS	2021	ovine	Ruminal fluid from 2 animals	NR	high microalgae oil	Adult	JDP764_61777645_61777645.ab1	/Users/nicholas/Library/CloudStorage/OneDrive-SharedLibraries-Queen'sUniversityBelfast/RUMEN Gateway QUB-Scientific_Consortium - Documents/03_Partners_sequences/QUB/ab1_files/JDP764_61777645_61777645.ab1	TRUE	PRESENT	357746	2024-09-09T05:52:06	UNAVAILABLE	"PermissionError: [Errno 1] Operation not permitted: ""/Users/nicholas/Library/CloudStorage/OneDrive-SharedLibraries-Queen'sUniversityBelfast/RUMEN Gateway QUB-Scientific_Consortium - Documents/03_Partners_sequences/QUB/ab1_files"""
224	MATCHED_SH_PRIMER_BP	155	sh_id,primer,base_pairs,used_bc	1	1			QUB	SH_0314	SH_ID	SH_0314	QUB_0626	QUB_27F_0626	27F	1168	249	Bacteria	GB_GCA_000283635.1	d__Bacteria;p__Bacillota;c__Bacilli;o__Lactobacillales;f__Streptococcaceae;g__Streptococcus;s__Streptococcus macedonicus	98.8				MWL6			823	DB_01224	Rumen_Gateway	PhD_Zhenbin		USED	SH_0314	75	>JDP762_D11	>JDP762_61777621_D11	2024-07-31 00:00:00	11109010182-1	Plate	11	2024-08-16 00:00:00	11109029784	F	27F	1168	B1.2 Box 1	Direct_plating		PYG		PYG	small	cream	shiny	Ruminococcus gnavus			MASTER_2_FGS	2021	ovine	Ruminal fluid from 2 animals	NR	high microalgae oil	Adult	JDP762_61777621_D11.ab1	/Users/nicholas/Library/CloudStorage/OneDrive-SharedLibraries-Queen'sUniversityBelfast/RUMEN Gateway QUB-Scientific_Consortium - Documents/03_Partners_sequences/QUB/ab1_files/JDP762_61777621_D11.ab1	TRUE	PRESENT	332299	2024-08-16T09:05:54	UNAVAILABLE	"PermissionError: [Errno 1] Operation not permitted: ""/Users/nicholas/Library/CloudStorage/OneDrive-SharedLibraries-Queen'sUniversityBelfast/RUMEN Gateway QUB-Scientific_Consortium - Documents/03_Partners_sequences/QUB/ab1_files"""
225	MATCHED_SH_PRIMER_BP	155	sh_id,primer,base_pairs,used_bc	1	1			QUB	SH_0315	SH_ID	SH_0315	QUB_0598	QUB_27F_0598	27F	1157	250	Bacteria	RS_GCF_040681735.1	d__Bacteria;p__Actinomycetota;c__Actinomycetes;o__Mycobacteriales;f__Micromonosporaceae;g__Actinoplanes;s__Actinoplanes sp040681735	99.4							824	DB_01188	Rumen_Gateway	PhD_Zhenbin		USED	SH_0315	76	>JDP762_A11	>JDP762_61777621_A11	2024-07-31 00:00:00	11109010182-1	Plate	11	2024-08-16 00:00:00	11109029784	F	27F	1157	B1.2 Box 1	Direct_plating		PYG		PYG	small	cream	shiny	Staphylococcus epidermidis			MASTER_2_FGS	2021	ovine	Ruminal fluid from 2 animals	NR	medium microalgae oil	Adult	JDP762_61777621_A11.ab1	/Users/nicholas/Library/CloudStorage/OneDrive-SharedLibraries-Queen'sUniversityBelfast/RUMEN Gateway QUB-Scientific_Consortium - Documents/03_Partners_sequences/QUB/ab1_files/JDP762_61777621_A11.ab1	TRUE	PRESENT	330309	2024-08-16T09:05:52	UNAVAILABLE	"PermissionError: [Errno 1] Operation not permitted: ""/Users/nicholas/Library/CloudStorage/OneDrive-SharedLibraries-Queen'sUniversityBelfast/RUMEN Gateway QUB-Scientific_Consortium - Documents/03_Partners_sequences/QUB/ab1_files"""
226	MATCHED_SH_PRIMER_BP	155	sh_id,primer,base_pairs,used_bc	2	1		row=827|db=DB_01259|short=JDP762_G10|fasta=JDP762_61777621_G10|primer=27F|bp=1|score=130|reasons=sh_id,primer,used_bc	QUB	SH_0317	SH_ID	SH_0317	QUB_0673	QUB_27F_0673	27F	1142	251	Bacteria	RS_GCF_002008345.1	d__Bacteria;p__Bacillota;c__Clostridia;o__Clostridiales;f__Clostridiaceae;g__Clostridium_F;s__Clostridium_F tepidum	99.6							828	DB_01277	Rumen_Gateway	PhD_Zhenbin		USED	SH_0317	78	>JDP765	>JDP765_61777652_61777652	31/07/2024	11109010182-1	Tube		06/09/2024	11109053858	F	27F	1142	B1.2 Box 2	Direct_plating		PYG		PYG	middle	center cream, transparent round	dry	Unreliable			MASTER_2_FGS	2021	ovine	Ruminal fluid from 2 animals	NR	medium microalgae oil	Adult	JDP765_61777652_61777652.ab1	/Users/nicholas/Library/CloudStorage/OneDrive-SharedLibraries-Queen'sUniversityBelfast/RUMEN Gateway QUB-Scientific_Consortium - Documents/03_Partners_sequences/QUB/ab1_files/JDP765_61777652_61777652.ab1	TRUE	PRESENT	341478	2024-09-09T05:52:06	UNAVAILABLE	"PermissionError: [Errno 1] Operation not permitted: ""/Users/nicholas/Library/CloudStorage/OneDrive-SharedLibraries-Queen'sUniversityBelfast/RUMEN Gateway QUB-Scientific_Consortium - Documents/03_Partners_sequences/QUB/ab1_files"""
227	MATCHED_SH_PRIMER_BP	155	sh_id,primer,base_pairs,used_bc	1	1			QUB	SH_0344	SH_ID	SH_0344	QUB_0557	QUB_27F_0557	27F	1212	252	Bacteria	RS_GCF_012844235.1	d__Bacteria;p__Actinomycetota;c__Coriobacteriia;o__Coriobacteriales;f__Atopobiaceae;g__Parafannyhessea;s__Parafannyhessea sp900538935	99.7							859	DB_01128	Rumen_Gateway	PhD_Zhenbin		USED	SH_0344	105	>IWS810	>IWS810_59988107_59988107	19/04/2024	11108875297-1	Tube		20/08/2024	11109033104	F	27F	1212	B1.2 Box 3	Direct_plating		PYG		PYG	small	white center, cream out circle	dry	SH_016.2			MASTER_2_FGS	2021	ovine	Ruminal fluid from 2 animals	NR	low microalgae oil	Adult	IWS810_59988107_59988107.ab1	/Users/nicholas/Library/CloudStorage/OneDrive-SharedLibraries-Queen'sUniversityBelfast/RUMEN Gateway QUB-Scientific_Consortium - Documents/03_Partners_sequences/QUB/ab1_files/IWS810_59988107_59988107.ab1	TRUE	PRESENT	341243	2024-08-20T12:36:12	UNAVAILABLE	"PermissionError: [Errno 1] Operation not permitted: ""/Users/nicholas/Library/CloudStorage/OneDrive-SharedLibraries-Queen'sUniversityBelfast/RUMEN Gateway QUB-Scientific_Consortium - Documents/03_Partners_sequences/QUB/ab1_files"""
228	MATCHED_SH_PRIMER_BP	155	sh_id,primer,base_pairs,used_bc	1	1			QUB	SH_0346	SH_ID	SH_0346	QUB_0024	QUB_63F_0024	63F	1180	253	Bacteria	RS_GCF_018916875.1	d__Bacteria;p__Bacillota;c__Bacilli;o__Bacillales_D;f__Amphibacillaceae;g__Virgibacillus;s__Virgibacillus proomii_B	99.2							865	DB_00063	Rumen_Gateway	MSc_Ziming	missing_maldi	USED	SH_0346	RC65	>DYG772	>DYG772_26587722_26587722	02/02/2021	11107239059-1	Tube		19/07/2022	11108032820	F	63F	1180	B1.2 box 4	Dilution_to_extinction	2	M2	2022	M2	big	white	NR	SH_003			MASTER_2_FGS	NR	ovine	NR	7064	TMR/Control	Samples from the slaughter	DYG772_26587722_26587722.ab1	/Users/nicholas/Library/CloudStorage/OneDrive-SharedLibraries-Queen'sUniversityBelfast/RUMEN Gateway QUB-Scientific_Consortium - Documents/03_Partners_sequences/QUB/ab1_files/DYG772_26587722_26587722.ab1	TRUE	PRESENT	327369	2022-07-20T08:49:18	UNAVAILABLE	"PermissionError: [Errno 1] Operation not permitted: ""/Users/nicholas/Library/CloudStorage/OneDrive-SharedLibraries-Queen'sUniversityBelfast/RUMEN Gateway QUB-Scientific_Consortium - Documents/03_Partners_sequences/QUB/ab1_files"""
229	MATCHED_SH_PRIMER_BP	155	sh_id,primer,base_pairs,used_bc	1	1			QUB	SH_0347	SH_ID	SH_0347	QUB_0030	QUB_63F_0030	63F	1207	254	Bacteria	RS_GCF_018916875.1	d__Bacteria;p__Bacillota;c__Bacilli;o__Bacillales_D;f__Amphibacillaceae;g__Virgibacillus;s__Virgibacillus proomii_B	99.2							866	DB_00069	Rumen_Gateway	MSc_Ziming	missing_maldi	USED	SH_0347	RC71	>DYG778	>DYG778_26587784_26587784	02/02/2021	11107239059-1	Tube		19/07/2022	11108032820	F	63F	1207	B1.2 box 4	Dilution_to_extinction	2	M2	2022	M2	pinpoint	white	NR	SH_008			MASTER_2_FGS	NR	ovine	NR	6973	TMR/High microalgae supplementation	Samples from the slaughter	DYG778_26587784_26587784.ab1	/Users/nicholas/Library/CloudStorage/OneDrive-SharedLibraries-Queen'sUniversityBelfast/RUMEN Gateway QUB-Scientific_Consortium - Documents/03_Partners_sequences/QUB/ab1_files/DYG778_26587784_26587784.ab1	TRUE	PRESENT	323560	2022-07-20T08:49:18	UNAVAILABLE	"PermissionError: [Errno 1] Operation not permitted: ""/Users/nicholas/Library/CloudStorage/OneDrive-SharedLibraries-Queen'sUniversityBelfast/RUMEN Gateway QUB-Scientific_Consortium - Documents/03_Partners_sequences/QUB/ab1_files"""
230	MATCHED_SH_PRIMER_BP	155	sh_id,primer,base_pairs,used_bc	1	1			QUB	SH_0348	SH_ID	SH_0348	QUB_0036	QUB_63F_0036	63F	1202	255	Bacteria	RS_GCF_018916875.1	d__Bacteria;p__Bacillota;c__Bacilli;o__Bacillales_D;f__Amphibacillaceae;g__Virgibacillus;s__Virgibacillus proomii_B	99.3							867	DB_00075	Rumen_Gateway	MSc_Ziming	missing_maldi	USED	SH_0348	RC77	>DYG784	>DYG784_26587845_26587845	02/02/2021	11107239059-1	Tube		19/07/2022	11108032820	F	63F	1202	B1.2 box 4	Dilution_to_extinction	7	PC	2022	PC	medium	grey	NR	Virgibacillus Proomii			MASTER_2_FGS	NR	ovine	NR	6908	TMR/High microalgae supplementation	Samples from the slaughter	DYG784_26587845_26587845.ab1	/Users/nicholas/Library/CloudStorage/OneDrive-SharedLibraries-Queen'sUniversityBelfast/RUMEN Gateway QUB-Scientific_Consortium - Documents/03_Partners_sequences/QUB/ab1_files/DYG784_26587845_26587845.ab1	TRUE	PRESENT	318581	2022-07-20T08:49:18	UNAVAILABLE	"PermissionError: [Errno 1] Operation not permitted: ""/Users/nicholas/Library/CloudStorage/OneDrive-SharedLibraries-Queen'sUniversityBelfast/RUMEN Gateway QUB-Scientific_Consortium - Documents/03_Partners_sequences/QUB/ab1_files"""
231	MATCHED_SH_PRIMER_BP	155	sh_id,primer,base_pairs,used_bc	3	1		row=868|db=DB_00263|short=GBF589|fasta=GBF589_40875898_40875898|primer=63F|bp=52|score=130|reasons=sh_id,primer,used_bc; row=870|db=DB_01106|short=IWS788|fasta=IWS788_59987889_59987889|primer=27F|bp=1217|score=105|reasons=sh_id,used_bc	QUB	SH_0349	SH_ID	SH_0349	QUB_0153	QUB_63F_0153	63F	1211	256	Bacteria	RS_GCF_001042485.2	d__Bacteria;p__Bacillota;c__Bacilli;o__Bacillales;f__Bacillaceae;g__Bacillus;s__Bacillus paralicheniformis	99.5							869	DB_00473	Rumen_Gateway	PhD_Izabella, Renata 2023	missing_maldi_missingScientificID	USED	SH_0349	86	>GLE310	>GLE310_43463108_43463108	31/10/2022	11108143158-1	Tube		10/05/2023	11108424650	F	63F	1211	B1.2 box 4	Dilution_to_extinction	2	PC	2022	M2	big	light cream	NR	SH_138.2			Routine in vitro ruminal fluid	NR	bovine				Slaughter	GLE310_43463108_43463108.ab1	/Users/nicholas/Library/CloudStorage/OneDrive-SharedLibraries-Queen'sUniversityBelfast/RUMEN Gateway QUB-Scientific_Consortium - Documents/03_Partners_sequences/QUB/ab1_files/GLE310_43463108_43463108.ab1	TRUE	PRESENT	342405	2023-05-10T09:36:54	UNAVAILABLE	"PermissionError: [Errno 1] Operation not permitted: ""/Users/nicholas/Library/CloudStorage/OneDrive-SharedLibraries-Queen'sUniversityBelfast/RUMEN Gateway QUB-Scientific_Consortium - Documents/03_Partners_sequences/QUB/ab1_files"""
232	MATCHED_SH_PRIMER_BP	155	sh_id,primer,base_pairs,used_bc	3	1		row=868|db=DB_00263|short=GBF589|fasta=GBF589_40875898_40875898|primer=63F|bp=52|score=105|reasons=sh_id,used_bc; row=869|db=DB_00473|short=GLE310|fasta=GLE310_43463108_43463108|primer=63F|bp=1211|score=105|reasons=sh_id,used_bc	QUB	SH_0349	SH_ID	SH_0349	QUB_0542	QUB_27F_0542	27F	1217	257	Bacteria	RS_GCF_023051165.1	d__Bacteria;p__Bacillota;c__Negativicutes;o__Veillonellales;f__Veillonellaceae;g__Veillonella_A;s__Veillonella_A sp000431435	99.5							870	DB_01106	Rumen_Gateway	PhD_Izabella, Renata 2023	missing_maldi	USED	SH_0349	RC86	>IWS788	>IWS788_59987889_59987889	19/04/2024	11108875297-1	Tube		16/08/2024	11109029894	F	27F	1217	B1.2 box 4	Dilution_to_extinction	2	PC	2022	M2	NR	NR	NR	SH_138.2			Routine in vitro ruminal fluid	NR	bovine				Slaughter	IWS788_59987889_59987889.ab1	/Users/nicholas/Library/CloudStorage/OneDrive-SharedLibraries-Queen'sUniversityBelfast/RUMEN Gateway QUB-Scientific_Consortium - Documents/03_Partners_sequences/QUB/ab1_files/IWS788_59987889_59987889.ab1	FALSE	MISSING_EXPECTED_FILE			UNAVAILABLE	"PermissionError: [Errno 1] Operation not permitted: ""/Users/nicholas/Library/CloudStorage/OneDrive-SharedLibraries-Queen'sUniversityBelfast/RUMEN Gateway QUB-Scientific_Consortium - Documents/03_Partners_sequences/QUB/ab1_files"""
233	MATCHED_SH_PRIMER_BP	155	sh_id,primer,base_pairs,used_bc	3	1		row=871|db=DB_00265|short=GBF591|fasta=GBF591_40875911_40875911|primer=63F|bp=23|score=130|reasons=sh_id,primer,used_bc; row=873|db=DB_01201|short=JDP762_B12|fasta=JDP762_61777621_B12|primer=27F|bp=1189|score=105|reasons=sh_id,used_bc	QUB	SH_0350	SH_ID	SH_0350	QUB_0154	QUB_63F_0154	63F	1195	258	Bacteria	RS_GCF_011387195.1	d__Bacteria;p__Bacillota;c__Bacilli;o__Lactobacillales;f__Streptococcaceae;g__Streptococcus;s__Streptococcus ruminicola	99.5							872	DB_00474	Rumen_Gateway	PhD_Izabella, Renata 2023	missing_maldi_missingScientificID	USED	SH_0350	88	>GLE311	>GLE311_43463115_43463115	31/10/2022	11108143158-1	Tube		10/05/2023	11108424650	F	63F	1195	B1.2 box 4	Dilution_to_extinction	2	PC	2022	M2	medium	cream	NR	SH_003			Routine in vitro ruminal fluid	NR	bovine				Slaughter	GLE311_43463115_43463115.ab1	/Users/nicholas/Library/CloudStorage/OneDrive-SharedLibraries-Queen'sUniversityBelfast/RUMEN Gateway QUB-Scientific_Consortium - Documents/03_Partners_sequences/QUB/ab1_files/GLE311_43463115_43463115.ab1	TRUE	PRESENT	314448	2023-05-10T09:36:54	UNAVAILABLE	"PermissionError: [Errno 1] Operation not permitted: ""/Users/nicholas/Library/CloudStorage/OneDrive-SharedLibraries-Queen'sUniversityBelfast/RUMEN Gateway QUB-Scientific_Consortium - Documents/03_Partners_sequences/QUB/ab1_files"""
234	MATCHED_SH_PRIMER_BP	155	sh_id,primer,base_pairs,used_bc	3	1		row=871|db=DB_00265|short=GBF591|fasta=GBF591_40875911_40875911|primer=63F|bp=23|score=105|reasons=sh_id,used_bc; row=872|db=DB_00474|short=GLE311|fasta=GLE311_43463115_43463115|primer=63F|bp=1195|score=105|reasons=sh_id,used_bc	QUB	SH_0350	SH_ID	SH_0350	QUB_0610	QUB_27F_0610	27F	1189	259	Bacteria	RS_GCF_011387195.1	d__Bacteria;p__Bacillota;c__Bacilli;o__Lactobacillales;f__Streptococcaceae;g__Streptococcus;s__Streptococcus ruminicola	99.4							873	DB_01201	Rumen_Gateway	PhD_Izabella, Renata 2023	missing_maldi	USED	SH_0350	RC88	>JDP762_B12	>JDP762_61777621_B12	2024-07-31 00:00:00	11109010182-1	Plate	12	2024-08-16 00:00:00	11109029784	F	27F	1189	B1.2 box 4	Dilution_to_extinction	2	PC	2022	M2	NR	NR	NR	SH_003			Routine in vitro ruminal fluid	NR	bovine				Slaughter	JDP762_61777621_B12.ab1	/Users/nicholas/Library/CloudStorage/OneDrive-SharedLibraries-Queen'sUniversityBelfast/RUMEN Gateway QUB-Scientific_Consortium - Documents/03_Partners_sequences/QUB/ab1_files/JDP762_61777621_B12.ab1	TRUE	PRESENT	322064	2024-08-16T09:05:52	UNAVAILABLE	"PermissionError: [Errno 1] Operation not permitted: ""/Users/nicholas/Library/CloudStorage/OneDrive-SharedLibraries-Queen'sUniversityBelfast/RUMEN Gateway QUB-Scientific_Consortium - Documents/03_Partners_sequences/QUB/ab1_files"""
235	MATCHED_SH_PRIMER_BP	155	sh_id,primer,base_pairs,used_bc	1	1			QUB	SH_0351	SH_ID	SH_0351	QUB_0115	QUB_63F_0115	63F	1133	260	Bacteria	GB_GCA_004555055.1	d__Bacteria;p__Bacteroidota;c__Bacteroidia;o__Bacteroidales;f__Bacteroidaceae;g__Alloprevotella;s__Alloprevotella sp004555055	98.6							874	DB_00275	Rumen_Gateway	MSc_Ziming	missing_maldi	USED	SH_0351	RC98	>GBF601	>GBF601_40876017_40876017	05/08/2022	11108053228-1	Tube		24/08/2022	11108077821	F	63F	1133	B1.2 box 4	Dilution_to_extinction	2	M2	2022	M2	medium	cream	NR	SH_138.2			Routine in vitro ruminal fluid	NR	bovine				Slaughter	GBF601_40876017_40876017.ab1	/Users/nicholas/Library/CloudStorage/OneDrive-SharedLibraries-Queen'sUniversityBelfast/RUMEN Gateway QUB-Scientific_Consortium - Documents/03_Partners_sequences/QUB/ab1_files/GBF601_40876017_40876017.ab1	TRUE	PRESENT	322235	2022-08-24T14:18:42	UNAVAILABLE	"PermissionError: [Errno 1] Operation not permitted: ""/Users/nicholas/Library/CloudStorage/OneDrive-SharedLibraries-Queen'sUniversityBelfast/RUMEN Gateway QUB-Scientific_Consortium - Documents/03_Partners_sequences/QUB/ab1_files"""
236	MATCHED_SH_PRIMER_BP	155	sh_id,primer,base_pairs,used_bc	3	1		row=875|db=DB_00282|short=GBF608|fasta=GBF608_40876086_40876086|primer=63F|bp=158|score=130|reasons=sh_id,primer,used_bc; row=877|db=DB_01105|short=IWS787|fasta=IWS787_59987872_59987872|primer=27F|bp=1208|score=105|reasons=sh_id,used_bc	QUB	SH_0352	SH_ID	SH_0352	QUB_0155	QUB_63F_0155	63F	1193	261	Bacteria	RS_GCF_011387195.1	d__Bacteria;p__Bacillota;c__Bacilli;o__Lactobacillales;f__Streptococcaceae;g__Streptococcus;s__Streptococcus ruminicola	99.6							876	DB_00475	Rumen_Gateway	PhD_Izabella, Renata 2023	missing_maldi_missingScientificID	USED	SH_0352	105	>GLE312	>GLE312_43463122_43463122	31/10/2022	11108143158-1	Tube		10/05/2023	11108424650	F	63F	1193	B1.2 box 4	Dilution_to_extinction	2	PC	2022	M2	medium	dark cream centre with transparent edges	NR	Escherichia coli			Routine in vitro ruminal fluid	NR	bovine				Slaughter	GLE312_43463122_43463122.ab1	/Users/nicholas/Library/CloudStorage/OneDrive-SharedLibraries-Queen'sUniversityBelfast/RUMEN Gateway QUB-Scientific_Consortium - Documents/03_Partners_sequences/QUB/ab1_files/GLE312_43463122_43463122.ab1	TRUE	PRESENT	318491	2023-05-10T09:36:54	UNAVAILABLE	"PermissionError: [Errno 1] Operation not permitted: ""/Users/nicholas/Library/CloudStorage/OneDrive-SharedLibraries-Queen'sUniversityBelfast/RUMEN Gateway QUB-Scientific_Consortium - Documents/03_Partners_sequences/QUB/ab1_files"""
237	MATCHED_SH_PRIMER_BP	155	sh_id,primer,base_pairs,used_bc	3	1		row=875|db=DB_00282|short=GBF608|fasta=GBF608_40876086_40876086|primer=63F|bp=158|score=105|reasons=sh_id,used_bc; row=876|db=DB_00475|short=GLE312|fasta=GLE312_43463122_43463122|primer=63F|bp=1193|score=105|reasons=sh_id,used_bc	QUB	SH_0352	SH_ID	SH_0352	QUB_0541	QUB_27F_0541	27F	1208	262	Bacteria	RS_GCF_011387195.1	d__Bacteria;p__Bacillota;c__Bacilli;o__Lactobacillales;f__Streptococcaceae;g__Streptococcus;s__Streptococcus ruminicola	99.3							877	DB_01105	Rumen_Gateway	PhD_Izabella, Renata 2023	missing_maldi	USED	SH_0352	RC105	>IWS787	>IWS787_59987872_59987872	19/04/2024	11108875297-1	Tube		16/08/2024	11109030325	F	27F	1208	B1.2 box 4	Dilution_to_extinction	2	PC	2022	M2	NR	NR	NR	Escherichia coli			Routine in vitro ruminal fluid	NR	bovine				Slaughter	IWS787_59987872_59987872.ab1	/Users/nicholas/Library/CloudStorage/OneDrive-SharedLibraries-Queen'sUniversityBelfast/RUMEN Gateway QUB-Scientific_Consortium - Documents/03_Partners_sequences/QUB/ab1_files/IWS787_59987872_59987872.ab1	TRUE	PRESENT	336473	2024-08-16T13:52:14	UNAVAILABLE	"PermissionError: [Errno 1] Operation not permitted: ""/Users/nicholas/Library/CloudStorage/OneDrive-SharedLibraries-Queen'sUniversityBelfast/RUMEN Gateway QUB-Scientific_Consortium - Documents/03_Partners_sequences/QUB/ab1_files"""
238	MATCHED_SH_PRIMER_BP	155	sh_id,primer,base_pairs,used_bc	1	1			QUB	SH_0353	SH_ID	SH_0353	QUB_0122	QUB_63F_0122	63F	966	263	Bacteria	RS_GCF_011387195.1	d__Bacteria;p__Bacillota;c__Bacilli;o__Lactobacillales;f__Streptococcaceae;g__Streptococcus;s__Streptococcus ruminicola	99.6							878	DB_00283	Rumen_Gateway	MSc_Ziming	missing_maldi	USED	SH_0353	RC106	>GBF609	>GBF609_40876093_40876093	05/08/2022	11108053228-1	Tube		24/08/2022	11108077821	F	63F	966	B1.2 box 4	Dilution_to_extinction	2	PC	2022	PC	medium	white centre	NR	SH_003			Routine in vitro ruminal fluid	NR	bovine				Slaughter	GBF609_40876093_40876093.ab1	/Users/nicholas/Library/CloudStorage/OneDrive-SharedLibraries-Queen'sUniversityBelfast/RUMEN Gateway QUB-Scientific_Consortium - Documents/03_Partners_sequences/QUB/ab1_files/GBF609_40876093_40876093.ab1	TRUE	PRESENT	326734	2022-08-24T14:18:42	UNAVAILABLE	"PermissionError: [Errno 1] Operation not permitted: ""/Users/nicholas/Library/CloudStorage/OneDrive-SharedLibraries-Queen'sUniversityBelfast/RUMEN Gateway QUB-Scientific_Consortium - Documents/03_Partners_sequences/QUB/ab1_files"""
239	MATCHED_SH_PRIMER_BP	155	sh_id,primer,base_pairs,used_bc	2	1		row=883|db=DB_01225|short=JDP762_D12|fasta=JDP762_61777621_D12|primer=27F|bp=1187|score=105|reasons=sh_id,used_bc	QUB	SH_0355	SH_ID	SH_0355	QUB_0126	QUB_63F_0126	63F	1151	264	Bacteria	RS_GCF_000011645.1	d__Bacteria;p__Bacillota;c__Bacilli;o__Bacillales;f__Bacillaceae;g__Bacillus;s__Bacillus licheniformis	97.8							882	DB_00289	Rumen_Gateway	MSc_Ziming	missing_maldi	USED	SH_0355	RC112	>GBF615	>GBF615_40876154_40876154	05/08/2022	11108053228-1	Tube		24/08/2022	11108077821	F	63F	1151	B1.2 box 4	Dilution_to_extinction	2	BHI	2022	BHI	NR	NR	NR	SH_48			Routine in vitro ruminal fluid	NR	bovine				Slaughter	GBF615_40876154_40876154.ab1	/Users/nicholas/Library/CloudStorage/OneDrive-SharedLibraries-Queen'sUniversityBelfast/RUMEN Gateway QUB-Scientific_Consortium - Documents/03_Partners_sequences/QUB/ab1_files/GBF615_40876154_40876154.ab1	TRUE	PRESENT	321511	2022-08-24T14:18:44	UNAVAILABLE	"PermissionError: [Errno 1] Operation not permitted: ""/Users/nicholas/Library/CloudStorage/OneDrive-SharedLibraries-Queen'sUniversityBelfast/RUMEN Gateway QUB-Scientific_Consortium - Documents/03_Partners_sequences/QUB/ab1_files"""
240	MATCHED_SH_PRIMER_BP	155	sh_id,primer,base_pairs,used_bc	2	1		row=882|db=DB_00289|short=GBF615|fasta=GBF615_40876154_40876154|primer=63F|bp=1151|score=105|reasons=sh_id,used_bc	QUB	SH_0355	SH_ID	SH_0355	QUB_0627	QUB_27F_0627	27F	1187	265	Bacteria	RS_GCF_000011645.1	d__Bacteria;p__Bacillota;c__Bacilli;o__Bacillales;f__Bacillaceae;g__Bacillus;s__Bacillus licheniformis	98.8							883	DB_01225	Rumen_Gateway	MSc_Ziming	Missing_from_report	USED	SH_0355	112	>JDP762_D12	>JDP762_61777621_D12	2024-07-31 00:00:00	11109010182-1	Plate	12	2024-08-16 00:00:00	11109029784	F	27F	1187	B1.2 box 4	Dilution_to_extinction	2	BHI	2022	BHI	NR	NR	NR	SH_48			Routine in vitro ruminal fluid	NR	bovine				Slaughter	JDP762_61777621_D12.ab1	/Users/nicholas/Library/CloudStorage/OneDrive-SharedLibraries-Queen'sUniversityBelfast/RUMEN Gateway QUB-Scientific_Consortium - Documents/03_Partners_sequences/QUB/ab1_files/JDP762_61777621_D12.ab1	TRUE	PRESENT	329994	2024-08-16T09:05:54	UNAVAILABLE	"PermissionError: [Errno 1] Operation not permitted: ""/Users/nicholas/Library/CloudStorage/OneDrive-SharedLibraries-Queen'sUniversityBelfast/RUMEN Gateway QUB-Scientific_Consortium - Documents/03_Partners_sequences/QUB/ab1_files"""
241	MATCHED_SH_PRIMER_BP	155	sh_id,primer,base_pairs,used_bc	1	1			QUB	SH_0356	SH_ID	SH_0356	QUB_0130	QUB_63F_0130	63F	1139	266	Bacteria	GB_GCA_900764415.1	d__Bacteria;p__Actinomycetota;c__Coriobacteriia;o__Coriobacteriales;f__Coriobacteriaceae;g__Collinsella;s__Collinsella sp900764415	98.8							884	DB_00293	Rumen_Gateway	MSc_Ziming	missing_maldi	USED	SH_0356	RC116	>GBF619	>GBF619_40876192_40876192	05/08/2022	11108053228-1	Tube		24/08/2022	11108077821	F	63F	1139	B1.2 box 4	Dilution_to_extinction	2	BHI	2022	BHI	pinpoint	white	NR	Escherichia coli			Routine in vitro ruminal fluid	NR	bovine				Slaughter	GBF619_40876192_40876192.ab1	/Users/nicholas/Library/CloudStorage/OneDrive-SharedLibraries-Queen'sUniversityBelfast/RUMEN Gateway QUB-Scientific_Consortium - Documents/03_Partners_sequences/QUB/ab1_files/GBF619_40876192_40876192.ab1	TRUE	PRESENT	320235	2022-08-24T14:18:44	UNAVAILABLE	"PermissionError: [Errno 1] Operation not permitted: ""/Users/nicholas/Library/CloudStorage/OneDrive-SharedLibraries-Queen'sUniversityBelfast/RUMEN Gateway QUB-Scientific_Consortium - Documents/03_Partners_sequences/QUB/ab1_files"""
242	MATCHED_SH_PRIMER_BP	155	sh_id,primer,base_pairs,used_bc	2	1		row=890|db=DB_01109|short=IWS791|fasta=IWS791_59987919_59987919|primer=27F|bp=1211|score=105|reasons=sh_id,used_bc	QUB	SH_0358	SH_ID	SH_0358	QUB_0139	QUB_63F_0139	63F	1217	267	Bacteria	RS_GCF_000011645.1	d__Bacteria;p__Bacillota;c__Bacilli;o__Bacillales;f__Bacillaceae;g__Bacillus;s__Bacillus licheniformis	99.3							889	DB_00383	Rumen_Gateway	BSc_Jordan	kl_doesnthavereport	USED	SH_0358	RC145	>GEC606	>GEC606_41626062_41626062	06/09/2022	11108091547-1	Tube		20/01/2023	11108264748	F	63F	1217	B1.2 box 4	Dilution_to_extinction	2	BHI	2022	BHI	NR	NR	NR	Unknown			Routine in vitro ruminal fluid	NR	bovine		Cow		Slaughter	GEC606_41626062_41626062.ab1	/Users/nicholas/Library/CloudStorage/OneDrive-SharedLibraries-Queen'sUniversityBelfast/RUMEN Gateway QUB-Scientific_Consortium - Documents/03_Partners_sequences/QUB/ab1_files/GEC606_41626062_41626062.ab1	TRUE	PRESENT	342896	2023-01-21T01:20:36	UNAVAILABLE	"PermissionError: [Errno 1] Operation not permitted: ""/Users/nicholas/Library/CloudStorage/OneDrive-SharedLibraries-Queen'sUniversityBelfast/RUMEN Gateway QUB-Scientific_Consortium - Documents/03_Partners_sequences/QUB/ab1_files"""
243	MATCHED_SH_PRIMER_BP	155	sh_id,primer,base_pairs,used_bc	2	1		row=889|db=DB_00383|short=GEC606|fasta=GEC606_41626062_41626062|primer=63F|bp=1217|score=105|reasons=sh_id,used_bc	QUB	SH_0358	SH_ID	SH_0358	QUB_0545	QUB_27F_0545	27F	1211	268	Bacteria	GB_GCA_905197905.1	d__Bacteria;p__Pseudomonadota;c__Gammaproteobacteria;o__Burkholderiales;f__Burkholderiaceae;g__Sutterella;s__Sutterella sp905197905	99.3							890	DB_01109	Rumen_Gateway	BSc_Jordan	missing_maldi	USED	SH_0358	145	>IWS791	>IWS791_59987919_59987919	19/04/2024	11108875297-1	Tube		16/08/2024	11109030325	F	27F	1211	B1.2 box 4	Dilution_to_extinction	2	BHI	2022	BHI	NR	NR	NR	Unknown			Routine in vitro ruminal fluid	NR	bovine		Cow		Slaughter	IWS791_59987919_59987919.ab1	/Users/nicholas/Library/CloudStorage/OneDrive-SharedLibraries-Queen'sUniversityBelfast/RUMEN Gateway QUB-Scientific_Consortium - Documents/03_Partners_sequences/QUB/ab1_files/IWS791_59987919_59987919.ab1	TRUE	PRESENT	345170	2024-08-16T13:52:14	UNAVAILABLE	"PermissionError: [Errno 1] Operation not permitted: ""/Users/nicholas/Library/CloudStorage/OneDrive-SharedLibraries-Queen'sUniversityBelfast/RUMEN Gateway QUB-Scientific_Consortium - Documents/03_Partners_sequences/QUB/ab1_files"""
244	MATCHED_SH_PRIMER_BP	155	sh_id,primer,base_pairs,used_bc	1	1			QUB	SH_0359	SH_ID	SH_0359	QUB_0047	QUB_63F_0047	63F	1186	269	Bacteria	RS_GCF_000227295.1	d__Bacteria;p__Actinomycetota;c__Actinomycetes;o__Propionibacteriales;f__Propionibacteriaceae;g__Cutibacterium;s__Cutibacterium avidum	99.4							891	DB_00088	Rumen_Gateway	MSc_Ziming	Dead	USED	SH_0359	RC129	>DYG797	>DYG797_26587975_26587975	02/02/2021	11107239059-1	Tube		26/08/2022	11108081181	F	63F	1186	Dead	Dilution_to_extinction	2	M2	2022	BHI	medium	cream	NR	Dead			Routine in vitro ruminal fluid	NR	bovine				Slaughter	DYG797_26587975_26587975.ab1	/Users/nicholas/Library/CloudStorage/OneDrive-SharedLibraries-Queen'sUniversityBelfast/RUMEN Gateway QUB-Scientific_Consortium - Documents/03_Partners_sequences/QUB/ab1_files/DYG797_26587975_26587975.ab1	TRUE	PRESENT	327626	2022-08-26T16:16:18	UNAVAILABLE	"PermissionError: [Errno 1] Operation not permitted: ""/Users/nicholas/Library/CloudStorage/OneDrive-SharedLibraries-Queen'sUniversityBelfast/RUMEN Gateway QUB-Scientific_Consortium - Documents/03_Partners_sequences/QUB/ab1_files"""
245	MATCHED_SH_PRIMER_BP	155	sh_id,primer,base_pairs,used_bc	1	1			QUB	SH_0360	SH_ID	SH_0360	QUB_0093	QUB_63F_0093	63F	1124	270	Bacteria	RS_GCF_011387195.1	d__Bacteria;p__Bacillota;c__Bacilli;o__Lactobacillales;f__Streptococcaceae;g__Streptococcus;s__Streptococcus ruminicola	99							892	DB_00188	Rumen_Gateway	MSc_Ziming	missing_maldi	USED	SH_0360	RC133	>ELX895	>ELX895_30138958_30138958	01/07/2021	11107492450-1	Tube		26/08/2022	11108081195	F	63F	1124	B1.2 box 4	Dilution_to_extinction	2	PC	2022	BHI	big	cream	NR	SH_003 (Streptococcus equinus)			Routine in vitro ruminal fluid	NR	bovine				Slaughter	ELX895_30138958_30138958.ab1	/Users/nicholas/Library/CloudStorage/OneDrive-SharedLibraries-Queen'sUniversityBelfast/RUMEN Gateway QUB-Scientific_Consortium - Documents/03_Partners_sequences/QUB/ab1_files/ELX895_30138958_30138958.ab1	TRUE	PRESENT	308108	2022-08-26T16:16:10	UNAVAILABLE	"PermissionError: [Errno 1] Operation not permitted: ""/Users/nicholas/Library/CloudStorage/OneDrive-SharedLibraries-Queen'sUniversityBelfast/RUMEN Gateway QUB-Scientific_Consortium - Documents/03_Partners_sequences/QUB/ab1_files"""
246	MATCHED_SH_PRIMER_BP	155	sh_id,primer,base_pairs,used_bc	1	1			QUB	SH_0361	SH_ID	SH_0361	QUB_0094	QUB_63F_0094	63F	1141	271	Bacteria	RS_GCF_009695655.1	d__Bacteria;p__Bacillota;c__Bacilli;o__Erysipelotrichales;f__Coprobacillaceae;g__Sharpea;s__Sharpea porci	97.7							893	DB_00190	Rumen_Gateway	MSc_Ziming	missing_maldi	USED	SH_0361	RC134	>ELX897	>ELX897_30138972_30138972	01/07/2021	11107492450-1	Tube		26/08/2022	11108081195	F	63F	1141	B1.3 Box 1	Dilution_to_extinction	2	PC	2022	PC	big	grey	NR	SH_78			Routine in vitro ruminal fluid	NR	bovine				Slaughter	ELX897_30138972_30138972.ab1	/Users/nicholas/Library/CloudStorage/OneDrive-SharedLibraries-Queen'sUniversityBelfast/RUMEN Gateway QUB-Scientific_Consortium - Documents/03_Partners_sequences/QUB/ab1_files/ELX897_30138972_30138972.ab1	TRUE	PRESENT	310172	2022-08-26T16:16:12	UNAVAILABLE	"PermissionError: [Errno 1] Operation not permitted: ""/Users/nicholas/Library/CloudStorage/OneDrive-SharedLibraries-Queen'sUniversityBelfast/RUMEN Gateway QUB-Scientific_Consortium - Documents/03_Partners_sequences/QUB/ab1_files"""
247	MATCHED_SH_PRIMER_BP	155	sh_id,primer,base_pairs,used_bc	6	1		row=895|db=DB_01108|short=IWS790|fasta=IWS790_59987902_59987902|primer=27F|bp=1215|score=105|reasons=sh_id,used_bc; row=896|db=DB_01677|short=JTQ731|fasta=JTQ731_65947310_65947310|primer=27F|bp=1185|score=105|reasons=sh_id,used_bc; row=897|db=DB_01678|short=JTQ732|fasta=JTQ732_65947327_65947327|primer=1492R|bp=1260|score=105|reasons=sh_id,used_bc; row=898|db=DB_01709|short=JTQ763|fasta=JTQ763_65947631_65947631|primer=1492R|bp=1066|score=105|reasons=sh_id,used_bc; row=899|db=DB_01710|short=JTQ764|fasta=JTQ764_65947648_65947648|primer=27F|bp=950|score=105|reasons=sh_id,used_bc	QUB	SH_0362	SH_ID	SH_0362	QUB_0084	QUB_63F_0084	63F	1011	272	Bacteria	RS_GCF_032550495.1	d__Bacteria;p__Bacillota;c__Negativicutes;o__Veillonellales;f__Veillonellaceae;g__Veillonella;s__Veillonella parvula_G	98.5				MWL11			894	DB_00174	Rumen_Gateway	BSc_Maria	missing_maldi	USED	SH_0362	13_Maria	>ELX881	>ELX881_30138811_30138811	01/07/2021	11107492450-1	Tube		11/02/2022	11107802789	F	63F	1011	B1.3 Box 1	Dilution_to_extinction	2	BHI	2021	BHI	small	white	NR	Unknown			MASTER_1_FGS	NR	ovine	NR	15852	Medium/silage/concentrate(50:50)+microalgae	Samples from the slaughter	ELX881_30138811_30138811.ab1	/Users/nicholas/Library/CloudStorage/OneDrive-SharedLibraries-Queen'sUniversityBelfast/RUMEN Gateway QUB-Scientific_Consortium - Documents/03_Partners_sequences/QUB/ab1_files/ELX881_30138811_30138811.ab1	TRUE	PRESENT	322490	2022-02-11T18:14:50	UNAVAILABLE	"PermissionError: [Errno 1] Operation not permitted: ""/Users/nicholas/Library/CloudStorage/OneDrive-SharedLibraries-Queen'sUniversityBelfast/RUMEN Gateway QUB-Scientific_Consortium - Documents/03_Partners_sequences/QUB/ab1_files"""
248	MATCHED_SH_PRIMER_BP	155	sh_id,primer,base_pairs,used_bc	6	1		row=896|db=DB_01677|short=JTQ731|fasta=JTQ731_65947310_65947310|primer=27F|bp=1185|score=130|reasons=sh_id,primer,used_bc; row=899|db=DB_01710|short=JTQ764|fasta=JTQ764_65947648_65947648|primer=27F|bp=950|score=130|reasons=sh_id,primer,used_bc; row=894|db=DB_00174|short=ELX881|fasta=ELX881_30138811_30138811|primer=63F|bp=1011|score=105|reasons=sh_id,used_bc; row=897|db=DB_01678|short=JTQ732|fasta=JTQ732_65947327_65947327|primer=1492R|bp=1260|score=105|reasons=sh_id,used_bc; row=898|db=DB_01709|short=JTQ763|fasta=JTQ763_65947631_65947631|primer=1492R|bp=1066|score=105|reasons=sh_id,used_bc	QUB	SH_0362	SH_ID	SH_0362	QUB_0544	QUB_27F_0544	27F	1215	273	Bacteria	RS_GCF_000741295.1	d__Bacteria;p__Actinomycetota;c__Actinomycetes;o__Actinomycetales;f__Bifidobacteriaceae;g__Bifidobacterium;s__Bifidobacterium globosum	99.7				MWL11			895	DB_01108	Rumen_Gateway	BSc_Maria	missing_maldi	USED	SH_0362	13_Maria	>IWS790	>IWS790_59987902_59987902	19/04/2024	11108875297-1	Tube		16/08/2024	11109029894	F	27F	1215	B1.3 Box 1	Dilution_to_extinction	2	BHI	2021	BHI	NR	NR	NR	Unknown			MASTER_1_FGS	NR	ovine	NR	15852	Medium/silage/concentrate(50:50)+microalgae	Samples from the slaughter	IWS790_59987902_59987902.ab1	/Users/nicholas/Library/CloudStorage/OneDrive-SharedLibraries-Queen'sUniversityBelfast/RUMEN Gateway QUB-Scientific_Consortium - Documents/03_Partners_sequences/QUB/ab1_files/IWS790_59987902_59987902.ab1	FALSE	MISSING_EXPECTED_FILE			UNAVAILABLE	"PermissionError: [Errno 1] Operation not permitted: ""/Users/nicholas/Library/CloudStorage/OneDrive-SharedLibraries-Queen'sUniversityBelfast/RUMEN Gateway QUB-Scientific_Consortium - Documents/03_Partners_sequences/QUB/ab1_files"""
249	MATCHED_SH_PRIMER_BP	155	sh_id,primer,base_pairs,used_bc	2	1		row=901|db=DB_01113|short=IWS795|fasta=IWS795_59987957_59987957|primer=27F|bp=1210|score=105|reasons=sh_id,used_bc	QUB	SH_0363	SH_ID	SH_0363	QUB_0082	QUB_63F_0082	63F	1161	274	Bacteria	RS_GCF_023051165.1	d__Bacteria;p__Bacillota;c__Negativicutes;o__Veillonellales;f__Veillonellaceae;g__Veillonella_A;s__Veillonella_A sp000431435	99.5							900	DB_00171	Rumen_Gateway	BSc_Jack	black_rg_box_missing_maldi	USED	SH_0363	13A_Jack	>ELX878	>ELX878_30138781_30138781	01/07/2021	11107492450-1	Tube		11/02/2022	11107802789	F	63F	1161	B1.3 Box 1	Dilution_to_extinction	2	BHI+RF	2021	BHI+RF	big	white	NR	SH_162			MASTER_1_FGS	NR	ovine	NR	15852	Medium/silage/concentrate(50:50)+microalgae	Samples from the slaughter	ELX878_30138781_30138781.ab1	/Users/nicholas/Library/CloudStorage/OneDrive-SharedLibraries-Queen'sUniversityBelfast/RUMEN Gateway QUB-Scientific_Consortium - Documents/03_Partners_sequences/QUB/ab1_files/ELX878_30138781_30138781.ab1	TRUE	PRESENT	331696	2022-02-11T18:14:50	UNAVAILABLE	"PermissionError: [Errno 1] Operation not permitted: ""/Users/nicholas/Library/CloudStorage/OneDrive-SharedLibraries-Queen'sUniversityBelfast/RUMEN Gateway QUB-Scientific_Consortium - Documents/03_Partners_sequences/QUB/ab1_files"""
250	MATCHED_SH_PRIMER_BP	155	sh_id,primer,base_pairs,used_bc	2	1		row=900|db=DB_00171|short=ELX878|fasta=ELX878_30138781_30138781|primer=63F|bp=1161|score=105|reasons=sh_id,used_bc	QUB	SH_0363	SH_ID	SH_0363	QUB_0548	QUB_27F_0548	27F	1210	275	Bacteria	RS_GCF_012844235.1	d__Bacteria;p__Actinomycetota;c__Coriobacteriia;o__Coriobacteriales;f__Atopobiaceae;g__Parafannyhessea;s__Parafannyhessea sp900538935	99.7							901	DB_01113	Rumen_Gateway	BSc_Jack	missing_maldi	USED	SH_0363	13A_Jack	>IWS795	>IWS795_59987957_59987957	19/04/2024	11108875297-1	Tube		16/08/2024	11109030325	F	27F	1210	B1.3 Box 1	Dilution_to_extinction	2	BHI+RF	2021	BHI+RF	large	white	NR	SH_162			MASTER_1_FGS	NR	ovine	NR	15852	Medium/silage/concentrate(50:50)+microalgae	Samples from the slaughter	IWS795_59987957_59987957.ab1	/Users/nicholas/Library/CloudStorage/OneDrive-SharedLibraries-Queen'sUniversityBelfast/RUMEN Gateway QUB-Scientific_Consortium - Documents/03_Partners_sequences/QUB/ab1_files/IWS795_59987957_59987957.ab1	TRUE	PRESENT	335161	2024-08-16T13:52:14	UNAVAILABLE	"PermissionError: [Errno 1] Operation not permitted: ""/Users/nicholas/Library/CloudStorage/OneDrive-SharedLibraries-Queen'sUniversityBelfast/RUMEN Gateway QUB-Scientific_Consortium - Documents/03_Partners_sequences/QUB/ab1_files"""
251	MATCHED_SH_PRIMER_BP	155	sh_id,primer,base_pairs,used_bc	2	1		row=903|db=DB_01112|short=IWS794|fasta=IWS794_59987940_59987940|primer=27F|bp=1253|score=105|reasons=sh_id,used_bc	QUB	SH_0364	SH_ID	SH_0364	QUB_0088	QUB_63F_0088	63F	1194	276	Bacteria	RS_GCF_012844235.1	d__Bacteria;p__Actinomycetota;c__Coriobacteriia;o__Coriobacteriales;f__Atopobiaceae;g__Parafannyhessea;s__Parafannyhessea sp900538935	99.6							902	DB_00179	Rumen_Gateway	BSc_Jack	black_rg_box_missing_maldi	USED	SH_0364	13B _Jack	>ELX886	>ELX886_30138866_30138866	01/07/2021	11107492450-1	Tube		11/02/2022	11107802789	F	63F	1194	B1.3 Box 1	Dilution_to_extinction	2	BHI+RF	2021	BHI+RF	big	white	NR	SH_003			MASTER_1_FGS	NR	ovine	NR	15852	Medium/silage/concentrate(50:50)+microalgae	Samples from the slaughter	ELX886_30138866_30138866.ab1	/Users/nicholas/Library/CloudStorage/OneDrive-SharedLibraries-Queen'sUniversityBelfast/RUMEN Gateway QUB-Scientific_Consortium - Documents/03_Partners_sequences/QUB/ab1_files/ELX886_30138866_30138866.ab1	TRUE	PRESENT	333674	2022-02-11T18:14:52	UNAVAILABLE	"PermissionError: [Errno 1] Operation not permitted: ""/Users/nicholas/Library/CloudStorage/OneDrive-SharedLibraries-Queen'sUniversityBelfast/RUMEN Gateway QUB-Scientific_Consortium - Documents/03_Partners_sequences/QUB/ab1_files"""
252	MATCHED_SH_PRIMER_BP	155	sh_id,primer,base_pairs,used_bc	2	1		row=902|db=DB_00179|short=ELX886|fasta=ELX886_30138866_30138866|primer=63F|bp=1194|score=105|reasons=sh_id,used_bc	QUB	SH_0364	SH_ID	SH_0364	QUB_0547	QUB_27F_0547	27F	1253	277	Bacteria	RS_GCF_012844235.1	d__Bacteria;p__Actinomycetota;c__Coriobacteriia;o__Coriobacteriales;f__Atopobiaceae;g__Parafannyhessea;s__Parafannyhessea sp900538935	99.8							903	DB_01112	Rumen_Gateway	BSc_Jack	missing_maldi	USED	SH_0364	13B _Jack	>IWS794	>IWS794_59987940_59987940	19/04/2024	11108875297-1	Tube		16/08/2024	11109029894	F	27F	1253	B1.3 Box 1	Dilution_to_extinction	2	BHI+RF	2021	BHI+RF	large	off-white	NR	SH_003			MASTER_1_FGS	NR	ovine	NR	15852	Control/silage/concentrate(50:50)	Samples from the slaughter	IWS794_59987940_59987940.ab1	/Users/nicholas/Library/CloudStorage/OneDrive-SharedLibraries-Queen'sUniversityBelfast/RUMEN Gateway QUB-Scientific_Consortium - Documents/03_Partners_sequences/QUB/ab1_files/IWS794_59987940_59987940.ab1	FALSE	MISSING_EXPECTED_FILE			UNAVAILABLE	"PermissionError: [Errno 1] Operation not permitted: ""/Users/nicholas/Library/CloudStorage/OneDrive-SharedLibraries-Queen'sUniversityBelfast/RUMEN Gateway QUB-Scientific_Consortium - Documents/03_Partners_sequences/QUB/ab1_files"""
253	MATCHED_SH_PRIMER_BP	155	sh_id,primer,base_pairs,used_bc	2	1		row=905|db=DB_01237|short=JDP762_E12|fasta=JDP762_61777621_E12|primer=27F|bp=979|score=105|reasons=sh_id,used_bc	QUB	SH_0365	SH_ID	SH_0365	QUB_0081	QUB_63F_0081	63F	1162	278	Bacteria	RS_GCF_011387195.1	d__Bacteria;p__Bacillota;c__Bacilli;o__Lactobacillales;f__Streptococcaceae;g__Streptococcus;s__Streptococcus ruminicola	99							904	DB_00170	Rumen_Gateway	BSc_Jack	black_rg_box_missing_maldi	USED	SH_0365	14A_Jack	>ELX877	>ELX877_30138774_30138774	01/07/2021	11107492450-1	Tube		11/02/2022	11107802789	F	63F	1162	B1.3 Box 1	Dilution_to_extinction	2	BHI+RF	2021	BHI+RF	big	white	NR	SH_154.2			MASTER_1_FGS	NR	ovine	NR	16361	Control/silage/concentrate(50:50)	Samples from the slaughter	ELX877_30138774_30138774.ab1	/Users/nicholas/Library/CloudStorage/OneDrive-SharedLibraries-Queen'sUniversityBelfast/RUMEN Gateway QUB-Scientific_Consortium - Documents/03_Partners_sequences/QUB/ab1_files/ELX877_30138774_30138774.ab1	TRUE	PRESENT	335320	2022-02-11T18:14:50	UNAVAILABLE	"PermissionError: [Errno 1] Operation not permitted: ""/Users/nicholas/Library/CloudStorage/OneDrive-SharedLibraries-Queen'sUniversityBelfast/RUMEN Gateway QUB-Scientific_Consortium - Documents/03_Partners_sequences/QUB/ab1_files"""
254	MATCHED_SH_PRIMER_BP	155	sh_id,primer,base_pairs,used_bc	2	1		row=904|db=DB_00170|short=ELX877|fasta=ELX877_30138774_30138774|primer=63F|bp=1162|score=105|reasons=sh_id,used_bc	QUB	SH_0365	SH_ID	SH_0365	QUB_0637	QUB_27F_0637	27F	979	279	Bacteria	RS_GCF_900187165.1	d__Bacteria;p__Bacillota;c__Clostridia;o__Clostridiales;f__Clostridiaceae;g__Clostridium_G;s__Clostridium_G cochlearium	99.5							905	DB_01237	Rumen_Gateway	BSc_Jack	missing_maldi	USED	SH_0365	14A_Jack	>JDP762_E12	>JDP762_61777621_E12	2024-07-31 00:00:00	11109010182-1	Plate	12	2024-08-16 00:00:00	11109029784	F	27F	979	B1.3 Box 1	Dilution_to_extinction	2	BHI+RF	2021	BHI+RF	large	off-white	NR	SH_154.2			MASTER_1_FGS	NR	ovine	NR	16361	Control/silage/concentrate(50:50)	Samples from the slaughter	JDP762_61777621_E12.ab1	/Users/nicholas/Library/CloudStorage/OneDrive-SharedLibraries-Queen'sUniversityBelfast/RUMEN Gateway QUB-Scientific_Consortium - Documents/03_Partners_sequences/QUB/ab1_files/JDP762_61777621_E12.ab1	TRUE	PRESENT	329206	2024-08-16T09:05:54	UNAVAILABLE	"PermissionError: [Errno 1] Operation not permitted: ""/Users/nicholas/Library/CloudStorage/OneDrive-SharedLibraries-Queen'sUniversityBelfast/RUMEN Gateway QUB-Scientific_Consortium - Documents/03_Partners_sequences/QUB/ab1_files"""
255	MATCHED_SH_PRIMER_BP	155	sh_id,primer,base_pairs,used_bc	2	1		row=907|db=DB_01249|short=JDP762_F12|fasta=JDP762_61777621_F12|primer=27F|bp=1189|score=105|reasons=sh_id,used_bc	QUB	SH_0366	SH_ID	SH_0366	QUB_0080	QUB_63F_0080	63F	1159	280	Bacteria	RS_GCF_011387195.1	d__Bacteria;p__Bacillota;c__Bacilli;o__Lactobacillales;f__Streptococcaceae;g__Streptococcus;s__Streptococcus ruminicola	98.7							906	DB_00169	Rumen_Gateway	BSc_Jack	black_rg_box_missing_maldi	USED	SH_0366	14B_Jack	>ELX876	>ELX876_30138767_30138767	01/07/2021	11107492450-1	Tube		11/02/2022	11107802789	F	63F	1159	B1.3 Box 1	Dilution_to_extinction	2	BHI+RF	2021	BHI+RF	big	white	NR	SH_003			MASTER_1_FGS	NR	ovine	NR	16361	Control/silage/concentrate(50:50)	Samples from the slaughter	ELX876_30138767_30138767.ab1	/Users/nicholas/Library/CloudStorage/OneDrive-SharedLibraries-Queen'sUniversityBelfast/RUMEN Gateway QUB-Scientific_Consortium - Documents/03_Partners_sequences/QUB/ab1_files/ELX876_30138767_30138767.ab1	TRUE	PRESENT	331870	2022-02-11T18:14:50	UNAVAILABLE	"PermissionError: [Errno 1] Operation not permitted: ""/Users/nicholas/Library/CloudStorage/OneDrive-SharedLibraries-Queen'sUniversityBelfast/RUMEN Gateway QUB-Scientific_Consortium - Documents/03_Partners_sequences/QUB/ab1_files"""
256	MATCHED_SH_PRIMER_BP	155	sh_id,primer,base_pairs,used_bc	2	1		row=906|db=DB_00169|short=ELX876|fasta=ELX876_30138767_30138767|primer=63F|bp=1159|score=105|reasons=sh_id,used_bc	QUB	SH_0366	SH_ID	SH_0366	QUB_0646	QUB_27F_0646	27F	1189	281	Bacteria	RS_GCF_011387195.1	d__Bacteria;p__Bacillota;c__Bacilli;o__Lactobacillales;f__Streptococcaceae;g__Streptococcus;s__Streptococcus ruminicola	99.3							907	DB_01249	Rumen_Gateway	BSc_Jack	missing_maldi	USED	SH_0366	14B_Jack	>JDP762_F12	>JDP762_61777621_F12	2024-07-31 00:00:00	11109010182-1	Plate	12	2024-08-16 00:00:00	11109029784	F	27F	1189	B1.3 Box 1	Dilution_to_extinction	2	BHI+RF	2021	BHI+RF	large	off-white	NR	SH_003			MASTER_1_FGS	NR	ovine	NR	16361	Control/silage/concentrate(50:50)	Samples from the slaughter	JDP762_61777621_F12.ab1	/Users/nicholas/Library/CloudStorage/OneDrive-SharedLibraries-Queen'sUniversityBelfast/RUMEN Gateway QUB-Scientific_Consortium - Documents/03_Partners_sequences/QUB/ab1_files/JDP762_61777621_F12.ab1	TRUE	PRESENT	328026	2024-08-16T09:05:54	UNAVAILABLE	"PermissionError: [Errno 1] Operation not permitted: ""/Users/nicholas/Library/CloudStorage/OneDrive-SharedLibraries-Queen'sUniversityBelfast/RUMEN Gateway QUB-Scientific_Consortium - Documents/03_Partners_sequences/QUB/ab1_files"""
257	MATCHED_SH_PRIMER_BP	155	sh_id,primer,base_pairs,used_bc	2	1		row=908|db=DB_00164|short=ELX871|fasta=ELX871_30138712_30138712|primer=63F|bp=89|score=100|reasons=sh_id	QUB	SH_0367	SH_ID	SH_0367	QUB_0546	QUB_27F_0546	27F	1205	282	Bacteria	RS_GCF_011387195.1	d__Bacteria;p__Bacillota;c__Bacilli;o__Lactobacillales;f__Streptococcaceae;g__Streptococcus;s__Streptococcus ruminicola	99.5							909	DB_01111	Rumen_Gateway	BSc_Maria	missing_maldi	USED	SH_0367	19_Maria	>IWS793	>IWS793_59987933_59987933	19/04/2024	11108875297-1	Tube		16/08/2024	11109030325	F	27F	1205	B1.3 Box 1	Dilution_to_extinction	2	BHI	2021	BHI	NR	NR	NR	SH_003			MASTER_1_FGS	NR	ovine	NR	16184	Medium/silage/concentrate(50:50)+microalgae	Samples from the slaughter	IWS793_59987933_59987933.ab1	/Users/nicholas/Library/CloudStorage/OneDrive-SharedLibraries-Queen'sUniversityBelfast/RUMEN Gateway QUB-Scientific_Consortium - Documents/03_Partners_sequences/QUB/ab1_files/IWS793_59987933_59987933.ab1	TRUE	PRESENT	340010	2024-08-16T13:52:14	UNAVAILABLE	"PermissionError: [Errno 1] Operation not permitted: ""/Users/nicholas/Library/CloudStorage/OneDrive-SharedLibraries-Queen'sUniversityBelfast/RUMEN Gateway QUB-Scientific_Consortium - Documents/03_Partners_sequences/QUB/ab1_files"""
258	MATCHED_SH_PRIMER_BP	155	sh_id,primer,base_pairs,used_bc	2	1		row=911|db=DB_01116|short=IWS798|fasta=IWS798_59987988_59987988|primer=27F|bp=916|score=105|reasons=sh_id,used_bc	QUB	SH_0368	SH_ID	SH_0368	QUB_0087	QUB_63F_0087	63F	1163	283	Bacteria	RS_GCF_012844235.1	d__Bacteria;p__Actinomycetota;c__Coriobacteriia;o__Coriobacteriales;f__Atopobiaceae;g__Parafannyhessea;s__Parafannyhessea sp900538935	99.1				MWL4			910	DB_00178	Rumen_Gateway	BSc_Jack	black_rg_box_missing_maldi	USED	SH_0368	21_Jack	>ELX885	>ELX885_30138859_30138859	01/07/2021	11107492450-1	Tube		11/02/2022	11107802789	F	63F	1163	B1.3 Box 1	Dilution_to_extinction	2	BHI+RF	2021	BHI+RF	small	white	NR	Enterococcus			MASTER_1_FGS	NR	ovine	NR	16932	Medium/silage/concentrate(50:50)+microalgae	Samples from the slaughter	ELX885_30138859_30138859.ab1	/Users/nicholas/Library/CloudStorage/OneDrive-SharedLibraries-Queen'sUniversityBelfast/RUMEN Gateway QUB-Scientific_Consortium - Documents/03_Partners_sequences/QUB/ab1_files/ELX885_30138859_30138859.ab1	TRUE	PRESENT	334040	2022-02-11T18:14:52	UNAVAILABLE	"PermissionError: [Errno 1] Operation not permitted: ""/Users/nicholas/Library/CloudStorage/OneDrive-SharedLibraries-Queen'sUniversityBelfast/RUMEN Gateway QUB-Scientific_Consortium - Documents/03_Partners_sequences/QUB/ab1_files"""
259	MATCHED_SH_PRIMER_BP	155	sh_id,primer,base_pairs,used_bc	2	1		row=910|db=DB_00178|short=ELX885|fasta=ELX885_30138859_30138859|primer=63F|bp=1163|score=105|reasons=sh_id,used_bc	QUB	SH_0368	SH_ID	SH_0368	QUB_0551	QUB_27F_0551	27F	916	284	Bacteria	RS_GCF_009695655.1	d__Bacteria;p__Bacillota;c__Bacilli;o__Erysipelotrichales;f__Coprobacillaceae;g__Sharpea;s__Sharpea porci	94.8				MWL4			911	DB_01116	Rumen_Gateway	BSc_Jack	missing_maldi	USED	SH_0368	21_Jack	>IWS798	>IWS798_59987988_59987988	19/04/2024	11108875297-1	Tube		16/08/2024	11109029894	F	27F	916	B1.3 Box 1	Dilution_to_extinction	2	BHI+RF	2021	BHI+RF	small	white	NR	Enterococcus			MASTER_1_FGS	NR	ovine	NR	16932	Control/silage/concentrate(50:50)	Samples from the slaughter	IWS798_59987988_59987988.ab1	/Users/nicholas/Library/CloudStorage/OneDrive-SharedLibraries-Queen'sUniversityBelfast/RUMEN Gateway QUB-Scientific_Consortium - Documents/03_Partners_sequences/QUB/ab1_files/IWS798_59987988_59987988.ab1	FALSE	MISSING_EXPECTED_FILE			UNAVAILABLE	"PermissionError: [Errno 1] Operation not permitted: ""/Users/nicholas/Library/CloudStorage/OneDrive-SharedLibraries-Queen'sUniversityBelfast/RUMEN Gateway QUB-Scientific_Consortium - Documents/03_Partners_sequences/QUB/ab1_files"""
260	MATCHED_SH_PRIMER_BP	155	sh_id,primer,base_pairs,used_bc	6	1		row=913|db=DB_01115|short=IWS797|fasta=IWS797_59987971_59987971|primer=27F|bp=1240|score=105|reasons=sh_id,used_bc; row=914|db=DB_01650|short=JTQ704|fasta=JTQ704_65947044_65947044|primer=27F|bp=1234|score=105|reasons=sh_id,used_bc; row=915|db=DB_01651|short=JTQ705|fasta=JTQ705_65947051_65947051|primer=1492R|bp=1195|score=105|reasons=sh_id,used_bc; row=916|db=DB_01739|short=KCX857|fasta=KCX857_68358571_68358571|primer=27F|bp=1234|score=105|reasons=sh_id,used_bc; row=917|db=DB_01740|short=KCX858|fasta=KCX858_68358588_68358588|primer=1492R|bp=1275|score=105|reasons=sh_id,used_bc	QUB	SH_0369	SH_ID	SH_0369	QUB_0083	QUB_63F_0083	63F	1145	285	Bacteria	RS_GCF_011387195.1	d__Bacteria;p__Bacillota;c__Bacilli;o__Lactobacillales;f__Streptococcaceae;g__Streptococcus;s__Streptococcus ruminicola	98.8				MWL11			912	DB_00172	Rumen_Gateway	BSc_Maria	missing_maldi	USED	SH_0369	21_Maria	>ELX879	>ELX879_30138798_30138798	01/07/2021	11107492450-1	Tube		11/02/2022	11107802789	F	63F	1145	B1.3 Box 1	Dilution_to_extinction	2	BHI	2021	BHI	small	white	NR	Veillonella parvula			MASTER_1_FGS	NR	ovine	NR	16932	Medium/silage/concentrate(50:50)+microalgae	Samples from the slaughter	ELX879_30138798_30138798.ab1	/Users/nicholas/Library/CloudStorage/OneDrive-SharedLibraries-Queen'sUniversityBelfast/RUMEN Gateway QUB-Scientific_Consortium - Documents/03_Partners_sequences/QUB/ab1_files/ELX879_30138798_30138798.ab1	TRUE	PRESENT	336737	2022-02-11T18:14:50	UNAVAILABLE	"PermissionError: [Errno 1] Operation not permitted: ""/Users/nicholas/Library/CloudStorage/OneDrive-SharedLibraries-Queen'sUniversityBelfast/RUMEN Gateway QUB-Scientific_Consortium - Documents/03_Partners_sequences/QUB/ab1_files"""
261	MATCHED_SH_PRIMER_BP	155	sh_id,primer,base_pairs,used_bc	6	1		row=914|db=DB_01650|short=JTQ704|fasta=JTQ704_65947044_65947044|primer=27F|bp=1234|score=130|reasons=sh_id,primer,used_bc; row=916|db=DB_01739|short=KCX857|fasta=KCX857_68358571_68358571|primer=27F|bp=1234|score=130|reasons=sh_id,primer,used_bc; row=912|db=DB_00172|short=ELX879|fasta=ELX879_30138798_30138798|primer=63F|bp=1145|score=105|reasons=sh_id,used_bc; row=915|db=DB_01651|short=JTQ705|fasta=JTQ705_65947051_65947051|primer=1492R|bp=1195|score=105|reasons=sh_id,used_bc; row=917|db=DB_01740|short=KCX858|fasta=KCX858_68358588_68358588|primer=1492R|bp=1275|score=105|reasons=sh_id,used_bc	QUB	SH_0369	SH_ID	SH_0369	QUB_0550	QUB_27F_0550	27F	1240	286	Bacteria	RS_GCF_011387195.1	d__Bacteria;p__Bacillota;c__Bacilli;o__Lactobacillales;f__Streptococcaceae;g__Streptococcus;s__Streptococcus ruminicola	99.4				MWL11			913	DB_01115	Rumen_Gateway	BSc_Maria	missing_maldi	USED	SH_0369	21_Maria	>IWS797	>IWS797_59987971_59987971	19/04/2024	11108875297-1	Tube		16/08/2024	11109029894	F	27F	1240	B1.3 Box 1	Dilution_to_extinction	2	BHI	2021	BHI	NR	NR	NR	Veillonella parvula			MASTER_1_FGS	NR	ovine	NR	16932	Medium/silage/concentrate(50:50)+microalgae	Samples from the slaughter	IWS797_59987971_59987971.ab1	/Users/nicholas/Library/CloudStorage/OneDrive-SharedLibraries-Queen'sUniversityBelfast/RUMEN Gateway QUB-Scientific_Consortium - Documents/03_Partners_sequences/QUB/ab1_files/IWS797_59987971_59987971.ab1	FALSE	MISSING_EXPECTED_FILE			UNAVAILABLE	"PermissionError: [Errno 1] Operation not permitted: ""/Users/nicholas/Library/CloudStorage/OneDrive-SharedLibraries-Queen'sUniversityBelfast/RUMEN Gateway QUB-Scientific_Consortium - Documents/03_Partners_sequences/QUB/ab1_files"""
262	MATCHED_SH_PRIMER_BP	155	sh_id,primer,base_pairs,used_bc	1	1			QUB	SH_0370	SH_ID	SH_0370	QUB_0549	QUB_27F_0549	27F	1192	287	Bacteria	RS_GCF_011387195.1	d__Bacteria;p__Bacillota;c__Bacilli;o__Lactobacillales;f__Streptococcaceae;g__Streptococcus;s__Streptococcus ruminicola	99.4				MWL4			918	DB_01114	Rumen_Gateway	BSc_Jack	missing_maldi	USED	SH_0370	25_Jack.1	>IWS796	>IWS796_59987964_59987964	19/04/2024	11108875297-1	Tube		16/08/2024	11109030325	F	27F	1192	B1.3 Box 1	Dilution_to_extinction	2	BHI+RF	2021	BHI+RF	small	white	NR	SH_160			MASTER_1_FGS	NR	ovine	NR	15935	Control/silage/concentrate(50:50)	Samples from the slaughter	IWS796_59987964_59987964.ab1	/Users/nicholas/Library/CloudStorage/OneDrive-SharedLibraries-Queen'sUniversityBelfast/RUMEN Gateway QUB-Scientific_Consortium - Documents/03_Partners_sequences/QUB/ab1_files/IWS796_59987964_59987964.ab1	TRUE	PRESENT	338006	2024-08-16T13:52:14	UNAVAILABLE	"PermissionError: [Errno 1] Operation not permitted: ""/Users/nicholas/Library/CloudStorage/OneDrive-SharedLibraries-Queen'sUniversityBelfast/RUMEN Gateway QUB-Scientific_Consortium - Documents/03_Partners_sequences/QUB/ab1_files"""
263	MATCHED_SH_PRIMER_BP	155	sh_id,primer,base_pairs,used_bc	1	1			QUB	SH_0370/371	SH_ID	SH_0370/371	QUB_0086	QUB_63F_0086	63F	1128	288	Bacteria	RS_GCF_011038845.1	d__Bacteria;p__Bacillota;c__Bacilli;o__Lactobacillales;f__Enterococcaceae;g__Enterococcus_B;s__Enterococcus_B sp011038845	98.9							919	DB_00177	Rumen_Gateway	BSc_Jack	Dead	USED	SH_0370/371	25_Jack	>ELX884	>ELX884_30138842_30138842	01/07/2021	11107492450-1	Tube		11/02/2022	11107802789	F	63F	1128	Dead	Dilution_to_extinction	2	BHI+RF	2021	BHI+RF	small	white	NR	Dead			MASTER_1_FGS	NR	ovine	NR	15935	Control/silage/concentrate(50:50)	Samples from the slaughter	ELX884_30138842_30138842.ab1	/Users/nicholas/Library/CloudStorage/OneDrive-SharedLibraries-Queen'sUniversityBelfast/RUMEN Gateway QUB-Scientific_Consortium - Documents/03_Partners_sequences/QUB/ab1_files/ELX884_30138842_30138842.ab1	TRUE	PRESENT	331825	2022-02-11T18:14:50	UNAVAILABLE	"PermissionError: [Errno 1] Operation not permitted: ""/Users/nicholas/Library/CloudStorage/OneDrive-SharedLibraries-Queen'sUniversityBelfast/RUMEN Gateway QUB-Scientific_Consortium - Documents/03_Partners_sequences/QUB/ab1_files"""
264	MATCHED_SH_PRIMER_BP	155	sh_id,primer,base_pairs,used_bc	1	1			QUB	SH_0371	SH_ID	SH_0371	QUB_0554	QUB_27F_0554	27F	1191	289	Bacteria	GB_GCA_900764415.1	d__Bacteria;p__Actinomycetota;c__Coriobacteriia;o__Coriobacteriales;f__Coriobacteriaceae;g__Collinsella;s__Collinsella sp900764415	99.4				MWL4			920	DB_01119	Rumen_Gateway	BSc_Jack	missing_maldi	USED	SH_0371	25_Jack.2	>IWS801	>IWS801_59988015_59988015	19/04/2024	11108875297-1	Tube		16/08/2024	11109029894	F	27F	1191	B1.3 Box 1	Dilution_to_extinction	2	BHI+RF	2021	BHI+RF	NR	NR	NR	Unknown			MASTER_1_FGS	NR	ovine	NR	15935	Control/silage/concentrate(50:50)	Samples from the slaughter	IWS801_59988015_59988015.ab1	/Users/nicholas/Library/CloudStorage/OneDrive-SharedLibraries-Queen'sUniversityBelfast/RUMEN Gateway QUB-Scientific_Consortium - Documents/03_Partners_sequences/QUB/ab1_files/IWS801_59988015_59988015.ab1	FALSE	MISSING_EXPECTED_FILE			UNAVAILABLE	"PermissionError: [Errno 1] Operation not permitted: ""/Users/nicholas/Library/CloudStorage/OneDrive-SharedLibraries-Queen'sUniversityBelfast/RUMEN Gateway QUB-Scientific_Consortium - Documents/03_Partners_sequences/QUB/ab1_files"""
265	MATCHED_SH_PRIMER_BP	155	sh_id,primer,base_pairs,used_bc	1	1			QUB	SH_0372	SH_ID	SH_0372	QUB_0135	QUB_63F_0135	63F	1203	290	Bacteria	GB_GCA_900764415.1	d__Bacteria;p__Actinomycetota;c__Coriobacteriia;o__Coriobacteriales;f__Coriobacteriaceae;g__Collinsella;s__Collinsella sp900764415	99				MWL4			921	DB_00378	Rumen_Gateway	BSc_Emer	missing_maldi_missingScientificID	USED	SH_0372	RC144	>GEC601	>GEC601_41626017_41626017	06/09/2022	11108091547-1	Tube		20/01/2023	11108264748	F	63F	1203	B1.3 Box 1	Dilution_to_extinction	2	BHI	2022	BHI	medium	grey with cream centre	NR	Escherichia coli			Routine in vitro ruminal fluid	NR	bovine		Cow_2		Slaughter	GEC601_41626017_41626017.ab1	/Users/nicholas/Library/CloudStorage/OneDrive-SharedLibraries-Queen'sUniversityBelfast/RUMEN Gateway QUB-Scientific_Consortium - Documents/03_Partners_sequences/QUB/ab1_files/GEC601_41626017_41626017.ab1	TRUE	PRESENT	343843	2023-01-21T01:20:36	UNAVAILABLE	"PermissionError: [Errno 1] Operation not permitted: ""/Users/nicholas/Library/CloudStorage/OneDrive-SharedLibraries-Queen'sUniversityBelfast/RUMEN Gateway QUB-Scientific_Consortium - Documents/03_Partners_sequences/QUB/ab1_files"""
266	MATCHED_SH_PRIMER_BP	155	sh_id,primer,base_pairs,used_bc	2	1		row=923|db=DB_01397|short=JDP782|fasta=|primer=|bp=|score=105|reasons=sh_id,used_bc	QUB	SH_0373	SH_ID	SH_0373	QUB_0089	QUB_63F_0089	63F	981	291	Bacteria	RS_GCF_011387195.1	d__Bacteria;p__Bacillota;c__Bacilli;o__Lactobacillales;f__Streptococcaceae;g__Streptococcus;s__Streptococcus ruminicola	99.1				MWL4			922	DB_00183	Rumen_Gateway	BSc_Maria	missing_maldi	USED	SH_0373	25_Maria	>ELX890	>ELX890_30138903_30138903	01/07/2021	11107492450-1	Tube		11/02/2022	11107802789	F	63F	981	B1.3 Box 1	Dilution_to_extinction	2	BHI	2021	BHI	small	white	NR	Enterococcus hirae			MASTER_1_FGS	NR	ovine	NR	15935	Control/silage/concentrate(50:50)	Samples from the slaughter	ELX890_30138903_30138903.ab1	/Users/nicholas/Library/CloudStorage/OneDrive-SharedLibraries-Queen'sUniversityBelfast/RUMEN Gateway QUB-Scientific_Consortium - Documents/03_Partners_sequences/QUB/ab1_files/ELX890_30138903_30138903.ab1	TRUE	PRESENT	335791	2022-02-11T18:14:52	UNAVAILABLE	"PermissionError: [Errno 1] Operation not permitted: ""/Users/nicholas/Library/CloudStorage/OneDrive-SharedLibraries-Queen'sUniversityBelfast/RUMEN Gateway QUB-Scientific_Consortium - Documents/03_Partners_sequences/QUB/ab1_files"""
267	MATCHED_SH_PRIMER_BP	155	sh_id,primer,base_pairs,used_bc	1	1			QUB	SH_0374	SH_ID	SH_0374	QUB_0553	QUB_27F_0553	27F	1192	292	Bacteria	GB_GCA_900764415.1	d__Bacteria;p__Actinomycetota;c__Coriobacteriia;o__Coriobacteriales;f__Coriobacteriaceae;g__Collinsella;s__Collinsella sp900764415	99.3				MWL4			924	DB_01118	Rumen_Gateway	BSc_Emer	missing_maldi_missingScientificID	USED	SH_0374	RC142	>IWS800	>IWS800_59988008_59988008	19/04/2024	11108875297-1	Tube		16/08/2024	11109030325	F	27F	1192	B1.3 Box 1	Dilution_to_extinction	2	BHI	2022	BHI	medium	cream white	NR	Escherichia coli			Routine in vitro ruminal fluid	NR	bovine		Cow		Slaughter	IWS800_59988008_59988008.ab1	/Users/nicholas/Library/CloudStorage/OneDrive-SharedLibraries-Queen'sUniversityBelfast/RUMEN Gateway QUB-Scientific_Consortium - Documents/03_Partners_sequences/QUB/ab1_files/IWS800_59988008_59988008.ab1	TRUE	PRESENT	335588	2024-08-16T13:52:14	UNAVAILABLE	"PermissionError: [Errno 1] Operation not permitted: ""/Users/nicholas/Library/CloudStorage/OneDrive-SharedLibraries-Queen'sUniversityBelfast/RUMEN Gateway QUB-Scientific_Consortium - Documents/03_Partners_sequences/QUB/ab1_files"""
268	MATCHED_SH_PRIMER_BP	155	sh_id,primer,base_pairs,used_bc	2	1		row=925|db=DB_00372|short=GEC595|fasta=GEC595_41625959_41625959|primer=63F|bp=483|score=105|reasons=sh_id,used_bc	QUB	SH_0375	SH_ID	SH_0375	QUB_0552	QUB_27F_0552	27F	1205	293	Bacteria	RS_GCF_032550495.1	d__Bacteria;p__Bacillota;c__Negativicutes;o__Veillonellales;f__Veillonellaceae;g__Veillonella;s__Veillonella parvula_G	99.4				MWL4			926	DB_01117	Rumen_Gateway	BSc_Emer	missing_maldi_missingScientificID	USED	SH_0375	137	>IWS799	>IWS799_59987995_59987995	19/04/2024	11108875297-1	Tube		16/08/2024	11109029894	F	27F	1205	B1.3 Box 1	Dilution_to_extinction	2	BHI	2022	BHI	NR	NR	NR	SH_165			Routine in vitro ruminal fluid	NR	bovine		Cow_1		Slaughter	IWS799_59987995_59987995.ab1	/Users/nicholas/Library/CloudStorage/OneDrive-SharedLibraries-Queen'sUniversityBelfast/RUMEN Gateway QUB-Scientific_Consortium - Documents/03_Partners_sequences/QUB/ab1_files/IWS799_59987995_59987995.ab1	FALSE	MISSING_EXPECTED_FILE			UNAVAILABLE	"PermissionError: [Errno 1] Operation not permitted: ""/Users/nicholas/Library/CloudStorage/OneDrive-SharedLibraries-Queen'sUniversityBelfast/RUMEN Gateway QUB-Scientific_Consortium - Documents/03_Partners_sequences/QUB/ab1_files"""
269	MATCHED_SH_PRIMER_BP	155	sh_id,primer,base_pairs,used_bc	2	1		row=927|db=DB_00376|short=GEC599|fasta=GEC599_41625997_41625997|primer=63F|bp=24|score=105|reasons=sh_id,used_bc	QUB	SH_0376	SH_ID	SH_0376	QUB_0555	QUB_27F_0555	27F	1197	294	Bacteria	GB_GCA_900764415.1	d__Bacteria;p__Actinomycetota;c__Coriobacteriia;o__Coriobacteriales;f__Coriobacteriaceae;g__Collinsella;s__Collinsella sp900764415	99.7				MWL4			928	DB_01122	Rumen_Gateway	BSc_Emer	missing_maldi_missingScientificID	USED	SH_0376	139	>IWS804	>IWS804_59988046_59988046	19/04/2024	11108875297-1	Tube		16/08/2024	11109030325	F	27F	1197	B1.3 Box 2	Dilution_to_extinction	2	BHI	2022	BHI	NR	NR	NR	Escherichia coli			Routine in vitro ruminal fluid	NR	bovine		Cow		Slaughter	IWS804_59988046_59988046.ab1	/Users/nicholas/Library/CloudStorage/OneDrive-SharedLibraries-Queen'sUniversityBelfast/RUMEN Gateway QUB-Scientific_Consortium - Documents/03_Partners_sequences/QUB/ab1_files/IWS804_59988046_59988046.ab1	TRUE	PRESENT	343064	2024-08-16T13:52:14	UNAVAILABLE	"PermissionError: [Errno 1] Operation not permitted: ""/Users/nicholas/Library/CloudStorage/OneDrive-SharedLibraries-Queen'sUniversityBelfast/RUMEN Gateway QUB-Scientific_Consortium - Documents/03_Partners_sequences/QUB/ab1_files"""
270	MATCHED_SH_PRIMER_BP	155	sh_id,primer,base_pairs,used_bc	2	1		row=938|db=DB_01401|short=JDP786|fasta=|primer=|bp=|score=105|reasons=sh_id,used_bc	QUB	SH_0380	SH_ID	SH_0380	QUB_0556	QUB_27F_0556	27F	656	295	Bacteria	RS_GCF_001436025.1	d__Bacteria;p__Bacillota;c__Bacilli;o__Lactobacillales;f__Lactobacillaceae;g__Limosilactobacillus;s__Limosilactobacillus mucosae	99.6							937	DB_01124	Rumen_Gateway	BSc_Jordan	Dead	USED	SH_0380	RC157.1	>IWS806	>IWS806_59988060_59988060	19/04/2024	11108875297-1	Tube		16/08/2024	11109030325	F	27F	656	Dead	Dilution_to_extinction	2	BHI	2022	BHI	NR	NR	NR	Dead			Routine in vitro ruminal fluid	NR	bovine		Cow		Slaughter	IWS806_59988060_59988060.ab1	/Users/nicholas/Library/CloudStorage/OneDrive-SharedLibraries-Queen'sUniversityBelfast/RUMEN Gateway QUB-Scientific_Consortium - Documents/03_Partners_sequences/QUB/ab1_files/IWS806_59988060_59988060.ab1	TRUE	PRESENT	330712	2024-08-16T13:52:14	UNAVAILABLE	"PermissionError: [Errno 1] Operation not permitted: ""/Users/nicholas/Library/CloudStorage/OneDrive-SharedLibraries-Queen'sUniversityBelfast/RUMEN Gateway QUB-Scientific_Consortium - Documents/03_Partners_sequences/QUB/ab1_files"""
271	MATCHED_SH_PRIMER_BP	155	sh_id,primer,base_pairs,used_bc	3	1		row=940|db=DB_01261|short=JDP762_G12|fasta=JDP762_61777621_G12|primer=27F|bp=16|score=130|reasons=sh_id,primer,used_bc; row=941|db=DB_01400|short=JDP785|fasta=|primer=|bp=|score=105|reasons=sh_id,used_bc	QUB	SH_0381	SH_ID	SH_0381	QUB_0581	QUB_27F_0581	27F	650	296	Bacteria	RS_GCF_040681735.1	d__Bacteria;p__Actinomycetota;c__Actinomycetes;o__Mycobacteriales;f__Micromonosporaceae;g__Actinoplanes;s__Actinoplanes sp040681735	99.8							939	DB_01159	Rumen_Gateway	BSc_Malorie		USED	SH_0381	RC157.2	>IWS841	>IWS841_59988411_59988411	19/04/2024	11108875297-1	Tube		23/08/2024	11109037792	F	27F	650	B1.3 Box 2	Dilution_to_extinction	2	BHI+RF	2023	BHI+RF	NR	NR	NR	SH_008			HoloRuminant	NR	bovine	NR	NR	NR	12	IWS841_59988411_59988411.ab1	/Users/nicholas/Library/CloudStorage/OneDrive-SharedLibraries-Queen'sUniversityBelfast/RUMEN Gateway QUB-Scientific_Consortium - Documents/03_Partners_sequences/QUB/ab1_files/IWS841_59988411_59988411.ab1	TRUE	PRESENT	313204	2024-08-26T12:54:08	UNAVAILABLE	"PermissionError: [Errno 1] Operation not permitted: ""/Users/nicholas/Library/CloudStorage/OneDrive-SharedLibraries-Queen'sUniversityBelfast/RUMEN Gateway QUB-Scientific_Consortium - Documents/03_Partners_sequences/QUB/ab1_files"""
272	MATCHED_SH_PRIMER_BP	155	sh_id,primer,base_pairs,used_bc	5	1		row=943|db=DB_01158|short=IWS840|fasta=IWS840_59988404_59988404|primer=27F|bp=1174|score=105|reasons=sh_id,used_bc; row=944|db=DB_01274|short=JDP762_H12|fasta=JDP762_61777621_H12|primer=27F|bp=25|score=105|reasons=sh_id,used_bc; row=945|db=DB_01717|short=JTQ771|fasta=JTQ771_65947716_65947716|primer=27F|bp=1010|score=105|reasons=sh_id,used_bc; row=946|db=DB_01718|short=JTQ772|fasta=JTQ772_65947723_65947723|primer=1492R|bp=995|score=105|reasons=sh_id,used_bc	QUB	SH_0382	SH_ID	SH_0382	QUB_0085	QUB_63F_0085	63F	1177	297	Bacteria	RS_GCF_002797975.1	d__Bacteria;p__Bacillota;c__Clostridia;o__Lachnospirales;f__Lachnospiraceae;g__Lacrimispora;s__Lacrimispora celerecrescens	98.3				MWL6			942	DB_00176	Rumen_Gateway	BSc_Maria	missing_maldi	USED	SH_0382	30_Maria	>ELX883	>ELX883_30138835_30138835	01/07/2021	11107492450-1	Tube		11/02/2022	11107802789	F	63F	1177	B1.3 Box 2	Dilution_to_extinction	2	BHI	2021	BHI	small	white	NR	Desulfotomaculum			MASTER_1_FGS	NR	ovine	NR	15866	Control/silage/concentrate(50:50)	Samples from the slaughter	ELX883_30138835_30138835.ab1	/Users/nicholas/Library/CloudStorage/OneDrive-SharedLibraries-Queen'sUniversityBelfast/RUMEN Gateway QUB-Scientific_Consortium - Documents/03_Partners_sequences/QUB/ab1_files/ELX883_30138835_30138835.ab1	TRUE	PRESENT	332483	2022-02-11T18:14:50	UNAVAILABLE	"PermissionError: [Errno 1] Operation not permitted: ""/Users/nicholas/Library/CloudStorage/OneDrive-SharedLibraries-Queen'sUniversityBelfast/RUMEN Gateway QUB-Scientific_Consortium - Documents/03_Partners_sequences/QUB/ab1_files"""
273	MATCHED_SH_PRIMER_BP	155	sh_id,primer,base_pairs,used_bc	5	1		row=944|db=DB_01274|short=JDP762_H12|fasta=JDP762_61777621_H12|primer=27F|bp=25|score=130|reasons=sh_id,primer,used_bc; row=945|db=DB_01717|short=JTQ771|fasta=JTQ771_65947716_65947716|primer=27F|bp=1010|score=130|reasons=sh_id,primer,used_bc; row=942|db=DB_00176|short=ELX883|fasta=ELX883_30138835_30138835|primer=63F|bp=1177|score=105|reasons=sh_id,used_bc; row=946|db=DB_01718|short=JTQ772|fasta=JTQ772_65947723_65947723|primer=1492R|bp=995|score=105|reasons=sh_id,used_bc	QUB	SH_0382	SH_ID	SH_0382	QUB_0580	QUB_27F_0580	27F	1174	298	Bacteria	RS_GCF_900218035.1	d__Bacteria;p__Bacillota;c__Clostridia;o__Lachnospirales;f__Lachnospiraceae;g__Pseudobutyrivibrio;s__Pseudobutyrivibrio ruminis	98				MWL6			943	DB_01158	Rumen_Gateway	BSc_Maria	missing_maldi	USED	SH_0382	30_Maria	>IWS840	>IWS840_59988404_59988404	19/04/2024	11108875297-1	Tube		23/08/2024	11109037792	F	27F	1174	B1.3 Box 2	Dilution_to_extinction	2	BHI	2021	BHI	NR	NR	NR	Desulfotomaculum			MASTER_1_FGS	NR	ovine	NR	15866	Medium/silage/concentrate(50:50)+microalgae	Samples from the slaughter	IWS840_59988404_59988404.ab1	/Users/nicholas/Library/CloudStorage/OneDrive-SharedLibraries-Queen'sUniversityBelfast/RUMEN Gateway QUB-Scientific_Consortium - Documents/03_Partners_sequences/QUB/ab1_files/IWS840_59988404_59988404.ab1	TRUE	PRESENT	358015	2024-08-26T12:54:08	UNAVAILABLE	"PermissionError: [Errno 1] Operation not permitted: ""/Users/nicholas/Library/CloudStorage/OneDrive-SharedLibraries-Queen'sUniversityBelfast/RUMEN Gateway QUB-Scientific_Consortium - Documents/03_Partners_sequences/QUB/ab1_files"""
274	MATCHED_SH_PRIMER_BP	155	sh_id,primer,base_pairs,used_bc	2	1		row=958|db=DB_01096|short=IWS778|fasta=IWS778_59987780_59987780|primer=27F|bp=1201|score=105|reasons=sh_id,used_bc	QUB	SH_0386	SH_ID	SH_0386	QUB_0167	QUB_63F_0167	63F	1142	299	Bacteria	RS_GCF_009696445.1	d__Bacteria;p__Bacillota;c__Clostridia;o__Lachnospirales;f__Lachnospiraceae;g__Porcincola;s__Porcincola intestinalis	99.6				MWL6			957	DB_00493	Rumen_Gateway	BSc_Malorie		USED	SH_0386	RC178	>GLE330	>GLE330_43463306_43463306	31/10/2022	11108143158-1	Tube		05/07/2023	11108500492	F	63F	1142	B1.3 Box 2	Dilution_to_extinction	2	BHI+RF	2023	BHI+RF	small	NR	NR	Unknown			HoloRuminant	NR	bovine	NR	37186	Intensive	12	GLE330_43463306_43463306.ab1	/Users/nicholas/Library/CloudStorage/OneDrive-SharedLibraries-Queen'sUniversityBelfast/RUMEN Gateway QUB-Scientific_Consortium - Documents/03_Partners_sequences/QUB/ab1_files/GLE330_43463306_43463306.ab1	TRUE	PRESENT	316517	2023-07-06T03:10:22	UNAVAILABLE	"PermissionError: [Errno 1] Operation not permitted: ""/Users/nicholas/Library/CloudStorage/OneDrive-SharedLibraries-Queen'sUniversityBelfast/RUMEN Gateway QUB-Scientific_Consortium - Documents/03_Partners_sequences/QUB/ab1_files"""
275	MATCHED_SH_PRIMER_BP	155	sh_id,primer,base_pairs,used_bc	2	1		row=957|db=DB_00493|short=GLE330|fasta=GLE330_43463306_43463306|primer=63F|bp=1142|score=105|reasons=sh_id,used_bc	QUB	SH_0386	SH_ID	SH_0386	QUB_0532	QUB_27F_0532	27F	1201	300	Bacteria	RS_GCF_009696445.1	d__Bacteria;p__Bacillota;c__Clostridia;o__Lachnospirales;f__Lachnospiraceae;g__Porcincola;s__Porcincola intestinalis	99.3				MWL6			958	DB_01096	Rumen_Gateway	BSc_Malorie	missing_maldi	USED	SH_0386	178	>IWS778	>IWS778_59987780_59987780	19/04/2024	11108875297-1	Tube		16/08/2024	11109029894	F	27F	1201	B1.3 Box 2	Dilution_to_extinction	2	BHI+RF	2023	BHI+RF	NR	NR	NR	Unknown			HoloRuminant	NR	bovine	NR	37186	Intensive	12	IWS778_59987780_59987780.ab1	/Users/nicholas/Library/CloudStorage/OneDrive-SharedLibraries-Queen'sUniversityBelfast/RUMEN Gateway QUB-Scientific_Consortium - Documents/03_Partners_sequences/QUB/ab1_files/IWS778_59987780_59987780.ab1	FALSE	MISSING_EXPECTED_FILE			UNAVAILABLE	"PermissionError: [Errno 1] Operation not permitted: ""/Users/nicholas/Library/CloudStorage/OneDrive-SharedLibraries-Queen'sUniversityBelfast/RUMEN Gateway QUB-Scientific_Consortium - Documents/03_Partners_sequences/QUB/ab1_files"""
276	MATCHED_SH_PRIMER_BP	155	sh_id,primer,base_pairs,used_bc	1	1			QUB	SH_0388	SH_ID	SH_0388	QUB_0599	QUB_27F_0599	27F	1176	301	Bacteria	RS_GCF_014836835.1	d__Bacteria;p__Bacillota;c__Clostridia;o__Clostridiales;f__Clostridiaceae;g__Clostridium_J;s__Clostridium_J faecium	99.5							960	DB_01179	Rumen_Gateway	PhD_Ziming	missing_maldi	USED	SH_0388	NYO_002	>JDP762_A2	>JDP762_61777621_A2	2024-07-31 00:00:00	11109010182-1	Plate	2	2024-08-16 00:00:00	11109029784	F	27F	1176	B1.3 Box 2	Dilution_to_extinction	NR	NYO	2024	M2	medium	white center	NR	In_process			MASTER_2_FGS	22/11/2021	ovine	1	7220	high microalgae oil	Adult	JDP762_61777621_A2.ab1	/Users/nicholas/Library/CloudStorage/OneDrive-SharedLibraries-Queen'sUniversityBelfast/RUMEN Gateway QUB-Scientific_Consortium - Documents/03_Partners_sequences/QUB/ab1_files/JDP762_61777621_A2.ab1	TRUE	PRESENT	338738	2024-08-16T09:05:52	UNAVAILABLE	"PermissionError: [Errno 1] Operation not permitted: ""/Users/nicholas/Library/CloudStorage/OneDrive-SharedLibraries-Queen'sUniversityBelfast/RUMEN Gateway QUB-Scientific_Consortium - Documents/03_Partners_sequences/QUB/ab1_files"""
277	MATCHED_SH_PRIMER_BP	155	sh_id,primer,base_pairs,used_bc	1	1			QUB	SH_0389	SH_ID	SH_0389	QUB_0600	QUB_27F_0600	27F	1212	302	Bacteria	RS_GCF_011387195.1	d__Bacteria;p__Bacillota;c__Bacilli;o__Lactobacillales;f__Streptococcaceae;g__Streptococcus;s__Streptococcus ruminicola	99.5							961	DB_01180	Rumen_Gateway	PhD_Ziming	missing_maldi	USED	SH_0389	NYO_003	>JDP762_A3	>JDP762_61777621_A3	2024-07-31 00:00:00	11109010182-1	Plate	3	2024-08-16 00:00:00	11109029784	F	27F	1212	B1.3 Box 2	Dilution_to_extinction	NR	NYO	2024	M2	medium	white center	NR	In_process			MASTER_2_FGS	22/11/2021	ovine	1	7220	high microalgae oil	Adult	JDP762_61777621_A3.ab1	/Users/nicholas/Library/CloudStorage/OneDrive-SharedLibraries-Queen'sUniversityBelfast/RUMEN Gateway QUB-Scientific_Consortium - Documents/03_Partners_sequences/QUB/ab1_files/JDP762_61777621_A3.ab1	TRUE	PRESENT	339822	2024-08-16T09:05:52	UNAVAILABLE	"PermissionError: [Errno 1] Operation not permitted: ""/Users/nicholas/Library/CloudStorage/OneDrive-SharedLibraries-Queen'sUniversityBelfast/RUMEN Gateway QUB-Scientific_Consortium - Documents/03_Partners_sequences/QUB/ab1_files"""
278	AMBIGUOUS_RAW_MATCH_SELECTED_EARLIEST_ROW	155	sh_id,primer,base_pairs,used_bc	5	2	Two or more raw sequencing rows tied on the strongest evidence; earliest all_16S row selected and alternates listed.	row=963|db=DB_01679|short=JTQ733|fasta=JTQ733_65947334_65947334|primer=27F|bp=1213|score=155|reasons=sh_id,primer,base_pairs,used_bc; row=965|db=DB_01707|short=JTQ761|fasta=JTQ761_65947617_65947617|primer=27F|bp=1191|score=130|reasons=sh_id,primer,used_bc; row=964|db=DB_01680|short=JTQ734|fasta=JTQ734_65947341_65947341|primer=1492R|bp=1141|score=105|reasons=sh_id,used_bc; row=966|db=DB_01708|short=JTQ762|fasta=JTQ762_65947624_65947624|primer=1492R|bp=1252|score=105|reasons=sh_id,used_bc	QUB	SH_0390	SH_ID	SH_0390	QUB_0516	QUB_27F_0516	27F	1213	303	Bacteria	RS_GCF_011038845.1	d__Bacteria;p__Bacillota;c__Bacilli;o__Lactobacillales;f__Enterococcaceae;g__Enterococcus_B;s__Enterococcus_B sp011038845	98.8							962	DB_01078	Rumen_Gateway	PhD_Ziming	missing_maldi	USED	SH_0390	NYO_004	>IWS760	>IWS760_59987605_59987605	19/04/2024	11108875297-1	Tube		31/07/2024	11109010505	F	27F	1213	B1.3 Box 2	Dilution_to_extinction	NR	NYO	2024	M2	tiny	white center	NR	Enterococcus hirae			MASTER_2_FGS	22/11/2021	ovine	1	7220	high microalgae oil	Adult	IWS760_59987605_59987605.ab1	/Users/nicholas/Library/CloudStorage/OneDrive-SharedLibraries-Queen'sUniversityBelfast/RUMEN Gateway QUB-Scientific_Consortium - Documents/03_Partners_sequences/QUB/ab1_files/IWS760_59987605_59987605.ab1	TRUE	PRESENT	370936	2024-07-31T13:04:16	UNAVAILABLE	"PermissionError: [Errno 1] Operation not permitted: ""/Users/nicholas/Library/CloudStorage/OneDrive-SharedLibraries-Queen'sUniversityBelfast/RUMEN Gateway QUB-Scientific_Consortium - Documents/03_Partners_sequences/QUB/ab1_files"""
279	MATCHED_SH_PRIMER_BP	155	sh_id,primer,base_pairs,used_bc	3	1		row=968|db=DB_01490|short=JDP761_B1|fasta=|primer=27F|bp=|score=130|reasons=sh_id,primer,used_bc; row=969|db=DB_01491|short=JDP761_B2|fasta=|primer=1492R|bp=|score=105|reasons=sh_id,used_bc	QUB	SH_0391	SH_ID	SH_0391	QUB_0601	QUB_27F_0601	27F	1195	304	Bacteria	RS_GCF_011387195.1	d__Bacteria;p__Bacillota;c__Bacilli;o__Lactobacillales;f__Streptococcaceae;g__Streptococcus;s__Streptococcus ruminicola	99.3							967	DB_01181	Rumen_Gateway	PhD_Ziming	missing_maldi	USED	SH_0391	NYO_005	>JDP762_A4	>JDP762_61777621_A4	2024-07-31 00:00:00	11109010182-1	Plate	4	2024-08-16 00:00:00	11109029784	F	27F	1195	B1.3 Box 3	Dilution_to_extinction	NR	NYO	2024	M2	tiny	transparent	NR	Unknown			MASTER_2_FGS	22/11/2021	ovine	1	7220	high microalgae oil	Adult	JDP762_61777621_A4.ab1	/Users/nicholas/Library/CloudStorage/OneDrive-SharedLibraries-Queen'sUniversityBelfast/RUMEN Gateway QUB-Scientific_Consortium - Documents/03_Partners_sequences/QUB/ab1_files/JDP762_61777621_A4.ab1	TRUE	PRESENT	336918	2024-08-16T09:05:52	UNAVAILABLE	"PermissionError: [Errno 1] Operation not permitted: ""/Users/nicholas/Library/CloudStorage/OneDrive-SharedLibraries-Queen'sUniversityBelfast/RUMEN Gateway QUB-Scientific_Consortium - Documents/03_Partners_sequences/QUB/ab1_files"""
280	MATCHED_SH_PRIMER_BP	155	sh_id,primer,base_pairs,used_bc	1	1			QUB	SH_0392	SH_ID	SH_0392	QUB_0517	QUB_27F_0517	27F	1213	305	Bacteria	RS_GCF_900205965.1	d__Bacteria;p__Bacillota;c__Clostridia;o__Lachnospirales;f__Lachnospiraceae;g__Lacrimispora;s__Lacrimispora amygdalina_A	98.9				MWL6			970	DB_01079	Rumen_Gateway	PhD_Ziming	missing_maldi	USED	SH_0392	NYO_006	>IWS761	>IWS761_59987612_59987612	19/04/2024	11108875297-1	Tube		31/07/2024	11109010505	F	27F	1213	B1.3 Box 3	Dilution_to_extinction	NR	NYO	2024	M2	tiny	transparent	NR	In_process			MASTER_2_FGS	22/11/2021	ovine	2	7073	medium microalgae oil	Adult	IWS761_59987612_59987612.ab1	/Users/nicholas/Library/CloudStorage/OneDrive-SharedLibraries-Queen'sUniversityBelfast/RUMEN Gateway QUB-Scientific_Consortium - Documents/03_Partners_sequences/QUB/ab1_files/IWS761_59987612_59987612.ab1	TRUE	PRESENT	371628	2024-07-31T13:04:16	UNAVAILABLE	"PermissionError: [Errno 1] Operation not permitted: ""/Users/nicholas/Library/CloudStorage/OneDrive-SharedLibraries-Queen'sUniversityBelfast/RUMEN Gateway QUB-Scientific_Consortium - Documents/03_Partners_sequences/QUB/ab1_files"""
281	MATCHED_SH_PRIMER_BP	155	sh_id,primer,base_pairs,used_bc	3	1		row=972|db=DB_01492|short=JDP761_B3|fasta=|primer=27F|bp=|score=130|reasons=sh_id,primer,used_bc; row=973|db=DB_01493|short=JDP761_B4|fasta=|primer=1492R|bp=|score=105|reasons=sh_id,used_bc	QUB	SH_0393	SH_ID	SH_0393	QUB_0602	QUB_27F_0602	27F	1235	306	Bacteria	RS_GCF_003317055.1	d__Bacteria;p__Bacillota;c__Clostridia;o__Eubacteriales;f__Alkalibacteraceae;g__Alkalibaculum;s__Alkalibaculum bacchi	99.2							971	DB_01182	Rumen_Gateway	PhD_Ziming	missing_maldi	USED	SH_0393	NYO_007	>JDP762_A5	>JDP762_61777621_A5	2024-07-31 00:00:00	11109010182-1	Plate	5	2024-08-16 00:00:00	11109029784	F	27F	1235	B1.3 Box 3	Dilution_to_extinction	NR	NYO	2024	M2	tiny	white center	NR	In_process			MASTER_2_FGS	22/11/2021	ovine	2	7073	medium microalgae oil	Adult	JDP762_61777621_A5.ab1	/Users/nicholas/Library/CloudStorage/OneDrive-SharedLibraries-Queen'sUniversityBelfast/RUMEN Gateway QUB-Scientific_Consortium - Documents/03_Partners_sequences/QUB/ab1_files/JDP762_61777621_A5.ab1	TRUE	PRESENT	335146	2024-08-16T09:05:52	UNAVAILABLE	"PermissionError: [Errno 1] Operation not permitted: ""/Users/nicholas/Library/CloudStorage/OneDrive-SharedLibraries-Queen'sUniversityBelfast/RUMEN Gateway QUB-Scientific_Consortium - Documents/03_Partners_sequences/QUB/ab1_files"""
282	MATCHED_SH_PRIMER_BP	155	sh_id,primer,base_pairs,used_bc	1	1			QUB	SH_0394	SH_ID	SH_0394	QUB_0603	QUB_27F_0603	27F	1187	307	Bacteria	RS_GCF_003931855.1	d__Bacteria;p__Bacillota;c__Bacilli;o__Paenibacillales;f__Paenibacillaceae;g__Fontibacillus;s__Fontibacillus lentus	96.3							974	DB_01183	Rumen_Gateway	PhD_Ziming	missing_maldi	USED	SH_0394	NYO_008	>JDP762_A6	>JDP762_61777621_A6	2024-07-31 00:00:00	11109010182-1	Plate	6	2024-08-16 00:00:00	11109029784	F	27F	1187	B1.3 Box 3	Dilution_to_extinction	NR	NYO	2024	M2	medium	white center	NR	In_process			MASTER_2_FGS	22/11/2021	ovine	2	7073	medium microalgae oil	Adult	JDP762_61777621_A6.ab1	/Users/nicholas/Library/CloudStorage/OneDrive-SharedLibraries-Queen'sUniversityBelfast/RUMEN Gateway QUB-Scientific_Consortium - Documents/03_Partners_sequences/QUB/ab1_files/JDP762_61777621_A6.ab1	TRUE	PRESENT	339274	2024-08-16T09:05:52	UNAVAILABLE	"PermissionError: [Errno 1] Operation not permitted: ""/Users/nicholas/Library/CloudStorage/OneDrive-SharedLibraries-Queen'sUniversityBelfast/RUMEN Gateway QUB-Scientific_Consortium - Documents/03_Partners_sequences/QUB/ab1_files"""
283	MATCHED_SH_PRIMER_BP	155	sh_id,primer,base_pairs,used_bc	1	1			QUB	SH_0395	SH_ID	SH_0395	QUB_0604	QUB_27F_0604	27F	782	308	Bacteria	RS_GCF_003726095.1	d__Bacteria;p__Bacillota;c__Bacilli;o__Bacillales_B;f__DSM-18226;g__Niallia;s__Niallia circulans_A	99							975	DB_01184	Rumen_Gateway	PhD_Ziming	missing_maldi	USED	SH_0395	NYO_009	>JDP762_A7	>JDP762_61777621_A7	2024-07-31 00:00:00	11109010182-1	Plate	7	2024-08-16 00:00:00	11109029784	F	27F	782	B1.3 Box 3	Dilution_to_extinction	NR	NYO	2024	M2	small	white center	NR	In_process			MASTER_2_FGS	22/11/2021	ovine	2	7073	medium microalgae oil	Adult	JDP762_61777621_A7.ab1	/Users/nicholas/Library/CloudStorage/OneDrive-SharedLibraries-Queen'sUniversityBelfast/RUMEN Gateway QUB-Scientific_Consortium - Documents/03_Partners_sequences/QUB/ab1_files/JDP762_61777621_A7.ab1	TRUE	PRESENT	339332	2024-08-16T09:05:52	UNAVAILABLE	"PermissionError: [Errno 1] Operation not permitted: ""/Users/nicholas/Library/CloudStorage/OneDrive-SharedLibraries-Queen'sUniversityBelfast/RUMEN Gateway QUB-Scientific_Consortium - Documents/03_Partners_sequences/QUB/ab1_files"""
284	MATCHED_SH_PRIMER_BP	155	sh_id,primer,base_pairs,used_bc	1	1			QUB	SH_0396	SH_ID	SH_0396	QUB_0605	QUB_27F_0605	27F	1173	309	Bacteria	RS_GCF_000011645.1	d__Bacteria;p__Bacillota;c__Bacilli;o__Bacillales;f__Bacillaceae;g__Bacillus;s__Bacillus licheniformis	98.8							976	DB_01185	Rumen_Gateway	PhD_Ziming	missing_maldi	USED	SH_0396	NYO_010	>JDP762_A8	>JDP762_61777621_A8	2024-07-31 00:00:00	11109010182-1	Plate	8	2024-08-16 00:00:00	11109029784	F	27F	1173	B1.3 Box 3	Dilution_to_extinction	NR	NYO	2024	M2	big	dry + transparent	NR	In_process			MASTER_2_FGS	22/11/2021	ovine	2	7073	medium microalgae oil	Adult	JDP762_61777621_A8.ab1	/Users/nicholas/Library/CloudStorage/OneDrive-SharedLibraries-Queen'sUniversityBelfast/RUMEN Gateway QUB-Scientific_Consortium - Documents/03_Partners_sequences/QUB/ab1_files/JDP762_61777621_A8.ab1	TRUE	PRESENT	334600	2024-08-16T09:05:52	UNAVAILABLE	"PermissionError: [Errno 1] Operation not permitted: ""/Users/nicholas/Library/CloudStorage/OneDrive-SharedLibraries-Queen'sUniversityBelfast/RUMEN Gateway QUB-Scientific_Consortium - Documents/03_Partners_sequences/QUB/ab1_files"""
285	MATCHED_SH_PRIMER_BP	155	sh_id,primer,base_pairs,used_bc	3	1		row=978|db=DB_01494|short=JDP761_B5|fasta=|primer=27F|bp=|score=130|reasons=sh_id,primer,used_bc; row=979|db=DB_01495|short=JDP761_B6|fasta=|primer=1492R|bp=|score=105|reasons=sh_id,used_bc	QUB	SH_0397	SH_ID	SH_0397	QUB_0607	QUB_27F_0607	27F	1181	310	Bacteria	RS_GCF_012922555.1	d__Bacteria;p__Bacillota;c__Clostridia;o__Peptostreptococcales;f__Peptostreptococcaceae;g__Paraclostridium;s__Paraclostridium dentum	99.9							977	DB_01190	Rumen_Gateway	PhD_Ziming	missing_maldi	USED	SH_0397	NYO_011	>JDP762_B1	>JDP762_61777621_B1	2024-07-31 00:00:00	11109010182-1	Plate	1	2024-08-16 00:00:00	11109029784	F	27F	1181	B1.3 Box 3	Dilution_to_extinction	NR	NYO	2024	M2	big	dry + transparent	NR	SH_112			MASTER_2_FGS	22/11/2021	ovine	2	7073	medium microalgae oil	Adult	JDP762_61777621_B1.ab1	/Users/nicholas/Library/CloudStorage/OneDrive-SharedLibraries-Queen'sUniversityBelfast/RUMEN Gateway QUB-Scientific_Consortium - Documents/03_Partners_sequences/QUB/ab1_files/JDP762_61777621_B1.ab1	TRUE	PRESENT	337608	2024-08-16T09:05:52	UNAVAILABLE	"PermissionError: [Errno 1] Operation not permitted: ""/Users/nicholas/Library/CloudStorage/OneDrive-SharedLibraries-Queen'sUniversityBelfast/RUMEN Gateway QUB-Scientific_Consortium - Documents/03_Partners_sequences/QUB/ab1_files"""
286	MATCHED_SH_PRIMER_BP	155	sh_id,primer,base_pairs,used_bc	1	1			QUB	SH_0398	SH_ID	SH_0398	QUB_0611	QUB_27F_0611	27F	1176	311	Bacteria	RS_GCF_011387195.1	d__Bacteria;p__Bacillota;c__Bacilli;o__Lactobacillales;f__Streptococcaceae;g__Streptococcus;s__Streptococcus ruminicola	99.2							980	DB_01191	Rumen_Gateway	PhD_Ziming	missing_maldi	USED	SH_0398	NYO_012	>JDP762_B2	>JDP762_61777621_B2	2024-07-31 00:00:00	11109010182-1	Plate	2	2024-08-16 00:00:00	11109029784	F	27F	1176	B1.3 Box 3	Dilution_to_extinction	NR	NYO	2024	M2	tiny	transparent	NR	In_process			MASTER_2_FGS	22/11/2021	ovine	3	6977	no microalgae oil	Adult	JDP762_61777621_B2.ab1	/Users/nicholas/Library/CloudStorage/OneDrive-SharedLibraries-Queen'sUniversityBelfast/RUMEN Gateway QUB-Scientific_Consortium - Documents/03_Partners_sequences/QUB/ab1_files/JDP762_61777621_B2.ab1	TRUE	PRESENT	339046	2024-08-16T09:05:52	UNAVAILABLE	"PermissionError: [Errno 1] Operation not permitted: ""/Users/nicholas/Library/CloudStorage/OneDrive-SharedLibraries-Queen'sUniversityBelfast/RUMEN Gateway QUB-Scientific_Consortium - Documents/03_Partners_sequences/QUB/ab1_files"""
287	MATCHED_SH_PRIMER_BP	155	sh_id,primer,base_pairs,used_bc	3	1		row=982|db=DB_01681|short=JTQ735|fasta=JTQ735_65947358_65947358|primer=27F|bp=1132|score=130|reasons=sh_id,primer,used_bc; row=983|db=DB_01682|short=JTQ736|fasta=JTQ736_65947365_65947365|primer=1492R|bp=1112|score=105|reasons=sh_id,used_bc	QUB	SH_0399	SH_ID	SH_0399	QUB_0612	QUB_27F_0612	27F	1184	312	Bacteria	RS_GCF_900187165.1	d__Bacteria;p__Bacillota;c__Clostridia;o__Clostridiales;f__Clostridiaceae;g__Clostridium_G;s__Clostridium_G cochlearium	99.5				MWL13			981	DB_01192	Rumen_Gateway	PhD_Ziming	missing_maldi	USED	SH_0399	NYO_013	>JDP762_B3	>JDP762_61777621_B3	2024-07-31 00:00:00	11109010182-1	Plate	3	2024-08-16 00:00:00	11109029784	F	27F	1184	B1.3 Box 3	Dilution_to_extinction	NR	NYO	2024	M2	tiny	transparent	NR	Pseudomonas lundensis			MASTER_2_FGS	22/11/2021	ovine	4	7093	no microalgae oil	Adult	JDP762_61777621_B3.ab1	/Users/nicholas/Library/CloudStorage/OneDrive-SharedLibraries-Queen'sUniversityBelfast/RUMEN Gateway QUB-Scientific_Consortium - Documents/03_Partners_sequences/QUB/ab1_files/JDP762_61777621_B3.ab1	TRUE	PRESENT	341663	2024-08-16T09:05:52	UNAVAILABLE	"PermissionError: [Errno 1] Operation not permitted: ""/Users/nicholas/Library/CloudStorage/OneDrive-SharedLibraries-Queen'sUniversityBelfast/RUMEN Gateway QUB-Scientific_Consortium - Documents/03_Partners_sequences/QUB/ab1_files"""
288	MATCHED_SH_PRIMER_BP	155	sh_id,primer,base_pairs,used_bc	1	1			QUB	SH_0400	SH_ID	SH_0400	QUB_0613	QUB_27F_0613	27F	1189	313	Bacteria	RS_GCF_029024925.1	d__Bacteria;p__Bacillota;c__Bacilli;o__Lactobacillales;f__Enterococcaceae;g__Enterococcus;s__Enterococcus faecalis	99.2							984	DB_01193	Rumen_Gateway	PhD_Ziming	missing_maldi	USED	SH_0400	NYO_014	>JDP762_B4	>JDP762_61777621_B4	2024-07-31 00:00:00	11109010182-1	Plate	4	2024-08-16 00:00:00	11109029784	F	27F	1189	B1.3 Box 3	Dilution_to_extinction	NR	NYO	2024	M2	small	white center	NR	In_process			MASTER_2_FGS	22/11/2021	ovine	4	7093	no microalgae oil	Adult	JDP762_61777621_B4.ab1	/Users/nicholas/Library/CloudStorage/OneDrive-SharedLibraries-Queen'sUniversityBelfast/RUMEN Gateway QUB-Scientific_Consortium - Documents/03_Partners_sequences/QUB/ab1_files/JDP762_61777621_B4.ab1	TRUE	PRESENT	339255	2024-08-16T09:05:52	UNAVAILABLE	"PermissionError: [Errno 1] Operation not permitted: ""/Users/nicholas/Library/CloudStorage/OneDrive-SharedLibraries-Queen'sUniversityBelfast/RUMEN Gateway QUB-Scientific_Consortium - Documents/03_Partners_sequences/QUB/ab1_files"""
289	MATCHED_SH_PRIMER_BP	155	sh_id,primer,base_pairs,used_bc	1	1			QUB	SH_0402	SH_ID	SH_0402	QUB_0614	QUB_27F_0614	27F	1222	314	Bacteria	RS_GCF_011038845.1	d__Bacteria;p__Bacillota;c__Bacilli;o__Lactobacillales;f__Enterococcaceae;g__Enterococcus_B;s__Enterococcus_B sp011038845	99.3							986	DB_01195	Rumen_Gateway	PhD_Ziming	missing_maldi	USED	SH_0402	NYO_016	>JDP762_B6	>JDP762_61777621_B6	2024-07-31 00:00:00	11109010182-1	Plate	6	2024-08-16 00:00:00	11109029784	F	27F	1222	B1.3 Box 3	Dilution_to_extinction	NR	NYO	2024	M2	tiny	transparent	NR	In_process			MASTER_2_FGS	22/11/2021	ovine	4	7093	no microalgae oil	Adult	JDP762_61777621_B6.ab1	/Users/nicholas/Library/CloudStorage/OneDrive-SharedLibraries-Queen'sUniversityBelfast/RUMEN Gateway QUB-Scientific_Consortium - Documents/03_Partners_sequences/QUB/ab1_files/JDP762_61777621_B6.ab1	TRUE	PRESENT	340918	2024-08-16T09:05:52	UNAVAILABLE	"PermissionError: [Errno 1] Operation not permitted: ""/Users/nicholas/Library/CloudStorage/OneDrive-SharedLibraries-Queen'sUniversityBelfast/RUMEN Gateway QUB-Scientific_Consortium - Documents/03_Partners_sequences/QUB/ab1_files"""
290	MATCHED_SH_PRIMER_BP	155	sh_id,primer,base_pairs,used_bc	1	1			QUB	SH_0403	SH_ID	SH_0403	QUB_0615	QUB_27F_0615	27F	1165	315	Bacteria	RS_GCF_000428105.1	d__Bacteria;p__Bacteroidota;c__Bacteroidia;o__Bacteroidales;f__Bacteroidaceae;g__Bacteroides;s__Bacteroides pyogenes	99.8							987	DB_01196	Rumen_Gateway	PhD_Ziming	missing_maldi	USED	SH_0403	NYO_017	>JDP762_B7	>JDP762_61777621_B7	2024-07-31 00:00:00	11109010182-1	Plate	7	2024-08-16 00:00:00	11109029784	F	27F	1165	B1.3 Box 3	Dilution_to_extinction	NR	NYO	2024	M2	tiny	transparent	NR	In_process			MASTER_2_FGS	22/11/2021	ovine	5	7059	medium microalgae oil	Adult	JDP762_61777621_B7.ab1	/Users/nicholas/Library/CloudStorage/OneDrive-SharedLibraries-Queen'sUniversityBelfast/RUMEN Gateway QUB-Scientific_Consortium - Documents/03_Partners_sequences/QUB/ab1_files/JDP762_61777621_B7.ab1	TRUE	PRESENT	339542	2024-08-16T09:05:52	UNAVAILABLE	"PermissionError: [Errno 1] Operation not permitted: ""/Users/nicholas/Library/CloudStorage/OneDrive-SharedLibraries-Queen'sUniversityBelfast/RUMEN Gateway QUB-Scientific_Consortium - Documents/03_Partners_sequences/QUB/ab1_files"""
291	MATCHED_SH_PRIMER_BP	155	sh_id,primer,base_pairs,used_bc	1	1			QUB	SH_0404	SH_ID	SH_0404	QUB_0616	QUB_27F_0616	27F	1155	316	Bacteria	RS_GCF_011038845.1	d__Bacteria;p__Bacillota;c__Bacilli;o__Lactobacillales;f__Enterococcaceae;g__Enterococcus_B;s__Enterococcus_B sp011038845	98.4							988	DB_01197	Rumen_Gateway	PhD_Ziming	missing_maldi	USED	SH_0404	NYO_018	>JDP762_B8	>JDP762_61777621_B8	2024-07-31 00:00:00	11109010182-1	Plate	8	2024-08-16 00:00:00	11109029784	F	27F	1155	B1.3 Box 3	Dilution_to_extinction	NR	NYO	2024	M2	tiny	transparent	NR	In_process			MASTER_2_FGS	22/11/2021	ovine	5	7059	medium microalgae oil	Adult	JDP762_61777621_B8.ab1	/Users/nicholas/Library/CloudStorage/OneDrive-SharedLibraries-Queen'sUniversityBelfast/RUMEN Gateway QUB-Scientific_Consortium - Documents/03_Partners_sequences/QUB/ab1_files/JDP762_61777621_B8.ab1	TRUE	PRESENT	339505	2024-08-16T09:05:52	UNAVAILABLE	"PermissionError: [Errno 1] Operation not permitted: ""/Users/nicholas/Library/CloudStorage/OneDrive-SharedLibraries-Queen'sUniversityBelfast/RUMEN Gateway QUB-Scientific_Consortium - Documents/03_Partners_sequences/QUB/ab1_files"""
292	MATCHED_SH_PRIMER_BP	155	sh_id,primer,base_pairs,used_bc	1	1			QUB	SH_0406	SH_ID	SH_0406	QUB_0619	QUB_27F_0619	27F	1186	317	Bacteria	RS_GCF_000011645.1	d__Bacteria;p__Bacillota;c__Bacilli;o__Bacillales;f__Bacillaceae;g__Bacillus;s__Bacillus licheniformis	98.5							990	DB_01203	Rumen_Gateway	PhD_Ziming	missing_maldi	USED	SH_0406	NYO_020	>JDP762_C2	>JDP762_61777621_C2	2024-07-31 00:00:00	11109010182-1	Plate	2	2024-08-16 00:00:00	11109029784	F	27F	1186	B1.3 Box 4	Dilution_to_extinction	NR	NYO	2024	M2	big	dry + transparent	NR	In_process			MASTER_2_FGS	22/11/2021	ovine	6	7105	low microalgae oil	Adult	JDP762_61777621_C2.ab1	/Users/nicholas/Library/CloudStorage/OneDrive-SharedLibraries-Queen'sUniversityBelfast/RUMEN Gateway QUB-Scientific_Consortium - Documents/03_Partners_sequences/QUB/ab1_files/JDP762_61777621_C2.ab1	TRUE	PRESENT	337703	2024-08-16T09:05:52	UNAVAILABLE	"PermissionError: [Errno 1] Operation not permitted: ""/Users/nicholas/Library/CloudStorage/OneDrive-SharedLibraries-Queen'sUniversityBelfast/RUMEN Gateway QUB-Scientific_Consortium - Documents/03_Partners_sequences/QUB/ab1_files"""
293	MATCHED_SH_PRIMER_BP	155	sh_id,primer,base_pairs,used_bc	1	1			QUB	SH_0407	SH_ID	SH_0407	QUB_0620	QUB_27F_0620	27F	1219	318	Bacteria	RS_GCF_011387195.1	d__Bacteria;p__Bacillota;c__Bacilli;o__Lactobacillales;f__Streptococcaceae;g__Streptococcus;s__Streptococcus ruminicola	99.7							991	DB_01204	Rumen_Gateway	PhD_Ziming	missing_maldi	USED	SH_0407	NYO_021	>JDP762_C3	>JDP762_61777621_C3	2024-07-31 00:00:00	11109010182-1	Plate	3	2024-08-16 00:00:00	11109029784	F	27F	1219	B1.3 Box 4	Dilution_to_extinction	NR	NYO	2024	M2	big	dry + transparent	NR	In_process			MASTER_2_FGS	22/11/2021	ovine	6	7105	low microalgae oil	Adult	JDP762_61777621_C3.ab1	/Users/nicholas/Library/CloudStorage/OneDrive-SharedLibraries-Queen'sUniversityBelfast/RUMEN Gateway QUB-Scientific_Consortium - Documents/03_Partners_sequences/QUB/ab1_files/JDP762_61777621_C3.ab1	TRUE	PRESENT	338285	2024-08-16T09:05:52	UNAVAILABLE	"PermissionError: [Errno 1] Operation not permitted: ""/Users/nicholas/Library/CloudStorage/OneDrive-SharedLibraries-Queen'sUniversityBelfast/RUMEN Gateway QUB-Scientific_Consortium - Documents/03_Partners_sequences/QUB/ab1_files"""
294	MATCHED_SH_PRIMER_BP	155	sh_id,primer,base_pairs,used_bc	5	1		row=993|db=DB_01496|short=JDP761_B7|fasta=|primer=27F|bp=|score=130|reasons=sh_id,primer,used_bc; row=995|db=DB_01642|short=JTQ696|fasta=JTQ696_65946962_65946962|primer=27F|bp=1207|score=130|reasons=sh_id,primer,used_bc; row=994|db=DB_01497|short=JDP761_B8|fasta=|primer=1492R|bp=|score=105|reasons=sh_id,used_bc; row=996|db=DB_01643|short=JTQ697|fasta=JTQ697_65946979_65946979|primer=1492R|bp=1230|score=105|reasons=sh_id,used_bc	QUB	SH_0408	SH_ID	SH_0408	QUB_0621	QUB_27F_0621	27F	1205	319	Bacteria	RS_GCF_005502275.1	d__Bacteria;p__Bacillota;c__Bacilli;o__Bacillales_B;f__DSM-18226;g__Robertmurraya;s__Robertmurraya siralis	100				MWL6			992	DB_01205	Rumen_Gateway	PhD_Ziming	missing_maldi	USED	SH_0408	NYO_022	>JDP762_C4	>JDP762_61777621_C4	2024-07-31 00:00:00	11109010182-1	Plate	4	2024-08-16 00:00:00	11109029784	F	27F	1205	B1.3 Box 4	Dilution_to_extinction	NR	NYO	2024	M2	tiny	transparent	NR	Unknown			MASTER_2_FGS	22/11/2021	ovine	6	7105	low microalgae oil	Adult	JDP762_61777621_C4.ab1	/Users/nicholas/Library/CloudStorage/OneDrive-SharedLibraries-Queen'sUniversityBelfast/RUMEN Gateway QUB-Scientific_Consortium - Documents/03_Partners_sequences/QUB/ab1_files/JDP762_61777621_C4.ab1	TRUE	PRESENT	343495	2024-08-16T09:05:52	UNAVAILABLE	"PermissionError: [Errno 1] Operation not permitted: ""/Users/nicholas/Library/CloudStorage/OneDrive-SharedLibraries-Queen'sUniversityBelfast/RUMEN Gateway QUB-Scientific_Consortium - Documents/03_Partners_sequences/QUB/ab1_files"""
295	MATCHED_SH_PRIMER_BP	155	sh_id,primer,base_pairs,used_bc	1	1			QUB	SH_0410	SH_ID	SH_0410	QUB_0526	QUB_27F_0526	27F	1201	320	Bacteria	RS_GCF_000011645.1	d__Bacteria;p__Bacillota;c__Bacilli;o__Bacillales;f__Bacillaceae;g__Bacillus;s__Bacillus licheniformis	98.6							998	DB_01089	Rumen_Gateway	PhD_Ziming	missing_maldi	USED	SH_0410	NYO_024	>IWS771	>IWS771_59987711_59987711	19/04/2024	11108875297-1	Tube		31/07/2024	11109010505	F	27F	1201	B1.3 Box 4	Dilution_to_extinction	NR	NYO	2024	M2	tiny	white center	NR	In_process			MASTER_2_FGS	22/11/2021	ovine	6	7105	low microalgae oil	Adult	IWS771_59987711_59987711.ab1	/Users/nicholas/Library/CloudStorage/OneDrive-SharedLibraries-Queen'sUniversityBelfast/RUMEN Gateway QUB-Scientific_Consortium - Documents/03_Partners_sequences/QUB/ab1_files/IWS771_59987711_59987711.ab1	TRUE	PRESENT	366250	2024-07-31T13:04:16	UNAVAILABLE	"PermissionError: [Errno 1] Operation not permitted: ""/Users/nicholas/Library/CloudStorage/OneDrive-SharedLibraries-Queen'sUniversityBelfast/RUMEN Gateway QUB-Scientific_Consortium - Documents/03_Partners_sequences/QUB/ab1_files"""
296	MATCHED_SH_PRIMER_BP	155	sh_id,primer,base_pairs,used_bc	1	1			QUB	SH_0411	SH_ID	SH_0411	QUB_0622	QUB_27F_0622	27F	1193	321	Bacteria	RS_GCF_011387195.1	d__Bacteria;p__Bacillota;c__Bacilli;o__Lactobacillales;f__Streptococcaceae;g__Streptococcus;s__Streptococcus ruminicola	99.3							999	DB_01207	Rumen_Gateway	PhD_Ziming	missing_maldi	USED	SH_0411	NYO_025	>JDP762_C6	>JDP762_61777621_C6	2024-07-31 00:00:00	11109010182-1	Plate	6	2024-08-16 00:00:00	11109029784	F	27F	1193	B1.3 Box 4	Dilution_to_extinction	NR	NYO	2024	M2	tiny	transparent	NR	In_process			MASTER_2_FGS	22/11/2021	ovine	6	7105	low microalgae oil	Adult	JDP762_61777621_C6.ab1	/Users/nicholas/Library/CloudStorage/OneDrive-SharedLibraries-Queen'sUniversityBelfast/RUMEN Gateway QUB-Scientific_Consortium - Documents/03_Partners_sequences/QUB/ab1_files/JDP762_61777621_C6.ab1	TRUE	PRESENT	340593	2024-08-16T09:05:52	UNAVAILABLE	"PermissionError: [Errno 1] Operation not permitted: ""/Users/nicholas/Library/CloudStorage/OneDrive-SharedLibraries-Queen'sUniversityBelfast/RUMEN Gateway QUB-Scientific_Consortium - Documents/03_Partners_sequences/QUB/ab1_files"""
297	MATCHED_SH_PRIMER_BP	155	sh_id,primer,base_pairs,used_bc	1	1			QUB	SH_0412	SH_ID	SH_0412	QUB_0623	QUB_27F_0623	27F	1188	322	Bacteria	RS_GCF_900205965.1	d__Bacteria;p__Bacillota;c__Clostridia;o__Lachnospirales;f__Lachnospiraceae;g__Lacrimispora;s__Lacrimispora amygdalina_A	99.7							1000	DB_01208	Rumen_Gateway	PhD_Ziming	missing_maldi	USED	SH_0412	NYO_026	>JDP762_C7	>JDP762_61777621_C7	2024-07-31 00:00:00	11109010182-1	Plate	7	2024-08-16 00:00:00	11109029784	F	27F	1188	B1.3 Box 4	Dilution_to_extinction	NR	NYO	2024	M2	medium	white center	NR	In_process			MASTER_2_FGS	22/11/2021	ovine	6	7105	low microalgae oil	Adult	JDP762_61777621_C7.ab1	/Users/nicholas/Library/CloudStorage/OneDrive-SharedLibraries-Queen'sUniversityBelfast/RUMEN Gateway QUB-Scientific_Consortium - Documents/03_Partners_sequences/QUB/ab1_files/JDP762_61777621_C7.ab1	TRUE	PRESENT	342943	2024-08-16T09:05:52	UNAVAILABLE	"PermissionError: [Errno 1] Operation not permitted: ""/Users/nicholas/Library/CloudStorage/OneDrive-SharedLibraries-Queen'sUniversityBelfast/RUMEN Gateway QUB-Scientific_Consortium - Documents/03_Partners_sequences/QUB/ab1_files"""
298	MATCHED_SH_PRIMER_BP	155	sh_id,primer,base_pairs,used_bc	1	1			QUB	SH_0413	SH_ID	SH_0413	QUB_0625	QUB_27F_0625	27F	1221	323	Bacteria	RS_GCF_008121495.1	d__Bacteria;p__Bacillota;c__Clostridia;o__Lachnospirales;f__Lachnospiraceae;g__Ruminococcus_B;s__Ruminococcus_B gnavus	98.9							1001	DB_01214	Rumen_Gateway	PhD_Ziming	missing_maldi	USED	SH_0413	NYO_027	>JDP762_D1	>JDP762_61777621_D1	2024-07-31 00:00:00	11109010182-1	Plate	1	2024-08-16 00:00:00	11109029784	F	27F	1221	B1.3 Box 4	Dilution_to_extinction	NR	NYO	2024	BHI	big	dry	NR	In_process			MASTER_2_FGS	22/11/2021	ovine	3	6977	no microalgae oil	Adult	JDP762_61777621_D1.ab1	/Users/nicholas/Library/CloudStorage/OneDrive-SharedLibraries-Queen'sUniversityBelfast/RUMEN Gateway QUB-Scientific_Consortium - Documents/03_Partners_sequences/QUB/ab1_files/JDP762_61777621_D1.ab1	TRUE	PRESENT	334310	2024-08-16T09:05:52	UNAVAILABLE	"PermissionError: [Errno 1] Operation not permitted: ""/Users/nicholas/Library/CloudStorage/OneDrive-SharedLibraries-Queen'sUniversityBelfast/RUMEN Gateway QUB-Scientific_Consortium - Documents/03_Partners_sequences/QUB/ab1_files"""
299	MATCHED_SH_PRIMER_BP	155	sh_id,primer,base_pairs,used_bc	1	1			QUB	SH_0414	SH_ID	SH_0414	QUB_0628	QUB_27F_0628	27F	1169	324	Bacteria	RS_GCF_040632975.1	d__Bacteria;p__Actinomycetota;c__Actinomycetes;o__Streptomycetales;f__Streptomycetaceae;g__Streptomyces;s__Streptomyces sp040632975	99.6							1002	DB_01215	Rumen_Gateway	PhD_Ziming	missing_maldi	USED	SH_0414	NYO_028	>JDP762_D2	>JDP762_61777621_D2	2024-07-31 00:00:00	11109010182-1	Plate	2	2024-08-16 00:00:00	11109029784	F	27F	1169	B1.3 Box 4	Dilution_to_extinction	NR	NYO	2024	BHI	small	dry	NR	In_process			MASTER_2_FGS	22/11/2021	ovine	3	6977	no microalgae oil	Adult	JDP762_61777621_D2.ab1	/Users/nicholas/Library/CloudStorage/OneDrive-SharedLibraries-Queen'sUniversityBelfast/RUMEN Gateway QUB-Scientific_Consortium - Documents/03_Partners_sequences/QUB/ab1_files/JDP762_61777621_D2.ab1	TRUE	PRESENT	340947	2024-08-16T09:05:54	UNAVAILABLE	"PermissionError: [Errno 1] Operation not permitted: ""/Users/nicholas/Library/CloudStorage/OneDrive-SharedLibraries-Queen'sUniversityBelfast/RUMEN Gateway QUB-Scientific_Consortium - Documents/03_Partners_sequences/QUB/ab1_files"""
300	MATCHED_SH_PRIMER_BP	155	sh_id,primer,base_pairs,used_bc	1	1			QUB	SH_0415	SH_ID	SH_0415	QUB_0629	QUB_27F_0629	27F	1201	325	Bacteria	RS_GCF_040632975.1	d__Bacteria;p__Actinomycetota;c__Actinomycetes;o__Streptomycetales;f__Streptomycetaceae;g__Streptomyces;s__Streptomyces sp040632975	99.6							1003	DB_01216	Rumen_Gateway	PhD_Ziming	missing_maldi	USED	SH_0415	NYO_029	>JDP762_D3	>JDP762_61777621_D3	2024-07-31 00:00:00	11109010182-1	Plate	3	2024-08-16 00:00:00	11109029784	F	27F	1201	B1.3 Box 4	Dilution_to_extinction	NR	NYO	2024	BHI	small	dry	NR	In_process			MASTER_2_FGS	22/11/2021	ovine	3	6977	no microalgae oil	Adult	JDP762_61777621_D3.ab1	/Users/nicholas/Library/CloudStorage/OneDrive-SharedLibraries-Queen'sUniversityBelfast/RUMEN Gateway QUB-Scientific_Consortium - Documents/03_Partners_sequences/QUB/ab1_files/JDP762_61777621_D3.ab1	TRUE	PRESENT	340641	2024-08-16T09:05:54	UNAVAILABLE	"PermissionError: [Errno 1] Operation not permitted: ""/Users/nicholas/Library/CloudStorage/OneDrive-SharedLibraries-Queen'sUniversityBelfast/RUMEN Gateway QUB-Scientific_Consortium - Documents/03_Partners_sequences/QUB/ab1_files"""
301	MATCHED_SH_PRIMER_BP	155	sh_id,primer,base_pairs,used_bc	1	1			QUB	SH_0416	SH_ID	SH_0416	QUB_0630	QUB_27F_0630	27F	1190	326	Bacteria	RS_GCF_000011645.1	d__Bacteria;p__Bacillota;c__Bacilli;o__Bacillales;f__Bacillaceae;g__Bacillus;s__Bacillus licheniformis	99.2							1004	DB_01217	Rumen_Gateway	PhD_Ziming	missing_maldi	USED	SH_0416	NYO_030	>JDP762_D4	>JDP762_61777621_D4	2024-07-31 00:00:00	11109010182-1	Plate	4	2024-08-16 00:00:00	11109029784	F	27F	1190	B1.3 Box 4	Dilution_to_extinction	NR	NYO	2024	BHI	big	dry	NR	In_process			MASTER_2_FGS	22/11/2021	ovine	3	6977	no microalgae oil	Adult	JDP762_61777621_D4.ab1	/Users/nicholas/Library/CloudStorage/OneDrive-SharedLibraries-Queen'sUniversityBelfast/RUMEN Gateway QUB-Scientific_Consortium - Documents/03_Partners_sequences/QUB/ab1_files/JDP762_61777621_D4.ab1	TRUE	PRESENT	344174	2024-08-16T09:05:54	UNAVAILABLE	"PermissionError: [Errno 1] Operation not permitted: ""/Users/nicholas/Library/CloudStorage/OneDrive-SharedLibraries-Queen'sUniversityBelfast/RUMEN Gateway QUB-Scientific_Consortium - Documents/03_Partners_sequences/QUB/ab1_files"""
302	MATCHED_SH_PRIMER_BP	155	sh_id,primer,base_pairs,used_bc	1	1			QUB	SH_0417	SH_ID	SH_0417	QUB_0631	QUB_27F_0631	27F	1220	327	Bacteria	RS_GCF_000011645.1	d__Bacteria;p__Bacillota;c__Bacilli;o__Bacillales;f__Bacillaceae;g__Bacillus;s__Bacillus licheniformis	99.3							1005	DB_01218	Rumen_Gateway	PhD_Ziming	missing_maldi	USED	SH_0417	NYO_031	>JDP762_D5	>JDP762_61777621_D5	2024-07-31 00:00:00	11109010182-1	Plate	5	2024-08-16 00:00:00	11109029784	F	27F	1220	B1.3 Box 4	Dilution_to_extinction	NR	NYO	2024	BHI	big	dry	NR	In_process			MASTER_2_FGS	22/11/2021	ovine	3	6977	no microalgae oil	Adult	JDP762_61777621_D5.ab1	/Users/nicholas/Library/CloudStorage/OneDrive-SharedLibraries-Queen'sUniversityBelfast/RUMEN Gateway QUB-Scientific_Consortium - Documents/03_Partners_sequences/QUB/ab1_files/JDP762_61777621_D5.ab1	TRUE	PRESENT	339670	2024-08-16T09:05:54	UNAVAILABLE	"PermissionError: [Errno 1] Operation not permitted: ""/Users/nicholas/Library/CloudStorage/OneDrive-SharedLibraries-Queen'sUniversityBelfast/RUMEN Gateway QUB-Scientific_Consortium - Documents/03_Partners_sequences/QUB/ab1_files"""
303	MATCHED_SH_PRIMER_BP	155	sh_id,primer,base_pairs,used_bc	1	1			QUB	SH_0418	SH_ID	SH_0418	QUB_0632	QUB_27F_0632	27F	1189	328	Bacteria	RS_GCF_000011645.1	d__Bacteria;p__Bacillota;c__Bacilli;o__Bacillales;f__Bacillaceae;g__Bacillus;s__Bacillus licheniformis	98.8							1006	DB_01219	Rumen_Gateway	PhD_Ziming	missing_maldi	USED	SH_0418	NYO_032	>JDP762_D6	>JDP762_61777621_D6	2024-07-31 00:00:00	11109010182-1	Plate	6	2024-08-16 00:00:00	11109029784	F	27F	1189	B1.3 Box 4	Dilution_to_extinction	NR	NYO	2024	BHI	big	dry	NR	In_process			MASTER_2_FGS	22/11/2021	ovine	5	7059	medium microalgae oil	Adult	JDP762_61777621_D6.ab1	/Users/nicholas/Library/CloudStorage/OneDrive-SharedLibraries-Queen'sUniversityBelfast/RUMEN Gateway QUB-Scientific_Consortium - Documents/03_Partners_sequences/QUB/ab1_files/JDP762_61777621_D6.ab1	TRUE	PRESENT	338232	2024-08-16T09:05:54	UNAVAILABLE	"PermissionError: [Errno 1] Operation not permitted: ""/Users/nicholas/Library/CloudStorage/OneDrive-SharedLibraries-Queen'sUniversityBelfast/RUMEN Gateway QUB-Scientific_Consortium - Documents/03_Partners_sequences/QUB/ab1_files"""
304	MATCHED_SH_PRIMER_BP	155	sh_id,primer,base_pairs,used_bc	1	1			QUB	SH_0419	SH_ID	SH_0419	QUB_0633	QUB_27F_0633	27F	1189	329	Bacteria	RS_GCF_000011645.1	d__Bacteria;p__Bacillota;c__Bacilli;o__Bacillales;f__Bacillaceae;g__Bacillus;s__Bacillus licheniformis	99.4							1007	DB_01220	Rumen_Gateway	PhD_Ziming	missing_maldi	USED	SH_0419	NYO_033	>JDP762_D7	>JDP762_61777621_D7	2024-07-31 00:00:00	11109010182-1	Plate	7	2024-08-16 00:00:00	11109029784	F	27F	1189	B1.3 Box 4	Dilution_to_extinction	NR	NYO	2024	BHI	big	dry	NR	In_process			MASTER_2_FGS	22/11/2021	ovine	5	7059	medium microalgae oil	Adult	JDP762_61777621_D7.ab1	/Users/nicholas/Library/CloudStorage/OneDrive-SharedLibraries-Queen'sUniversityBelfast/RUMEN Gateway QUB-Scientific_Consortium - Documents/03_Partners_sequences/QUB/ab1_files/JDP762_61777621_D7.ab1	TRUE	PRESENT	340378	2024-08-16T09:05:54	UNAVAILABLE	"PermissionError: [Errno 1] Operation not permitted: ""/Users/nicholas/Library/CloudStorage/OneDrive-SharedLibraries-Queen'sUniversityBelfast/RUMEN Gateway QUB-Scientific_Consortium - Documents/03_Partners_sequences/QUB/ab1_files"""
305	MATCHED_SH_PRIMER_BP	155	sh_id,primer,base_pairs,used_bc	1	1			QUB	SH_0420	SH_ID	SH_0420	QUB_0635	QUB_27F_0635	27F	1205	330	Bacteria	RS_GCF_011387195.1	d__Bacteria;p__Bacillota;c__Bacilli;o__Lactobacillales;f__Streptococcaceae;g__Streptococcus;s__Streptococcus ruminicola	99							1008	DB_01226	Rumen_Gateway	PhD_Ziming	Dead	USED	SH_0420	NYO_034	>JDP762_E1	>JDP762_61777621_E1	2024-07-31 00:00:00	11109010182-1	Plate	1	2024-08-16 00:00:00	11109029784	F	27F	1205	Dead	Dilution_to_extinction	NR	NYO	2024	BHI	big	dry	NR	Dead			MASTER_2_FGS	22/11/2021	ovine	6	7105	low microalgae oil	Adult	JDP762_61777621_E1.ab1	/Users/nicholas/Library/CloudStorage/OneDrive-SharedLibraries-Queen'sUniversityBelfast/RUMEN Gateway QUB-Scientific_Consortium - Documents/03_Partners_sequences/QUB/ab1_files/JDP762_61777621_E1.ab1	TRUE	PRESENT	334884	2024-08-16T09:05:54	UNAVAILABLE	"PermissionError: [Errno 1] Operation not permitted: ""/Users/nicholas/Library/CloudStorage/OneDrive-SharedLibraries-Queen'sUniversityBelfast/RUMEN Gateway QUB-Scientific_Consortium - Documents/03_Partners_sequences/QUB/ab1_files"""
306	MATCHED_SH_PRIMER_BP	155	sh_id,primer,base_pairs,used_bc	1	1			QUB	SH_0420.1	SH_ID	SH_0420.1	QUB_0561	QUB_27F_0561	27F	1030	331	Bacteria	RS_GCF_040632975.1	d__Bacteria;p__Actinomycetota;c__Actinomycetes;o__Streptomycetales;f__Streptomycetaceae;g__Streptomyces;s__Streptomyces sp040632975	99							1009	DB_01138	Rumen_Gateway	PhD_Ziming	JP_CHECK	USED	SH_0420.1	NYO_034.1	>IWS820	>IWS820_59988206_59988206	19/04/2024	11108875297-1	Tube		04/09/2024	11109050478	F	27F	1030	B1.3 Box 4	Dilution_to_extinction	NR	NYO	2024	BHI	big	dry	NR	In_process			MASTER_2_FGS	22/11/2021	ovine	6	7105	low microalgae oil	Adult	IWS820_59988206_59988206.ab1	/Users/nicholas/Library/CloudStorage/OneDrive-SharedLibraries-Queen'sUniversityBelfast/RUMEN Gateway QUB-Scientific_Consortium - Documents/03_Partners_sequences/QUB/ab1_files/IWS820_59988206_59988206.ab1	TRUE	PRESENT	357164	2024-09-04T16:20:08	UNAVAILABLE	"PermissionError: [Errno 1] Operation not permitted: ""/Users/nicholas/Library/CloudStorage/OneDrive-SharedLibraries-Queen'sUniversityBelfast/RUMEN Gateway QUB-Scientific_Consortium - Documents/03_Partners_sequences/QUB/ab1_files"""
307	MATCHED_SH_PRIMER_BP	155	sh_id,primer,base_pairs,used_bc	1	1			QUB	SH_0420.2	SH_ID	SH_0420.2	QUB_0562	QUB_27F_0562	27F	1236	332	Bacteria	GB_GCA_032483415.1	d__Bacteria;p__Bacillota;c__Negativicutes;o__Veillonellales;f__Veillonellaceae;g__Veillonella;s__Veillonella sp032483415	99.6							1010	DB_01139	Rumen_Gateway	PhD_Ziming	JP_CHECK	USED	SH_0420.2	NYO_034.2	>IWS821	>IWS821_59988213_59988213	19/04/2024	11108875297-1	Tube		04/09/2024	11109050478	F	27F	1236	B1.3 Box 4	Dilution_to_extinction	NR	NYO	2024	BHI	big	dry	NR	In_process			MASTER_2_FGS	22/11/2021	ovine	6	7105	low microalgae oil	Adult	IWS821_59988213_59988213.ab1	/Users/nicholas/Library/CloudStorage/OneDrive-SharedLibraries-Queen'sUniversityBelfast/RUMEN Gateway QUB-Scientific_Consortium - Documents/03_Partners_sequences/QUB/ab1_files/IWS821_59988213_59988213.ab1	TRUE	PRESENT	338521	2024-09-04T16:20:08	UNAVAILABLE	"PermissionError: [Errno 1] Operation not permitted: ""/Users/nicholas/Library/CloudStorage/OneDrive-SharedLibraries-Queen'sUniversityBelfast/RUMEN Gateway QUB-Scientific_Consortium - Documents/03_Partners_sequences/QUB/ab1_files"""
308	MATCHED_SH_PRIMER_BP	155	sh_id,primer,base_pairs,used_bc	1	1			QUB	SH_0421	SH_ID	SH_0421	QUB_0638	QUB_27F_0638	27F	1193	333	Bacteria	RS_GCF_040632975.1	d__Bacteria;p__Actinomycetota;c__Actinomycetes;o__Streptomycetales;f__Streptomycetaceae;g__Streptomyces;s__Streptomyces sp040632975	99.6							1011	DB_01227	Rumen_Gateway	PhD_Ziming	missing_maldi	USED	SH_0421	NYO_035	>JDP762_E2	>JDP762_61777621_E2	2024-07-31 00:00:00	11109010182-1	Plate	2	2024-08-16 00:00:00	11109029784	F	27F	1193	B1.4 Box 1	Dilution_to_extinction	NR	NYO	2024	BHI	big	dry	NR	In_process			MASTER_2_FGS	22/11/2021	ovine	6	7105	low microalgae oil	Adult	JDP762_61777621_E2.ab1	/Users/nicholas/Library/CloudStorage/OneDrive-SharedLibraries-Queen'sUniversityBelfast/RUMEN Gateway QUB-Scientific_Consortium - Documents/03_Partners_sequences/QUB/ab1_files/JDP762_61777621_E2.ab1	TRUE	PRESENT	338210	2024-08-16T09:05:54	UNAVAILABLE	"PermissionError: [Errno 1] Operation not permitted: ""/Users/nicholas/Library/CloudStorage/OneDrive-SharedLibraries-Queen'sUniversityBelfast/RUMEN Gateway QUB-Scientific_Consortium - Documents/03_Partners_sequences/QUB/ab1_files"""
309	MATCHED_SH_PRIMER_BP	155	sh_id,primer,base_pairs,used_bc	3	1		row=1013|db=DB_01382|short=JDP767|fasta=|primer=27F|bp=|score=130|reasons=sh_id,primer,used_bc; row=1014|db=DB_01383|short=JDP768|fasta=|primer=27F|bp=|score=130|reasons=sh_id,primer,used_bc	QUB	SH_0422	SH_ID	SH_0422	QUB_0566	QUB_27F_0566	27F	1180	334	Bacteria	GB_GCA_032483415.1	d__Bacteria;p__Bacillota;c__Negativicutes;o__Veillonellales;f__Veillonellaceae;g__Veillonella;s__Veillonella sp032483415	99.7				MWL11			1012	DB_01143	Rumen_Gateway	PhD_Ziming	JP_CHECK	USED	SH_0422	NYO_036	>IWS825	>IWS825_59988251_59988251	19/04/2024	11108875297-1	Tube		06/09/2024	11109053815	F	27F	1180	B1.4 Box 1	Dilution_to_extinction	NR	NYO	2024	NR	NR	NR	NR	Unknown			MASTER_2_FGS	22/11/2021	ovine	NR	NR	NR	Adult	IWS825_59988251_59988251.ab1	/Users/nicholas/Library/CloudStorage/OneDrive-SharedLibraries-Queen'sUniversityBelfast/RUMEN Gateway QUB-Scientific_Consortium - Documents/03_Partners_sequences/QUB/ab1_files/IWS825_59988251_59988251.ab1	TRUE	PRESENT	343688	2024-09-09T05:52:20	UNAVAILABLE	"PermissionError: [Errno 1] Operation not permitted: ""/Users/nicholas/Library/CloudStorage/OneDrive-SharedLibraries-Queen'sUniversityBelfast/RUMEN Gateway QUB-Scientific_Consortium - Documents/03_Partners_sequences/QUB/ab1_files"""
310	MATCHED_SH_PRIMER_BP	155	sh_id,primer,base_pairs,used_bc	1	1			QUB	SH_0423	SH_ID	SH_0423	QUB_0639	QUB_27F_0639	27F	1184	335	Bacteria	RS_GCF_011387195.1	d__Bacteria;p__Bacillota;c__Bacilli;o__Lactobacillales;f__Streptococcaceae;g__Streptococcus;s__Streptococcus ruminicola	99.5							1015	DB_01228	Rumen_Gateway	PhD_Ziming	missing_maldi	USED	SH_0423	NYO_037	>JDP762_E3	>JDP762_61777621_E3	2024-07-31 00:00:00	11109010182-1	Plate	3	2024-08-16 00:00:00	11109029784	F	27F	1184	B1.4 Box 1	Dilution_to_extinction	NR	NYO	2024	BHI	tiny	white	NR	In_process			MASTER_2_FGS	22/11/2021	ovine	6	7105	low microalgae oil	Adult	JDP762_61777621_E3.ab1	/Users/nicholas/Library/CloudStorage/OneDrive-SharedLibraries-Queen'sUniversityBelfast/RUMEN Gateway QUB-Scientific_Consortium - Documents/03_Partners_sequences/QUB/ab1_files/JDP762_61777621_E3.ab1	TRUE	PRESENT	341964	2024-08-16T09:05:54	UNAVAILABLE	"PermissionError: [Errno 1] Operation not permitted: ""/Users/nicholas/Library/CloudStorage/OneDrive-SharedLibraries-Queen'sUniversityBelfast/RUMEN Gateway QUB-Scientific_Consortium - Documents/03_Partners_sequences/QUB/ab1_files"""
311	MATCHED_SH_PRIMER_BP	155	sh_id,primer,base_pairs,used_bc	1	1			QUB	SH_0424	SH_ID	SH_0424	QUB_0640	QUB_27F_0640	27F	1220	336	Bacteria	RS_GCF_900205965.1	d__Bacteria;p__Bacillota;c__Clostridia;o__Lachnospirales;f__Lachnospiraceae;g__Lacrimispora;s__Lacrimispora amygdalina_A	99.7				MWL6			1016	DB_01229	Rumen_Gateway	PhD_Ziming	missing_maldi	USED	SH_0424	NYO_038	>JDP762_E4	>JDP762_61777621_E4	2024-07-31 00:00:00	11109010182-1	Plate	4	2024-08-16 00:00:00	11109029784	F	27F	1220	B1.4 Box 1	Dilution_to_extinction	NR	NYO	2024	BHI	small	white center	NR	In_process			MASTER_2_FGS	22/11/2021	ovine	5	7059	medium microalgae oil	Adult	JDP762_61777621_E4.ab1	/Users/nicholas/Library/CloudStorage/OneDrive-SharedLibraries-Queen'sUniversityBelfast/RUMEN Gateway QUB-Scientific_Consortium - Documents/03_Partners_sequences/QUB/ab1_files/JDP762_61777621_E4.ab1	TRUE	PRESENT	342811	2024-08-16T09:05:54	UNAVAILABLE	"PermissionError: [Errno 1] Operation not permitted: ""/Users/nicholas/Library/CloudStorage/OneDrive-SharedLibraries-Queen'sUniversityBelfast/RUMEN Gateway QUB-Scientific_Consortium - Documents/03_Partners_sequences/QUB/ab1_files"""
312	MATCHED_SH_PRIMER_BP	155	sh_id,primer,base_pairs,used_bc	3	1		row=1018|db=DB_01498|short=JDP761_B9|fasta=|primer=27F|bp=|score=130|reasons=sh_id,primer,used_bc; row=1019|db=DB_01499|short=JDP761_B10|fasta=|primer=1492R|bp=|score=105|reasons=sh_id,used_bc	QUB	SH_0425	SH_ID	SH_0425	QUB_0641	QUB_27F_0641	27F	1192	337	Bacteria	RS_GCF_002266425.1	d__Bacteria;p__Bacillota;c__Clostridia;o__Tissierellales;f__Tissierellaceae;g__Tissierella;s__Tissierella carlieri	99.5							1017	DB_01230	Rumen_Gateway	PhD_Ziming	missing_maldi	USED	SH_0425	NYO_039	>JDP762_E5	>JDP762_61777621_E5	2024-07-31 00:00:00	11109010182-1	Plate	5	2024-08-16 00:00:00	11109029784	F	27F	1192	B1.4 Box 1	Dilution_to_extinction	NR	NYO	2024	BHI	small	white center	NR	Unknown			MASTER_2_FGS	22/11/2021	ovine	5	7059	medium microalgae oil	Adult	JDP762_61777621_E5.ab1	/Users/nicholas/Library/CloudStorage/OneDrive-SharedLibraries-Queen'sUniversityBelfast/RUMEN Gateway QUB-Scientific_Consortium - Documents/03_Partners_sequences/QUB/ab1_files/JDP762_61777621_E5.ab1	TRUE	PRESENT	345330	2024-08-16T09:05:54	UNAVAILABLE	"PermissionError: [Errno 1] Operation not permitted: ""/Users/nicholas/Library/CloudStorage/OneDrive-SharedLibraries-Queen'sUniversityBelfast/RUMEN Gateway QUB-Scientific_Consortium - Documents/03_Partners_sequences/QUB/ab1_files"""
313	MATCHED_SH_PRIMER_BP	155	sh_id,primer,base_pairs,used_bc	1	1			QUB	SH_0426	SH_ID	SH_0426	QUB_0527	QUB_27F_0527	27F	1241	338	Bacteria	RS_GCF_000511955.1	d__Bacteria;p__Bacillota;c__Clostridia;o__Tissierellales;f__Tepidimicrobiaceae;g__Schnuerera;s__Schnuerera ultunensis	94.3							1020	DB_01090	Rumen_Gateway	PhD_Ziming	missing_maldi	USED	SH_0426	NYO_040	>IWS772	>IWS772_59987728_59987728	19/04/2024	11108875297-1	Tube		31/07/2024	11109010505	F	27F	1241	B1.4 Box 1	Dilution_to_extinction	NR	NYO	2024	BHI	medium	transparent	NR	Unknown			MASTER_2_FGS	22/11/2021	ovine	1	7220	high microalgae oil	Adult	IWS772_59987728_59987728.ab1	/Users/nicholas/Library/CloudStorage/OneDrive-SharedLibraries-Queen'sUniversityBelfast/RUMEN Gateway QUB-Scientific_Consortium - Documents/03_Partners_sequences/QUB/ab1_files/IWS772_59987728_59987728.ab1	TRUE	PRESENT	371753	2024-07-31T13:04:16	UNAVAILABLE	"PermissionError: [Errno 1] Operation not permitted: ""/Users/nicholas/Library/CloudStorage/OneDrive-SharedLibraries-Queen'sUniversityBelfast/RUMEN Gateway QUB-Scientific_Consortium - Documents/03_Partners_sequences/QUB/ab1_files"""
314	MATCHED_SH_PRIMER_BP	155	sh_id,primer,base_pairs,used_bc	4	1		row=1022|db=DB_01500|short=JDP761_B11|fasta=|primer=27F|bp=|score=130|reasons=sh_id,primer,used_bc; row=1024|db=DB_01721|short=JTQ775|fasta=JTQ775_65947754_65947754|primer=27F|bp=468|score=130|reasons=sh_id,primer,used_bc; row=1023|db=DB_01501|short=JDP761_B12|fasta=|primer=1492R|bp=|score=105|reasons=sh_id,used_bc	QUB	SH_0427	SH_ID	SH_0427	QUB_0642	QUB_27F_0642	27F	1193	339	Bacteria	RS_GCF_034718895.1	d__Bacteria;p__Bacillota;c__Bacilli;o__Paenibacillales;f__Paenibacillaceae;g__Fontibacillus;s__Fontibacillus phoenicis	98.1							1021	DB_01231	Rumen_Gateway	PhD_Ziming	missing_maldi	USED	SH_0427	NYO_041	>JDP762_E6	>JDP762_61777621_E6	2024-07-31 00:00:00	11109010182-1	Plate	6	2024-08-16 00:00:00	11109029784	F	27F	1193	B1.4 Box 1	Dilution_to_extinction	NR	NYO	2024	BHI	medium	dry	NR	Paenibacillus			MASTER_2_FGS	22/11/2021	ovine	3	6977	no microalgae oil	Adult	JDP762_61777621_E6.ab1	/Users/nicholas/Library/CloudStorage/OneDrive-SharedLibraries-Queen'sUniversityBelfast/RUMEN Gateway QUB-Scientific_Consortium - Documents/03_Partners_sequences/QUB/ab1_files/JDP762_61777621_E6.ab1	TRUE	PRESENT	344743	2024-08-16T09:05:54	UNAVAILABLE	"PermissionError: [Errno 1] Operation not permitted: ""/Users/nicholas/Library/CloudStorage/OneDrive-SharedLibraries-Queen'sUniversityBelfast/RUMEN Gateway QUB-Scientific_Consortium - Documents/03_Partners_sequences/QUB/ab1_files"""
315	MATCHED_SH_PRIMER_BP	155	sh_id,primer,base_pairs,used_bc	1	1			QUB	SH_0428	SH_ID	SH_0428	QUB_0643	QUB_27F_0643	27F	943	340	Bacteria	RS_GCF_034718895.1	d__Bacteria;p__Bacillota;c__Bacilli;o__Paenibacillales;f__Paenibacillaceae;g__Fontibacillus;s__Fontibacillus phoenicis	96.8							1025	DB_01232	Rumen_Gateway	PhD_Ziming	missing_maldi	USED	SH_0428	NYO_042	>JDP762_E7	>JDP762_61777621_E7	2024-07-31 00:00:00	11109010182-1	Plate	7	2024-08-16 00:00:00	11109029784	F	27F	943	B1.4 Box 1	Dilution_to_extinction	NR	NYO	2024	BHI	big	dry	NR	In_process			MASTER_2_FGS	22/11/2021	ovine	3	6977	no microalgae oil	Adult	JDP762_61777621_E7.ab1	/Users/nicholas/Library/CloudStorage/OneDrive-SharedLibraries-Queen'sUniversityBelfast/RUMEN Gateway QUB-Scientific_Consortium - Documents/03_Partners_sequences/QUB/ab1_files/JDP762_61777621_E7.ab1	TRUE	PRESENT	342005	2024-08-16T09:05:54	UNAVAILABLE	"PermissionError: [Errno 1] Operation not permitted: ""/Users/nicholas/Library/CloudStorage/OneDrive-SharedLibraries-Queen'sUniversityBelfast/RUMEN Gateway QUB-Scientific_Consortium - Documents/03_Partners_sequences/QUB/ab1_files"""
316	MATCHED_SH_PRIMER_BP	155	sh_id,primer,base_pairs,used_bc	3	1		row=1027|db=DB_01502|short=JDP761_C1|fasta=|primer=27F|bp=|score=130|reasons=sh_id,primer,used_bc; row=1028|db=DB_01503|short=JDP761_C2|fasta=|primer=1492R|bp=|score=105|reasons=sh_id,used_bc	QUB	SH_0429	SH_ID	SH_0429	QUB_0644	QUB_27F_0644	27F	1205	341	Bacteria	GB_GCA_032483415.1	d__Bacteria;p__Bacillota;c__Negativicutes;o__Veillonellales;f__Veillonellaceae;g__Veillonella;s__Veillonella sp032483415	98.5							1026	DB_01238	Rumen_Gateway	PhD_Ziming	missing_maldi	USED	SH_0429	NYO_043	>JDP762_F1	>JDP762_61777621_F1	2024-07-31 00:00:00	11109010182-1	Plate	1	2024-08-16 00:00:00	11109029784	F	27F	1205	B1.4 Box 1	Dilution_to_extinction	NR	NYO	2024	BHI	small	dry	NR	In_process			MASTER_2_FGS	22/11/2021	ovine	4	7093	no microalgae oil	Adult	JDP762_61777621_F1.ab1	/Users/nicholas/Library/CloudStorage/OneDrive-SharedLibraries-Queen'sUniversityBelfast/RUMEN Gateway QUB-Scientific_Consortium - Documents/03_Partners_sequences/QUB/ab1_files/JDP762_61777621_F1.ab1	TRUE	PRESENT	335534	2024-08-16T09:05:54	UNAVAILABLE	"PermissionError: [Errno 1] Operation not permitted: ""/Users/nicholas/Library/CloudStorage/OneDrive-SharedLibraries-Queen'sUniversityBelfast/RUMEN Gateway QUB-Scientific_Consortium - Documents/03_Partners_sequences/QUB/ab1_files"""
317	MATCHED_SH_PRIMER_BP	155	sh_id,primer,base_pairs,used_bc	1	1			QUB	SH_0430	SH_ID	SH_0430	QUB_0528	QUB_27F_0528	27F	1182	342	Bacteria	RS_GCF_018916875.1	d__Bacteria;p__Bacillota;c__Bacilli;o__Bacillales_D;f__Amphibacillaceae;g__Virgibacillus;s__Virgibacillus proomii_B	99.5							1029	DB_01091	Rumen_Gateway	PhD_Ziming	missing_maldi	USED	SH_0430	NYO_044	>IWS773	>IWS773_59987735_59987735	19/04/2024	11108875297-1	Tube		31/07/2024	11109010505	F	27F	1182	B1.4 Box 1	Dilution_to_extinction	NR	NYO	2024	BHI	medium	white	NR	In_process			MASTER_2_FGS	22/11/2021	ovine	4	7093	no microalgae oil	Adult	IWS773_59987735_59987735.ab1	/Users/nicholas/Library/CloudStorage/OneDrive-SharedLibraries-Queen'sUniversityBelfast/RUMEN Gateway QUB-Scientific_Consortium - Documents/03_Partners_sequences/QUB/ab1_files/IWS773_59987735_59987735.ab1	TRUE	PRESENT	368799	2024-07-31T13:04:16	UNAVAILABLE	"PermissionError: [Errno 1] Operation not permitted: ""/Users/nicholas/Library/CloudStorage/OneDrive-SharedLibraries-Queen'sUniversityBelfast/RUMEN Gateway QUB-Scientific_Consortium - Documents/03_Partners_sequences/QUB/ab1_files"""
318	MATCHED_SH_PRIMER_BP	155	sh_id,primer,base_pairs,used_bc	1	1			QUB	SH_0431	SH_ID	SH_0431	QUB_0647	QUB_27F_0647	27F	1191	343	Bacteria	RS_GCF_011387195.1	d__Bacteria;p__Bacillota;c__Bacilli;o__Lactobacillales;f__Streptococcaceae;g__Streptococcus;s__Streptococcus ruminicola	99.5							1031	DB_01239	Rumen_Gateway	PhD_Ziming	missing_maldi	USED	SH_0431	NYO_045	>JDP762_F2	>JDP762_61777621_F2	2024-07-31 00:00:00	11109010182-1	Plate	2	2024-08-16 00:00:00	11109029784	F	27F	1191	B1.4 Box 1	Dilution_to_extinction	NR	NYO	2024	BHI	big	dry	NR	In_process			MASTER_2_FGS	22/11/2021	ovine	6	7105	low microalgae oil	Adult	JDP762_61777621_F2.ab1	/Users/nicholas/Library/CloudStorage/OneDrive-SharedLibraries-Queen'sUniversityBelfast/RUMEN Gateway QUB-Scientific_Consortium - Documents/03_Partners_sequences/QUB/ab1_files/JDP762_61777621_F2.ab1	TRUE	PRESENT	337881	2024-08-16T09:05:54	UNAVAILABLE	"PermissionError: [Errno 1] Operation not permitted: ""/Users/nicholas/Library/CloudStorage/OneDrive-SharedLibraries-Queen'sUniversityBelfast/RUMEN Gateway QUB-Scientific_Consortium - Documents/03_Partners_sequences/QUB/ab1_files"""
319	MATCHED_SH_PRIMER_BP	155	sh_id,primer,base_pairs,used_bc	1	1			QUB	SH_0432	SH_ID	SH_0432	QUB_0648	QUB_27F_0648	27F	1185	344	Bacteria	RS_GCF_000011645.1	d__Bacteria;p__Bacillota;c__Bacilli;o__Bacillales;f__Bacillaceae;g__Bacillus;s__Bacillus licheniformis	98.8							1032	DB_01240	Rumen_Gateway	PhD_Ziming	missing_maldi	USED	SH_0432	NYO_046	>JDP762_F3	>JDP762_61777621_F3	2024-07-31 00:00:00	11109010182-1	Plate	3	2024-08-16 00:00:00	11109029784	F	27F	1185	B1.4 Box 1	Dilution_to_extinction	NR	NYO	2024	BHI	medium	white	NR	In_process			MASTER_2_FGS	22/11/2021	ovine	6	7105	low microalgae oil	Adult	JDP762_61777621_F3.ab1	/Users/nicholas/Library/CloudStorage/OneDrive-SharedLibraries-Queen'sUniversityBelfast/RUMEN Gateway QUB-Scientific_Consortium - Documents/03_Partners_sequences/QUB/ab1_files/JDP762_61777621_F3.ab1	TRUE	PRESENT	338452	2024-08-16T09:05:54	UNAVAILABLE	"PermissionError: [Errno 1] Operation not permitted: ""/Users/nicholas/Library/CloudStorage/OneDrive-SharedLibraries-Queen'sUniversityBelfast/RUMEN Gateway QUB-Scientific_Consortium - Documents/03_Partners_sequences/QUB/ab1_files"""
320	MATCHED_SH_PRIMER_BP	155	sh_id,primer,base_pairs,used_bc	1	1			QUB	SH_0433	SH_ID	SH_0433	QUB_0649	QUB_27F_0649	27F	1202	345	Bacteria	RS_GCF_011387195.1	d__Bacteria;p__Bacillota;c__Bacilli;o__Lactobacillales;f__Streptococcaceae;g__Streptococcus;s__Streptococcus ruminicola	99.5							1057	DB_01241	Rumen_Gateway	PhD_Ziming	missing_maldi	USED	SH_0433	NYO_047	>JDP762_F4	>JDP762_61777621_F4	2024-07-31 00:00:00	11109010182-1	Plate	4	2024-08-16 00:00:00	11109029784	F	27F	1202	B1.4 Box 1	Dilution_to_extinction	NR	NYO	2024	BHI	medium	dry	NR	In_process			MASTER_2_FGS	22/11/2021	ovine	5	7059	medium microalgae oil	Adult	JDP762_61777621_F4.ab1	/Users/nicholas/Library/CloudStorage/OneDrive-SharedLibraries-Queen'sUniversityBelfast/RUMEN Gateway QUB-Scientific_Consortium - Documents/03_Partners_sequences/QUB/ab1_files/JDP762_61777621_F4.ab1	TRUE	PRESENT	341914	2024-08-16T09:05:54	UNAVAILABLE	"PermissionError: [Errno 1] Operation not permitted: ""/Users/nicholas/Library/CloudStorage/OneDrive-SharedLibraries-Queen'sUniversityBelfast/RUMEN Gateway QUB-Scientific_Consortium - Documents/03_Partners_sequences/QUB/ab1_files"""
321	MATCHED_SH_PRIMER_BP	155	sh_id,primer,base_pairs,used_bc	1	1			QUB	SH_0434	SH_ID	SH_0434	QUB_0650	QUB_27F_0650	27F	1192	346	Bacteria	RS_GCF_040632975.1	d__Bacteria;p__Actinomycetota;c__Actinomycetes;o__Streptomycetales;f__Streptomycetaceae;g__Streptomyces;s__Streptomyces sp040632975	99.6							1060	DB_01242	Rumen_Gateway	PhD_Ziming	missing_maldi	USED	SH_0434	NYO_048	>JDP762_F5	>JDP762_61777621_F5	2024-07-31 00:00:00	11109010182-1	Plate	5	2024-08-16 00:00:00	11109029784	F	27F	1192	B1.4 Box 1	Dilution_to_extinction	NR	NYO	2024	BHI	medium	white	NR	In_process			MASTER_2_FGS	22/11/2021	ovine	6	7105	low microalgae oil	Adult	JDP762_61777621_F5.ab1	/Users/nicholas/Library/CloudStorage/OneDrive-SharedLibraries-Queen'sUniversityBelfast/RUMEN Gateway QUB-Scientific_Consortium - Documents/03_Partners_sequences/QUB/ab1_files/JDP762_61777621_F5.ab1	TRUE	PRESENT	340125	2024-08-16T09:05:54	UNAVAILABLE	"PermissionError: [Errno 1] Operation not permitted: ""/Users/nicholas/Library/CloudStorage/OneDrive-SharedLibraries-Queen'sUniversityBelfast/RUMEN Gateway QUB-Scientific_Consortium - Documents/03_Partners_sequences/QUB/ab1_files"""
322	MATCHED_SH_PRIMER_BP	155	sh_id,primer,base_pairs,used_bc	1	1			QUB	SH_0435	SH_ID	SH_0435	QUB_0651	QUB_27F_0651	27F	1192	347	Bacteria	RS_GCF_000011645.1	d__Bacteria;p__Bacillota;c__Bacilli;o__Bacillales;f__Bacillaceae;g__Bacillus;s__Bacillus licheniformis	99.1							1061	DB_01243	Rumen_Gateway	PhD_Ziming	missing_maldi	USED	SH_0435	NYO_049	>JDP762_F6	>JDP762_61777621_F6	2024-07-31 00:00:00	11109010182-1	Plate	6	2024-08-16 00:00:00	11109029784	F	27F	1192	B1.4 Box 1	Dilution_to_extinction	NR	NYO	2024	BHI	medium	white	NR	In_process			MASTER_2_FGS	22/11/2021	ovine	4	7093	no microalgae oil	Adult	JDP762_61777621_F6.ab1	/Users/nicholas/Library/CloudStorage/OneDrive-SharedLibraries-Queen'sUniversityBelfast/RUMEN Gateway QUB-Scientific_Consortium - Documents/03_Partners_sequences/QUB/ab1_files/JDP762_61777621_F6.ab1	TRUE	PRESENT	340656	2024-08-16T09:05:54	UNAVAILABLE	"PermissionError: [Errno 1] Operation not permitted: ""/Users/nicholas/Library/CloudStorage/OneDrive-SharedLibraries-Queen'sUniversityBelfast/RUMEN Gateway QUB-Scientific_Consortium - Documents/03_Partners_sequences/QUB/ab1_files"""
323	MATCHED_SH_PRIMER_BP	155	sh_id,primer,base_pairs,used_bc	5	1		row=1063|db=DB_01652|short=JTQ706|fasta=JTQ706_65947068_65947068|primer=27F|bp=1221|score=130|reasons=sh_id,primer,used_bc; row=1065|db=DB_01761|short=KCX879|fasta=KCX879_68358793_68358793|primer=27F|bp=1249|score=130|reasons=sh_id,primer,used_bc; row=1064|db=DB_01653|short=JTQ707|fasta=JTQ707_65947075_65947075|primer=1492R|bp=1154|score=105|reasons=sh_id,used_bc; row=1066|db=DB_01762|short=KCX880|fasta=KCX880_68358809_68358809|primer=1492R|bp=1256|score=105|reasons=sh_id,used_bc	QUB	SH_0436	SH_ID	SH_0436	QUB_0529	QUB_27F_0529	27F	1196	348	Bacteria	RS_GCF_011387195.1	d__Bacteria;p__Bacillota;c__Bacilli;o__Lactobacillales;f__Streptococcaceae;g__Streptococcus;s__Streptococcus ruminicola	98.8							1062	DB_01092	Rumen_Gateway	PhD_Ziming	missing_maldi	USED	SH_0436	NYO_050	>IWS774	>IWS774_59987742_59987742	19/04/2024	11108875297-1	Tube		31/07/2024	11109010505	F	27F	1196	B1.4 Box 2	Dilution_to_extinction	NR	NYO	2024	BHI	medium	dry	NR	SH_82			MASTER_2_FGS	22/11/2021	ovine	4	7093	no microalgae oil	Adult	IWS774_59987742_59987742.ab1	/Users/nicholas/Library/CloudStorage/OneDrive-SharedLibraries-Queen'sUniversityBelfast/RUMEN Gateway QUB-Scientific_Consortium - Documents/03_Partners_sequences/QUB/ab1_files/IWS774_59987742_59987742.ab1	TRUE	PRESENT	373418	2024-07-31T13:04:16	UNAVAILABLE	"PermissionError: [Errno 1] Operation not permitted: ""/Users/nicholas/Library/CloudStorage/OneDrive-SharedLibraries-Queen'sUniversityBelfast/RUMEN Gateway QUB-Scientific_Consortium - Documents/03_Partners_sequences/QUB/ab1_files"""
324	MATCHED_SH_PRIMER_BP	155	sh_id,primer,base_pairs,used_bc	1	1			QUB	SH_0437	SH_ID	SH_0437	QUB_0652	QUB_27F_0652	27F	1178	349	Bacteria	RS_GCF_011387195.1	d__Bacteria;p__Bacillota;c__Bacilli;o__Lactobacillales;f__Streptococcaceae;g__Streptococcus;s__Streptococcus ruminicola	99.4							1067	DB_01244	Rumen_Gateway	PhD_Ziming	missing_maldi	USED	SH_0437	NYO_051	>JDP762_F7	>JDP762_61777621_F7	2024-07-31 00:00:00	11109010182-1	Plate	7	2024-08-16 00:00:00	11109029784	F	27F	1178	B1.4 Box 2	Dilution_to_extinction	NR	NYO	2024	BHI	big	dry	NR	In_process			MASTER_2_FGS	22/11/2021	ovine	1	7220	high microalgae oil	Adult	JDP762_61777621_F7.ab1	/Users/nicholas/Library/CloudStorage/OneDrive-SharedLibraries-Queen'sUniversityBelfast/RUMEN Gateway QUB-Scientific_Consortium - Documents/03_Partners_sequences/QUB/ab1_files/JDP762_61777621_F7.ab1	TRUE	PRESENT	338270	2024-08-16T09:05:54	UNAVAILABLE	"PermissionError: [Errno 1] Operation not permitted: ""/Users/nicholas/Library/CloudStorage/OneDrive-SharedLibraries-Queen'sUniversityBelfast/RUMEN Gateway QUB-Scientific_Consortium - Documents/03_Partners_sequences/QUB/ab1_files"""
325	MATCHED_SH_PRIMER_BP	155	sh_id,primer,base_pairs,used_bc	1	1			QUB	SH_0438	SH_ID	SH_0438	QUB_0654	QUB_27F_0654	27F	1190	350	Bacteria	GB_GCA_963635625.1	d__Bacteria;p__Bacteroidota;c__Bacteroidia;o__Bacteroidales;f__UBA932;g__Cryptobacteroides;s__Cryptobacteroides sp963635625	96.7							1068	DB_01250	Rumen_Gateway	PhD_Ziming	missing_maldi	USED	SH_0438	NYO_052	>JDP762_G1	>JDP762_61777621_G1	2024-07-31 00:00:00	11109010182-1	Plate	1	2024-08-16 00:00:00	11109029784	F	27F	1190	B1.4 Box 2	Dilution_to_extinction	NR	NYO	2024	BHI	big	dry	NR	In_process			MASTER_2_FGS	22/11/2021	ovine	4	7093	no microalgae oil	Adult	JDP762_61777621_G1.ab1	/Users/nicholas/Library/CloudStorage/OneDrive-SharedLibraries-Queen'sUniversityBelfast/RUMEN Gateway QUB-Scientific_Consortium - Documents/03_Partners_sequences/QUB/ab1_files/JDP762_61777621_G1.ab1	TRUE	PRESENT	331521	2024-08-16T09:05:54	UNAVAILABLE	"PermissionError: [Errno 1] Operation not permitted: ""/Users/nicholas/Library/CloudStorage/OneDrive-SharedLibraries-Queen'sUniversityBelfast/RUMEN Gateway QUB-Scientific_Consortium - Documents/03_Partners_sequences/QUB/ab1_files"""
326	MATCHED_SH_PRIMER_BP	155	sh_id,primer,base_pairs,used_bc	1	1			QUB	SH_0439	SH_ID	SH_0439	QUB_0655	QUB_27F_0655	27F	1172	351	Bacteria	RS_GCF_000011645.1	d__Bacteria;p__Bacillota;c__Bacilli;o__Bacillales;f__Bacillaceae;g__Bacillus;s__Bacillus licheniformis	99.3							1069	DB_01251	Rumen_Gateway	PhD_Ziming	missing_maldi	USED	SH_0439	NYO_053	>JDP762_G2	>JDP762_61777621_G2	2024-07-31 00:00:00	11109010182-1	Plate	2	2024-08-16 00:00:00	11109029784	F	27F	1172	B1.4 Box 2	Dilution_to_extinction	NR	NYO	2024	BHI	tiny	transparent	NR	In_process			MASTER_2_FGS	22/11/2021	ovine	6	7105	low microalgae oil	Adult	JDP762_61777621_G2.ab1	/Users/nicholas/Library/CloudStorage/OneDrive-SharedLibraries-Queen'sUniversityBelfast/RUMEN Gateway QUB-Scientific_Consortium - Documents/03_Partners_sequences/QUB/ab1_files/JDP762_61777621_G2.ab1	TRUE	PRESENT	335109	2024-08-16T09:05:54	UNAVAILABLE	"PermissionError: [Errno 1] Operation not permitted: ""/Users/nicholas/Library/CloudStorage/OneDrive-SharedLibraries-Queen'sUniversityBelfast/RUMEN Gateway QUB-Scientific_Consortium - Documents/03_Partners_sequences/QUB/ab1_files"""
327	MATCHED_SH_PRIMER_BP	155	sh_id,primer,base_pairs,used_bc	1	1			QUB	SH_0440	SH_ID	SH_0440	QUB_0656	QUB_27F_0656	27F	1189	352	Bacteria	RS_GCF_011387195.1	d__Bacteria;p__Bacillota;c__Bacilli;o__Lactobacillales;f__Streptococcaceae;g__Streptococcus;s__Streptococcus ruminicola	99.4							1070	DB_01252	Rumen_Gateway	PhD_Ziming	missing_maldi	USED	SH_0440	NYO_054	>JDP762_G3	>JDP762_61777621_G3	2024-07-31 00:00:00	11109010182-1	Plate	3	2024-08-16 00:00:00	11109029784	F	27F	1189	B1.4 Box 2	Dilution_to_extinction	NR	NYO	2024	BHI	medium	white	NR	In_process			MASTER_2_FGS	22/11/2021	ovine	6	7105	low microalgae oil	Adult	JDP762_61777621_G3.ab1	/Users/nicholas/Library/CloudStorage/OneDrive-SharedLibraries-Queen'sUniversityBelfast/RUMEN Gateway QUB-Scientific_Consortium - Documents/03_Partners_sequences/QUB/ab1_files/JDP762_61777621_G3.ab1	TRUE	PRESENT	335610	2024-08-16T09:05:54	UNAVAILABLE	"PermissionError: [Errno 1] Operation not permitted: ""/Users/nicholas/Library/CloudStorage/OneDrive-SharedLibraries-Queen'sUniversityBelfast/RUMEN Gateway QUB-Scientific_Consortium - Documents/03_Partners_sequences/QUB/ab1_files"""
328	MATCHED_SH_PRIMER_BP	155	sh_id,primer,base_pairs,used_bc	1	1			QUB	SH_0441	SH_ID	SH_0441	QUB_0657	QUB_27F_0657	27F	1191	353	Bacteria	RS_GCF_011387195.1	d__Bacteria;p__Bacillota;c__Bacilli;o__Lactobacillales;f__Streptococcaceae;g__Streptococcus;s__Streptococcus ruminicola	99.2							1071	DB_01253	Rumen_Gateway	PhD_Ziming	missing_maldi	USED	SH_0441	NYO_055	>JDP762_G4	>JDP762_61777621_G4	2024-07-31 00:00:00	11109010182-1	Plate	4	2024-08-16 00:00:00	11109029784	F	27F	1191	B1.4 Box 2	Dilution_to_extinction	NR	NYO	2024	BHI	medium	white	NR	In_process			MASTER_2_FGS	22/11/2021	ovine	4	7093	no microalgae oil	Adult	JDP762_61777621_G4.ab1	/Users/nicholas/Library/CloudStorage/OneDrive-SharedLibraries-Queen'sUniversityBelfast/RUMEN Gateway QUB-Scientific_Consortium - Documents/03_Partners_sequences/QUB/ab1_files/JDP762_61777621_G4.ab1	TRUE	PRESENT	338357	2024-08-16T09:05:54	UNAVAILABLE	"PermissionError: [Errno 1] Operation not permitted: ""/Users/nicholas/Library/CloudStorage/OneDrive-SharedLibraries-Queen'sUniversityBelfast/RUMEN Gateway QUB-Scientific_Consortium - Documents/03_Partners_sequences/QUB/ab1_files"""
329	MATCHED_SH_PRIMER_BP	155	sh_id,primer,base_pairs,used_bc	1	1			QUB	SH_0443	SH_ID	SH_0443	QUB_0658	QUB_27F_0658	27F	1203	354	Bacteria	RS_GCF_900218035.1	d__Bacteria;p__Bacillota;c__Clostridia;o__Lachnospirales;f__Lachnospiraceae;g__Pseudobutyrivibrio;s__Pseudobutyrivibrio ruminis	96.9							1073	DB_01254	Rumen_Gateway	PhD_Ziming	missing_maldi	USED	SH_0443	NYO_057	>JDP762_G5	>JDP762_61777621_G5	2024-07-31 00:00:00	11109010182-1	Plate	5	2024-08-16 00:00:00	11109029784	F	27F	1203	B1.4 Box 2	Dilution_to_extinction	NR	NYO	2024	BHI	medium	dry	NR	In_process			MASTER_2_FGS	22/11/2021	ovine	5	7059	medium microalgae oil	Adult	JDP762_61777621_G5.ab1	/Users/nicholas/Library/CloudStorage/OneDrive-SharedLibraries-Queen'sUniversityBelfast/RUMEN Gateway QUB-Scientific_Consortium - Documents/03_Partners_sequences/QUB/ab1_files/JDP762_61777621_G5.ab1	TRUE	PRESENT	337768	2024-08-16T09:05:54	UNAVAILABLE	"PermissionError: [Errno 1] Operation not permitted: ""/Users/nicholas/Library/CloudStorage/OneDrive-SharedLibraries-Queen'sUniversityBelfast/RUMEN Gateway QUB-Scientific_Consortium - Documents/03_Partners_sequences/QUB/ab1_files"""
330	MATCHED_SH_PRIMER_BP	155	sh_id,primer,base_pairs,used_bc	1	1			QUB	SH_0444	SH_ID	SH_0444	QUB_0659	QUB_27F_0659	27F	1184	355	Bacteria	RS_GCF_040632975.1	d__Bacteria;p__Actinomycetota;c__Actinomycetes;o__Streptomycetales;f__Streptomycetaceae;g__Streptomyces;s__Streptomyces sp040632975	99.7							1074	DB_01255	Rumen_Gateway	PhD_Ziming	missing_maldi	USED	SH_0444	NYO_058	>JDP762_G6	>JDP762_61777621_G6	2024-07-31 00:00:00	11109010182-1	Plate	6	2024-08-16 00:00:00	11109029784	F	27F	1184	B1.4 Box 2	Dilution_to_extinction	NR	NYO	2024	BHI	tiny	white	NR	In_process			MASTER_2_FGS	22/11/2021	ovine	4	7093	no microalgae oil	Adult	JDP762_61777621_G6.ab1	/Users/nicholas/Library/CloudStorage/OneDrive-SharedLibraries-Queen'sUniversityBelfast/RUMEN Gateway QUB-Scientific_Consortium - Documents/03_Partners_sequences/QUB/ab1_files/JDP762_61777621_G6.ab1	TRUE	PRESENT	339859	2024-08-16T09:05:54	UNAVAILABLE	"PermissionError: [Errno 1] Operation not permitted: ""/Users/nicholas/Library/CloudStorage/OneDrive-SharedLibraries-Queen'sUniversityBelfast/RUMEN Gateway QUB-Scientific_Consortium - Documents/03_Partners_sequences/QUB/ab1_files"""
331	MATCHED_SH_PRIMER_BP	155	sh_id,primer,base_pairs,used_bc	1	1			QUB	SH_0445	SH_ID	SH_0445	QUB_0530	QUB_27F_0530	27F	1207	356	Bacteria	RS_GCF_009695655.1	d__Bacteria;p__Bacillota;c__Bacilli;o__Erysipelotrichales;f__Coprobacillaceae;g__Sharpea;s__Sharpea porci	95.1							1075	DB_01094	Rumen_Gateway	PhD_Ziming	missing_maldi	USED	SH_0445	NYO_059	>IWS776	>IWS776_59987766_59987766	19/04/2024	11108875297-1	Tube		31/07/2024	11109010505	F	27F	1207	B1.4 Box 2	Dilution_to_extinction	NR	NYO	2024	BHI	tiny	white	NR	In_process			MASTER_2_FGS	22/11/2021	ovine	4	7093	no microalgae oil	Adult	IWS776_59987766_59987766.ab1	/Users/nicholas/Library/CloudStorage/OneDrive-SharedLibraries-Queen'sUniversityBelfast/RUMEN Gateway QUB-Scientific_Consortium - Documents/03_Partners_sequences/QUB/ab1_files/IWS776_59987766_59987766.ab1	TRUE	PRESENT	375834	2024-07-31T13:04:16	UNAVAILABLE	"PermissionError: [Errno 1] Operation not permitted: ""/Users/nicholas/Library/CloudStorage/OneDrive-SharedLibraries-Queen'sUniversityBelfast/RUMEN Gateway QUB-Scientific_Consortium - Documents/03_Partners_sequences/QUB/ab1_files"""
332	MATCHED_SH_PRIMER_BP	155	sh_id,primer,base_pairs,used_bc	1	1			QUB	SH_0446	SH_ID	SH_0446	QUB_0660	QUB_27F_0660	27F	1188	357	Bacteria	RS_GCF_004000745.1	d__Bacteria;p__Bacillota;c__Bacilli;o__Paenibacillales;f__Paenibacillaceae;g__Fontibacillus;s__Fontibacillus barengoltzii	98.4							1077	DB_01256	Rumen_Gateway	PhD_Ziming	missing_maldi	USED	SH_0446	NYO_060	>JDP762_G7	>JDP762_61777621_G7	2024-07-31 00:00:00	11109010182-1	Plate	7	2024-08-16 00:00:00	11109029784	F	27F	1188	B1.4 Box 2	Dilution_to_extinction	NR	NYO	2024	BHI	tiny	white	NR	In_process			MASTER_2_FGS	22/11/2021	ovine	3	6977	no microalgae oil	Adult	JDP762_61777621_G7.ab1	/Users/nicholas/Library/CloudStorage/OneDrive-SharedLibraries-Queen'sUniversityBelfast/RUMEN Gateway QUB-Scientific_Consortium - Documents/03_Partners_sequences/QUB/ab1_files/JDP762_61777621_G7.ab1	TRUE	PRESENT	337311	2024-08-16T09:05:54	UNAVAILABLE	"PermissionError: [Errno 1] Operation not permitted: ""/Users/nicholas/Library/CloudStorage/OneDrive-SharedLibraries-Queen'sUniversityBelfast/RUMEN Gateway QUB-Scientific_Consortium - Documents/03_Partners_sequences/QUB/ab1_files"""
333	MATCHED_SH_PRIMER_BP	155	sh_id,primer,base_pairs,used_bc	1	1			QUB	SH_0447	SH_ID	SH_0447	QUB_0531	QUB_27F_0531	27F	1198	358	Bacteria	GB_GCA_032483415.1	d__Bacteria;p__Bacillota;c__Negativicutes;o__Veillonellales;f__Veillonellaceae;g__Veillonella;s__Veillonella sp032483415	99.6				MWL11			1080	DB_01095	Rumen_Gateway	PhD_Ziming	missing_maldi	USED	SH_0447	NYO_061	>IWS777	>IWS777_59987773_59987773	19/04/2024	11108875297-1	Tube		31/07/2024	11109010505	F	27F	1198	B1.4 Box 2	Dilution_to_extinction	NR	NYO	2024	BHI	medium	snow	NR	In_process			MASTER_2_FGS	22/11/2021	ovine	5	7059	medium microalgae oil	Adult	IWS777_59987773_59987773.ab1	/Users/nicholas/Library/CloudStorage/OneDrive-SharedLibraries-Queen'sUniversityBelfast/RUMEN Gateway QUB-Scientific_Consortium - Documents/03_Partners_sequences/QUB/ab1_files/IWS777_59987773_59987773.ab1	TRUE	PRESENT	365308	2024-07-31T13:04:16	UNAVAILABLE	"PermissionError: [Errno 1] Operation not permitted: ""/Users/nicholas/Library/CloudStorage/OneDrive-SharedLibraries-Queen'sUniversityBelfast/RUMEN Gateway QUB-Scientific_Consortium - Documents/03_Partners_sequences/QUB/ab1_files"""
334	MATCHED_SH_PRIMER_BP	155	sh_id,primer,base_pairs,used_bc	1	1			QUB	SH_0448	SH_ID	SH_0448	QUB_0662	QUB_27F_0662	27F	1159	359	Bacteria	GB_GCA_032483415.1	d__Bacteria;p__Bacillota;c__Negativicutes;o__Veillonellales;f__Veillonellaceae;g__Veillonella;s__Veillonella sp032483415	99.6							1081	DB_01263	Rumen_Gateway	PhD_Ziming	missing_maldi	USED	SH_0448	NYO_062	>JDP762_H1	>JDP762_61777621_H1	2024-07-31 00:00:00	11109010182-1	Plate	1	2024-08-16 00:00:00	11109029784	F	27F	1159	B1.4 Box 2	Dilution_to_extinction	NR	NYO	2024	BHI	big	white center	NR	In_process			MASTER_2_FGS	22/11/2021	ovine	5	7059	medium microalgae oil	Adult	JDP762_61777621_H1.ab1	/Users/nicholas/Library/CloudStorage/OneDrive-SharedLibraries-Queen'sUniversityBelfast/RUMEN Gateway QUB-Scientific_Consortium - Documents/03_Partners_sequences/QUB/ab1_files/JDP762_61777621_H1.ab1	TRUE	PRESENT	329780	2024-08-16T09:05:54	UNAVAILABLE	"PermissionError: [Errno 1] Operation not permitted: ""/Users/nicholas/Library/CloudStorage/OneDrive-SharedLibraries-Queen'sUniversityBelfast/RUMEN Gateway QUB-Scientific_Consortium - Documents/03_Partners_sequences/QUB/ab1_files"""
335	MATCHED_SH_PRIMER_BP	155	sh_id,primer,base_pairs,used_bc	1	1			QUB	SH_0450	SH_ID	SH_0450	QUB_0664	QUB_27F_0664	27F	1152	360	Bacteria	GB_GCA_032483415.1	d__Bacteria;p__Bacillota;c__Negativicutes;o__Veillonellales;f__Veillonellaceae;g__Veillonella;s__Veillonella sp032483415	99.7				MWL11			1083	DB_01265	Rumen_Gateway	PhD_Ziming	missing_maldi	USED	SH_0450	NYO_064	>JDP762_H3	>JDP762_61777621_H3	2024-07-31 00:00:00	11109010182-1	Plate	3	2024-08-16 00:00:00	11109029784	F	27F	1152	B1.4 Box 2	Dilution_to_extinction	NR	NYO	2024	BHI	big	white center	NR	In_process			MASTER_2_FGS	22/11/2021	ovine	5	7059	medium microalgae oil	Adult	JDP762_61777621_H3.ab1	/Users/nicholas/Library/CloudStorage/OneDrive-SharedLibraries-Queen'sUniversityBelfast/RUMEN Gateway QUB-Scientific_Consortium - Documents/03_Partners_sequences/QUB/ab1_files/JDP762_61777621_H3.ab1	TRUE	PRESENT	335027	2024-08-16T09:05:56	UNAVAILABLE	"PermissionError: [Errno 1] Operation not permitted: ""/Users/nicholas/Library/CloudStorage/OneDrive-SharedLibraries-Queen'sUniversityBelfast/RUMEN Gateway QUB-Scientific_Consortium - Documents/03_Partners_sequences/QUB/ab1_files"""
336	MATCHED_SH_PRIMER_BP	155	sh_id,primer,base_pairs,used_bc	1	1			QUB	SH_0451	SH_ID	SH_0451	QUB_0665	QUB_27F_0665	27F	1179	361	Bacteria	GB_GCA_032483415.1	d__Bacteria;p__Bacillota;c__Negativicutes;o__Veillonellales;f__Veillonellaceae;g__Veillonella;s__Veillonella sp032483415	99.7				MWL11			1084	DB_01266	Rumen_Gateway	PhD_Ziming	missing_maldi	USED	SH_0451	NYO_065	>JDP762_H4	>JDP762_61777621_H4	2024-07-31 00:00:00	11109010182-1	Plate	4	2024-08-16 00:00:00	11109029784	F	27F	1179	B1.4 Box 3	Dilution_to_extinction	NR	NYO	2024	BHI	medium	snow + transparent	NR	In_process			MASTER_2_FGS	22/11/2021	ovine	5	7059	medium microalgae oil	Adult	JDP762_61777621_H4.ab1	/Users/nicholas/Library/CloudStorage/OneDrive-SharedLibraries-Queen'sUniversityBelfast/RUMEN Gateway QUB-Scientific_Consortium - Documents/03_Partners_sequences/QUB/ab1_files/JDP762_61777621_H4.ab1	TRUE	PRESENT	336119	2024-08-16T09:05:56	UNAVAILABLE	"PermissionError: [Errno 1] Operation not permitted: ""/Users/nicholas/Library/CloudStorage/OneDrive-SharedLibraries-Queen'sUniversityBelfast/RUMEN Gateway QUB-Scientific_Consortium - Documents/03_Partners_sequences/QUB/ab1_files"""
337	MATCHED_SH_PRIMER_BP	155	sh_id,primer,base_pairs,used_bc	1	1			QUB	SH_0452	SH_ID	SH_0452	QUB_0666	QUB_27F_0666	27F	1174	362	Bacteria	GB_GCA_032483415.1	d__Bacteria;p__Bacillota;c__Negativicutes;o__Veillonellales;f__Veillonellaceae;g__Veillonella;s__Veillonella sp032483415	99.6				MWL11			1085	DB_01267	Rumen_Gateway	PhD_Ziming	missing_maldi	USED	SH_0452	NYO_066	>JDP762_H5	>JDP762_61777621_H5	2024-07-31 00:00:00	11109010182-1	Plate	5	2024-08-16 00:00:00	11109029784	F	27F	1174	B1.4 Box 3	Dilution_to_extinction	NR	NYO	2024	BHI	medium	snow	NR	In_process			MASTER_2_FGS	22/11/2021	ovine	5	7059	medium microalgae oil	Adult	JDP762_61777621_H5.ab1	/Users/nicholas/Library/CloudStorage/OneDrive-SharedLibraries-Queen'sUniversityBelfast/RUMEN Gateway QUB-Scientific_Consortium - Documents/03_Partners_sequences/QUB/ab1_files/JDP762_61777621_H5.ab1	TRUE	PRESENT	334777	2024-08-16T09:05:56	UNAVAILABLE	"PermissionError: [Errno 1] Operation not permitted: ""/Users/nicholas/Library/CloudStorage/OneDrive-SharedLibraries-Queen'sUniversityBelfast/RUMEN Gateway QUB-Scientific_Consortium - Documents/03_Partners_sequences/QUB/ab1_files"""
338	MATCHED_SH_PRIMER_BP	155	sh_id,primer,base_pairs,used_bc	1	1			QUB	SH_0452.1	SH_ID	SH_0452.1	QUB_0563	QUB_27F_0563	27F	1203	363	Bacteria	RS_GCF_000011645.1	d__Bacteria;p__Bacillota;c__Bacilli;o__Bacillales;f__Bacillaceae;g__Bacillus;s__Bacillus licheniformis	98.1							1086	DB_01140	Rumen_Gateway	PhD_Ziming	JP_CHECK	USED	SH_0452.1	NYO_066.1	>IWS822	>IWS822_59988220_59988220	19/04/2024	11108875297-1	Tube		04/09/2024	11109050478	F	27F	1203	B1.4 Box 3	Dilution_to_extinction	NR	NYO	2024	BHI	medium	snow	NR	In_process			MASTER_2_FGS	22/11/2021	ovine	5	7059	medium microalgae oil	Adult	IWS822_59988220_59988220.ab1	/Users/nicholas/Library/CloudStorage/OneDrive-SharedLibraries-Queen'sUniversityBelfast/RUMEN Gateway QUB-Scientific_Consortium - Documents/03_Partners_sequences/QUB/ab1_files/IWS822_59988220_59988220.ab1	TRUE	PRESENT	350417	2024-09-04T16:20:08	UNAVAILABLE	"PermissionError: [Errno 1] Operation not permitted: ""/Users/nicholas/Library/CloudStorage/OneDrive-SharedLibraries-Queen'sUniversityBelfast/RUMEN Gateway QUB-Scientific_Consortium - Documents/03_Partners_sequences/QUB/ab1_files"""
339	MATCHED_SH_PRIMER_BP	155	sh_id,primer,base_pairs,used_bc	1	1			QUB	SH_0452.2	SH_ID	SH_0452.2	QUB_0564	QUB_27F_0564	27F	1138	364	Bacteria	RS_GCF_018916875.1	d__Bacteria;p__Bacillota;c__Bacilli;o__Bacillales_D;f__Amphibacillaceae;g__Virgibacillus;s__Virgibacillus proomii_B	99.4				MWL11			1087	DB_01141	Rumen_Gateway	PhD_Ziming	JP_CHECK	USED	SH_0452.2	NYO_066.2	>IWS823	>IWS823_59988237_59988237	19/04/2024	11108875297-1	Tube		06/09/2024	11109053815	F	27F	1138	B1.4 Box 3	Dilution_to_extinction	NR	NYO	2024	BHI	medium	snow	NR	In_process			MASTER_2_FGS	22/11/2021	ovine	5	7059	medium microalgae oil	Adult	IWS823_59988237_59988237.ab1	/Users/nicholas/Library/CloudStorage/OneDrive-SharedLibraries-Queen'sUniversityBelfast/RUMEN Gateway QUB-Scientific_Consortium - Documents/03_Partners_sequences/QUB/ab1_files/IWS823_59988237_59988237.ab1	TRUE	PRESENT	347993	2024-09-09T05:52:20	UNAVAILABLE	"PermissionError: [Errno 1] Operation not permitted: ""/Users/nicholas/Library/CloudStorage/OneDrive-SharedLibraries-Queen'sUniversityBelfast/RUMEN Gateway QUB-Scientific_Consortium - Documents/03_Partners_sequences/QUB/ab1_files"""
340	MATCHED_SH_PRIMER_BP	155	sh_id,primer,base_pairs,used_bc	1	1			QUB	SH_0452.3	SH_ID	SH_0452.3	QUB_0565	QUB_27F_0565	27F	1148	365	Bacteria	GB_GCA_032483415.1	d__Bacteria;p__Bacillota;c__Negativicutes;o__Veillonellales;f__Veillonellaceae;g__Veillonella;s__Veillonella sp032483415	99.6				MWL11			1088	DB_01142	Rumen_Gateway	PhD_Ziming	JP_CHECK	USED	SH_0452.3	NYO_066.3	>IWS824	>IWS824_59988244_59988244	19/04/2024	11108875297-1	Tube		06/09/2024	11109053815	F	27F	1148	B1.4 Box 3	Dilution_to_extinction	NR	NYO	2024	BHI	medium	snow	NR	In_process			MASTER_2_FGS	22/11/2021	ovine	5	7059	medium microalgae oil	Adult	IWS824_59988244_59988244.ab1	/Users/nicholas/Library/CloudStorage/OneDrive-SharedLibraries-Queen'sUniversityBelfast/RUMEN Gateway QUB-Scientific_Consortium - Documents/03_Partners_sequences/QUB/ab1_files/IWS824_59988244_59988244.ab1	TRUE	PRESENT	351546	2024-09-09T05:52:20	UNAVAILABLE	"PermissionError: [Errno 1] Operation not permitted: ""/Users/nicholas/Library/CloudStorage/OneDrive-SharedLibraries-Queen'sUniversityBelfast/RUMEN Gateway QUB-Scientific_Consortium - Documents/03_Partners_sequences/QUB/ab1_files"""
341	MATCHED_SH_PRIMER_BP	155	sh_id,primer,base_pairs,used_bc	3	1		row=1090|db=DB_01504|short=JDP761_C3|fasta=|primer=27F|bp=|score=130|reasons=sh_id,primer,used_bc; row=1091|db=DB_01505|short=JDP761_C4|fasta=|primer=1492R|bp=|score=105|reasons=sh_id,used_bc	QUB	SH_0453	SH_ID	SH_0453	QUB_0667	QUB_27F_0667	27F	1168	366	Bacteria	RS_GCF_034718895.1	d__Bacteria;p__Bacillota;c__Bacilli;o__Paenibacillales;f__Paenibacillaceae;g__Fontibacillus;s__Fontibacillus phoenicis	99.6							1089	DB_01268	Rumen_Gateway	PhD_Ziming	missing_maldi	USED	SH_0453	NYO_067	>JDP762_H6	>JDP762_61777621_H6	2024-07-31 00:00:00	11109010182-1	Plate	6	2024-08-16 00:00:00	11109029784	F	27F	1168	B1.4 Box 3	Dilution_to_extinction	NR	NYO	2024	BHI	tiny	white	NR	In_process			MASTER_2_FGS	22/11/2021	ovine	5	7059	medium microalgae oil	Adult	JDP762_61777621_H6.ab1	/Users/nicholas/Library/CloudStorage/OneDrive-SharedLibraries-Queen'sUniversityBelfast/RUMEN Gateway QUB-Scientific_Consortium - Documents/03_Partners_sequences/QUB/ab1_files/JDP762_61777621_H6.ab1	TRUE	PRESENT	336291	2024-08-16T09:05:56	UNAVAILABLE	"PermissionError: [Errno 1] Operation not permitted: ""/Users/nicholas/Library/CloudStorage/OneDrive-SharedLibraries-Queen'sUniversityBelfast/RUMEN Gateway QUB-Scientific_Consortium - Documents/03_Partners_sequences/QUB/ab1_files"""
342	MATCHED_SH_PRIMER_BP	155	sh_id,primer,base_pairs,used_bc	1	1			QUB	SH_0454	SH_ID	SH_0454	QUB_0668	QUB_27F_0668	27F	1178	367	Bacteria	RS_GCF_014836835.1	d__Bacteria;p__Bacillota;c__Clostridia;o__Clostridiales;f__Clostridiaceae;g__Clostridium_J;s__Clostridium_J faecium	99.4				MWL11			1092	DB_01269	Rumen_Gateway	PhD_Ziming	missing_maldi	USED	SH_0454	NYO_068	>JDP762_H7	>JDP762_61777621_H7	2024-07-31 00:00:00	11109010182-1	Plate	7	2024-08-16 00:00:00	11109029784	F	27F	1178	B1.4 Box 3	Dilution_to_extinction	NR	NYO	2024	BHI	medium	white	NR	In_process			MASTER_2_FGS	22/11/2021	ovine	5	7059	medium microalgae oil	Adult	JDP762_61777621_H7.ab1	/Users/nicholas/Library/CloudStorage/OneDrive-SharedLibraries-Queen'sUniversityBelfast/RUMEN Gateway QUB-Scientific_Consortium - Documents/03_Partners_sequences/QUB/ab1_files/JDP762_61777621_H7.ab1	TRUE	PRESENT	335654	2024-08-16T09:05:56	UNAVAILABLE	"PermissionError: [Errno 1] Operation not permitted: ""/Users/nicholas/Library/CloudStorage/OneDrive-SharedLibraries-Queen'sUniversityBelfast/RUMEN Gateway QUB-Scientific_Consortium - Documents/03_Partners_sequences/QUB/ab1_files"""
343	MATCHED_SH_PRIMER_BP	155	sh_id,primer,base_pairs,used_bc	1	1			QUB	SH_0455	SH_ID	SH_0455	QUB_0424	QUB_27F_0424	27F	1135	368	Bacteria	RS_GCF_009695655.1	d__Bacteria;p__Bacillota;c__Bacilli;o__Erysipelotrichales;f__Coprobacillaceae;g__Sharpea;s__Sharpea porci	97.5							1093	DB_00932	Rumen_Gateway	PhD_Theano	missing_maldi	USED	SH_0455	1	>IVY966_A1	>IVY966_59789667_A1	2024-04-08 00:00:00	11108856911-1	Plate		2024-04-16 00:00:00	11108869201	F	27F	1135	B1.4 Box 3	Direct_plating		M2	2023	M2	medium	white shinny	glistening	SH_117			HoloRuminant	NR	bovine	NR	37234	Conventional	12	IVY966_59789667_A1.ab1	/Users/nicholas/Library/CloudStorage/OneDrive-SharedLibraries-Queen'sUniversityBelfast/RUMEN Gateway QUB-Scientific_Consortium - Documents/03_Partners_sequences/QUB/ab1_files/IVY966_59789667_A1.ab1	TRUE	PRESENT	338850	2024-04-16T13:51:52	UNAVAILABLE	"PermissionError: [Errno 1] Operation not permitted: ""/Users/nicholas/Library/CloudStorage/OneDrive-SharedLibraries-Queen'sUniversityBelfast/RUMEN Gateway QUB-Scientific_Consortium - Documents/03_Partners_sequences/QUB/ab1_files"""
344	MATCHED_SH_PRIMER_BP	155	sh_id,primer,base_pairs,used_bc	1	1			QUB	SH_0456	SH_ID	SH_0456	QUB_0428	QUB_27F_0428	27F	1142	369	Bacteria	RS_GCF_012844235.1	d__Bacteria;p__Actinomycetota;c__Coriobacteriia;o__Coriobacteriales;f__Atopobiaceae;g__Parafannyhessea;s__Parafannyhessea sp900538935	99							1094	DB_00933	Rumen_Gateway	PhD_Theano	missing_maldi	USED	SH_0456	2	>IVY966_A2	>IVY966_59789667_A2	2024-04-08 00:00:00	11108856911-1	Plate		2024-04-16 00:00:00	11108869201	F	27F	1142	B1.4 Box 3	Direct_plating		M2	2023	M2	medium	white shinny	glistening	In_process			HoloRuminant	NR	bovine	NR	37234	Conventional	12	IVY966_59789667_A2.ab1	/Users/nicholas/Library/CloudStorage/OneDrive-SharedLibraries-Queen'sUniversityBelfast/RUMEN Gateway QUB-Scientific_Consortium - Documents/03_Partners_sequences/QUB/ab1_files/IVY966_59789667_A2.ab1	TRUE	PRESENT	339779	2024-04-16T13:51:52	UNAVAILABLE	"PermissionError: [Errno 1] Operation not permitted: ""/Users/nicholas/Library/CloudStorage/OneDrive-SharedLibraries-Queen'sUniversityBelfast/RUMEN Gateway QUB-Scientific_Consortium - Documents/03_Partners_sequences/QUB/ab1_files"""
345	MATCHED_SH_PRIMER_BP	155	sh_id,primer,base_pairs,used_bc	1	1			QUB	SH_0457	SH_ID	SH_0457	QUB_0429	QUB_27F_0429	27F	1168	370	Bacteria	RS_GCF_009695655.1	d__Bacteria;p__Bacillota;c__Bacilli;o__Erysipelotrichales;f__Coprobacillaceae;g__Sharpea;s__Sharpea porci	97.3							1095	DB_00934	Rumen_Gateway	PhD_Theano	missing_maldi	USED	SH_0457	3	>IVY966_A3	>IVY966_59789667_A3	2024-04-08 00:00:00	11108856911-1	Plate		2024-04-16 00:00:00	11108869201	F	27F	1168	B1.4 Box 3	Direct_plating		M2	2023	M2	small	white shinny	glistening	SH_117			HoloRuminant	NR	bovine	NR	37234	Conventional	12	IVY966_59789667_A3.ab1	/Users/nicholas/Library/CloudStorage/OneDrive-SharedLibraries-Queen'sUniversityBelfast/RUMEN Gateway QUB-Scientific_Consortium - Documents/03_Partners_sequences/QUB/ab1_files/IVY966_59789667_A3.ab1	TRUE	PRESENT	341959	2024-04-16T13:51:52	UNAVAILABLE	"PermissionError: [Errno 1] Operation not permitted: ""/Users/nicholas/Library/CloudStorage/OneDrive-SharedLibraries-Queen'sUniversityBelfast/RUMEN Gateway QUB-Scientific_Consortium - Documents/03_Partners_sequences/QUB/ab1_files"""
346	MATCHED_SH_PRIMER_BP	155	sh_id,primer,base_pairs,used_bc	1	1			QUB	SH_0458	SH_ID	SH_0458	QUB_0430	QUB_27F_0430	27F	1175	371	Bacteria	RS_GCF_009695655.1	d__Bacteria;p__Bacillota;c__Bacilli;o__Erysipelotrichales;f__Coprobacillaceae;g__Sharpea;s__Sharpea porci	96.7							1096	DB_00935	Rumen_Gateway	PhD_Theano	missing_maldi	USED	SH_0458	4	>IVY966_A4	>IVY966_59789667_A4	2024-04-08 00:00:00	11108856911-1	Plate		2024-04-16 00:00:00	11108869201	F	27F	1175	B1.4 Box 3	Direct_plating		M2	2023	M2	small	white shinny	glistening	SH_117			HoloRuminant	NR	bovine	NR	37234	Conventional	12	IVY966_59789667_A4.ab1	/Users/nicholas/Library/CloudStorage/OneDrive-SharedLibraries-Queen'sUniversityBelfast/RUMEN Gateway QUB-Scientific_Consortium - Documents/03_Partners_sequences/QUB/ab1_files/IVY966_59789667_A4.ab1	TRUE	PRESENT	345046	2024-04-16T13:51:52	UNAVAILABLE	"PermissionError: [Errno 1] Operation not permitted: ""/Users/nicholas/Library/CloudStorage/OneDrive-SharedLibraries-Queen'sUniversityBelfast/RUMEN Gateway QUB-Scientific_Consortium - Documents/03_Partners_sequences/QUB/ab1_files"""
347	MATCHED_SH_PRIMER_BP	155	sh_id,primer,base_pairs,used_bc	1	1			QUB	SH_0459	SH_ID	SH_0459	QUB_0431	QUB_27F_0431	27F	1144	372	Bacteria	RS_GCF_009695655.1	d__Bacteria;p__Bacillota;c__Bacilli;o__Erysipelotrichales;f__Coprobacillaceae;g__Sharpea;s__Sharpea porci	97.4							1097	DB_00936	Rumen_Gateway	PhD_Theano	missing_maldi	USED	SH_0459	5	>IVY966_A5	>IVY966_59789667_A5	2024-04-08 00:00:00	11108856911-1	Plate		2024-04-16 00:00:00	11108869201	F	27F	1144	B1.4 Box 3	Direct_plating		M2	2023	M2	big	cloudy transparent with white shinny centre	smooth	SH_117			HoloRuminant	NR	bovine	NR	37234	Conventional	12	IVY966_59789667_A5.ab1	/Users/nicholas/Library/CloudStorage/OneDrive-SharedLibraries-Queen'sUniversityBelfast/RUMEN Gateway QUB-Scientific_Consortium - Documents/03_Partners_sequences/QUB/ab1_files/IVY966_59789667_A5.ab1	TRUE	PRESENT	348439	2024-04-16T13:51:52	UNAVAILABLE	"PermissionError: [Errno 1] Operation not permitted: ""/Users/nicholas/Library/CloudStorage/OneDrive-SharedLibraries-Queen'sUniversityBelfast/RUMEN Gateway QUB-Scientific_Consortium - Documents/03_Partners_sequences/QUB/ab1_files"""
348	MATCHED_SH_PRIMER_BP	155	sh_id,primer,base_pairs,used_bc	1	1			QUB	SH_0460	SH_ID	SH_0460	QUB_0432	QUB_27F_0432	27F	1158	373	Bacteria	RS_GCF_009695655.1	d__Bacteria;p__Bacillota;c__Bacilli;o__Erysipelotrichales;f__Coprobacillaceae;g__Sharpea;s__Sharpea porci	97.4							1098	DB_00937	Rumen_Gateway	PhD_Theano	missing_maldi	USED	SH_0460	6	>IVY966_A6	>IVY966_59789667_A6	2024-04-08 00:00:00	11108856911-1	Plate		2024-04-16 00:00:00	11108869201	F	27F	1158	NS	Direct_plating		M2	2023	M2	medium	white shinny with a more dense centre	glistening	In_process			HoloRuminant	NR	bovine	NR	37234	Conventional	12	IVY966_59789667_A6.ab1	/Users/nicholas/Library/CloudStorage/OneDrive-SharedLibraries-Queen'sUniversityBelfast/RUMEN Gateway QUB-Scientific_Consortium - Documents/03_Partners_sequences/QUB/ab1_files/IVY966_59789667_A6.ab1	TRUE	PRESENT	339879	2024-04-16T13:51:52	UNAVAILABLE	"PermissionError: [Errno 1] Operation not permitted: ""/Users/nicholas/Library/CloudStorage/OneDrive-SharedLibraries-Queen'sUniversityBelfast/RUMEN Gateway QUB-Scientific_Consortium - Documents/03_Partners_sequences/QUB/ab1_files"""
349	MATCHED_SH_PRIMER_BP	155	sh_id,primer,base_pairs,used_bc	1	1			QUB	SH_0461	SH_ID	SH_0461	QUB_0433	QUB_27F_0433	27F	1155	374	Bacteria	RS_GCF_009695655.1	d__Bacteria;p__Bacillota;c__Bacilli;o__Erysipelotrichales;f__Coprobacillaceae;g__Sharpea;s__Sharpea porci	96.6							1099	DB_00938	Rumen_Gateway	PhD_Theano	missing_maldi	USED	SH_0461	7	>IVY966_A7	>IVY966_59789667_A7	2024-04-08 00:00:00	11108856911-1	Plate		2024-04-16 00:00:00	11108869201	F	27F	1155	B1.4 Box 3	Direct_plating		M2	2023	M2	medium	white cream	smooth	SH_155			HoloRuminant	NR	bovine	NR	37234	Conventional	12	IVY966_59789667_A7.ab1	/Users/nicholas/Library/CloudStorage/OneDrive-SharedLibraries-Queen'sUniversityBelfast/RUMEN Gateway QUB-Scientific_Consortium - Documents/03_Partners_sequences/QUB/ab1_files/IVY966_59789667_A7.ab1	TRUE	PRESENT	340658	2024-04-16T13:51:52	UNAVAILABLE	"PermissionError: [Errno 1] Operation not permitted: ""/Users/nicholas/Library/CloudStorage/OneDrive-SharedLibraries-Queen'sUniversityBelfast/RUMEN Gateway QUB-Scientific_Consortium - Documents/03_Partners_sequences/QUB/ab1_files"""
350	MATCHED_SH_PRIMER_BP	155	sh_id,primer,base_pairs,used_bc	1	1			QUB	SH_0462	SH_ID	SH_0462	QUB_0434	QUB_27F_0434	27F	1169	375	Bacteria	RS_GCF_009695655.1	d__Bacteria;p__Bacillota;c__Bacilli;o__Erysipelotrichales;f__Coprobacillaceae;g__Sharpea;s__Sharpea porci	97.3							1100	DB_00939	Rumen_Gateway	PhD_Theano	missing_maldi	USED	SH_0462	8	>IVY966_A8	>IVY966_59789667_A8	2024-04-08 00:00:00	11108856911-1	Plate		2024-04-16 00:00:00	11108869201	F	27F	1169	B1.4 Box 3	Direct_plating		M2	2023	M2	medium	white shinny opaque	smooth	SH_008			HoloRuminant	NR	bovine	NR	37234	Conventional	12	IVY966_59789667_A8.ab1	/Users/nicholas/Library/CloudStorage/OneDrive-SharedLibraries-Queen'sUniversityBelfast/RUMEN Gateway QUB-Scientific_Consortium - Documents/03_Partners_sequences/QUB/ab1_files/IVY966_59789667_A8.ab1	TRUE	PRESENT	341021	2024-04-16T13:51:52	UNAVAILABLE	"PermissionError: [Errno 1] Operation not permitted: ""/Users/nicholas/Library/CloudStorage/OneDrive-SharedLibraries-Queen'sUniversityBelfast/RUMEN Gateway QUB-Scientific_Consortium - Documents/03_Partners_sequences/QUB/ab1_files"""
351	MATCHED_SH_PRIMER_BP	155	sh_id,primer,base_pairs,used_bc	1	1			QUB	SH_0463	SH_ID	SH_0463	QUB_0435	QUB_27F_0435	27F	917	376	Bacteria	RS_GCF_009695655.1	d__Bacteria;p__Bacillota;c__Bacilli;o__Erysipelotrichales;f__Coprobacillaceae;g__Sharpea;s__Sharpea porci	97.4							1101	DB_00940	Rumen_Gateway	PhD_Theano	missing_maldi	USED	SH_0463	9	>IVY966_A9	>IVY966_59789667_A9	2024-04-08 00:00:00	11108856911-1	Plate		2024-04-16 00:00:00	11108869201	F	27F	917	B1.4 Box 3	Direct_plating		M2	2023	M2	medium	white cream	smooth	SH_155			HoloRuminant	NR	bovine	NR	37234	Conventional	12	IVY966_59789667_A9.ab1	/Users/nicholas/Library/CloudStorage/OneDrive-SharedLibraries-Queen'sUniversityBelfast/RUMEN Gateway QUB-Scientific_Consortium - Documents/03_Partners_sequences/QUB/ab1_files/IVY966_59789667_A9.ab1	TRUE	PRESENT	344515	2024-04-16T13:51:52	UNAVAILABLE	"PermissionError: [Errno 1] Operation not permitted: ""/Users/nicholas/Library/CloudStorage/OneDrive-SharedLibraries-Queen'sUniversityBelfast/RUMEN Gateway QUB-Scientific_Consortium - Documents/03_Partners_sequences/QUB/ab1_files"""
352	MATCHED_SH_PRIMER_BP	155	sh_id,primer,base_pairs,used_bc	1	1			QUB	SH_0464	SH_ID	SH_0464	QUB_0425	QUB_27F_0425	27F	1154	377	Bacteria	RS_GCF_009695655.1	d__Bacteria;p__Bacillota;c__Bacilli;o__Erysipelotrichales;f__Coprobacillaceae;g__Sharpea;s__Sharpea porci	97.4							1102	DB_00941	Rumen_Gateway	PhD_Theano	missing_maldi	USED	SH_0464	10	>IVY966_A10	>IVY966_59789667_A10	2024-04-08 00:00:00	11108856911-1	Plate		2024-04-16 00:00:00	11108869201	F	27F	1154	B1.4 Box 3	Direct_plating		M2	2023	M2	big	grey with transparent edges, shinny	smooth	In_process			HoloRuminant	NR	bovine	NR	37234	Conventional	12	IVY966_59789667_A10.ab1	/Users/nicholas/Library/CloudStorage/OneDrive-SharedLibraries-Queen'sUniversityBelfast/RUMEN Gateway QUB-Scientific_Consortium - Documents/03_Partners_sequences/QUB/ab1_files/IVY966_59789667_A10.ab1	TRUE	PRESENT	335178	2024-04-16T13:51:52	UNAVAILABLE	"PermissionError: [Errno 1] Operation not permitted: ""/Users/nicholas/Library/CloudStorage/OneDrive-SharedLibraries-Queen'sUniversityBelfast/RUMEN Gateway QUB-Scientific_Consortium - Documents/03_Partners_sequences/QUB/ab1_files"""
353	MATCHED_SH_PRIMER_BP	155	sh_id,primer,base_pairs,used_bc	1	1			QUB	SH_0466	SH_ID	SH_0466	QUB_0426	QUB_27F_0426	27F	846	378	Bacteria	RS_GCF_011387195.1	d__Bacteria;p__Bacillota;c__Bacilli;o__Lactobacillales;f__Streptococcaceae;g__Streptococcus;s__Streptococcus ruminicola	99.2							1104	DB_00942	Rumen_Gateway	PhD_Theano	missing_maldi	USED	SH_0466	12	>IVY966_A11	>IVY966_59789667_A11	2024-04-08 00:00:00	11108856911-1	Plate		2024-04-16 00:00:00	11108869201	F	27F	846	B1.4 Box 4	Direct_plating		M2	2023	M2	big	transparent	rough	In_process			HoloRuminant	NR	bovine	NR	37234	Conventional	12	IVY966_59789667_A11.ab1	/Users/nicholas/Library/CloudStorage/OneDrive-SharedLibraries-Queen'sUniversityBelfast/RUMEN Gateway QUB-Scientific_Consortium - Documents/03_Partners_sequences/QUB/ab1_files/IVY966_59789667_A11.ab1	TRUE	PRESENT	340840	2024-04-16T13:51:52	UNAVAILABLE	"PermissionError: [Errno 1] Operation not permitted: ""/Users/nicholas/Library/CloudStorage/OneDrive-SharedLibraries-Queen'sUniversityBelfast/RUMEN Gateway QUB-Scientific_Consortium - Documents/03_Partners_sequences/QUB/ab1_files"""
354	MATCHED_SH_PRIMER_BP	155	sh_id,primer,base_pairs,used_bc	1	1			QUB	SH_0468	SH_ID	SH_0468	QUB_0427	QUB_27F_0427	27F	1149	379	Bacteria	RS_GCF_009695655.1	d__Bacteria;p__Bacillota;c__Bacilli;o__Erysipelotrichales;f__Coprobacillaceae;g__Sharpea;s__Sharpea porci	97.6				MWL4			1106	DB_00943	Rumen_Gateway	PhD_Theano	missing_maldi	USED	SH_0468	14	>IVY966_A12	>IVY966_59789667_A12	2024-04-08 00:00:00	11108856911-1	Plate		2024-04-16 00:00:00	11108869201	F	27F	1149	B1.4 Box 4	Direct_plating		M2	2023	M2	small	transparent with cream centre, cloudy	smooth	In_process			HoloRuminant	NR	bovine	NR	37234	Conventional	12	IVY966_59789667_A12.ab1	/Users/nicholas/Library/CloudStorage/OneDrive-SharedLibraries-Queen'sUniversityBelfast/RUMEN Gateway QUB-Scientific_Consortium - Documents/03_Partners_sequences/QUB/ab1_files/IVY966_59789667_A12.ab1	TRUE	PRESENT	330121	2024-04-16T13:51:52	UNAVAILABLE	"PermissionError: [Errno 1] Operation not permitted: ""/Users/nicholas/Library/CloudStorage/OneDrive-SharedLibraries-Queen'sUniversityBelfast/RUMEN Gateway QUB-Scientific_Consortium - Documents/03_Partners_sequences/QUB/ab1_files"""
355	MATCHED_SH_PRIMER_BP	155	sh_id,primer,base_pairs,used_bc	1	1			QUB	SH_0469	SH_ID	SH_0469	QUB_0436	QUB_27F_0436	27F	1141	380	Bacteria	RS_GCF_009695655.1	d__Bacteria;p__Bacillota;c__Bacilli;o__Erysipelotrichales;f__Coprobacillaceae;g__Sharpea;s__Sharpea porci	97.6							1107	DB_00944	Rumen_Gateway	PhD_Theano	missing_maldi	USED	SH_0469	15	>IVY966_B1	>IVY966_59789667_B1	2024-04-08 00:00:00	11108856911-1	Plate		2024-04-16 00:00:00	11108869201	F	27F	1141	B1.4 Box 4	Direct_plating		M2	2023	M2	big	white shinny with transparent edges, centre more dense than edges	glistening	In_process			HoloRuminant	NR	bovine	NR	37234	Conventional	12	IVY966_59789667_B1.ab1	/Users/nicholas/Library/CloudStorage/OneDrive-SharedLibraries-Queen'sUniversityBelfast/RUMEN Gateway QUB-Scientific_Consortium - Documents/03_Partners_sequences/QUB/ab1_files/IVY966_59789667_B1.ab1	TRUE	PRESENT	339715	2024-04-16T13:51:52	UNAVAILABLE	"PermissionError: [Errno 1] Operation not permitted: ""/Users/nicholas/Library/CloudStorage/OneDrive-SharedLibraries-Queen'sUniversityBelfast/RUMEN Gateway QUB-Scientific_Consortium - Documents/03_Partners_sequences/QUB/ab1_files"""
356	MATCHED_SH_PRIMER_BP	155	sh_id,primer,base_pairs,used_bc	1	1			QUB	SH_0470	SH_ID	SH_0470	QUB_0440	QUB_27F_0440	27F	1131	381	Bacteria	RS_GCF_009695655.1	d__Bacteria;p__Bacillota;c__Bacilli;o__Erysipelotrichales;f__Coprobacillaceae;g__Sharpea;s__Sharpea porci	97.6							1108	DB_00945	Rumen_Gateway	PhD_Theano	missing_maldi	USED	SH_0470	16	>IVY966_B2	>IVY966_59789667_B2	2024-04-08 00:00:00	11108856911-1	Plate		2024-04-16 00:00:00	11108869201	F	27F	1131	B1.4 Box 4	Direct_plating		M2	2023	M2	medium	white shinny	glistening	In_process			HoloRuminant	NR	bovine	NR	37245	Conventional	12	IVY966_59789667_B2.ab1	/Users/nicholas/Library/CloudStorage/OneDrive-SharedLibraries-Queen'sUniversityBelfast/RUMEN Gateway QUB-Scientific_Consortium - Documents/03_Partners_sequences/QUB/ab1_files/IVY966_59789667_B2.ab1	TRUE	PRESENT	340057	2024-04-16T13:51:52	UNAVAILABLE	"PermissionError: [Errno 1] Operation not permitted: ""/Users/nicholas/Library/CloudStorage/OneDrive-SharedLibraries-Queen'sUniversityBelfast/RUMEN Gateway QUB-Scientific_Consortium - Documents/03_Partners_sequences/QUB/ab1_files"""
357	MATCHED_SH_PRIMER_BP	155	sh_id,primer,base_pairs,used_bc	1	1			QUB	SH_0471	SH_ID	SH_0471	QUB_0441	QUB_27F_0441	27F	1166	382	Bacteria	RS_GCF_009695655.1	d__Bacteria;p__Bacillota;c__Bacilli;o__Erysipelotrichales;f__Coprobacillaceae;g__Sharpea;s__Sharpea porci	97.4							1109	DB_00946	Rumen_Gateway	PhD_Theano	missing_maldi	USED	SH_0471	17	>IVY966_B3	>IVY966_59789667_B3	2024-04-08 00:00:00	11108856911-1	Plate		2024-04-16 00:00:00	11108869201	F	27F	1166	B1.4 Box 4	Direct_plating		M2	2023	M2	medium	white shinny	glistening	SH_117			HoloRuminant	NR	bovine	NR	37245	Conventional	12	IVY966_59789667_B3.ab1	/Users/nicholas/Library/CloudStorage/OneDrive-SharedLibraries-Queen'sUniversityBelfast/RUMEN Gateway QUB-Scientific_Consortium - Documents/03_Partners_sequences/QUB/ab1_files/IVY966_59789667_B3.ab1	TRUE	PRESENT	343882	2024-04-16T13:51:52	UNAVAILABLE	"PermissionError: [Errno 1] Operation not permitted: ""/Users/nicholas/Library/CloudStorage/OneDrive-SharedLibraries-Queen'sUniversityBelfast/RUMEN Gateway QUB-Scientific_Consortium - Documents/03_Partners_sequences/QUB/ab1_files"""
358	MATCHED_SH_PRIMER_BP	155	sh_id,primer,base_pairs,used_bc	1	1			QUB	SH_0473	SH_ID	SH_0473	QUB_0442	QUB_27F_0442	27F	1139	383	Bacteria	RS_GCF_009695655.1	d__Bacteria;p__Bacillota;c__Bacilli;o__Erysipelotrichales;f__Coprobacillaceae;g__Sharpea;s__Sharpea porci	97.6				MWL9			1111	DB_00947	Rumen_Gateway	PhD_Theano	missing_maldi	USED	SH_0473	19	>IVY966_B4	>IVY966_59789667_B4	2024-04-08 00:00:00	11108856911-1	Plate		2024-04-16 00:00:00	11108869201	F	27F	1139	NS	Direct_plating		M2	2023	M2	big	cream with white centre	smooth	In_process			HoloRuminant	NR	bovine	NR	37245	Conventional	12	IVY966_59789667_B4.ab1	/Users/nicholas/Library/CloudStorage/OneDrive-SharedLibraries-Queen'sUniversityBelfast/RUMEN Gateway QUB-Scientific_Consortium - Documents/03_Partners_sequences/QUB/ab1_files/IVY966_59789667_B4.ab1	TRUE	PRESENT	347801	2024-04-16T13:51:52	UNAVAILABLE	"PermissionError: [Errno 1] Operation not permitted: ""/Users/nicholas/Library/CloudStorage/OneDrive-SharedLibraries-Queen'sUniversityBelfast/RUMEN Gateway QUB-Scientific_Consortium - Documents/03_Partners_sequences/QUB/ab1_files"""
359	MATCHED_SH_PRIMER_BP	155	sh_id,primer,base_pairs,used_bc	1	1			QUB	SH_0474	SH_ID	SH_0474	QUB_0443	QUB_27F_0443	27F	1143	384	Bacteria	RS_GCF_000155955.1	d__Bacteria;p__Bacillota;c__Negativicutes;o__Selenomonadales;f__Selenomonadaceae;g__Mitsuokella;s__Mitsuokella multacida	96.4				MWL9			1112	DB_00948	Rumen_Gateway	PhD_Theano	missing_maldi	USED	SH_0474	20	>IVY966_B5	>IVY966_59789667_B5	2024-04-08 00:00:00	11108856911-1	Plate		2024-04-16 00:00:00	11108869201	F	27F	1143	NS	Direct_plating		M2	2023	M2	medium	cream	smooth	In_process			HoloRuminant	NR	bovine	NR	37245	Conventional	12	IVY966_59789667_B5.ab1	/Users/nicholas/Library/CloudStorage/OneDrive-SharedLibraries-Queen'sUniversityBelfast/RUMEN Gateway QUB-Scientific_Consortium - Documents/03_Partners_sequences/QUB/ab1_files/IVY966_59789667_B5.ab1	TRUE	PRESENT	338830	2024-04-16T13:51:52	UNAVAILABLE	"PermissionError: [Errno 1] Operation not permitted: ""/Users/nicholas/Library/CloudStorage/OneDrive-SharedLibraries-Queen'sUniversityBelfast/RUMEN Gateway QUB-Scientific_Consortium - Documents/03_Partners_sequences/QUB/ab1_files"""
360	MATCHED_SH_PRIMER_BP	155	sh_id,primer,base_pairs,used_bc	1	1			QUB	SH_0475	SH_ID	SH_0475	QUB_0444	QUB_27F_0444	27F	1169	385	Bacteria	RS_GCF_000155955.1	d__Bacteria;p__Bacillota;c__Negativicutes;o__Selenomonadales;f__Selenomonadaceae;g__Mitsuokella;s__Mitsuokella multacida	97.5							1113	DB_00949	Rumen_Gateway	PhD_Theano	missing_maldi	USED	SH_0475	21	>IVY966_B6	>IVY966_59789667_B6	2024-04-08 00:00:00	11108856911-1	Plate		2024-04-16 00:00:00	11108869201	F	27F	1169	B1.4 Box 4	Direct_plating		M2	2023	M2	medium	white shinny with transparent edges	glistening	SH_155			HoloRuminant	NR	bovine	NR	37245	Conventional	12	IVY966_59789667_B6.ab1	/Users/nicholas/Library/CloudStorage/OneDrive-SharedLibraries-Queen'sUniversityBelfast/RUMEN Gateway QUB-Scientific_Consortium - Documents/03_Partners_sequences/QUB/ab1_files/IVY966_59789667_B6.ab1	TRUE	PRESENT	343779	2024-04-16T13:51:52	UNAVAILABLE	"PermissionError: [Errno 1] Operation not permitted: ""/Users/nicholas/Library/CloudStorage/OneDrive-SharedLibraries-Queen'sUniversityBelfast/RUMEN Gateway QUB-Scientific_Consortium - Documents/03_Partners_sequences/QUB/ab1_files"""
361	MATCHED_SH_PRIMER_BP	155	sh_id,primer,base_pairs,used_bc	1	1			QUB	SH_0476	SH_ID	SH_0476	QUB_0445	QUB_27F_0445	27F	1154	386	Bacteria	RS_GCF_009695655.1	d__Bacteria;p__Bacillota;c__Bacilli;o__Erysipelotrichales;f__Coprobacillaceae;g__Sharpea;s__Sharpea porci	97.6							1114	DB_00950	Rumen_Gateway	PhD_Theano	missing_maldi	USED	SH_0476	22	>IVY966_B7	>IVY966_59789667_B7	2024-04-08 00:00:00	11108856911-1	Plate		2024-04-16 00:00:00	11108869201	F	27F	1154	B1.4 Box 4	Direct_plating		M2	2023	M2	medium	white shinny with transparent edges	glistening	SH_117			HoloRuminant	NR	bovine	NR	37245	Conventional	12	IVY966_59789667_B7.ab1	/Users/nicholas/Library/CloudStorage/OneDrive-SharedLibraries-Queen'sUniversityBelfast/RUMEN Gateway QUB-Scientific_Consortium - Documents/03_Partners_sequences/QUB/ab1_files/IVY966_59789667_B7.ab1	TRUE	PRESENT	343344	2024-04-16T13:51:52	UNAVAILABLE	"PermissionError: [Errno 1] Operation not permitted: ""/Users/nicholas/Library/CloudStorage/OneDrive-SharedLibraries-Queen'sUniversityBelfast/RUMEN Gateway QUB-Scientific_Consortium - Documents/03_Partners_sequences/QUB/ab1_files"""
362	MATCHED_SH_PRIMER_BP	155	sh_id,primer,base_pairs,used_bc	1	1			QUB	SH_0477	SH_ID	SH_0477	QUB_0446	QUB_27F_0446	27F	1210	387	Bacteria	RS_GCF_009695655.1	d__Bacteria;p__Bacillota;c__Bacilli;o__Erysipelotrichales;f__Coprobacillaceae;g__Sharpea;s__Sharpea porci	97.1							1115	DB_00951	Rumen_Gateway	PhD_Theano	missing_maldi	USED	SH_0477	23	>IVY966_B8	>IVY966_59789667_B8	2024-04-08 00:00:00	11108856911-1	Plate		2024-04-16 00:00:00	11108869201	F	27F	1210	B1.4 Box 4	Direct_plating		M2	2023	M2	medium	white shinny with transparent edges	glistening	In_process			HoloRuminant	NR	bovine	NR	37245	Conventional	12	IVY966_59789667_B8.ab1	/Users/nicholas/Library/CloudStorage/OneDrive-SharedLibraries-Queen'sUniversityBelfast/RUMEN Gateway QUB-Scientific_Consortium - Documents/03_Partners_sequences/QUB/ab1_files/IVY966_59789667_B8.ab1	TRUE	PRESENT	343699	2024-04-16T13:51:52	UNAVAILABLE	"PermissionError: [Errno 1] Operation not permitted: ""/Users/nicholas/Library/CloudStorage/OneDrive-SharedLibraries-Queen'sUniversityBelfast/RUMEN Gateway QUB-Scientific_Consortium - Documents/03_Partners_sequences/QUB/ab1_files"""
363	MATCHED_SH_PRIMER_BP	155	sh_id,primer,base_pairs,used_bc	1	1			QUB	SH_0478	SH_ID	SH_0478	QUB_0447	QUB_27F_0447	27F	998	388	Bacteria	RS_GCF_009695655.1	d__Bacteria;p__Bacillota;c__Bacilli;o__Erysipelotrichales;f__Coprobacillaceae;g__Sharpea;s__Sharpea porci	97.6							1116	DB_00952	Rumen_Gateway	PhD_Theano	missing_maldi	USED	SH_0478	24	>IVY966_B9	>IVY966_59789667_B9	2024-04-08 00:00:00	11108856911-1	Plate		2024-04-16 00:00:00	11108869201	F	27F	998	B1.4 Box 4	Direct_plating		M2	2023	M2	medium	white with transparent edges	smooth	In_process			HoloRuminant	NR	bovine	NR	37245	Conventional	12	IVY966_59789667_B9.ab1	/Users/nicholas/Library/CloudStorage/OneDrive-SharedLibraries-Queen'sUniversityBelfast/RUMEN Gateway QUB-Scientific_Consortium - Documents/03_Partners_sequences/QUB/ab1_files/IVY966_59789667_B9.ab1	TRUE	PRESENT	337926	2024-04-16T13:51:52	UNAVAILABLE	"PermissionError: [Errno 1] Operation not permitted: ""/Users/nicholas/Library/CloudStorage/OneDrive-SharedLibraries-Queen'sUniversityBelfast/RUMEN Gateway QUB-Scientific_Consortium - Documents/03_Partners_sequences/QUB/ab1_files"""
364	MATCHED_SH_PRIMER_BP	155	sh_id,primer,base_pairs,used_bc	1	1			QUB	SH_0479	SH_ID	SH_0479	QUB_0437	QUB_27F_0437	27F	1177	389	Bacteria	RS_GCF_033971885.1	d__Bacteria;p__Bacillota;c__Bacilli;o__Erysipelotrichales;f__Erysipelotrichaceae;g__Absicoccus;s__Absicoccus intestinalis	96.8							1117	DB_00953	Rumen_Gateway	PhD_Theano	missing_maldi	USED	SH_0479	25	>IVY966_B10	>IVY966_59789667_B10	2024-04-08 00:00:00	11108856911-1	Plate		2024-04-16 00:00:00	11108869201	F	27F	1177	B1.4 Box 4	Direct_plating		M2	2023	M2	medium	white cream	glistening	In_process			HoloRuminant	NR	bovine	NR	37245	Conventional	12	IVY966_59789667_B10.ab1	/Users/nicholas/Library/CloudStorage/OneDrive-SharedLibraries-Queen'sUniversityBelfast/RUMEN Gateway QUB-Scientific_Consortium - Documents/03_Partners_sequences/QUB/ab1_files/IVY966_59789667_B10.ab1	TRUE	PRESENT	340954	2024-04-16T13:51:52	UNAVAILABLE	"PermissionError: [Errno 1] Operation not permitted: ""/Users/nicholas/Library/CloudStorage/OneDrive-SharedLibraries-Queen'sUniversityBelfast/RUMEN Gateway QUB-Scientific_Consortium - Documents/03_Partners_sequences/QUB/ab1_files"""
365	MATCHED_SH_PRIMER_BP	155	sh_id,primer,base_pairs,used_bc	1	1			QUB	SH_0480	SH_ID	SH_0480	QUB_0438	QUB_27F_0438	27F	912	390	Bacteria	RS_GCF_033971885.1	d__Bacteria;p__Bacillota;c__Bacilli;o__Erysipelotrichales;f__Erysipelotrichaceae;g__Absicoccus;s__Absicoccus intestinalis	97.7							1118	DB_00954	Rumen_Gateway	PhD_Theano	missing_maldi	USED	SH_0480	26	>IVY966_B11	>IVY966_59789667_B11	2024-04-08 00:00:00	11108856911-1	Plate		2024-04-16 00:00:00	11108869201	F	27F	912	B1.4 Box 4	Direct_plating		M2	2023	M2	medium	white shinny	glistening	In_process			HoloRuminant	NR	bovine	NR	37245	Conventional	12	IVY966_59789667_B11.ab1	/Users/nicholas/Library/CloudStorage/OneDrive-SharedLibraries-Queen'sUniversityBelfast/RUMEN Gateway QUB-Scientific_Consortium - Documents/03_Partners_sequences/QUB/ab1_files/IVY966_59789667_B11.ab1	TRUE	PRESENT	337335	2024-04-16T13:51:52	UNAVAILABLE	"PermissionError: [Errno 1] Operation not permitted: ""/Users/nicholas/Library/CloudStorage/OneDrive-SharedLibraries-Queen'sUniversityBelfast/RUMEN Gateway QUB-Scientific_Consortium - Documents/03_Partners_sequences/QUB/ab1_files"""
366	MATCHED_SH_PRIMER_BP	155	sh_id,primer,base_pairs,used_bc	1	1			QUB	SH_0481	SH_ID	SH_0481	QUB_0439	QUB_27F_0439	27F	1176	391	Bacteria	RS_GCF_033971885.1	d__Bacteria;p__Bacillota;c__Bacilli;o__Erysipelotrichales;f__Erysipelotrichaceae;g__Absicoccus;s__Absicoccus intestinalis	97.3							1119	DB_00955	Rumen_Gateway	PhD_Theano	missing_maldi	USED	SH_0481	27	>IVY966_B12	>IVY966_59789667_B12	2024-04-08 00:00:00	11108856911-1	Plate		2024-04-16 00:00:00	11108869201	F	27F	1176	C1.1 Box 1	Direct_plating		M2	2023	M2	small	cream	smooth	In_process			HoloRuminant	NR	bovine	NR	37245	Conventional	12	IVY966_59789667_B12.ab1	/Users/nicholas/Library/CloudStorage/OneDrive-SharedLibraries-Queen'sUniversityBelfast/RUMEN Gateway QUB-Scientific_Consortium - Documents/03_Partners_sequences/QUB/ab1_files/IVY966_59789667_B12.ab1	TRUE	PRESENT	331345	2024-04-16T13:51:52	UNAVAILABLE	"PermissionError: [Errno 1] Operation not permitted: ""/Users/nicholas/Library/CloudStorage/OneDrive-SharedLibraries-Queen'sUniversityBelfast/RUMEN Gateway QUB-Scientific_Consortium - Documents/03_Partners_sequences/QUB/ab1_files"""
367	MATCHED_SH_PRIMER_BP	155	sh_id,primer,base_pairs,used_bc	1	1			QUB	SH_0482	SH_ID	SH_0482	QUB_0448	QUB_27F_0448	27F	1169	392	Bacteria	RS_GCF_009695655.1	d__Bacteria;p__Bacillota;c__Bacilli;o__Erysipelotrichales;f__Coprobacillaceae;g__Sharpea;s__Sharpea porci	97.5							1120	DB_00956	Rumen_Gateway	PhD_Theano	missing_maldi	USED	SH_0482	28	>IVY966_C1	>IVY966_59789667_C1	2024-04-08 00:00:00	11108856911-1	Plate		2024-04-16 00:00:00	11108869201	F	27F	1169	C1.1 Box 1	Direct_plating		M2	2023	M2	big	white with cream edges	glistening	In_process			HoloRuminant	NR	bovine	NR	37245	Conventional	12	IVY966_59789667_C1.ab1	/Users/nicholas/Library/CloudStorage/OneDrive-SharedLibraries-Queen'sUniversityBelfast/RUMEN Gateway QUB-Scientific_Consortium - Documents/03_Partners_sequences/QUB/ab1_files/IVY966_59789667_C1.ab1	TRUE	PRESENT	338079	2024-04-16T13:51:52	UNAVAILABLE	"PermissionError: [Errno 1] Operation not permitted: ""/Users/nicholas/Library/CloudStorage/OneDrive-SharedLibraries-Queen'sUniversityBelfast/RUMEN Gateway QUB-Scientific_Consortium - Documents/03_Partners_sequences/QUB/ab1_files"""
368	MATCHED_SH_PRIMER_BP	155	sh_id,primer,base_pairs,used_bc	1	1			QUB	SH_0483	SH_ID	SH_0483	QUB_0449	QUB_27F_0449	27F	1172	393	Bacteria	RS_GCF_009695655.1	d__Bacteria;p__Bacillota;c__Bacilli;o__Erysipelotrichales;f__Coprobacillaceae;g__Sharpea;s__Sharpea porci	97.6							1121	DB_00957	Rumen_Gateway	PhD_Theano	missing_maldi	USED	SH_0483	29	>IVY966_C2	>IVY966_59789667_C2	2024-04-08 00:00:00	11108856911-1	Plate		2024-04-16 00:00:00	11108869201	F	27F	1172	C1.1 Box 1	Direct_plating		M2	2023	M2	big	white with cream edges	glistening	SH_595			HoloRuminant	NR	bovine	NR	37245	Conventional	12	IVY966_59789667_C2.ab1	/Users/nicholas/Library/CloudStorage/OneDrive-SharedLibraries-Queen'sUniversityBelfast/RUMEN Gateway QUB-Scientific_Consortium - Documents/03_Partners_sequences/QUB/ab1_files/IVY966_59789667_C2.ab1	TRUE	PRESENT	342886	2024-04-16T13:51:52	UNAVAILABLE	"PermissionError: [Errno 1] Operation not permitted: ""/Users/nicholas/Library/CloudStorage/OneDrive-SharedLibraries-Queen'sUniversityBelfast/RUMEN Gateway QUB-Scientific_Consortium - Documents/03_Partners_sequences/QUB/ab1_files"""
369	MATCHED_SH_PRIMER_BP	155	sh_id,primer,base_pairs,used_bc	1	1			QUB	SH_0484	SH_ID	SH_0484	QUB_0450	QUB_27F_0450	27F	1142	394	Bacteria	RS_GCF_009695655.1	d__Bacteria;p__Bacillota;c__Bacilli;o__Erysipelotrichales;f__Coprobacillaceae;g__Sharpea;s__Sharpea porci	97.4							1122	DB_00958	Rumen_Gateway	PhD_Theano	missing_maldi	USED	SH_0484	30	>IVY966_C3	>IVY966_59789667_C3	2024-04-08 00:00:00	11108856911-1	Plate		2024-04-16 00:00:00	11108869201	F	27F	1142	C1.1 Box 1	Direct_plating		M2	2023	M2	big	white with cream edges	glistening	In_process			HoloRuminant	NR	bovine	NR	37245	Conventional	12	IVY966_59789667_C3.ab1	/Users/nicholas/Library/CloudStorage/OneDrive-SharedLibraries-Queen'sUniversityBelfast/RUMEN Gateway QUB-Scientific_Consortium - Documents/03_Partners_sequences/QUB/ab1_files/IVY966_59789667_C3.ab1	TRUE	PRESENT	343209	2024-04-16T13:51:52	UNAVAILABLE	"PermissionError: [Errno 1] Operation not permitted: ""/Users/nicholas/Library/CloudStorage/OneDrive-SharedLibraries-Queen'sUniversityBelfast/RUMEN Gateway QUB-Scientific_Consortium - Documents/03_Partners_sequences/QUB/ab1_files"""
370	MATCHED_SH_PRIMER_BP	155	sh_id,primer,base_pairs,used_bc	1	1			QUB	SH_0485	SH_ID	SH_0485	QUB_0451	QUB_27F_0451	27F	1149	395	Bacteria	RS_GCF_009695655.1	d__Bacteria;p__Bacillota;c__Bacilli;o__Erysipelotrichales;f__Coprobacillaceae;g__Sharpea;s__Sharpea porci	97.6							1123	DB_00959	Rumen_Gateway	PhD_Theano	missing_maldi	USED	SH_0485	31	>IVY966_C4	>IVY966_59789667_C4	2024-04-08 00:00:00	11108856911-1	Plate		2024-04-16 00:00:00	11108869201	F	27F	1149	C1.1 Box 1	Direct_plating		M2	2023	M2	big	white with cream edges	glistening	In_process			HoloRuminant	NR	bovine	NR	37245	Conventional	12	IVY966_59789667_C4.ab1	/Users/nicholas/Library/CloudStorage/OneDrive-SharedLibraries-Queen'sUniversityBelfast/RUMEN Gateway QUB-Scientific_Consortium - Documents/03_Partners_sequences/QUB/ab1_files/IVY966_59789667_C4.ab1	TRUE	PRESENT	344880	2024-04-16T13:51:52	UNAVAILABLE	"PermissionError: [Errno 1] Operation not permitted: ""/Users/nicholas/Library/CloudStorage/OneDrive-SharedLibraries-Queen'sUniversityBelfast/RUMEN Gateway QUB-Scientific_Consortium - Documents/03_Partners_sequences/QUB/ab1_files"""
371	MATCHED_SH_PRIMER_BP	155	sh_id,primer,base_pairs,used_bc	1	1			QUB	SH_0486	SH_ID	SH_0486	QUB_0452	QUB_27F_0452	27F	1222	396	Bacteria	RS_GCF_009695655.1	d__Bacteria;p__Bacillota;c__Bacilli;o__Erysipelotrichales;f__Coprobacillaceae;g__Sharpea;s__Sharpea porci	94.8							1124	DB_00960	Rumen_Gateway	PhD_Theano	missing_maldi	USED	SH_0486	32	>IVY966_C5	>IVY966_59789667_C5	2024-04-08 00:00:00	11108856911-1	Plate		2024-04-16 00:00:00	11108869201	F	27F	1222	C1.1 Box 1	Direct_plating		M2	2023	M2	big	white with cream edges	glistening	In_process			HoloRuminant	NR	bovine	NR	37245	Conventional	12	IVY966_59789667_C5.ab1	/Users/nicholas/Library/CloudStorage/OneDrive-SharedLibraries-Queen'sUniversityBelfast/RUMEN Gateway QUB-Scientific_Consortium - Documents/03_Partners_sequences/QUB/ab1_files/IVY966_59789667_C5.ab1	TRUE	PRESENT	350388	2024-04-16T13:51:52	UNAVAILABLE	"PermissionError: [Errno 1] Operation not permitted: ""/Users/nicholas/Library/CloudStorage/OneDrive-SharedLibraries-Queen'sUniversityBelfast/RUMEN Gateway QUB-Scientific_Consortium - Documents/03_Partners_sequences/QUB/ab1_files"""
372	MATCHED_SH_PRIMER_BP	155	sh_id,primer,base_pairs,used_bc	1	1			QUB	SH_0487	SH_ID	SH_0487	QUB_0453	QUB_27F_0453	27F	1142	397	Bacteria	RS_GCF_009695655.1	d__Bacteria;p__Bacillota;c__Bacilli;o__Erysipelotrichales;f__Coprobacillaceae;g__Sharpea;s__Sharpea porci	97.4							1125	DB_00961	Rumen_Gateway	PhD_Theano	missing_maldi	USED	SH_0487	33	>IVY966_C6	>IVY966_59789667_C6	2024-04-08 00:00:00	11108856911-1	Plate		2024-04-16 00:00:00	11108869201	F	27F	1142	C1.1 Box 1	Direct_plating		M2	2023	M2	big	white with cream edges	glistening	In_process			HoloRuminant	NR	bovine	NR	37245	Conventional	12	IVY966_59789667_C6.ab1	/Users/nicholas/Library/CloudStorage/OneDrive-SharedLibraries-Queen'sUniversityBelfast/RUMEN Gateway QUB-Scientific_Consortium - Documents/03_Partners_sequences/QUB/ab1_files/IVY966_59789667_C6.ab1	TRUE	PRESENT	344242	2024-04-16T13:51:52	UNAVAILABLE	"PermissionError: [Errno 1] Operation not permitted: ""/Users/nicholas/Library/CloudStorage/OneDrive-SharedLibraries-Queen'sUniversityBelfast/RUMEN Gateway QUB-Scientific_Consortium - Documents/03_Partners_sequences/QUB/ab1_files"""
373	MATCHED_SH_PRIMER_BP	155	sh_id,primer,base_pairs,used_bc	1	1			QUB	SH_0488	SH_ID	SH_0488	QUB_0454	QUB_27F_0454	27F	1111	398	Bacteria	RS_GCF_009695655.1	d__Bacteria;p__Bacillota;c__Bacilli;o__Erysipelotrichales;f__Coprobacillaceae;g__Sharpea;s__Sharpea porci	97.6				MWL9			1126	DB_00962	Rumen_Gateway	PhD_Theano	missing_maldi	USED	SH_0488	34	>IVY966_C7	>IVY966_59789667_C7	2024-04-08 00:00:00	11108856911-1	Plate		2024-04-16 00:00:00	11108869201	F	27F	1111	C1.1 Box 1	Direct_plating		M2	2023	M2	medium	cream and cloudy	smooth	In_process			HoloRuminant	NR	bovine	NR	37352	Conventional	12	IVY966_59789667_C7.ab1	/Users/nicholas/Library/CloudStorage/OneDrive-SharedLibraries-Queen'sUniversityBelfast/RUMEN Gateway QUB-Scientific_Consortium - Documents/03_Partners_sequences/QUB/ab1_files/IVY966_59789667_C7.ab1	TRUE	PRESENT	345199	2024-04-16T13:51:52	UNAVAILABLE	"PermissionError: [Errno 1] Operation not permitted: ""/Users/nicholas/Library/CloudStorage/OneDrive-SharedLibraries-Queen'sUniversityBelfast/RUMEN Gateway QUB-Scientific_Consortium - Documents/03_Partners_sequences/QUB/ab1_files"""
374	MATCHED_SH_PRIMER_BP	155	sh_id,primer,base_pairs,used_bc	1	1			QUB	SH_0489	SH_ID	SH_0489	QUB_0455	QUB_27F_0455	27F	1111	399	Bacteria	RS_GCF_000155955.1	d__Bacteria;p__Bacillota;c__Negativicutes;o__Selenomonadales;f__Selenomonadaceae;g__Mitsuokella;s__Mitsuokella multacida	96.9				MWL9			1127	DB_00963	Rumen_Gateway	PhD_Theano	missing_maldi	USED	SH_0489	35	>IVY966_C8	>IVY966_59789667_C8	2024-04-08 00:00:00	11108856911-1	Plate		2024-04-16 00:00:00	11108869201	F	27F	1111	C1.1 Box 1	Direct_plating		M2	2023	M2	big	cream with white shinny centre	smooth	In_process			HoloRuminant	NR	bovine	NR	37352	Conventional	12	IVY966_59789667_C8.ab1	/Users/nicholas/Library/CloudStorage/OneDrive-SharedLibraries-Queen'sUniversityBelfast/RUMEN Gateway QUB-Scientific_Consortium - Documents/03_Partners_sequences/QUB/ab1_files/IVY966_59789667_C8.ab1	TRUE	PRESENT	343021	2024-04-16T13:51:52	UNAVAILABLE	"PermissionError: [Errno 1] Operation not permitted: ""/Users/nicholas/Library/CloudStorage/OneDrive-SharedLibraries-Queen'sUniversityBelfast/RUMEN Gateway QUB-Scientific_Consortium - Documents/03_Partners_sequences/QUB/ab1_files"""
375	MATCHED_SH_PRIMER_BP	155	sh_id,primer,base_pairs,used_bc	3	1		row=1134|db=DB_01733|short=KCX851|fasta=KCX851_68358519_68358519|primer=27F|bp=467|score=130|reasons=sh_id,primer,used_bc; row=1133|db=DB_01722|short=JTQ776|fasta=JTQ776_65947761_65947761|primer=1492R|bp=980|score=105|reasons=sh_id,used_bc	QUB	SH_0494	SH_ID	SH_0494	QUB_0456	QUB_27F_0456	27F	629	400	Bacteria	RS_GCF_009695655.1	d__Bacteria;p__Bacillota;c__Bacilli;o__Erysipelotrichales;f__Coprobacillaceae;g__Sharpea;s__Sharpea porci	94.6							1132	DB_00968	Rumen_Gateway	PhD_Theano	missing_maldi	USED	SH_0494	40	>IVY966_D1	>IVY966_59789667_D1	2024-04-08 00:00:00	11108856911-1	Plate		2024-04-16 00:00:00	11108869201	F	27F	629	C1.1 Box 1	Direct_plating		M2	2023	M2	big	shinny white centre and cream edges, more dense centre	glistening	SH_155			HoloRuminant	NR	bovine	NR	37352	Conventional	12	IVY966_59789667_D1.ab1	/Users/nicholas/Library/CloudStorage/OneDrive-SharedLibraries-Queen'sUniversityBelfast/RUMEN Gateway QUB-Scientific_Consortium - Documents/03_Partners_sequences/QUB/ab1_files/IVY966_59789667_D1.ab1	TRUE	PRESENT	333257	2024-04-16T13:51:52	UNAVAILABLE	"PermissionError: [Errno 1] Operation not permitted: ""/Users/nicholas/Library/CloudStorage/OneDrive-SharedLibraries-Queen'sUniversityBelfast/RUMEN Gateway QUB-Scientific_Consortium - Documents/03_Partners_sequences/QUB/ab1_files"""
376	MATCHED_SH_PRIMER_BP	155	sh_id,primer,base_pairs,used_bc	1	1			QUB	SH_0496	SH_ID	SH_0496	QUB_0460	QUB_27F_0460	27F	651	401	Bacteria	RS_GCF_025567465.1	d__Bacteria;p__Bacillota;c__Clostridia;o__Lachnospirales;f__Lachnospiraceae;g__Roseburia_C;s__Roseburia_C amylophila	98.8							1136	DB_00970	Rumen_Gateway	PhD_Theano	missing_maldi	USED	SH_0496	42	>IVY966_D3	>IVY966_59789667_D3	2024-04-08 00:00:00	11108856911-1	Plate		2024-04-16 00:00:00	11108869201	F	27F	651	C1.1 Box 2	Direct_plating		M2	2023	M2	medium	shinny white centre and cream edges, more dense centre	glistening	In_process			HoloRuminant	NR	bovine	NR	37352	Conventional	12	IVY966_59789667_D3.ab1	/Users/nicholas/Library/CloudStorage/OneDrive-SharedLibraries-Queen'sUniversityBelfast/RUMEN Gateway QUB-Scientific_Consortium - Documents/03_Partners_sequences/QUB/ab1_files/IVY966_59789667_D3.ab1	TRUE	PRESENT	343186	2024-04-16T13:51:52	UNAVAILABLE	"PermissionError: [Errno 1] Operation not permitted: ""/Users/nicholas/Library/CloudStorage/OneDrive-SharedLibraries-Queen'sUniversityBelfast/RUMEN Gateway QUB-Scientific_Consortium - Documents/03_Partners_sequences/QUB/ab1_files"""
377	MATCHED_SH_PRIMER_BP	155	sh_id,primer,base_pairs,used_bc	1	1			QUB	SH_0499	SH_ID	SH_0499	QUB_0461	QUB_27F_0461	27F	1129	402	Bacteria	RS_GCF_009695915.1	d__Bacteria;p__Bacillota;c__Clostridia;o__Peptostreptococcales;f__Anaerovoracaceae;g__Hornefia;s__Hornefia butyriciproducens	99.2							1139	DB_00973	Rumen_Gateway	PhD_Theano	missing_maldi	USED	SH_0499	45	>IVY966_D6	>IVY966_59789667_D6	2024-04-08 00:00:00	11108856911-1	Plate		2024-04-16 00:00:00	11108869201	F	27F	1129	C1.1 Box 2	Direct_plating		M2	2023	M2	medium	cream with transparent edges and white shinny centre	smooth	In_process			HoloRuminant	NR	bovine	NR	37352	Conventional	12	IVY966_59789667_D6.ab1	/Users/nicholas/Library/CloudStorage/OneDrive-SharedLibraries-Queen'sUniversityBelfast/RUMEN Gateway QUB-Scientific_Consortium - Documents/03_Partners_sequences/QUB/ab1_files/IVY966_59789667_D6.ab1	TRUE	PRESENT	347951	2024-04-16T13:51:52	UNAVAILABLE	"PermissionError: [Errno 1] Operation not permitted: ""/Users/nicholas/Library/CloudStorage/OneDrive-SharedLibraries-Queen'sUniversityBelfast/RUMEN Gateway QUB-Scientific_Consortium - Documents/03_Partners_sequences/QUB/ab1_files"""
378	MATCHED_SH_PRIMER_BP	155	sh_id,primer,base_pairs,used_bc	1	1			QUB	SH_0500	SH_ID	SH_0500	QUB_0462	QUB_27F_0462	27F	996	403	Bacteria	RS_GCF_009695655.1	d__Bacteria;p__Bacillota;c__Bacilli;o__Erysipelotrichales;f__Coprobacillaceae;g__Sharpea;s__Sharpea porci	97.5							1140	DB_00974	Rumen_Gateway	PhD_Theano	missing_maldi	USED	SH_0500	46	>IVY966_D7	>IVY966_59789667_D7	2024-04-08 00:00:00	11108856911-1	Plate		2024-04-16 00:00:00	11108869201	F	27F	996	C1.1 Box 2	Direct_plating		M2	2023	M2	medium	cream with transparent edges and white shinny centre	smooth	In_process			HoloRuminant	NR	bovine	NR	37352	Conventional	12	IVY966_59789667_D7.ab1	/Users/nicholas/Library/CloudStorage/OneDrive-SharedLibraries-Queen'sUniversityBelfast/RUMEN Gateway QUB-Scientific_Consortium - Documents/03_Partners_sequences/QUB/ab1_files/IVY966_59789667_D7.ab1	TRUE	PRESENT	346888	2024-04-16T13:51:52	UNAVAILABLE	"PermissionError: [Errno 1] Operation not permitted: ""/Users/nicholas/Library/CloudStorage/OneDrive-SharedLibraries-Queen'sUniversityBelfast/RUMEN Gateway QUB-Scientific_Consortium - Documents/03_Partners_sequences/QUB/ab1_files"""
379	MATCHED_SH_PRIMER_BP	155	sh_id,primer,base_pairs,used_bc	1	1			QUB	SH_0501	SH_ID	SH_0501	QUB_0463	QUB_27F_0463	27F	1183	404	Bacteria	RS_GCF_009695655.1	d__Bacteria;p__Bacillota;c__Bacilli;o__Erysipelotrichales;f__Coprobacillaceae;g__Sharpea;s__Sharpea porci	97.5							1141	DB_00975	Rumen_Gateway	PhD_Theano	missing_maldi	USED	SH_0501	47	>IVY966_D8	>IVY966_59789667_D8	2024-04-08 00:00:00	11108856911-1	Plate		2024-04-16 00:00:00	11108869201	F	27F	1183	C1.1 Box 2	Direct_plating		M2	2023	M2	medium	cream with transparent edges and white shinny centre	smooth	SH_155			HoloRuminant	NR	bovine	NR	37352	Conventional	12	IVY966_59789667_D8.ab1	/Users/nicholas/Library/CloudStorage/OneDrive-SharedLibraries-Queen'sUniversityBelfast/RUMEN Gateway QUB-Scientific_Consortium - Documents/03_Partners_sequences/QUB/ab1_files/IVY966_59789667_D8.ab1	TRUE	PRESENT	344781	2024-04-16T13:51:54	UNAVAILABLE	"PermissionError: [Errno 1] Operation not permitted: ""/Users/nicholas/Library/CloudStorage/OneDrive-SharedLibraries-Queen'sUniversityBelfast/RUMEN Gateway QUB-Scientific_Consortium - Documents/03_Partners_sequences/QUB/ab1_files"""
380	MATCHED_SH_PRIMER_BP	155	sh_id,primer,base_pairs,used_bc	1	1			QUB	SH_0502	SH_ID	SH_0502	QUB_0464	QUB_27F_0464	27F	626	405	Bacteria	RS_GCF_009695655.1	d__Bacteria;p__Bacillota;c__Bacilli;o__Erysipelotrichales;f__Coprobacillaceae;g__Sharpea;s__Sharpea porci	97.4							1142	DB_00976	Rumen_Gateway	PhD_Theano	missing_maldi	USED	SH_0502	48	>IVY966_D9	>IVY966_59789667_D9	2024-04-08 00:00:00	11108856911-1	Plate		2024-04-16 00:00:00	11108869201	F	27F	626	C1.1 Box 2	Direct_plating		M2	2023	M2	medium	cream with transparent edges and white shinny centre	smooth	In_process			HoloRuminant	NR	bovine	NR	37352	Conventional	12	IVY966_59789667_D9.ab1	/Users/nicholas/Library/CloudStorage/OneDrive-SharedLibraries-Queen'sUniversityBelfast/RUMEN Gateway QUB-Scientific_Consortium - Documents/03_Partners_sequences/QUB/ab1_files/IVY966_59789667_D9.ab1	TRUE	PRESENT	346964	2024-04-16T13:51:54	UNAVAILABLE	"PermissionError: [Errno 1] Operation not permitted: ""/Users/nicholas/Library/CloudStorage/OneDrive-SharedLibraries-Queen'sUniversityBelfast/RUMEN Gateway QUB-Scientific_Consortium - Documents/03_Partners_sequences/QUB/ab1_files"""
381	MATCHED_SH_PRIMER_BP	155	sh_id,primer,base_pairs,used_bc	1	1			QUB	SH_0503	SH_ID	SH_0503	QUB_0457	QUB_27F_0457	27F	1180	406	Bacteria	RS_GCF_000155955.1	d__Bacteria;p__Bacillota;c__Negativicutes;o__Selenomonadales;f__Selenomonadaceae;g__Mitsuokella;s__Mitsuokella multacida	97.4				MWL6			1143	DB_00977	Rumen_Gateway	PhD_Theano	missing_maldi	USED	SH_0503	49	>IVY966_D10	>IVY966_59789667_D10	2024-04-08 00:00:00	11108856911-1	Plate		2024-04-16 00:00:00	11108869201	F	27F	1180	C1.1 Box 2	Direct_plating		M2	2023	M2	medium	grey with cream centre	glistening	added to library			HoloRuminant	NR	bovine	NR	37352	Conventional	12	IVY966_59789667_D10.ab1	/Users/nicholas/Library/CloudStorage/OneDrive-SharedLibraries-Queen'sUniversityBelfast/RUMEN Gateway QUB-Scientific_Consortium - Documents/03_Partners_sequences/QUB/ab1_files/IVY966_59789667_D10.ab1	TRUE	PRESENT	342405	2024-04-16T13:51:52	UNAVAILABLE	"PermissionError: [Errno 1] Operation not permitted: ""/Users/nicholas/Library/CloudStorage/OneDrive-SharedLibraries-Queen'sUniversityBelfast/RUMEN Gateway QUB-Scientific_Consortium - Documents/03_Partners_sequences/QUB/ab1_files"""
382	MATCHED_SH_PRIMER_BP	155	sh_id,primer,base_pairs,used_bc	1	1			QUB	SH_0504	SH_ID	SH_0504	QUB_0458	QUB_27F_0458	27F	1133	407	Bacteria	RS_GCF_009695655.1	d__Bacteria;p__Bacillota;c__Bacilli;o__Erysipelotrichales;f__Coprobacillaceae;g__Sharpea;s__Sharpea porci	96				MWL6			1144	DB_00978	Rumen_Gateway	PhD_Theano	missing_maldi	USED	SH_0504	50	>IVY966_D11	>IVY966_59789667_D11	2024-04-08 00:00:00	11108856911-1	Plate		2024-04-16 00:00:00	11108869201	F	27F	1133	C1.1 Box 2	Direct_plating		M2	2023	M2	medium	cream	glistening	added to library			HoloRuminant	NR	bovine	NR	37352	Conventional	12	IVY966_59789667_D11.ab1	/Users/nicholas/Library/CloudStorage/OneDrive-SharedLibraries-Queen'sUniversityBelfast/RUMEN Gateway QUB-Scientific_Consortium - Documents/03_Partners_sequences/QUB/ab1_files/IVY966_59789667_D11.ab1	TRUE	PRESENT	335341	2024-04-16T13:51:52	UNAVAILABLE	"PermissionError: [Errno 1] Operation not permitted: ""/Users/nicholas/Library/CloudStorage/OneDrive-SharedLibraries-Queen'sUniversityBelfast/RUMEN Gateway QUB-Scientific_Consortium - Documents/03_Partners_sequences/QUB/ab1_files"""
383	MATCHED_SH_PRIMER_BP	155	sh_id,primer,base_pairs,used_bc	1	1			QUB	SH_0505	SH_ID	SH_0505	QUB_0459	QUB_27F_0459	27F	1189	408	Bacteria	RS_GCF_025567465.1	d__Bacteria;p__Bacillota;c__Clostridia;o__Lachnospirales;f__Lachnospiraceae;g__Roseburia_C;s__Roseburia_C amylophila	98.6							1145	DB_00979	Rumen_Gateway	PhD_Theano	missing_maldi	USED	SH_0505	51	>IVY966_D12	>IVY966_59789667_D12	2024-04-08 00:00:00	11108856911-1	Plate		2024-04-16 00:00:00	11108869201	F	27F	1189	C1.1 Box 2	Direct_plating		M2	2023	M2	small	shinny white	glistening	added to library			HoloRuminant	NR	bovine	NR	37352	Conventional	12	IVY966_59789667_D12.ab1	/Users/nicholas/Library/CloudStorage/OneDrive-SharedLibraries-Queen'sUniversityBelfast/RUMEN Gateway QUB-Scientific_Consortium - Documents/03_Partners_sequences/QUB/ab1_files/IVY966_59789667_D12.ab1	TRUE	PRESENT	332518	2024-04-16T13:51:52	UNAVAILABLE	"PermissionError: [Errno 1] Operation not permitted: ""/Users/nicholas/Library/CloudStorage/OneDrive-SharedLibraries-Queen'sUniversityBelfast/RUMEN Gateway QUB-Scientific_Consortium - Documents/03_Partners_sequences/QUB/ab1_files"""
384	MATCHED_SH_PRIMER_BP	155	sh_id,primer,base_pairs,used_bc	1	1			QUB	SH_0506	SH_ID	SH_0506	QUB_0465	QUB_27F_0465	27F	1164	409	Bacteria	RS_GCF_020564355.1	d__Bacteria;p__Bacillota;c__Clostridia;o__Lachnospirales;f__Lachnospiraceae;g__Lachnospira;s__Lachnospira sp000437735	93							1146	DB_00980	Rumen_Gateway	PhD_Theano	missing_maldi	USED	SH_0506	52	>IVY966_E1	>IVY966_59789667_E1	2024-04-08 00:00:00	11108856911-1	Plate		2024-04-16 00:00:00	11108869201	F	27F	1164	C1.1 Box 2	Direct_plating		M2	2023	M2	big	cream with white dots and hinny white centre	glistening	In_process			HoloRuminant	NR	bovine	NR	37352	Conventional	12	IVY966_59789667_E1.ab1	/Users/nicholas/Library/CloudStorage/OneDrive-SharedLibraries-Queen'sUniversityBelfast/RUMEN Gateway QUB-Scientific_Consortium - Documents/03_Partners_sequences/QUB/ab1_files/IVY966_59789667_E1.ab1	TRUE	PRESENT	334046	2024-04-16T13:51:54	UNAVAILABLE	"PermissionError: [Errno 1] Operation not permitted: ""/Users/nicholas/Library/CloudStorage/OneDrive-SharedLibraries-Queen'sUniversityBelfast/RUMEN Gateway QUB-Scientific_Consortium - Documents/03_Partners_sequences/QUB/ab1_files"""
385	MATCHED_SH_PRIMER_BP	155	sh_id,primer,base_pairs,used_bc	1	1			QUB	SH_0509	SH_ID	SH_0509	QUB_0468	QUB_27F_0468	27F	1191	410	Bacteria	RS_GCF_009695655.1	d__Bacteria;p__Bacillota;c__Bacilli;o__Erysipelotrichales;f__Coprobacillaceae;g__Sharpea;s__Sharpea porci	97.4				MWL7			1149	DB_00981	Rumen_Gateway	PhD_Theano	missing_maldi	USED	SH_0509	55	>IVY966_E2	>IVY966_59789667_E2	2024-04-08 00:00:00	11108856911-1	Plate		2024-04-16 00:00:00	11108869201	F	27F	1191	C1.1 Box 2	Direct_plating		M2	2023	M2	small	cream with white centre	smooth	Unknown			HoloRuminant	NR	bovine	NR	37352	Conventional	12	IVY966_59789667_E2.ab1	/Users/nicholas/Library/CloudStorage/OneDrive-SharedLibraries-Queen'sUniversityBelfast/RUMEN Gateway QUB-Scientific_Consortium - Documents/03_Partners_sequences/QUB/ab1_files/IVY966_59789667_E2.ab1	TRUE	PRESENT	340518	2024-04-16T13:51:54	UNAVAILABLE	"PermissionError: [Errno 1] Operation not permitted: ""/Users/nicholas/Library/CloudStorage/OneDrive-SharedLibraries-Queen'sUniversityBelfast/RUMEN Gateway QUB-Scientific_Consortium - Documents/03_Partners_sequences/QUB/ab1_files"""
386	MATCHED_SH_PRIMER_BP	155	sh_id,primer,base_pairs,used_bc	5	1		row=1151|db=DB_01654|short=JTQ708|fasta=JTQ708_65947082_65947082|primer=27F|bp=1110|score=130|reasons=sh_id,primer,used_bc; row=1153|db=DB_01759|short=KCX877|fasta=KCX877_68358779_68358779|primer=27F|bp=1223|score=130|reasons=sh_id,primer,used_bc; row=1152|db=DB_01655|short=JTQ709|fasta=JTQ709_65947099_65947099|primer=1492R|bp=1229|score=105|reasons=sh_id,used_bc; row=1154|db=DB_01760|short=KCX878|fasta=KCX878_68358786_68358786|primer=1492R|bp=1228|score=105|reasons=sh_id,used_bc	QUB	SH_0510	SH_ID	SH_0510	QUB_0469	QUB_27F_0469	27F	1199	411	Bacteria	RS_GCF_009696005.1	d__Bacteria;p__Bacillota;c__Clostridia;o__Lachnospirales;f__Lachnospiraceae;g__Bilifractor;s__Bilifractor porci	95.3				MWL7			1150	DB_00982	Rumen_Gateway	PhD_Theano	missing_maldi	USED	SH_0510	56	>IVY966_E3	>IVY966_59789667_E3	2024-04-08 00:00:00	11108856911-1	Plate		2024-04-16 00:00:00	11108869201	F	27F	1199	C1.1 Box 2	Direct_plating		M2	2023	M2	small	cream with white centre	smooth	added to library			HoloRuminant	NR	bovine	NR	37352	Conventional	12	IVY966_59789667_E3.ab1	/Users/nicholas/Library/CloudStorage/OneDrive-SharedLibraries-Queen'sUniversityBelfast/RUMEN Gateway QUB-Scientific_Consortium - Documents/03_Partners_sequences/QUB/ab1_files/IVY966_59789667_E3.ab1	TRUE	PRESENT	343409	2024-04-16T13:51:54	UNAVAILABLE	"PermissionError: [Errno 1] Operation not permitted: ""/Users/nicholas/Library/CloudStorage/OneDrive-SharedLibraries-Queen'sUniversityBelfast/RUMEN Gateway QUB-Scientific_Consortium - Documents/03_Partners_sequences/QUB/ab1_files"""
387	MATCHED_SH_PRIMER_BP	155	sh_id,primer,base_pairs,used_bc	1	1			QUB	SH_0511	SH_ID	SH_0511	QUB_0470	QUB_27F_0470	27F	655	412	Bacteria	RS_GCF_024433635.1	d__Bacteria;p__Bacillota;c__Clostridia;o__Oscillospirales;f__Acutalibacteraceae;g__UBA7067;s__UBA7067 sp024433635	93.6							1155	DB_00983	Rumen_Gateway	PhD_Theano	missing_maldi	USED	SH_0511	57	>IVY966_E4	>IVY966_59789667_E4	2024-04-08 00:00:00	11108856911-1	Plate		2024-04-16 00:00:00	11108869201	F	27F	655	C1.1 Box 3	Direct_plating		M2	2023	M2	big	cream with shinny white centre	smooth	SH_155			HoloRuminant	NR	bovine	NR	37352	Conventional	12	IVY966_59789667_E4.ab1	/Users/nicholas/Library/CloudStorage/OneDrive-SharedLibraries-Queen'sUniversityBelfast/RUMEN Gateway QUB-Scientific_Consortium - Documents/03_Partners_sequences/QUB/ab1_files/IVY966_59789667_E4.ab1	TRUE	PRESENT	339671	2024-04-16T13:51:54	UNAVAILABLE	"PermissionError: [Errno 1] Operation not permitted: ""/Users/nicholas/Library/CloudStorage/OneDrive-SharedLibraries-Queen'sUniversityBelfast/RUMEN Gateway QUB-Scientific_Consortium - Documents/03_Partners_sequences/QUB/ab1_files"""
388	MATCHED_SH_PRIMER_BP	155	sh_id,primer,base_pairs,used_bc	1	1			QUB	SH_0514	SH_ID	SH_0514	QUB_0471	QUB_27F_0471	27F	652	413	Bacteria	RS_GCF_009695655.1	d__Bacteria;p__Bacillota;c__Bacilli;o__Erysipelotrichales;f__Coprobacillaceae;g__Sharpea;s__Sharpea porci	97.3							1158	DB_00985	Rumen_Gateway	PhD_Theano	missing_maldi	USED	SH_0514	60	>IVY966_E6	>IVY966_59789667_E6	2024-04-08 00:00:00	11108856911-1	Plate		2024-04-16 00:00:00	11108869201	F	27F	652	C1.1 Box 3	Direct_plating		M2	2023	M2	big	transparent with cream dots and cream centre	smooth	SH_155			HoloRuminant	NR	bovine	NR	37352	Conventional	12	IVY966_59789667_E6.ab1	/Users/nicholas/Library/CloudStorage/OneDrive-SharedLibraries-Queen'sUniversityBelfast/RUMEN Gateway QUB-Scientific_Consortium - Documents/03_Partners_sequences/QUB/ab1_files/IVY966_59789667_E6.ab1	TRUE	PRESENT	342664	2024-04-16T13:51:54	UNAVAILABLE	"PermissionError: [Errno 1] Operation not permitted: ""/Users/nicholas/Library/CloudStorage/OneDrive-SharedLibraries-Queen'sUniversityBelfast/RUMEN Gateway QUB-Scientific_Consortium - Documents/03_Partners_sequences/QUB/ab1_files"""
389	MATCHED_SH_PRIMER_BP	155	sh_id,primer,base_pairs,used_bc	1	1			QUB	SH_0516	SH_ID	SH_0516	QUB_0472	QUB_27F_0472	27F	1004	414	Bacteria	RS_GCF_024433635.1	d__Bacteria;p__Bacillota;c__Clostridia;o__Oscillospirales;f__Acutalibacteraceae;g__UBA7067;s__UBA7067 sp024433635	93.9							1160	DB_00987	Rumen_Gateway	PhD_Theano	missing_maldi	USED	SH_0516	62	>IVY966_E8	>IVY966_59789667_E8	2024-04-08 00:00:00	11108856911-1	Plate		2024-04-16 00:00:00	11108869201	F	27F	1004	C1.1 Box 3	Direct_plating		M2	2023	M2	big	cream with white centre and transparent edges	smooth	In_process			HoloRuminant	NR	bovine	NR	37352	Conventional	12	IVY966_59789667_E8.ab1	/Users/nicholas/Library/CloudStorage/OneDrive-SharedLibraries-Queen'sUniversityBelfast/RUMEN Gateway QUB-Scientific_Consortium - Documents/03_Partners_sequences/QUB/ab1_files/IVY966_59789667_E8.ab1	TRUE	PRESENT	344329	2024-04-16T13:51:54	UNAVAILABLE	"PermissionError: [Errno 1] Operation not permitted: ""/Users/nicholas/Library/CloudStorage/OneDrive-SharedLibraries-Queen'sUniversityBelfast/RUMEN Gateway QUB-Scientific_Consortium - Documents/03_Partners_sequences/QUB/ab1_files"""
390	MATCHED_SH_PRIMER_BP	155	sh_id,primer,base_pairs,used_bc	1	1			QUB	SH_0517	SH_ID	SH_0517	QUB_0473	QUB_27F_0473	27F	1000	415	Bacteria	RS_GCF_009695655.1	d__Bacteria;p__Bacillota;c__Bacilli;o__Erysipelotrichales;f__Coprobacillaceae;g__Sharpea;s__Sharpea porci	96.8							1161	DB_00988	Rumen_Gateway	PhD_Theano	missing_maldi	USED	SH_0517	63	>IVY966_E9	>IVY966_59789667_E9	2024-04-08 00:00:00	11108856911-1	Plate		2024-04-16 00:00:00	11108869201	F	27F	1000	C1.1 Box 3	Direct_plating		M2	2023	M2	medium	cream with shinny white centre and transparent edges	smooth	In_process			HoloRuminant	NR	bovine	NR	37352	Conventional	12	IVY966_59789667_E9.ab1	/Users/nicholas/Library/CloudStorage/OneDrive-SharedLibraries-Queen'sUniversityBelfast/RUMEN Gateway QUB-Scientific_Consortium - Documents/03_Partners_sequences/QUB/ab1_files/IVY966_59789667_E9.ab1	TRUE	PRESENT	346651	2024-04-16T13:51:54	UNAVAILABLE	"PermissionError: [Errno 1] Operation not permitted: ""/Users/nicholas/Library/CloudStorage/OneDrive-SharedLibraries-Queen'sUniversityBelfast/RUMEN Gateway QUB-Scientific_Consortium - Documents/03_Partners_sequences/QUB/ab1_files"""
391	MATCHED_SH_PRIMER_BP	155	sh_id,primer,base_pairs,used_bc	5	1		row=1163|db=DB_01506|short=JDP761_C5|fasta=|primer=27F|bp=|score=130|reasons=sh_id,primer,used_bc; row=1165|db=DB_01656|short=JTQ710|fasta=JTQ710_65947105_65947105|primer=27F|bp=1188|score=130|reasons=sh_id,primer,used_bc; row=1164|db=DB_01507|short=JDP761_C6|fasta=|primer=1492R|bp=|score=105|reasons=sh_id,used_bc; row=1166|db=DB_01657|short=JTQ711|fasta=JTQ711_65947112_65947112|primer=1492R|bp=1175|score=105|reasons=sh_id,used_bc	QUB	SH_0518	SH_ID	SH_0518	QUB_0466	QUB_27F_0466	27F	1024	416	Bacteria	RS_GCF_009695655.1	d__Bacteria;p__Bacillota;c__Bacilli;o__Erysipelotrichales;f__Coprobacillaceae;g__Sharpea;s__Sharpea porci	95.3				MWL6			1162	DB_00989	Rumen_Gateway	PhD_Theano	missing_maldi	USED	SH_0518	64	>IVY966_E10	>IVY966_59789667_E10	2024-04-08 00:00:00	11108856911-1	Plate		2024-04-16 00:00:00	11108869201	F	27F	1024	C1.1 Box 3	Direct_plating		M2	2023	M2	small	white with transparent edges	glistening	added to library			HoloRuminant	NR	bovine	NR	37186	Intensive	12	IVY966_59789667_E10.ab1	/Users/nicholas/Library/CloudStorage/OneDrive-SharedLibraries-Queen'sUniversityBelfast/RUMEN Gateway QUB-Scientific_Consortium - Documents/03_Partners_sequences/QUB/ab1_files/IVY966_59789667_E10.ab1	TRUE	PRESENT	343440	2024-04-16T13:51:54	UNAVAILABLE	"PermissionError: [Errno 1] Operation not permitted: ""/Users/nicholas/Library/CloudStorage/OneDrive-SharedLibraries-Queen'sUniversityBelfast/RUMEN Gateway QUB-Scientific_Consortium - Documents/03_Partners_sequences/QUB/ab1_files"""
392	MATCHED_SH_PRIMER_BP	155	sh_id,primer,base_pairs,used_bc	5	1		row=1169|db=DB_01683|short=JTQ737|fasta=JTQ737_65947372_65947372|primer=27F|bp=787|score=130|reasons=sh_id,primer,used_bc; row=1171|db=DB_01749|short=KCX867|fasta=KCX867_68358670_68358670|primer=27F|bp=1206|score=130|reasons=sh_id,primer,used_bc; row=1170|db=DB_01684|short=JTQ738|fasta=JTQ738_65947389_65947389|primer=1492R|bp=659|score=105|reasons=sh_id,used_bc; row=1172|db=DB_01750|short=KCX868|fasta=KCX868_68358687_68358687|primer=1492R|bp=1217|score=105|reasons=sh_id,used_bc	QUB	SH_0520	SH_ID	SH_0520	QUB_0467	QUB_27F_0467	27F	675	417	Bacteria	RS_GCF_009695655.1	d__Bacteria;p__Bacillota;c__Bacilli;o__Erysipelotrichales;f__Coprobacillaceae;g__Sharpea;s__Sharpea porci	95.1				MWL6			1168	DB_00991	Rumen_Gateway	PhD_Theano	missing_maldi	USED	SH_0520	66	>IVY966_E12	>IVY966_59789667_E12	2024-04-08 00:00:00	11108856911-1	Plate		2024-04-16 00:00:00	11108869201	F	27F	675	C1.1 Box 3	Direct_plating		M2	2023	M2	small	grey with yellow centre and transparent edges	glistening	added to library			HoloRuminant	NR	bovine	NR	37186	Intensive	12	IVY966_59789667_E12.ab1	/Users/nicholas/Library/CloudStorage/OneDrive-SharedLibraries-Queen'sUniversityBelfast/RUMEN Gateway QUB-Scientific_Consortium - Documents/03_Partners_sequences/QUB/ab1_files/IVY966_59789667_E12.ab1	TRUE	PRESENT	334259	2024-04-16T13:51:54	UNAVAILABLE	"PermissionError: [Errno 1] Operation not permitted: ""/Users/nicholas/Library/CloudStorage/OneDrive-SharedLibraries-Queen'sUniversityBelfast/RUMEN Gateway QUB-Scientific_Consortium - Documents/03_Partners_sequences/QUB/ab1_files"""
393	MATCHED_SH_PRIMER_BP	155	sh_id,primer,base_pairs,used_bc	1	1			QUB	SH_0521	SH_ID	SH_0521	QUB_0474	QUB_27F_0474	27F	1164	418	Bacteria	RS_GCF_009695655.1	d__Bacteria;p__Bacillota;c__Bacilli;o__Erysipelotrichales;f__Coprobacillaceae;g__Sharpea;s__Sharpea porci	95.3				MWL4			1173	DB_00992	Rumen_Gateway	PhD_Theano	missing_maldi	USED	SH_0521	67	>IVY966_F1	>IVY966_59789667_F1	2024-04-08 00:00:00	11108856911-1	Plate		2024-04-16 00:00:00	11108869201	F	27F	1164	NS	Direct_plating		M2	2023	M2	small	grey with yellow centre and transparent edges	glistening	In_process			HoloRuminant	NR	bovine	NR	37186	Intensive	12	IVY966_59789667_F1.ab1	/Users/nicholas/Library/CloudStorage/OneDrive-SharedLibraries-Queen'sUniversityBelfast/RUMEN Gateway QUB-Scientific_Consortium - Documents/03_Partners_sequences/QUB/ab1_files/IVY966_59789667_F1.ab1	TRUE	PRESENT	336303	2024-04-16T13:51:54	UNAVAILABLE	"PermissionError: [Errno 1] Operation not permitted: ""/Users/nicholas/Library/CloudStorage/OneDrive-SharedLibraries-Queen'sUniversityBelfast/RUMEN Gateway QUB-Scientific_Consortium - Documents/03_Partners_sequences/QUB/ab1_files"""
394	MATCHED_SH_PRIMER_BP	155	sh_id,primer,base_pairs,used_bc	1	1			QUB	SH_0523	SH_ID	SH_0523	QUB_0477	QUB_27F_0477	27F	1170	419	Bacteria	RS_GCF_033971885.1	d__Bacteria;p__Bacillota;c__Bacilli;o__Erysipelotrichales;f__Erysipelotrichaceae;g__Absicoccus;s__Absicoccus intestinalis	97.5				MWL6			1175	DB_00993	Rumen_Gateway	PhD_Theano	missing_maldi	USED	SH_0523	69	>IVY966_F2	>IVY966_59789667_F2	2024-04-08 00:00:00	11108856911-1	Plate		2024-04-16 00:00:00	11108869201	F	27F	1170	C1.1 Box 3	Direct_plating		M2	2023	M2	medium	cream	glistening	SH_95			HoloRuminant	NR	bovine	NR	37186	Intensive	12	IVY966_59789667_F2.ab1	/Users/nicholas/Library/CloudStorage/OneDrive-SharedLibraries-Queen'sUniversityBelfast/RUMEN Gateway QUB-Scientific_Consortium - Documents/03_Partners_sequences/QUB/ab1_files/IVY966_59789667_F2.ab1	TRUE	PRESENT	338090	2024-04-16T13:51:54	UNAVAILABLE	"PermissionError: [Errno 1] Operation not permitted: ""/Users/nicholas/Library/CloudStorage/OneDrive-SharedLibraries-Queen'sUniversityBelfast/RUMEN Gateway QUB-Scientific_Consortium - Documents/03_Partners_sequences/QUB/ab1_files"""
395	MATCHED_SH_PRIMER_BP	155	sh_id,primer,base_pairs,used_bc	1	1			QUB	SH_0524	SH_ID	SH_0524	QUB_0478	QUB_27F_0478	27F	1186	420	Bacteria	RS_GCF_900119625.1	d__Bacteria;p__Actinomycetota;c__Coriobacteriia;o__Coriobacteriales;f__Atopobiaceae;g__Tractidigestivibacter;s__Tractidigestivibacter sp900119625	98.8							1176	DB_00994	Rumen_Gateway	PhD_Theano	missing_maldi	USED	SH_0524	70	>IVY966_F3	>IVY966_59789667_F3	2024-04-08 00:00:00	11108856911-1	Plate		2024-04-16 00:00:00	11108869201	F	27F	1186	C1.1 Box 3	Direct_plating		M2	2023	M2	medium	grey	smooth	added to library			HoloRuminant	NR	bovine	NR	37363	Intensive	12	IVY966_59789667_F3.ab1	/Users/nicholas/Library/CloudStorage/OneDrive-SharedLibraries-Queen'sUniversityBelfast/RUMEN Gateway QUB-Scientific_Consortium - Documents/03_Partners_sequences/QUB/ab1_files/IVY966_59789667_F3.ab1	TRUE	PRESENT	344009	2024-04-16T13:51:54	UNAVAILABLE	"PermissionError: [Errno 1] Operation not permitted: ""/Users/nicholas/Library/CloudStorage/OneDrive-SharedLibraries-Queen'sUniversityBelfast/RUMEN Gateway QUB-Scientific_Consortium - Documents/03_Partners_sequences/QUB/ab1_files"""
396	MATCHED_SH_PRIMER_BP	155	sh_id,primer,base_pairs,used_bc	1	1			QUB	SH_0527	SH_ID	SH_0527	QUB_0479	QUB_27F_0479	27F	1090	421	Bacteria	RS_GCF_009696445.1	d__Bacteria;p__Bacillota;c__Clostridia;o__Lachnospirales;f__Lachnospiraceae;g__Porcincola;s__Porcincola intestinalis	99.5				MWL9			1180	DB_00996	Rumen_Gateway	PhD_Theano	missing_maldi	USED	SH_0527	73	>IVY966_F5	>IVY966_59789667_F5	2024-04-08 00:00:00	11108856911-1	Plate		2024-04-16 00:00:00	11108869201	F	27F	1090	C1.1 Box 4	Direct_plating		M2	2023	M2	medium	brown	smooth	In_process			HoloRuminant	NR	bovine	NR	37363	Intensive	12	IVY966_59789667_F5.ab1	/Users/nicholas/Library/CloudStorage/OneDrive-SharedLibraries-Queen'sUniversityBelfast/RUMEN Gateway QUB-Scientific_Consortium - Documents/03_Partners_sequences/QUB/ab1_files/IVY966_59789667_F5.ab1	TRUE	PRESENT	347588	2024-04-16T13:51:54	UNAVAILABLE	"PermissionError: [Errno 1] Operation not permitted: ""/Users/nicholas/Library/CloudStorage/OneDrive-SharedLibraries-Queen'sUniversityBelfast/RUMEN Gateway QUB-Scientific_Consortium - Documents/03_Partners_sequences/QUB/ab1_files"""
397	MATCHED_SH_PRIMER_BP	155	sh_id,primer,base_pairs,used_bc	1	1			QUB	SH_0528	SH_ID	SH_0528	QUB_0480	QUB_27F_0480	27F	654	422	Bacteria	RS_GCF_000155955.1	d__Bacteria;p__Bacillota;c__Negativicutes;o__Selenomonadales;f__Selenomonadaceae;g__Mitsuokella;s__Mitsuokella multacida	97.2							1181	DB_00997	Rumen_Gateway	PhD_Theano	missing_maldi	USED	SH_0528	74	>IVY966_F6	>IVY966_59789667_F6	2024-04-08 00:00:00	11108856911-1	Plate		2024-04-16 00:00:00	11108869201	F	27F	654	C1.1 Box 4	Direct_plating		M2	2023	M2	medium	brown with cream centre	smooth	In_process			HoloRuminant	NR	bovine	NR	37363	Intensive	12	IVY966_59789667_F6.ab1	/Users/nicholas/Library/CloudStorage/OneDrive-SharedLibraries-Queen'sUniversityBelfast/RUMEN Gateway QUB-Scientific_Consortium - Documents/03_Partners_sequences/QUB/ab1_files/IVY966_59789667_F6.ab1	TRUE	PRESENT	344605	2024-04-16T13:51:54	UNAVAILABLE	"PermissionError: [Errno 1] Operation not permitted: ""/Users/nicholas/Library/CloudStorage/OneDrive-SharedLibraries-Queen'sUniversityBelfast/RUMEN Gateway QUB-Scientific_Consortium - Documents/03_Partners_sequences/QUB/ab1_files"""
398	MATCHED_SH_PRIMER_BP	155	sh_id,primer,base_pairs,used_bc	1	1			QUB	SH_0529	SH_ID	SH_0529	QUB_0481	QUB_27F_0481	27F	1179	423	Bacteria	GB_GCA_000283635.1	d__Bacteria;p__Bacillota;c__Bacilli;o__Lactobacillales;f__Streptococcaceae;g__Streptococcus;s__Streptococcus macedonicus	99.1							1182	DB_00998	Rumen_Gateway	PhD_Theano	missing_maldi	USED	SH_0529	75	>IVY966_F7	>IVY966_59789667_F7	2024-04-08 00:00:00	11108856911-1	Plate		2024-04-16 00:00:00	11108869201	F	27F	1179	C1.1 Box 4	Direct_plating		M2	2023	M2	medium	yellow cream	glistening	added to library			HoloRuminant	NR	bovine	NR	37363	Intensive	12	IVY966_59789667_F7.ab1	/Users/nicholas/Library/CloudStorage/OneDrive-SharedLibraries-Queen'sUniversityBelfast/RUMEN Gateway QUB-Scientific_Consortium - Documents/03_Partners_sequences/QUB/ab1_files/IVY966_59789667_F7.ab1	TRUE	PRESENT	341562	2024-04-16T13:51:54	UNAVAILABLE	"PermissionError: [Errno 1] Operation not permitted: ""/Users/nicholas/Library/CloudStorage/OneDrive-SharedLibraries-Queen'sUniversityBelfast/RUMEN Gateway QUB-Scientific_Consortium - Documents/03_Partners_sequences/QUB/ab1_files"""
399	MATCHED_SH_PRIMER_BP	155	sh_id,primer,base_pairs,used_bc	1	1			QUB	SH_0530	SH_ID	SH_0530	QUB_0482	QUB_27F_0482	27F	605	424	Bacteria	RS_GCF_033971885.1	d__Bacteria;p__Bacillota;c__Bacilli;o__Erysipelotrichales;f__Erysipelotrichaceae;g__Absicoccus;s__Absicoccus intestinalis	96.6							1183	DB_00999	Rumen_Gateway	PhD_Theano	missing_maldi	USED	SH_0530	76	>IVY966_F8	>IVY966_59789667_F8	2024-04-08 00:00:00	11108856911-1	Plate		2024-04-16 00:00:00	11108869201	F	27F	605	C1.1 Box 4	Direct_plating		M2	2023	M2	small	white cream	smooth	added to library			HoloRuminant	NR	bovine	NR	37363	Intensive	12	IVY966_59789667_F8.ab1	/Users/nicholas/Library/CloudStorage/OneDrive-SharedLibraries-Queen'sUniversityBelfast/RUMEN Gateway QUB-Scientific_Consortium - Documents/03_Partners_sequences/QUB/ab1_files/IVY966_59789667_F8.ab1	TRUE	PRESENT	351877	2024-04-16T13:51:54	UNAVAILABLE	"PermissionError: [Errno 1] Operation not permitted: ""/Users/nicholas/Library/CloudStorage/OneDrive-SharedLibraries-Queen'sUniversityBelfast/RUMEN Gateway QUB-Scientific_Consortium - Documents/03_Partners_sequences/QUB/ab1_files"""
400	MATCHED_SH_PRIMER_BP	155	sh_id,primer,base_pairs,used_bc	1	1			QUB	SH_0531	SH_ID	SH_0531	QUB_0483	QUB_27F_0483	27F	1171	425	Bacteria	RS_GCF_033971885.1	d__Bacteria;p__Bacillota;c__Bacilli;o__Erysipelotrichales;f__Erysipelotrichaceae;g__Absicoccus;s__Absicoccus intestinalis	96.9							1184	DB_01000	Rumen_Gateway	PhD_Theano	missing_maldi	USED	SH_0531	77	>IVY966_F9	>IVY966_59789667_F9	2024-04-08 00:00:00	11108856911-1	Plate		2024-04-16 00:00:00	11108869201	F	27F	1171	C1.1 Box 4	Direct_plating		M2	2023	M2	medium	brown with grey centre	glistening	added to library			HoloRuminant	NR	bovine	NR	37363	Intensive	12	IVY966_59789667_F9.ab1	/Users/nicholas/Library/CloudStorage/OneDrive-SharedLibraries-Queen'sUniversityBelfast/RUMEN Gateway QUB-Scientific_Consortium - Documents/03_Partners_sequences/QUB/ab1_files/IVY966_59789667_F9.ab1	TRUE	PRESENT	343382	2024-04-16T13:51:54	UNAVAILABLE	"PermissionError: [Errno 1] Operation not permitted: ""/Users/nicholas/Library/CloudStorage/OneDrive-SharedLibraries-Queen'sUniversityBelfast/RUMEN Gateway QUB-Scientific_Consortium - Documents/03_Partners_sequences/QUB/ab1_files"""
401	MATCHED_SH_PRIMER_BP	155	sh_id,primer,base_pairs,used_bc	1	1			QUB	SH_0532	SH_ID	SH_0532	QUB_0475	QUB_27F_0475	27F	1126	426	Bacteria	RS_GCF_009695655.1	d__Bacteria;p__Bacillota;c__Bacilli;o__Erysipelotrichales;f__Coprobacillaceae;g__Sharpea;s__Sharpea porci	97.4							1185	DB_01001	Rumen_Gateway	PhD_Theano	missing_maldi	USED	SH_0532	78	>IVY966_F10	>IVY966_59789667_F10	2024-04-08 00:00:00	11108856911-1	Plate		2024-04-16 00:00:00	11108869201	F	27F	1126	C1.1 Box 4	Direct_plating		M2	2023	M2	pinpoint	cream with white centre	smooth	Unknown			HoloRuminant	NR	bovine	NR	37363	Intensive	12	IVY966_59789667_F10.ab1	/Users/nicholas/Library/CloudStorage/OneDrive-SharedLibraries-Queen'sUniversityBelfast/RUMEN Gateway QUB-Scientific_Consortium - Documents/03_Partners_sequences/QUB/ab1_files/IVY966_59789667_F10.ab1	TRUE	PRESENT	337508	2024-04-16T13:51:54	UNAVAILABLE	"PermissionError: [Errno 1] Operation not permitted: ""/Users/nicholas/Library/CloudStorage/OneDrive-SharedLibraries-Queen'sUniversityBelfast/RUMEN Gateway QUB-Scientific_Consortium - Documents/03_Partners_sequences/QUB/ab1_files"""
402	MATCHED_SH_PRIMER_BP	155	sh_id,primer,base_pairs,used_bc	1	1			QUB	SH_0533	SH_ID	SH_0533	QUB_0476	QUB_27F_0476	27F	977	427	Bacteria	GB_GCA_003480165.1	d__Bacteria;p__Bacillota;c__Bacilli;o__Erysipelotrichales;f__Erysipelotrichaceae;g__Absicoccus;s__Absicoccus sp000434355	91.9							1186	DB_01002	Rumen_Gateway	PhD_Theano	missing_maldi	USED	SH_0533	79	>IVY966_F11	>IVY966_59789667_F11	2024-04-08 00:00:00	11108856911-1	Plate		2024-04-16 00:00:00	11108869201	F	27F	977	C1.1 Box 4	Direct_plating		M2	2023	M2	big	transparent cream	rough	In_process			HoloRuminant	NR	bovine	NR	37363	Intensive	12	IVY966_59789667_F11.ab1	/Users/nicholas/Library/CloudStorage/OneDrive-SharedLibraries-Queen'sUniversityBelfast/RUMEN Gateway QUB-Scientific_Consortium - Documents/03_Partners_sequences/QUB/ab1_files/IVY966_59789667_F11.ab1	TRUE	PRESENT	338528	2024-04-16T13:51:54	UNAVAILABLE	"PermissionError: [Errno 1] Operation not permitted: ""/Users/nicholas/Library/CloudStorage/OneDrive-SharedLibraries-Queen'sUniversityBelfast/RUMEN Gateway QUB-Scientific_Consortium - Documents/03_Partners_sequences/QUB/ab1_files"""
403	MATCHED_SH_PRIMER_BP	155	sh_id,primer,base_pairs,used_bc	2	1		row=1188|db=DB_01003|short=IVY966_F12|fasta=IVY966_59789667_F12|primer=27F|bp=277|score=130|reasons=sh_id,primer,used_bc	QUB	SH_0534	SH_ID	SH_0534	QUB_0197	QUB_27F_0197	27F	1139	428	Bacteria	RS_GCF_000155955.1	d__Bacteria;p__Bacillota;c__Negativicutes;o__Selenomonadales;f__Selenomonadaceae;g__Mitsuokella;s__Mitsuokella multacida	97.5				MWL9			1187	DB_00662	Rumen_Gateway	PhD_Theano	missing_maldi	USED	SH_0534	80	>IPO339_B7	>IPO339_58123394_B7	2024-01-03 00:00:00	11108725344-1	Plate		2024-04-29 00:00:00	11108886591	F	27F	1139	C1.1 Box 4	Direct_plating		M2	2023	M2	small	brown	smooth	added to library			HoloRuminant	NR	bovine	NR	37525	Intensive	12	IPO339_58123394_B7.ab1	/Users/nicholas/Library/CloudStorage/OneDrive-SharedLibraries-Queen'sUniversityBelfast/RUMEN Gateway QUB-Scientific_Consortium - Documents/03_Partners_sequences/QUB/ab1_files/IPO339_58123394_B7.ab1	TRUE	PRESENT	333836	2024-04-29T09:44:10	UNAVAILABLE	"PermissionError: [Errno 1] Operation not permitted: ""/Users/nicholas/Library/CloudStorage/OneDrive-SharedLibraries-Queen'sUniversityBelfast/RUMEN Gateway QUB-Scientific_Consortium - Documents/03_Partners_sequences/QUB/ab1_files"""
404	MATCHED_SH_PRIMER_BP	155	sh_id,primer,base_pairs,used_bc	1	1			QUB	SH_0535	SH_ID	SH_0535	QUB_0484	QUB_27F_0484	27F	1163	429	Bacteria	RS_GCF_033971885.1	d__Bacteria;p__Bacillota;c__Bacilli;o__Erysipelotrichales;f__Erysipelotrichaceae;g__Absicoccus;s__Absicoccus intestinalis	96.8							1189	DB_01004	Rumen_Gateway	PhD_Theano	missing_maldi	USED	SH_0535	81	>IVY966_G1	>IVY966_59789667_G1	2024-04-08 00:00:00	11108856911-1	Plate		2024-04-16 00:00:00	11108869201	F	27F	1163	C1.1 Box 4	Direct_plating		M2	2023	M2	small	brown with white edges	smooth	SH_550 (TS_96)			HoloRuminant	NR	bovine	NR	37525	Intensive	12	IVY966_59789667_G1.ab1	/Users/nicholas/Library/CloudStorage/OneDrive-SharedLibraries-Queen'sUniversityBelfast/RUMEN Gateway QUB-Scientific_Consortium - Documents/03_Partners_sequences/QUB/ab1_files/IVY966_59789667_G1.ab1	TRUE	PRESENT	335791	2024-04-16T13:51:54	UNAVAILABLE	"PermissionError: [Errno 1] Operation not permitted: ""/Users/nicholas/Library/CloudStorage/OneDrive-SharedLibraries-Queen'sUniversityBelfast/RUMEN Gateway QUB-Scientific_Consortium - Documents/03_Partners_sequences/QUB/ab1_files"""
405	MATCHED_SH_PRIMER_BP	155	sh_id,primer,base_pairs,used_bc	3	1		row=1191|db=DB_01508|short=JDP761_C7|fasta=|primer=27F|bp=|score=130|reasons=sh_id,primer,used_bc; row=1192|db=DB_01509|short=JDP761_C8|fasta=|primer=1492R|bp=|score=105|reasons=sh_id,used_bc	QUB	SH_0536	SH_ID	SH_0536	QUB_0485	QUB_27F_0485	27F	1162	430	Bacteria	RS_GCF_003925875.1	d__Bacteria;p__Bacillota;c__Bacilli;o__Erysipelotrichales;f__Coprobacillaceae;g__Intestinibaculum;s__Intestinibaculum porci	92				MWL6			1190	DB_01005	Rumen_Gateway	PhD_Theano	missing_maldi	USED	SH_0536	82	>IVY966_G2	>IVY966_59789667_G2	2024-04-08 00:00:00	11108856911-1	Plate		2024-04-16 00:00:00	11108869201	F	27F	1162	C1.1 Box 4	Direct_plating		M2	2023	M2	pinpoint	cream	smooth	SH_536 (TS_82)			HoloRuminant	NR	bovine	NR	37525	Intensive	12	IVY966_59789667_G2.ab1	/Users/nicholas/Library/CloudStorage/OneDrive-SharedLibraries-Queen'sUniversityBelfast/RUMEN Gateway QUB-Scientific_Consortium - Documents/03_Partners_sequences/QUB/ab1_files/IVY966_59789667_G2.ab1	TRUE	PRESENT	336940	2024-04-16T13:51:54	UNAVAILABLE	"PermissionError: [Errno 1] Operation not permitted: ""/Users/nicholas/Library/CloudStorage/OneDrive-SharedLibraries-Queen'sUniversityBelfast/RUMEN Gateway QUB-Scientific_Consortium - Documents/03_Partners_sequences/QUB/ab1_files"""
406	MATCHED_SH_PRIMER_BP	155	sh_id,primer,base_pairs,used_bc	3	1		row=1194|db=DB_01510|short=JDP761_C9|fasta=|primer=27F|bp=|score=130|reasons=sh_id,primer,used_bc; row=1195|db=DB_01511|short=JDP761_C10|fasta=|primer=1492R|bp=|score=105|reasons=sh_id,used_bc	QUB	SH_0537	SH_ID	SH_0537	QUB_0486	QUB_27F_0486	27F	1201	431	Bacteria	RS_GCF_033971885.1	d__Bacteria;p__Bacillota;c__Bacilli;o__Erysipelotrichales;f__Erysipelotrichaceae;g__Absicoccus;s__Absicoccus intestinalis	96.5							1193	DB_01006	Rumen_Gateway	PhD_Theano	missing_maldi	USED	SH_0537	83	>IVY966_G3	>IVY966_59789667_G3	2024-04-08 00:00:00	11108856911-1	Plate		2024-04-16 00:00:00	11108869201	F	27F	1201	C1.1 Box 4	Direct_plating		M2	2023	M2	medium	grey with transparent edges	glistening	SH_537 (TS_83)			HoloRuminant	NR	bovine	NR	37525	Intensive	12	IVY966_59789667_G3.ab1	/Users/nicholas/Library/CloudStorage/OneDrive-SharedLibraries-Queen'sUniversityBelfast/RUMEN Gateway QUB-Scientific_Consortium - Documents/03_Partners_sequences/QUB/ab1_files/IVY966_59789667_G3.ab1	TRUE	PRESENT	341845	2024-04-16T13:51:54	UNAVAILABLE	"PermissionError: [Errno 1] Operation not permitted: ""/Users/nicholas/Library/CloudStorage/OneDrive-SharedLibraries-Queen'sUniversityBelfast/RUMEN Gateway QUB-Scientific_Consortium - Documents/03_Partners_sequences/QUB/ab1_files"""
407	MATCHED_SH_PRIMER_BP	155	sh_id,primer,base_pairs,used_bc	1	1			QUB	SH_0538	SH_ID	SH_0538	QUB_0487	QUB_27F_0487	27F	1000	432	Bacteria	RS_GCF_003925875.1	d__Bacteria;p__Bacillota;c__Bacilli;o__Erysipelotrichales;f__Coprobacillaceae;g__Intestinibaculum;s__Intestinibaculum porci	91.1							1196	DB_01007	Rumen_Gateway	PhD_Theano	missing_maldi	USED	SH_0538	84	>IVY966_G4	>IVY966_59789667_G4	2024-04-08 00:00:00	11108856911-1	Plate		2024-04-16 00:00:00	11108869201	F	27F	1000	C1.1 Box 4	Direct_plating		M2	2023	M2	medium	yellow cream	glistening	SH_538 (TS_84)			HoloRuminant	NR	bovine	NR	37525	Intensive	12	IVY966_59789667_G4.ab1	/Users/nicholas/Library/CloudStorage/OneDrive-SharedLibraries-Queen'sUniversityBelfast/RUMEN Gateway QUB-Scientific_Consortium - Documents/03_Partners_sequences/QUB/ab1_files/IVY966_59789667_G4.ab1	TRUE	PRESENT	342308	2024-04-16T13:51:54	UNAVAILABLE	"PermissionError: [Errno 1] Operation not permitted: ""/Users/nicholas/Library/CloudStorage/OneDrive-SharedLibraries-Queen'sUniversityBelfast/RUMEN Gateway QUB-Scientific_Consortium - Documents/03_Partners_sequences/QUB/ab1_files"""
408	MATCHED_SH_PRIMER_BP	155	sh_id,primer,base_pairs,used_bc	3	1		row=1201|db=DB_01715|short=JTQ769|fasta=JTQ769_65947693_65947693|primer=27F|bp=981|score=130|reasons=sh_id,primer,used_bc; row=1202|db=DB_01716|short=JTQ770|fasta=JTQ770_65947709_65947709|primer=1492R|bp=1023|score=105|reasons=sh_id,used_bc	QUB	SH_0542	SH_ID	SH_0542	QUB_0490	QUB_27F_0490	27F	1117	433	Bacteria	RS_GCF_003925875.1	d__Bacteria;p__Bacillota;c__Bacilli;o__Erysipelotrichales;f__Coprobacillaceae;g__Intestinibaculum;s__Intestinibaculum porci	91.9							1200	DB_01025	Rumen_Gateway	PhD_Theano	missing_maldi	USED	SH_0542	88	>IVY966_H10	>IVY966_59789667_H10	2024-04-08 00:00:00	11108856911-1	Plate		2024-04-16 00:00:00	11108869201	F	27F	1117	C1.2 Box 1	Direct_plating		M2	2023	M2	small	white with transparent edges	glistening	SH_542 (TS_88)			HoloRuminant	NR	bovine	NR	37525	Intensive	12	IVY966_59789667_H10.ab1	/Users/nicholas/Library/CloudStorage/OneDrive-SharedLibraries-Queen'sUniversityBelfast/RUMEN Gateway QUB-Scientific_Consortium - Documents/03_Partners_sequences/QUB/ab1_files/IVY966_59789667_H10.ab1	TRUE	PRESENT	336945	2024-04-16T13:51:54	UNAVAILABLE	"PermissionError: [Errno 1] Operation not permitted: ""/Users/nicholas/Library/CloudStorage/OneDrive-SharedLibraries-Queen'sUniversityBelfast/RUMEN Gateway QUB-Scientific_Consortium - Documents/03_Partners_sequences/QUB/ab1_files"""
409	MATCHED_SH_PRIMER_BP	155	sh_id,primer,base_pairs,used_bc	5	1		row=1204|db=DB_01666|short=JTQ720|fasta=JTQ720_65947204_65947204|primer=27F|bp=1191|score=130|reasons=sh_id,primer,used_bc; row=1206|db=DB_01757|short=KCX875|fasta=KCX875_68358755_68358755|primer=27F|bp=1213|score=130|reasons=sh_id,primer,used_bc; row=1205|db=DB_01667|short=JTQ721|fasta=JTQ721_65947211_65947211|primer=1492R|bp=1164|score=105|reasons=sh_id,used_bc; row=1207|db=DB_01758|short=KCX876|fasta=KCX876_68358762_68358762|primer=1492R|bp=1222|score=105|reasons=sh_id,used_bc	QUB	SH_0543	SH_ID	SH_0543	QUB_0488	QUB_27F_0488	27F	654	434	Bacteria	GB_GCA_000513555.1	d__Bacteria;p__Bacillota;c__Clostridia;o__Lachnospirales;f__Lachnospiraceae;g__Oribacterium;s__Oribacterium sp000513555	91							1203	DB_01011	Rumen_Gateway	PhD_Theano	missing_maldi	USED	SH_0543	89	>IVY966_G8	>IVY966_59789667_G8	2024-04-08 00:00:00	11108856911-1	Plate		2024-04-16 00:00:00	11108869201	F	27F	654	C1.2 Box 1	Direct_plating		M2	2023	M2	small	brown with cream edges	smooth	SH_543 (TS_89)			HoloRuminant	NR	bovine	NR	37525	Intensive	12	IVY966_59789667_G8.ab1	/Users/nicholas/Library/CloudStorage/OneDrive-SharedLibraries-Queen'sUniversityBelfast/RUMEN Gateway QUB-Scientific_Consortium - Documents/03_Partners_sequences/QUB/ab1_files/IVY966_59789667_G8.ab1	TRUE	PRESENT	333363	2024-04-16T13:51:54	UNAVAILABLE	"PermissionError: [Errno 1] Operation not permitted: ""/Users/nicholas/Library/CloudStorage/OneDrive-SharedLibraries-Queen'sUniversityBelfast/RUMEN Gateway QUB-Scientific_Consortium - Documents/03_Partners_sequences/QUB/ab1_files"""
410	MATCHED_SH_PRIMER_BP	155	sh_id,primer,base_pairs,used_bc	3	1		row=1214|db=DB_01512|short=JDP761_C11|fasta=|primer=27F|bp=|score=130|reasons=sh_id,primer,used_bc; row=1215|db=DB_01513|short=JDP761_C12|fasta=|primer=1492R|bp=|score=105|reasons=sh_id,used_bc	QUB	SH_0548	SH_ID	SH_0548	QUB_0491	QUB_27F_0491	27F	1160	435	Bacteria	RS_GCF_000011645.1	d__Bacteria;p__Bacillota;c__Bacilli;o__Bacillales;f__Bacillaceae;g__Bacillus;s__Bacillus licheniformis	99.1							1213	DB_01026	Rumen_Gateway	PhD_Theano	missing_maldi	USED	SH_0548	94	>IVY966_H11	>IVY966_59789667_H11	2024-04-08 00:00:00	11108856911-1	Plate		2024-04-16 00:00:00	11108869201	F	27F	1160	C1.2 Box 1	Direct_plating		M2	2023	M2	small	brown centre and transparent edges with brown dots	smooth	SH_548 (TS_94)			HoloRuminant	NR	bovine	NR	37525	Intensive	12	IVY966_59789667_H11.ab1	/Users/nicholas/Library/CloudStorage/OneDrive-SharedLibraries-Queen'sUniversityBelfast/RUMEN Gateway QUB-Scientific_Consortium - Documents/03_Partners_sequences/QUB/ab1_files/IVY966_59789667_H11.ab1	TRUE	PRESENT	340173	2024-04-16T13:51:54	UNAVAILABLE	"PermissionError: [Errno 1] Operation not permitted: ""/Users/nicholas/Library/CloudStorage/OneDrive-SharedLibraries-Queen'sUniversityBelfast/RUMEN Gateway QUB-Scientific_Consortium - Documents/03_Partners_sequences/QUB/ab1_files"""
411	MATCHED_SH_PRIMER_BP	155	sh_id,primer,base_pairs,used_bc	3	1		row=1217|db=DB_01514|short=JDP761_D1|fasta=|primer=27F|bp=|score=130|reasons=sh_id,primer,used_bc; row=1218|db=DB_01515|short=JDP761_D2|fasta=|primer=1492R|bp=|score=105|reasons=sh_id,used_bc	QUB	SH_0549	SH_ID	SH_0549	QUB_0489	QUB_27F_0489	27F	1177	436	Bacteria	RS_GCF_003925875.1	d__Bacteria;p__Bacillota;c__Bacilli;o__Erysipelotrichales;f__Coprobacillaceae;g__Intestinibaculum;s__Intestinibaculum porci	91.7							1216	DB_01016	Rumen_Gateway	PhD_Theano	missing_maldi	USED	SH_0549	95	>IVY966_H1	>IVY966_59789667_H1	2024-04-08 00:00:00	11108856911-1	Plate		2024-04-16 00:00:00	11108869201	F	27F	1177	C1.2 Box 1	Direct_plating		M2	2023	M2	small	brown centre and transparent edges with brown dots	smooth	SH_549 (TS_95)			HoloRuminant	NR	bovine	NR	37525	Intensive	12	IVY966_59789667_H1.ab1	/Users/nicholas/Library/CloudStorage/OneDrive-SharedLibraries-Queen'sUniversityBelfast/RUMEN Gateway QUB-Scientific_Consortium - Documents/03_Partners_sequences/QUB/ab1_files/IVY966_59789667_H1.ab1	TRUE	PRESENT	332050	2024-04-16T13:51:54	UNAVAILABLE	"PermissionError: [Errno 1] Operation not permitted: ""/Users/nicholas/Library/CloudStorage/OneDrive-SharedLibraries-Queen'sUniversityBelfast/RUMEN Gateway QUB-Scientific_Consortium - Documents/03_Partners_sequences/QUB/ab1_files"""
412	MATCHED_SH_PRIMER_BP	155	sh_id,primer,base_pairs,used_bc	1	1			QUB	SH_0550	SH_ID	SH_0550	QUB_0492	QUB_27F_0492	27F	1165	437	Bacteria	RS_GCF_003925875.1	d__Bacteria;p__Bacillota;c__Bacilli;o__Erysipelotrichales;f__Coprobacillaceae;g__Intestinibaculum;s__Intestinibaculum porci	92.2							1219	DB_01017	Rumen_Gateway	PhD_Theano	missing_maldi	USED	SH_0550	96	>IVY966_H2	>IVY966_59789667_H2	2024-04-08 00:00:00	11108856911-1	Plate		2024-04-16 00:00:00	11108869201	F	27F	1165	C1.2 Box 1	Direct_plating		M2	2023	M2	small	brown centre and transparent edges	rough	SH_550 (TS_96)			HoloRuminant	NR	bovine	NR	37525	Intensive	12	IVY966_59789667_H2.ab1	/Users/nicholas/Library/CloudStorage/OneDrive-SharedLibraries-Queen'sUniversityBelfast/RUMEN Gateway QUB-Scientific_Consortium - Documents/03_Partners_sequences/QUB/ab1_files/IVY966_59789667_H2.ab1	TRUE	PRESENT	334239	2024-04-16T13:51:54	UNAVAILABLE	"PermissionError: [Errno 1] Operation not permitted: ""/Users/nicholas/Library/CloudStorage/OneDrive-SharedLibraries-Queen'sUniversityBelfast/RUMEN Gateway QUB-Scientific_Consortium - Documents/03_Partners_sequences/QUB/ab1_files"""
413	MATCHED_SH_PRIMER_BP	155	sh_id,primer,base_pairs,used_bc	1	1			QUB	SH_0551	SH_ID	SH_0551	QUB_0493	QUB_27F_0493	27F	913	438	Bacteria	RS_GCF_003925875.1	d__Bacteria;p__Bacillota;c__Bacilli;o__Erysipelotrichales;f__Coprobacillaceae;g__Intestinibaculum;s__Intestinibaculum porci	92							1220	DB_01018	Rumen_Gateway	PhD_Theano	missing_maldi	USED	SH_0551	97	>IVY966_H3	>IVY966_59789667_H3	2024-04-08 00:00:00	11108856911-1	Plate		2024-04-16 00:00:00	11108869201	F	27F	913	C1.2 Box 1	Direct_plating		M2	2023	M2	big	transparent	rough	SH_176			HoloRuminant	NR	bovine	NR	37234	Conventional	12	IVY966_59789667_H3.ab1	/Users/nicholas/Library/CloudStorage/OneDrive-SharedLibraries-Queen'sUniversityBelfast/RUMEN Gateway QUB-Scientific_Consortium - Documents/03_Partners_sequences/QUB/ab1_files/IVY966_59789667_H3.ab1	TRUE	PRESENT	335884	2024-04-16T13:51:54	UNAVAILABLE	"PermissionError: [Errno 1] Operation not permitted: ""/Users/nicholas/Library/CloudStorage/OneDrive-SharedLibraries-Queen'sUniversityBelfast/RUMEN Gateway QUB-Scientific_Consortium - Documents/03_Partners_sequences/QUB/ab1_files"""
414	MATCHED_SH_PRIMER_BP	155	sh_id,primer,base_pairs,used_bc	1	1			QUB	SH_0552	SH_ID	SH_0552	QUB_0494	QUB_27F_0494	27F	1010	439	Bacteria	RS_GCF_036408795.1	d__Bacteria;p__Actinomycetota;c__Coriobacteriia;o__Coriobacteriales;f__Atopobiaceae;g__UBA7748;s__UBA7748 sp900314535	98							1221	DB_01019	Rumen_Gateway	PhD_Theano	missing_maldi	USED	SH_0552	98	>IVY966_H4	>IVY966_59789667_H4	2024-04-08 00:00:00	11108856911-1	Plate		2024-04-16 00:00:00	11108869201	F	27F	1010	C1.2 Box 1	Direct_plating		M2	2023	M2	big	transparent	rough	SH_552 (TS_98)			HoloRuminant	NR	bovine	NR	37234	Conventional	12	IVY966_59789667_H4.ab1	/Users/nicholas/Library/CloudStorage/OneDrive-SharedLibraries-Queen'sUniversityBelfast/RUMEN Gateway QUB-Scientific_Consortium - Documents/03_Partners_sequences/QUB/ab1_files/IVY966_59789667_H4.ab1	TRUE	PRESENT	340414	2024-04-16T13:51:54	UNAVAILABLE	"PermissionError: [Errno 1] Operation not permitted: ""/Users/nicholas/Library/CloudStorage/OneDrive-SharedLibraries-Queen'sUniversityBelfast/RUMEN Gateway QUB-Scientific_Consortium - Documents/03_Partners_sequences/QUB/ab1_files"""
415	MATCHED_SH_PRIMER_BP	155	sh_id,primer,base_pairs,used_bc	1	1			QUB	SH_0553	SH_ID	SH_0553	QUB_0495	QUB_27F_0495	27F	1057	440	Bacteria	RS_GCF_000011645.1	d__Bacteria;p__Bacillota;c__Bacilli;o__Bacillales;f__Bacillaceae;g__Bacillus;s__Bacillus licheniformis	98.4							1222	DB_01020	Rumen_Gateway	PhD_Theano	missing_maldi	USED	SH_0553	99	>IVY966_H5	>IVY966_59789667_H5	2024-04-08 00:00:00	11108856911-1	Plate		2024-04-16 00:00:00	11108869201	F	27F	1057	C1.2 Box 1	Direct_plating		M2	2023	M2	small	white shinny	glistening	SH_553 (TS_99)			HoloRuminant	NR	bovine	NR	37234	Conventional	12	IVY966_59789667_H5.ab1	/Users/nicholas/Library/CloudStorage/OneDrive-SharedLibraries-Queen'sUniversityBelfast/RUMEN Gateway QUB-Scientific_Consortium - Documents/03_Partners_sequences/QUB/ab1_files/IVY966_59789667_H5.ab1	TRUE	PRESENT	334261	2024-04-16T13:51:54	UNAVAILABLE	"PermissionError: [Errno 1] Operation not permitted: ""/Users/nicholas/Library/CloudStorage/OneDrive-SharedLibraries-Queen'sUniversityBelfast/RUMEN Gateway QUB-Scientific_Consortium - Documents/03_Partners_sequences/QUB/ab1_files"""
416	MATCHED_SH_PRIMER_BP	155	sh_id,primer,base_pairs,used_bc	1	1			QUB	SH_0554	SH_ID	SH_0554	QUB_0496	QUB_27F_0496	27F	1136	441	Bacteria	RS_GCF_000011645.1	d__Bacteria;p__Bacillota;c__Bacilli;o__Bacillales;f__Bacillaceae;g__Bacillus;s__Bacillus licheniformis	99							1223	DB_01021	Rumen_Gateway	PhD_Theano	Dead	USED	SH_0554	100	>IVY966_H6	>IVY966_59789667_H6	2024-04-08 00:00:00	11108856911-1	Plate		2024-04-16 00:00:00	11108869201	F	27F	1136	NS	Direct_plating		M2	2023	M2				In_process			HoloRuminant	NR	bovine	NR	37234	Conventional	12	IVY966_59789667_H6.ab1	/Users/nicholas/Library/CloudStorage/OneDrive-SharedLibraries-Queen'sUniversityBelfast/RUMEN Gateway QUB-Scientific_Consortium - Documents/03_Partners_sequences/QUB/ab1_files/IVY966_59789667_H6.ab1	TRUE	PRESENT	340354	2024-04-16T13:51:54	UNAVAILABLE	"PermissionError: [Errno 1] Operation not permitted: ""/Users/nicholas/Library/CloudStorage/OneDrive-SharedLibraries-Queen'sUniversityBelfast/RUMEN Gateway QUB-Scientific_Consortium - Documents/03_Partners_sequences/QUB/ab1_files"""
417	MATCHED_SH_PRIMER_BP	155	sh_id,primer,base_pairs,used_bc	2	1		row=1225|db=DB_01022|short=IVY966_H7|fasta=IVY966_59789667_H7|primer=27F|bp=212|score=130|reasons=sh_id,primer,used_bc	QUB	SH_0555	SH_ID	SH_0555	QUB_0205	QUB_27F_0205	27F	1143	442	Bacteria	RS_GCF_000155955.1	d__Bacteria;p__Bacillota;c__Negativicutes;o__Selenomonadales;f__Selenomonadaceae;g__Mitsuokella;s__Mitsuokella multacida	97.7				MWL9			1224	DB_00674	Rumen_Gateway	PhD_Theano	missing_maldi	USED	SH_0555	101	>IPO339_C7	>IPO339_58123394_C7	2024-01-03 00:00:00	11108725344-1	Plate		2024-04-29 00:00:00	11108886591	F	27F	1143	NS	Direct_plating		M2	2023	M2	big	cream	smooth	In_process			HoloRuminant	NR	bovine	NR	37245	Conventional	12	IPO339_58123394_C7.ab1	/Users/nicholas/Library/CloudStorage/OneDrive-SharedLibraries-Queen'sUniversityBelfast/RUMEN Gateway QUB-Scientific_Consortium - Documents/03_Partners_sequences/QUB/ab1_files/IPO339_58123394_C7.ab1	TRUE	PRESENT	332247	2024-04-29T09:44:10	UNAVAILABLE	"PermissionError: [Errno 1] Operation not permitted: ""/Users/nicholas/Library/CloudStorage/OneDrive-SharedLibraries-Queen'sUniversityBelfast/RUMEN Gateway QUB-Scientific_Consortium - Documents/03_Partners_sequences/QUB/ab1_files"""
418	MATCHED_SH_PRIMER_BP	155	sh_id,primer,base_pairs,used_bc	3	1		row=1229|db=DB_01516|short=JDP761_D3|fasta=|primer=27F|bp=|score=130|reasons=sh_id,primer,used_bc; row=1230|db=DB_01517|short=JDP761_D4|fasta=|primer=1492R|bp=|score=105|reasons=sh_id,used_bc	QUB	SH_0557	SH_ID	SH_0557	QUB_0497	QUB_27F_0497	27F	782	443	Bacteria	RS_GCF_009695915.1	d__Bacteria;p__Bacillota;c__Clostridia;o__Peptostreptococcales;f__Anaerovoracaceae;g__Hornefia;s__Hornefia butyriciproducens	99.3				MWL4			1228	DB_01024	Rumen_Gateway	PhD_Theano	missing_maldi	USED	SH_0557	103	>IVY966_H9	>IVY966_59789667_H9	2024-04-08 00:00:00	11108856911-1	Plate		2024-04-16 00:00:00	11108869201	F	27F	782	C1.2 Box 2	Direct_plating		M2	2023	M2	medium	transparent with cream centre, cloudy	rough	SH_111.2			HoloRuminant	NR	bovine	NR	37245	Conventional	12	IVY966_59789667_H9.ab1	/Users/nicholas/Library/CloudStorage/OneDrive-SharedLibraries-Queen'sUniversityBelfast/RUMEN Gateway QUB-Scientific_Consortium - Documents/03_Partners_sequences/QUB/ab1_files/IVY966_59789667_H9.ab1	TRUE	PRESENT	338341	2024-04-16T13:51:54	UNAVAILABLE	"PermissionError: [Errno 1] Operation not permitted: ""/Users/nicholas/Library/CloudStorage/OneDrive-SharedLibraries-Queen'sUniversityBelfast/RUMEN Gateway QUB-Scientific_Consortium - Documents/03_Partners_sequences/QUB/ab1_files"""
419	MATCHED_SH_PRIMER_BP	155	sh_id,primer,base_pairs,used_bc	1	1			QUB	SH_0558	SH_ID	SH_0558	QUB_0200	QUB_27F_0200	27F	1126	444	Bacteria	RS_GCF_000160755.1	d__Bacteria;p__Pseudomonadota;c__Gammaproteobacteria;o__Enterobacterales;f__Enterobacteriaceae;g__Proteus;s__Proteus mirabilis	99.7							1231	DB_00668	Rumen_Gateway	PhD_Theano	missing_maldi	USED	SH_0558	104	>IPO339_C1	>IPO339_58123394_C1	2024-01-03 00:00:00	11108725344-1	Plate		2024-04-29 00:00:00	11108886591	F	27F	1126	NS	Direct_plating		M2	2023	M2	small	brown with darker brown edges	glistening	In_process			HoloRuminant	NR	bovine	NR	37352	Conventional	12	IPO339_58123394_C1.ab1	/Users/nicholas/Library/CloudStorage/OneDrive-SharedLibraries-Queen'sUniversityBelfast/RUMEN Gateway QUB-Scientific_Consortium - Documents/03_Partners_sequences/QUB/ab1_files/IPO339_58123394_C1.ab1	TRUE	PRESENT	331285	2024-04-29T09:44:10	UNAVAILABLE	"PermissionError: [Errno 1] Operation not permitted: ""/Users/nicholas/Library/CloudStorage/OneDrive-SharedLibraries-Queen'sUniversityBelfast/RUMEN Gateway QUB-Scientific_Consortium - Documents/03_Partners_sequences/QUB/ab1_files"""
420	MATCHED_SH_PRIMER_BP	155	sh_id,primer,base_pairs,used_bc	3	1		row=1233|db=DB_01713|short=JTQ767|fasta=JTQ767_65947679_65947679|primer=27F|bp=1000|score=130|reasons=sh_id,primer,used_bc; row=1234|db=DB_01714|short=JTQ768|fasta=JTQ768_65947686_65947686|primer=1492R|bp=1014|score=105|reasons=sh_id,used_bc	QUB	SH_0559	SH_ID	SH_0559	QUB_0208	QUB_27F_0208	27F	1135	445	Bacteria	RS_GCF_003925875.1	d__Bacteria;p__Bacillota;c__Bacilli;o__Erysipelotrichales;f__Coprobacillaceae;g__Intestinibaculum;s__Intestinibaculum porci	99							1232	DB_00680	Rumen_Gateway	PhD_Theano	missing_maldi	USED	SH_0559	105	>IPO339_D1	>IPO339_58123394_D1	2024-01-03 00:00:00	11108725344-1	Plate		2024-04-29 00:00:00	11108886591	F	27F	1135	C1.2 Box 2	Direct_plating		M2	2023	M2	small	brown with darker brown edges	glistening	Unknown			HoloRuminant	NR	bovine	NR	37352	Conventional	12	IPO339_58123394_D1.ab1	/Users/nicholas/Library/CloudStorage/OneDrive-SharedLibraries-Queen'sUniversityBelfast/RUMEN Gateway QUB-Scientific_Consortium - Documents/03_Partners_sequences/QUB/ab1_files/IPO339_58123394_D1.ab1	TRUE	PRESENT	334107	2024-04-29T09:44:10	UNAVAILABLE	"PermissionError: [Errno 1] Operation not permitted: ""/Users/nicholas/Library/CloudStorage/OneDrive-SharedLibraries-Queen'sUniversityBelfast/RUMEN Gateway QUB-Scientific_Consortium - Documents/03_Partners_sequences/QUB/ab1_files"""
421	MATCHED_SH_PRIMER_BP	155	sh_id,primer,base_pairs,used_bc	1	1			QUB	SH_0561	SH_ID	SH_0561	QUB_0341	QUB_27F_0341	27F	1104	446	Bacteria	RS_GCF_027568575.1	d__Bacteria;p__Bacillota;c__Bacilli;o__Bacillales_B;f__Caldibacillaceae;g__Caldifermentibacillus;s__Caldifermentibacillus hisashii	98.9				MWL6			1236	DB_00836	Rumen_Gateway	PhD_Theano	missing_maldi	USED	SH_0561	107	>IPO341_A1	>IPO341_58123417_A1	2024-01-03 00:00:00	11108725344-1	Plate		2024-04-17 00:00:00	11108871180	F	27F	1104	NS	Direct_plating		M2	2023	M2	small	grey with transparent edges	smooth	In_process			HoloRuminant	NR	bovine	NR	37352	Conventional	12	IPO341_58123417_A1.ab1	/Users/nicholas/Library/CloudStorage/OneDrive-SharedLibraries-Queen'sUniversityBelfast/RUMEN Gateway QUB-Scientific_Consortium - Documents/03_Partners_sequences/QUB/ab1_files/IPO341_58123417_A1.ab1	TRUE	PRESENT	335959	2024-04-17T16:45:54	UNAVAILABLE	"PermissionError: [Errno 1] Operation not permitted: ""/Users/nicholas/Library/CloudStorage/OneDrive-SharedLibraries-Queen'sUniversityBelfast/RUMEN Gateway QUB-Scientific_Consortium - Documents/03_Partners_sequences/QUB/ab1_files"""
422	MATCHED_SH_PRIMER_BP	155	sh_id,primer,base_pairs,used_bc	2	1		row=1238|db=DB_00848|short=IPO341_B1|fasta=IPO341_58123417_B1|primer=27F|bp=19|score=130|reasons=sh_id,primer,used_bc	QUB	SH_0562	SH_ID	SH_0562	QUB_0245	QUB_27F_0245	27F	1171	447	Bacteria	RS_GCF_025567465.1	d__Bacteria;p__Bacillota;c__Clostridia;o__Lachnospirales;f__Lachnospiraceae;g__Roseburia_C;s__Roseburia_C amylophila	98.6				MWL6			1237	DB_00732	Rumen_Gateway	PhD_Theano	missing_maldi	USED	SH_0562	108	>IPO339_H5	>IPO339_58123394_H5	2024-01-03 00:00:00	11108725344-1	Plate		2024-04-29 00:00:00	11108886591	F	27F	1171	NS	Direct_plating		M2	2023	M2	small	grey with transparent edges	smooth	In_process			HoloRuminant	NR	bovine	NR	37352	Conventional	12	IPO339_58123394_H5.ab1	/Users/nicholas/Library/CloudStorage/OneDrive-SharedLibraries-Queen'sUniversityBelfast/RUMEN Gateway QUB-Scientific_Consortium - Documents/03_Partners_sequences/QUB/ab1_files/IPO339_58123394_H5.ab1	TRUE	PRESENT	330439	2024-04-29T09:44:12	UNAVAILABLE	"PermissionError: [Errno 1] Operation not permitted: ""/Users/nicholas/Library/CloudStorage/OneDrive-SharedLibraries-Queen'sUniversityBelfast/RUMEN Gateway QUB-Scientific_Consortium - Documents/03_Partners_sequences/QUB/ab1_files"""
423	MATCHED_SH_PRIMER_BP	155	sh_id,primer,base_pairs,used_bc	2	1		row=1240|db=DB_00860|short=IPO341_C1|fasta=IPO341_58123417_C1|primer=27F|bp=223|score=130|reasons=sh_id,primer,used_bc	QUB	SH_0563	SH_ID	SH_0563	QUB_0212	QUB_27F_0212	27F	1149	448	Bacteria	RS_GCF_036503815.1	d__Bacteria;p__Pseudomonadota;c__Gammaproteobacteria;o__Enterobacterales;f__Enterobacteriaceae;g__Escherichia;s__Escherichia coli_F	99.6				MWL6			1239	DB_00686	Rumen_Gateway	PhD_Theano	missing_maldi	USED	SH_0563	109	>IPO339_D7	>IPO339_58123394_D7	2024-01-03 00:00:00	11108725344-1	Plate		2024-04-29 00:00:00	11108886591	F	27F	1149	NS	Direct_plating		M2	2023	M2	pinpoint	transparent	rough	In_process			HoloRuminant	NR	bovine	NR	37352	Conventional	12	IPO339_58123394_D7.ab1	/Users/nicholas/Library/CloudStorage/OneDrive-SharedLibraries-Queen'sUniversityBelfast/RUMEN Gateway QUB-Scientific_Consortium - Documents/03_Partners_sequences/QUB/ab1_files/IPO339_58123394_D7.ab1	TRUE	PRESENT	336952	2024-04-29T09:44:10	UNAVAILABLE	"PermissionError: [Errno 1] Operation not permitted: ""/Users/nicholas/Library/CloudStorage/OneDrive-SharedLibraries-Queen'sUniversityBelfast/RUMEN Gateway QUB-Scientific_Consortium - Documents/03_Partners_sequences/QUB/ab1_files"""
424	MATCHED_SH_PRIMER_BP	155	sh_id,primer,base_pairs,used_bc	4	1		row=1242|db=DB_00872|short=IPO341_D1|fasta=IPO341_58123417_D1|primer=27F|bp=123|score=130|reasons=sh_id,primer,used_bc; row=1243|db=DB_01518|short=JDP761_D5|fasta=|primer=27F|bp=|score=130|reasons=sh_id,primer,used_bc; row=1244|db=DB_01519|short=JDP761_D6|fasta=|primer=1492R|bp=|score=105|reasons=sh_id,used_bc	QUB	SH_0564	SH_ID	SH_0564	QUB_0189	QUB_27F_0189	27F	1140	449	Bacteria	GB_GCA_905197905.1	d__Bacteria;p__Pseudomonadota;c__Gammaproteobacteria;o__Burkholderiales;f__Burkholderiaceae;g__Sutterella;s__Sutterella sp905197905	99.4				MWL6			1241	DB_00649	Rumen_Gateway	PhD_Theano	missing_maldi	USED	SH_0564	110	>IPO339_A6	>IPO339_58123394_A6	2024-01-03 00:00:00	11108725344-1	Plate		2024-04-29 00:00:00	11108886591	F	27F	1140	C1.2 Box 2	Direct_plating		M2	2023	M2	small	grey with transparent edges	smooth	Unknown			HoloRuminant	NR	bovine	NR	37352	Conventional	12	IPO339_58123394_A6.ab1	/Users/nicholas/Library/CloudStorage/OneDrive-SharedLibraries-Queen'sUniversityBelfast/RUMEN Gateway QUB-Scientific_Consortium - Documents/03_Partners_sequences/QUB/ab1_files/IPO339_58123394_A6.ab1	TRUE	PRESENT	332031	2024-04-29T09:44:10	UNAVAILABLE	"PermissionError: [Errno 1] Operation not permitted: ""/Users/nicholas/Library/CloudStorage/OneDrive-SharedLibraries-Queen'sUniversityBelfast/RUMEN Gateway QUB-Scientific_Consortium - Documents/03_Partners_sequences/QUB/ab1_files"""
425	MATCHED_SH_PRIMER_BP	155	sh_id,primer,base_pairs,used_bc	1	1			QUB	SH_0566	SH_ID	SH_0566	QUB_0393	QUB_27F_0393	27F	647	450	Bacteria	RS_GCF_001969855.1	d__Bacteria;p__Bacillota;c__Bacilli;o__Bacillales;f__Bacillaceae;g__Bacillus;s__Bacillus haynesii	98.9							1247	DB_00896	Rumen_Gateway	PhD_Theano	missing_maldi	USED	SH_0566	112	>IPO341_F1	>IPO341_58123417_F1	2024-01-03 00:00:00	11108725344-1	Plate		2024-04-17 00:00:00	11108871180	F	27F	647	NS	Direct_plating		M2	2023	M2	small	grey with cream centre	glistening	In_process			HoloRuminant	NR	bovine	NR	37352	Conventional	12	IPO341_58123417_F1.ab1	/Users/nicholas/Library/CloudStorage/OneDrive-SharedLibraries-Queen'sUniversityBelfast/RUMEN Gateway QUB-Scientific_Consortium - Documents/03_Partners_sequences/QUB/ab1_files/IPO341_58123417_F1.ab1	TRUE	PRESENT	338174	2024-04-17T16:45:56	UNAVAILABLE	"PermissionError: [Errno 1] Operation not permitted: ""/Users/nicholas/Library/CloudStorage/OneDrive-SharedLibraries-Queen'sUniversityBelfast/RUMEN Gateway QUB-Scientific_Consortium - Documents/03_Partners_sequences/QUB/ab1_files"""
426	MATCHED_SH_PRIMER_BP	155	sh_id,primer,base_pairs,used_bc	1	1			QUB	SH_0567	SH_ID	SH_0567	QUB_0404	QUB_27F_0404	27F	1172	451	Bacteria	RS_GCF_009696445.1	d__Bacteria;p__Bacillota;c__Clostridia;o__Lachnospirales;f__Lachnospiraceae;g__Porcincola;s__Porcincola intestinalis	99.5				MWL6			1248	DB_00908	Rumen_Gateway	PhD_Theano	missing_maldi	USED	SH_0567	113	>IPO341_G1	>IPO341_58123417_G1	2024-01-03 00:00:00	11108725344-1	Plate		2024-04-17 00:00:00	11108871180	F	27F	1172	NS	Dilution_to_extinction		M2	2023	M2	big	cream with transparent edges	rough	In_process			HoloRuminant	NR	bovine	NR	37234	Conventional	49	IPO341_58123417_G1.ab1	/Users/nicholas/Library/CloudStorage/OneDrive-SharedLibraries-Queen'sUniversityBelfast/RUMEN Gateway QUB-Scientific_Consortium - Documents/03_Partners_sequences/QUB/ab1_files/IPO341_58123417_G1.ab1	TRUE	PRESENT	341333	2024-04-17T16:45:56	UNAVAILABLE	"PermissionError: [Errno 1] Operation not permitted: ""/Users/nicholas/Library/CloudStorage/OneDrive-SharedLibraries-Queen'sUniversityBelfast/RUMEN Gateway QUB-Scientific_Consortium - Documents/03_Partners_sequences/QUB/ab1_files"""
427	MATCHED_SH_PRIMER_BP	155	sh_id,primer,base_pairs,used_bc	3	1		row=1250|db=DB_01520|short=JDP761_D7|fasta=|primer=27F|bp=|score=130|reasons=sh_id,primer,used_bc; row=1251|db=DB_01521|short=JDP761_D8|fasta=|primer=1492R|bp=|score=105|reasons=sh_id,used_bc	QUB	SH_0568	SH_ID	SH_0568	QUB_0414	QUB_27F_0414	27F	1191	452	Bacteria	RS_GCF_009696445.1	d__Bacteria;p__Bacillota;c__Clostridia;o__Lachnospirales;f__Lachnospiraceae;g__Porcincola;s__Porcincola intestinalis	98.9				MWL6			1249	DB_00920	Rumen_Gateway	PhD_Theano	missing_maldi	USED	SH_0568	114	>IPO341_H1	>IPO341_58123417_H1	2024-01-03 00:00:00	11108725344-1	Plate		2024-04-17 00:00:00	11108871180	F	27F	1191	C1.2 Box 2	Direct_plating		M2	2023	M2	small	yellow	glistening	In_process			HoloRuminant	NR	bovine	NR	37363	Intensive	12	IPO341_58123417_H1.ab1	/Users/nicholas/Library/CloudStorage/OneDrive-SharedLibraries-Queen'sUniversityBelfast/RUMEN Gateway QUB-Scientific_Consortium - Documents/03_Partners_sequences/QUB/ab1_files/IPO341_58123417_H1.ab1	TRUE	PRESENT	335264	2024-04-17T16:45:56	UNAVAILABLE	"PermissionError: [Errno 1] Operation not permitted: ""/Users/nicholas/Library/CloudStorage/OneDrive-SharedLibraries-Queen'sUniversityBelfast/RUMEN Gateway QUB-Scientific_Consortium - Documents/03_Partners_sequences/QUB/ab1_files"""
428	MATCHED_SH_PRIMER_BP	155	sh_id,primer,base_pairs,used_bc	1	1			QUB	SH_0569	SH_ID	SH_0569	QUB_0345	QUB_27F_0345	27F	1218	453	Bacteria	RS_GCF_000011645.1	d__Bacteria;p__Bacillota;c__Bacilli;o__Bacillales;f__Bacillaceae;g__Bacillus;s__Bacillus licheniformis	98.9							1252	DB_00837	Rumen_Gateway	PhD_Theano	missing_maldi	USED	SH_0569	115	>IPO341_A2	>IPO341_58123417_A2	2024-01-03 00:00:00	11108725344-1	Plate		2024-04-17 00:00:00	11108871180	F	27F	1218	NS	Direct_plating		M2	2023	M2	big	grey	rough	In_process			HoloRuminant	NR	bovine	NR	37186	Intensive	12	IPO341_58123417_A2.ab1	/Users/nicholas/Library/CloudStorage/OneDrive-SharedLibraries-Queen'sUniversityBelfast/RUMEN Gateway QUB-Scientific_Consortium - Documents/03_Partners_sequences/QUB/ab1_files/IPO341_58123417_A2.ab1	TRUE	PRESENT	348849	2024-04-17T16:45:54	UNAVAILABLE	"PermissionError: [Errno 1] Operation not permitted: ""/Users/nicholas/Library/CloudStorage/OneDrive-SharedLibraries-Queen'sUniversityBelfast/RUMEN Gateway QUB-Scientific_Consortium - Documents/03_Partners_sequences/QUB/ab1_files"""
429	MATCHED_SH_PRIMER_BP	155	sh_id,primer,base_pairs,used_bc	1	1			QUB	SH_0570	SH_ID	SH_0570	QUB_0354	QUB_27F_0354	27F	1170	454	Bacteria	RS_GCF_009695655.1	d__Bacteria;p__Bacillota;c__Bacilli;o__Erysipelotrichales;f__Coprobacillaceae;g__Sharpea;s__Sharpea porci	97.6				MWL4			1253	DB_00849	Rumen_Gateway	PhD_Theano	missing_maldi	USED	SH_0570	116	>IPO341_B2	>IPO341_58123417_B2	2024-01-03 00:00:00	11108725344-1	Plate		2024-04-17 00:00:00	11108871180	F	27F	1170	C1.2 Box 2	Direct_plating		M2	2023	M2	small	transparent with grey centre	glistening	In_process			HoloRuminant	NR	bovine	NR	37186	Intensive	12	IPO341_58123417_B2.ab1	/Users/nicholas/Library/CloudStorage/OneDrive-SharedLibraries-Queen'sUniversityBelfast/RUMEN Gateway QUB-Scientific_Consortium - Documents/03_Partners_sequences/QUB/ab1_files/IPO341_58123417_B2.ab1	TRUE	PRESENT	347830	2024-04-17T16:45:54	UNAVAILABLE	"PermissionError: [Errno 1] Operation not permitted: ""/Users/nicholas/Library/CloudStorage/OneDrive-SharedLibraries-Queen'sUniversityBelfast/RUMEN Gateway QUB-Scientific_Consortium - Documents/03_Partners_sequences/QUB/ab1_files"""
430	MATCHED_SH_PRIMER_BP	155	sh_id,primer,base_pairs,used_bc	1	1			QUB	SH_0571	SH_ID	SH_0571	QUB_0363	QUB_27F_0363	27F	1166	455	Bacteria	RS_GCF_900119625.1	d__Bacteria;p__Actinomycetota;c__Coriobacteriia;o__Coriobacteriales;f__Atopobiaceae;g__Tractidigestivibacter;s__Tractidigestivibacter sp900119625	99.5				MWL4			1254	DB_00861	Rumen_Gateway	PhD_Theano	missing_maldi	USED	SH_0571	117	>IPO341_C2	>IPO341_58123417_C2	2024-01-03 00:00:00	11108725344-1	Plate		2024-04-17 00:00:00	11108871180	F	27F	1166	NS	Direct_plating		M2	2023	M2	small	transparent with cream centre	rough	In_process			HoloRuminant	NR	bovine	NR	37186	Intensive	12	IPO341_58123417_C2.ab1	/Users/nicholas/Library/CloudStorage/OneDrive-SharedLibraries-Queen'sUniversityBelfast/RUMEN Gateway QUB-Scientific_Consortium - Documents/03_Partners_sequences/QUB/ab1_files/IPO341_58123417_C2.ab1	TRUE	PRESENT	347127	2024-04-17T16:45:54	UNAVAILABLE	"PermissionError: [Errno 1] Operation not permitted: ""/Users/nicholas/Library/CloudStorage/OneDrive-SharedLibraries-Queen'sUniversityBelfast/RUMEN Gateway QUB-Scientific_Consortium - Documents/03_Partners_sequences/QUB/ab1_files"""
431	MATCHED_SH_PRIMER_BP	155	sh_id,primer,base_pairs,used_bc	1	1			QUB	SH_0572	SH_ID	SH_0572	QUB_0374	QUB_27F_0374	27F	1219	456	Bacteria	RS_GCF_025148635.1	d__Bacteria;p__Bacteroidota;c__Bacteroidia;o__Bacteroidales;f__Marinifilaceae;g__Butyricimonas;s__Butyricimonas virosa	97.1							1255	DB_00873	Rumen_Gateway	PhD_Theano	missing_maldi	USED	SH_0572	118	>IPO341_D2	>IPO341_58123417_D2	2024-01-03 00:00:00	11108725344-1	Plate		2024-04-17 00:00:00	11108871180	F	27F	1219	NS	Direct_plating		M2	2023	M2	big	transparent with white centre	rough	In_process			HoloRuminant	NR	bovine	NR	37186	Intensive	12	IPO341_58123417_D2.ab1	/Users/nicholas/Library/CloudStorage/OneDrive-SharedLibraries-Queen'sUniversityBelfast/RUMEN Gateway QUB-Scientific_Consortium - Documents/03_Partners_sequences/QUB/ab1_files/IPO341_58123417_D2.ab1	TRUE	PRESENT	349622	2024-04-17T16:45:54	UNAVAILABLE	"PermissionError: [Errno 1] Operation not permitted: ""/Users/nicholas/Library/CloudStorage/OneDrive-SharedLibraries-Queen'sUniversityBelfast/RUMEN Gateway QUB-Scientific_Consortium - Documents/03_Partners_sequences/QUB/ab1_files"""
432	MATCHED_SH_PRIMER_BP	155	sh_id,primer,base_pairs,used_bc	1	1			QUB	SH_0573	SH_ID	SH_0573	QUB_0385	QUB_27F_0385	27F	1159	457	Bacteria	GB_GCA_040266995.1	d__Bacteria;p__Bacillota;c__Bacilli;o__Erysipelotrichales;f__Erysipelotrichaceae;g__UBA4312;s__UBA4312 sp040266995	99.5				MWL6			1256	DB_00885	Rumen_Gateway	PhD_Theano	missing_maldi	USED	SH_0573	119	>IPO341_E2	>IPO341_58123417_E2	2024-01-03 00:00:00	11108725344-1	Plate		2024-04-17 00:00:00	11108871180	F	27F	1159	NS	Dilution_to_extinction		M2	2023	M2	small	target like with grey and cream colours	glistening	In_process			HoloRuminant	NR	bovine	NR	37525	Intensive	49	IPO341_58123417_E2.ab1	/Users/nicholas/Library/CloudStorage/OneDrive-SharedLibraries-Queen'sUniversityBelfast/RUMEN Gateway QUB-Scientific_Consortium - Documents/03_Partners_sequences/QUB/ab1_files/IPO341_58123417_E2.ab1	TRUE	PRESENT	342494	2024-04-17T16:45:54	UNAVAILABLE	"PermissionError: [Errno 1] Operation not permitted: ""/Users/nicholas/Library/CloudStorage/OneDrive-SharedLibraries-Queen'sUniversityBelfast/RUMEN Gateway QUB-Scientific_Consortium - Documents/03_Partners_sequences/QUB/ab1_files"""
433	MATCHED_SH_PRIMER_BP	155	sh_id,primer,base_pairs,used_bc	1	1			QUB	SH_0574	SH_ID	SH_0574	QUB_0397	QUB_27F_0397	27F	1182	458	Bacteria	RS_GCF_900218035.1	d__Bacteria;p__Bacillota;c__Clostridia;o__Lachnospirales;f__Lachnospiraceae;g__Pseudobutyrivibrio;s__Pseudobutyrivibrio ruminis	99				MWL6			1257	DB_00897	Rumen_Gateway	PhD_Theano	missing_maldi	USED	SH_0574	120	>IPO341_F2	>IPO341_58123417_F2	2024-01-03 00:00:00	11108725344-1	Plate		2024-04-17 00:00:00	11108871180	F	27F	1182	NS	Dilution_to_extinction		M2	2023	M2	medium	grey cream	smooth	In_process			HoloRuminant	NR	bovine	NR	37525	Intensive	49	IPO341_58123417_F2.ab1	/Users/nicholas/Library/CloudStorage/OneDrive-SharedLibraries-Queen'sUniversityBelfast/RUMEN Gateway QUB-Scientific_Consortium - Documents/03_Partners_sequences/QUB/ab1_files/IPO341_58123417_F2.ab1	TRUE	PRESENT	343955	2024-04-17T16:45:56	UNAVAILABLE	"PermissionError: [Errno 1] Operation not permitted: ""/Users/nicholas/Library/CloudStorage/OneDrive-SharedLibraries-Queen'sUniversityBelfast/RUMEN Gateway QUB-Scientific_Consortium - Documents/03_Partners_sequences/QUB/ab1_files"""
434	MATCHED_SH_PRIMER_BP	155	sh_id,primer,base_pairs,used_bc	3	1		row=1259|db=DB_01685|short=JTQ739|fasta=JTQ739_65947396_65947396|primer=27F|bp=1192|score=130|reasons=sh_id,primer,used_bc; row=1260|db=DB_01686|short=JTQ740|fasta=JTQ740_65947402_65947402|primer=1492R|bp=1154|score=105|reasons=sh_id,used_bc	QUB	SH_0575	SH_ID	SH_0575	QUB_0407	QUB_27F_0407	27F	1219	459	Bacteria	GB_GCA_022483465.1	d__Bacteria;p__Bacillota;c__Clostridia;o__Lachnospirales;f__Lachnospiraceae;g__CAG-791;s__CAG-791 sp022483465	91				MWL6			1258	DB_00909	Rumen_Gateway	PhD_Theano	missing_maldi	USED	SH_0575	121	>IPO341_G2	>IPO341_58123417_G2	2024-01-03 00:00:00	11108725344-1	Plate		2024-04-17 00:00:00	11108871180	F	27F	1219	C1.2 Box 3	Dilution_to_extinction		M2	2023	M2	medium	white cream	smooth	SH_45			HoloRuminant	NR	bovine	NR	37525	Intensive	49	IPO341_58123417_G2.ab1	/Users/nicholas/Library/CloudStorage/OneDrive-SharedLibraries-Queen'sUniversityBelfast/RUMEN Gateway QUB-Scientific_Consortium - Documents/03_Partners_sequences/QUB/ab1_files/IPO341_58123417_G2.ab1	TRUE	PRESENT	343493	2024-04-17T16:45:56	UNAVAILABLE	"PermissionError: [Errno 1] Operation not permitted: ""/Users/nicholas/Library/CloudStorage/OneDrive-SharedLibraries-Queen'sUniversityBelfast/RUMEN Gateway QUB-Scientific_Consortium - Documents/03_Partners_sequences/QUB/ab1_files"""
435	MATCHED_SH_PRIMER_BP	155	sh_id,primer,base_pairs,used_bc	1	1			QUB	SH_0576	SH_ID	SH_0576	QUB_0191	QUB_27F_0191	27F	1195	460	Bacteria	RS_GCF_001403875.1	d__Bacteria;p__Bacillota;c__Bacilli;o__Paenibacillales;f__Paenibacillaceae;g__Fontibacillus;s__Fontibacillus ihumii	99.1							1261	DB_00652	Rumen_Gateway	PhD_Theano	missing_maldi	USED	SH_0576	122	>IPO339_A9	>IPO339_58123394_A9	2024-01-03 00:00:00	11108725344-1	Plate		2024-04-29 00:00:00	11108886591	F	27F	1195	C1.2 Box 3	Dilution_to_extinction		M2	2023	M2	big	transparent	glistening	In_process			HoloRuminant	NR	bovine	NR	37525	Intensive	49	IPO339_58123394_A9.ab1	/Users/nicholas/Library/CloudStorage/OneDrive-SharedLibraries-Queen'sUniversityBelfast/RUMEN Gateway QUB-Scientific_Consortium - Documents/03_Partners_sequences/QUB/ab1_files/IPO339_58123394_A9.ab1	TRUE	PRESENT	333404	2024-04-29T09:44:10	UNAVAILABLE	"PermissionError: [Errno 1] Operation not permitted: ""/Users/nicholas/Library/CloudStorage/OneDrive-SharedLibraries-Queen'sUniversityBelfast/RUMEN Gateway QUB-Scientific_Consortium - Documents/03_Partners_sequences/QUB/ab1_files"""
436	MATCHED_SH_PRIMER_BP	155	sh_id,primer,base_pairs,used_bc	1	1			QUB	SH_0577	SH_ID	SH_0577	QUB_0417	QUB_27F_0417	27F	1209	461	Bacteria	RS_GCF_004362975.1	d__Bacteria;p__Bacillota;c__Clostridia;o__Peptostreptococcales;f__Anaerovoracaceae;g__Aminicella;s__Aminicella lysinilytica	91.6				MWL6			1262	DB_00921	Rumen_Gateway	PhD_Theano	missing_maldi	USED	SH_0577	123	>IPO341_H2	>IPO341_58123417_H2	2024-01-03 00:00:00	11108725344-1	Plate		2024-04-17 00:00:00	11108871180	F	27F	1209	NS	Dilution_to_extinction		M2	2023	M2	medium	grey cream	smooth	In_process			HoloRuminant	NR	bovine	NR	37525	Intensive	49	IPO341_58123417_H2.ab1	/Users/nicholas/Library/CloudStorage/OneDrive-SharedLibraries-Queen'sUniversityBelfast/RUMEN Gateway QUB-Scientific_Consortium - Documents/03_Partners_sequences/QUB/ab1_files/IPO341_58123417_H2.ab1	TRUE	PRESENT	341938	2024-04-17T16:45:56	UNAVAILABLE	"PermissionError: [Errno 1] Operation not permitted: ""/Users/nicholas/Library/CloudStorage/OneDrive-SharedLibraries-Queen'sUniversityBelfast/RUMEN Gateway QUB-Scientific_Consortium - Documents/03_Partners_sequences/QUB/ab1_files"""
437	MATCHED_SH_PRIMER_BP	155	sh_id,primer,base_pairs,used_bc	1	1			QUB	SH_0578	SH_ID	SH_0578	QUB_0346	QUB_27F_0346	27F	1214	462	Bacteria	RS_GCF_009680455.1	d__Bacteria;p__Bacillota;c__Clostridia;o__Lachnospirales;f__Lachnospiraceae;g__Lachnospira;s__Lachnospira eligens_A	87.4				MWL6			1263	DB_00838	Rumen_Gateway	PhD_Theano	missing_maldi	USED	SH_0578	124	>IPO341_A3	>IPO341_58123417_A3	2024-01-03 00:00:00	11108725344-1	Plate		2024-04-17 00:00:00	11108871180	F	27F	1214	NS	Dilution_to_extinction		M2	2023	M2	medium	grey cream	smooth	In_process			HoloRuminant	NR	bovine	NR	37525	Intensive	49	IPO341_58123417_A3.ab1	/Users/nicholas/Library/CloudStorage/OneDrive-SharedLibraries-Queen'sUniversityBelfast/RUMEN Gateway QUB-Scientific_Consortium - Documents/03_Partners_sequences/QUB/ab1_files/IPO341_58123417_A3.ab1	TRUE	PRESENT	346915	2024-04-17T16:45:54	UNAVAILABLE	"PermissionError: [Errno 1] Operation not permitted: ""/Users/nicholas/Library/CloudStorage/OneDrive-SharedLibraries-Queen'sUniversityBelfast/RUMEN Gateway QUB-Scientific_Consortium - Documents/03_Partners_sequences/QUB/ab1_files"""
438	MATCHED_SH_PRIMER_BP	155	sh_id,primer,base_pairs,used_bc	1	1			QUB	SH_0579	SH_ID	SH_0579	QUB_0355	QUB_27F_0355	27F	1182	463	Bacteria	GB_GCA_040266995.1	d__Bacteria;p__Bacillota;c__Bacilli;o__Erysipelotrichales;f__Erysipelotrichaceae;g__UBA4312;s__UBA4312 sp040266995	99.3							1264	DB_00850	Rumen_Gateway	PhD_Theano	missing_maldi	USED	SH_0579	125	>IPO341_B3	>IPO341_58123417_B3	2024-01-03 00:00:00	11108725344-1	Plate		2024-04-17 00:00:00	11108871180	F	27F	1182	C1.3 Box 3	Dilution_to_extinction		M2	2023	M2	small	yellow cream	glistening	SH_582 (TS_128)			HoloRuminant	NR	bovine	NR	37363	Intensive	28	IPO341_58123417_B3.ab1	/Users/nicholas/Library/CloudStorage/OneDrive-SharedLibraries-Queen'sUniversityBelfast/RUMEN Gateway QUB-Scientific_Consortium - Documents/03_Partners_sequences/QUB/ab1_files/IPO341_58123417_B3.ab1	TRUE	PRESENT	352105	2024-04-17T16:45:54	UNAVAILABLE	"PermissionError: [Errno 1] Operation not permitted: ""/Users/nicholas/Library/CloudStorage/OneDrive-SharedLibraries-Queen'sUniversityBelfast/RUMEN Gateway QUB-Scientific_Consortium - Documents/03_Partners_sequences/QUB/ab1_files"""
439	MATCHED_SH_PRIMER_BP	155	sh_id,primer,base_pairs,used_bc	1	1			QUB	SH_0580	SH_ID	SH_0580	QUB_0364	QUB_27F_0364	27F	1207	464	Bacteria	RS_GCF_011387195.1	d__Bacteria;p__Bacillota;c__Bacilli;o__Lactobacillales;f__Streptococcaceae;g__Streptococcus;s__Streptococcus ruminicola	99.1							1265	DB_00862	Rumen_Gateway	PhD_Theano	missing_maldi	USED	SH_0580	126	>IPO341_C3	>IPO341_58123417_C3	2024-01-03 00:00:00	11108725344-1	Plate		2024-04-17 00:00:00	11108871180	F	27F	1207	NS	Dilution_to_extinction		M2	2023	M2	big	transparent	rough	In_process			HoloRuminant	NR	bovine	NR	37363	Intensive	28	IPO341_58123417_C3.ab1	/Users/nicholas/Library/CloudStorage/OneDrive-SharedLibraries-Queen'sUniversityBelfast/RUMEN Gateway QUB-Scientific_Consortium - Documents/03_Partners_sequences/QUB/ab1_files/IPO341_58123417_C3.ab1	TRUE	PRESENT	347937	2024-04-17T16:45:54	UNAVAILABLE	"PermissionError: [Errno 1] Operation not permitted: ""/Users/nicholas/Library/CloudStorage/OneDrive-SharedLibraries-Queen'sUniversityBelfast/RUMEN Gateway QUB-Scientific_Consortium - Documents/03_Partners_sequences/QUB/ab1_files"""
440	MATCHED_SH_PRIMER_BP	155	sh_id,primer,base_pairs,used_bc	1	1			QUB	SH_0581	SH_ID	SH_0581	QUB_0375	QUB_27F_0375	27F	1174	465	Bacteria	RS_GCF_000011645.1	d__Bacteria;p__Bacillota;c__Bacilli;o__Bacillales;f__Bacillaceae;g__Bacillus;s__Bacillus licheniformis	98.6							1266	DB_00874	Rumen_Gateway	PhD_Theano	missing_maldi	USED	SH_0581	127	>IPO341_D3	>IPO341_58123417_D3	2024-01-03 00:00:00	11108725344-1	Plate		2024-04-17 00:00:00	11108871180	F	27F	1174	C1.2 Box 3	Dilution_to_extinction		M2	2023	M2	small	yellow cream	glistening	added to library			HoloRuminant	NR	bovine	NR	37363	Intensive	28	IPO341_58123417_D3.ab1	/Users/nicholas/Library/CloudStorage/OneDrive-SharedLibraries-Queen'sUniversityBelfast/RUMEN Gateway QUB-Scientific_Consortium - Documents/03_Partners_sequences/QUB/ab1_files/IPO341_58123417_D3.ab1	TRUE	PRESENT	350173	2024-04-17T16:45:54	UNAVAILABLE	"PermissionError: [Errno 1] Operation not permitted: ""/Users/nicholas/Library/CloudStorage/OneDrive-SharedLibraries-Queen'sUniversityBelfast/RUMEN Gateway QUB-Scientific_Consortium - Documents/03_Partners_sequences/QUB/ab1_files"""
441	MATCHED_SH_PRIMER_BP	155	sh_id,primer,base_pairs,used_bc	5	1		row=1268|db=DB_01687|short=JTQ741|fasta=JTQ741_65947419_65947419|primer=27F|bp=1200|score=130|reasons=sh_id,primer,used_bc; row=1270|db=DB_01755|short=KCX873|fasta=KCX873_68358731_68358731|primer=27F|bp=1220|score=130|reasons=sh_id,primer,used_bc; row=1269|db=DB_01688|short=JTQ742|fasta=JTQ742_65947426_65947426|primer=1492R|bp=1162|score=105|reasons=sh_id,used_bc; row=1271|db=DB_01756|short=KCX874|fasta=KCX874_68358748_68358748|primer=1492R|bp=1222|score=105|reasons=sh_id,used_bc	QUB	SH_0582	SH_ID	SH_0582	QUB_0386	QUB_27F_0386	27F	1198	466	Bacteria	RS_GCF_011387195.1	d__Bacteria;p__Bacillota;c__Bacilli;o__Lactobacillales;f__Streptococcaceae;g__Streptococcus;s__Streptococcus ruminicola	98.8							1267	DB_00886	Rumen_Gateway	PhD_Theano	missing_maldi	USED	SH_0582	128	>IPO341_E3	>IPO341_58123417_E3	2024-01-03 00:00:00	11108725344-1	Plate		2024-04-17 00:00:00	11108871180	F	27F	1198	C1.2 Box 3	Dilution_to_extinction		M2	2023	M2	medium	light yellow cream	glistening	SH_582 (TS_128)			HoloRuminant	NR	bovine	NR	37363	Intensive	28	IPO341_58123417_E3.ab1	/Users/nicholas/Library/CloudStorage/OneDrive-SharedLibraries-Queen'sUniversityBelfast/RUMEN Gateway QUB-Scientific_Consortium - Documents/03_Partners_sequences/QUB/ab1_files/IPO341_58123417_E3.ab1	TRUE	PRESENT	348517	2024-04-17T16:45:54	UNAVAILABLE	"PermissionError: [Errno 1] Operation not permitted: ""/Users/nicholas/Library/CloudStorage/OneDrive-SharedLibraries-Queen'sUniversityBelfast/RUMEN Gateway QUB-Scientific_Consortium - Documents/03_Partners_sequences/QUB/ab1_files"""
442	MATCHED_SH_PRIMER_BP	155	sh_id,primer,base_pairs,used_bc	1	1			QUB	SH_0583	SH_ID	SH_0583	QUB_0398	QUB_27F_0398	27F	1174	467	Bacteria	RS_GCF_039540495.1	d__Bacteria;p__Bacteroidota;c__Bacteroidia;o__Chitinophagales;f__Chitinophagaceae;g__Rurimicrobium;s__Rurimicrobium arvi	99							1272	DB_00898	Rumen_Gateway	PhD_Theano	missing_maldi	USED	SH_0583	129	>IPO341_F3	>IPO341_58123417_F3	2024-01-03 00:00:00	11108725344-1	Plate		2024-04-17 00:00:00	11108871180	F	27F	1174	C1.2 Box 3	Dilution_to_extinction		M2	2023	M2	small	white	smooth	SH_583 (TS_129)			HoloRuminant	NR	bovine	NR	37245	Conventional	28	IPO341_58123417_F3.ab1	/Users/nicholas/Library/CloudStorage/OneDrive-SharedLibraries-Queen'sUniversityBelfast/RUMEN Gateway QUB-Scientific_Consortium - Documents/03_Partners_sequences/QUB/ab1_files/IPO341_58123417_F3.ab1	TRUE	PRESENT	355057	2024-04-17T16:45:56	UNAVAILABLE	"PermissionError: [Errno 1] Operation not permitted: ""/Users/nicholas/Library/CloudStorage/OneDrive-SharedLibraries-Queen'sUniversityBelfast/RUMEN Gateway QUB-Scientific_Consortium - Documents/03_Partners_sequences/QUB/ab1_files"""
443	MATCHED_SH_PRIMER_BP	155	sh_id,primer,base_pairs,used_bc	1	1			QUB	SH_0584	SH_ID	SH_0584	QUB_0408	QUB_27F_0408	27F	1178	468	Bacteria	RS_GCF_900102515.1	d__Bacteria;p__Bacillota;c__Clostridia;o__Lachnospirales;f__Lachnospiraceae;g__Butyrivibrio;s__Butyrivibrio sp900102515	96.2							1273	DB_00910	Rumen_Gateway	PhD_Theano	missing_maldi	USED	SH_0584	130	>IPO341_G3	>IPO341_58123417_G3	2024-01-03 00:00:00	11108725344-1	Plate		2024-04-17 00:00:00	11108871180	F	27F	1178	C1.2 Box 3	Dilution_to_extinction		M2	2023	M2	small	white	smooth	In_process			HoloRuminant	NR	bovine	NR	37245	Conventional	28	IPO341_58123417_G3.ab1	/Users/nicholas/Library/CloudStorage/OneDrive-SharedLibraries-Queen'sUniversityBelfast/RUMEN Gateway QUB-Scientific_Consortium - Documents/03_Partners_sequences/QUB/ab1_files/IPO341_58123417_G3.ab1	TRUE	PRESENT	352756	2024-04-17T16:45:56	UNAVAILABLE	"PermissionError: [Errno 1] Operation not permitted: ""/Users/nicholas/Library/CloudStorage/OneDrive-SharedLibraries-Queen'sUniversityBelfast/RUMEN Gateway QUB-Scientific_Consortium - Documents/03_Partners_sequences/QUB/ab1_files"""
444	MATCHED_SH_PRIMER_BP	155	sh_id,primer,base_pairs,used_bc	1	1			QUB	SH_0585	SH_ID	SH_0585	QUB_0418	QUB_27F_0418	27F	1128	469	Bacteria	GB_GCA_905197905.1	d__Bacteria;p__Pseudomonadota;c__Gammaproteobacteria;o__Burkholderiales;f__Burkholderiaceae;g__Sutterella;s__Sutterella sp905197905	99.5							1274	DB_00922	Rumen_Gateway	PhD_Theano	missing_maldi	USED	SH_0585	131	>IPO341_H3	>IPO341_58123417_H3	2024-01-03 00:00:00	11108725344-1	Plate		2024-04-17 00:00:00	11108871180	F	27F	1128	NS	Dilution_to_extinction		M2	2023	M2	medium	brown	rough	In_process			HoloRuminant	NR	bovine	NR	37234	Conventional	49	IPO341_58123417_H3.ab1	/Users/nicholas/Library/CloudStorage/OneDrive-SharedLibraries-Queen'sUniversityBelfast/RUMEN Gateway QUB-Scientific_Consortium - Documents/03_Partners_sequences/QUB/ab1_files/IPO341_58123417_H3.ab1	TRUE	PRESENT	343973	2024-04-17T16:45:56	UNAVAILABLE	"PermissionError: [Errno 1] Operation not permitted: ""/Users/nicholas/Library/CloudStorage/OneDrive-SharedLibraries-Queen'sUniversityBelfast/RUMEN Gateway QUB-Scientific_Consortium - Documents/03_Partners_sequences/QUB/ab1_files"""
445	MATCHED_SH_PRIMER_BP	155	sh_id,primer,base_pairs,used_bc	1	1			QUB	SH_0587	SH_ID	SH_0587	QUB_0356	QUB_27F_0356	27F	1215	470	Bacteria	RS_GCF_012844235.1	d__Bacteria;p__Actinomycetota;c__Coriobacteriia;o__Coriobacteriales;f__Atopobiaceae;g__Parafannyhessea;s__Parafannyhessea sp900538935	98.5							1277	DB_00851	Rumen_Gateway	PhD_Theano	missing_maldi	USED	SH_0587	133	>IPO341_B4	>IPO341_58123417_B4	2024-01-03 00:00:00	11108725344-1	Plate		2024-04-17 00:00:00	11108871180	F	27F	1215	NS	Dilution_to_extinction		M2	2023	M2	medium	cream	glistening	In_process			HoloRuminant	NR	bovine	NR	37234	Conventional	28	IPO341_58123417_B4.ab1	/Users/nicholas/Library/CloudStorage/OneDrive-SharedLibraries-Queen'sUniversityBelfast/RUMEN Gateway QUB-Scientific_Consortium - Documents/03_Partners_sequences/QUB/ab1_files/IPO341_58123417_B4.ab1	TRUE	PRESENT	349447	2024-04-17T16:45:54	UNAVAILABLE	"PermissionError: [Errno 1] Operation not permitted: ""/Users/nicholas/Library/CloudStorage/OneDrive-SharedLibraries-Queen'sUniversityBelfast/RUMEN Gateway QUB-Scientific_Consortium - Documents/03_Partners_sequences/QUB/ab1_files"""
446	MATCHED_SH_PRIMER_BP	155	sh_id,primer,base_pairs,used_bc	1	1			QUB	SH_0588	SH_ID	SH_0588	QUB_0365	QUB_27F_0365	27F	1219	471	Bacteria	RS_GCF_000011645.1	d__Bacteria;p__Bacillota;c__Bacilli;o__Bacillales;f__Bacillaceae;g__Bacillus;s__Bacillus licheniformis	98.2							1278	DB_00863	Rumen_Gateway	PhD_Theano	missing_maldi	USED	SH_0588	134	>IPO341_C4	>IPO341_58123417_C4	2024-01-03 00:00:00	11108725344-1	Plate		2024-04-17 00:00:00	11108871180	F	27F	1219	NS	Dilution_to_extinction		M2	2023	M2	big	target like with brown and cream colours	glistening	In_process			HoloRuminant	NR	bovine	NR	37234	Conventional	28	IPO341_58123417_C4.ab1	/Users/nicholas/Library/CloudStorage/OneDrive-SharedLibraries-Queen'sUniversityBelfast/RUMEN Gateway QUB-Scientific_Consortium - Documents/03_Partners_sequences/QUB/ab1_files/IPO341_58123417_C4.ab1	TRUE	PRESENT	353591	2024-04-17T16:45:54	UNAVAILABLE	"PermissionError: [Errno 1] Operation not permitted: ""/Users/nicholas/Library/CloudStorage/OneDrive-SharedLibraries-Queen'sUniversityBelfast/RUMEN Gateway QUB-Scientific_Consortium - Documents/03_Partners_sequences/QUB/ab1_files"""
447	MATCHED_SH_PRIMER_BP	155	sh_id,primer,base_pairs,used_bc	1	1			QUB	SH_0589	SH_ID	SH_0589	QUB_0376	QUB_27F_0376	27F	1200	472	Bacteria	RS_GCF_011387195.1	d__Bacteria;p__Bacillota;c__Bacilli;o__Lactobacillales;f__Streptococcaceae;g__Streptococcus;s__Streptococcus ruminicola	99.3							1279	DB_00875	Rumen_Gateway	PhD_Theano	missing_maldi	USED	SH_0589	135	>IPO341_D4	>IPO341_58123417_D4	2024-01-03 00:00:00	11108725344-1	Plate		2024-04-17 00:00:00	11108871180	F	27F	1200	NS	Dilution_to_extinction		M2	2023	M2	big	cream with brown centre	glistening	In_process			HoloRuminant	NR	bovine	NR	37234	Conventional	28	IPO341_58123417_D4.ab1	/Users/nicholas/Library/CloudStorage/OneDrive-SharedLibraries-Queen'sUniversityBelfast/RUMEN Gateway QUB-Scientific_Consortium - Documents/03_Partners_sequences/QUB/ab1_files/IPO341_58123417_D4.ab1	TRUE	PRESENT	351028	2024-04-17T16:45:54	UNAVAILABLE	"PermissionError: [Errno 1] Operation not permitted: ""/Users/nicholas/Library/CloudStorage/OneDrive-SharedLibraries-Queen'sUniversityBelfast/RUMEN Gateway QUB-Scientific_Consortium - Documents/03_Partners_sequences/QUB/ab1_files"""
448	MATCHED_SH_PRIMER_BP	155	sh_id,primer,base_pairs,used_bc	1	1			QUB	SH_0590	SH_ID	SH_0590	QUB_0387	QUB_27F_0387	27F	1201	473	Bacteria	GB_GCA_015062715.1	d__Bacteria;p__Actinomycetota;c__Coriobacteriia;o__Coriobacteriales;f__Atopobiaceae;g__SIG37;s__SIG37 sp015062715	96.2							1295	DB_00887	Rumen_Gateway	PhD_Theano	missing_maldi	USED	SH_0590	136	>IPO341_E4	>IPO341_58123417_E4	2024-01-03 00:00:00	11108725344-1	Plate		2024-04-17 00:00:00	11108871180	F	27F	1201	NS	Dilution_to_extinction		M2	2023	M2	big	cream with brown centre	glistening	In_process			HoloRuminant	NR	bovine	NR	37234	Conventional	28	IPO341_58123417_E4.ab1	/Users/nicholas/Library/CloudStorage/OneDrive-SharedLibraries-Queen'sUniversityBelfast/RUMEN Gateway QUB-Scientific_Consortium - Documents/03_Partners_sequences/QUB/ab1_files/IPO341_58123417_E4.ab1	TRUE	PRESENT	349822	2024-04-17T16:45:56	UNAVAILABLE	"PermissionError: [Errno 1] Operation not permitted: ""/Users/nicholas/Library/CloudStorage/OneDrive-SharedLibraries-Queen'sUniversityBelfast/RUMEN Gateway QUB-Scientific_Consortium - Documents/03_Partners_sequences/QUB/ab1_files"""
449	MATCHED_SH_PRIMER_BP	155	sh_id,primer,base_pairs,used_bc	1	1			QUB	SH_0591	SH_ID	SH_0591	QUB_0502	QUB_27F_0502	27F	1167	474	Bacteria	RS_GCF_001297065.1	d__Bacteria;p__Bacillota;c__Bacilli;o__Lactobacillales;f__Enterococcaceae;g__Enterococcus_D;s__Enterococcus_D sp001297065	99.6							1296	DB_01060	Rumen_Gateway	PhD_Theano	missing_maldi	USED	SH_0591	137	>IVY999	>IVY999_59789995_59789995	08/04/2024	11108856911-1	Tube		22/04/2024	11108877446	F	27F	1167	NS	Dilution_to_extinction		M2	2023	M2	small	cream	glistening	In_process			HoloRuminant	NR	bovine	NR	37234	Conventional	28	IVY999_59789995_59789995.ab1	/Users/nicholas/Library/CloudStorage/OneDrive-SharedLibraries-Queen'sUniversityBelfast/RUMEN Gateway QUB-Scientific_Consortium - Documents/03_Partners_sequences/QUB/ab1_files/IVY999_59789995_59789995.ab1	TRUE	PRESENT	328746	2024-04-22T15:18:28	UNAVAILABLE	"PermissionError: [Errno 1] Operation not permitted: ""/Users/nicholas/Library/CloudStorage/OneDrive-SharedLibraries-Queen'sUniversityBelfast/RUMEN Gateway QUB-Scientific_Consortium - Documents/03_Partners_sequences/QUB/ab1_files"""
450	MATCHED_SH_PRIMER_BP	155	sh_id,primer,base_pairs,used_bc	1	1			QUB	SH_0592	SH_ID	SH_0592	QUB_0499	QUB_27F_0499	27F	1197	475	Bacteria	RS_GCF_000026225.1	d__Bacteria;p__Pseudomonadota;c__Gammaproteobacteria;o__Enterobacterales;f__Enterobacteriaceae;g__Escherichia;s__Escherichia fergusonii	99.1							1310	DB_01055	Rumen_Gateway	PhD_Theano	missing_maldi	USED	SH_0592	138	>IVY994	>IVY994_59789940_59789940	08/04/2024	11108856911-1	Tube		22/04/2024	11108877446	F	27F	1197	NS	Dilution_to_extinction		M2	2023	M2	small	cream	glistening	In_process			HoloRuminant	NR	bovine	NR	37234	Conventional	28	IVY994_59789940_59789940.ab1	/Users/nicholas/Library/CloudStorage/OneDrive-SharedLibraries-Queen'sUniversityBelfast/RUMEN Gateway QUB-Scientific_Consortium - Documents/03_Partners_sequences/QUB/ab1_files/IVY994_59789940_59789940.ab1	TRUE	PRESENT	334677	2024-04-22T15:18:28	UNAVAILABLE	"PermissionError: [Errno 1] Operation not permitted: ""/Users/nicholas/Library/CloudStorage/OneDrive-SharedLibraries-Queen'sUniversityBelfast/RUMEN Gateway QUB-Scientific_Consortium - Documents/03_Partners_sequences/QUB/ab1_files"""
451	MATCHED_SH_PRIMER_BP	155	sh_id,primer,base_pairs,used_bc	1	1			QUB	SH_0593	SH_ID	SH_0593	QUB_0399	QUB_27F_0399	27F	1209	476	Bacteria	RS_GCF_027568575.1	d__Bacteria;p__Bacillota;c__Bacilli;o__Bacillales_B;f__Caldibacillaceae;g__Caldifermentibacillus;s__Caldifermentibacillus hisashii	98.9							1311	DB_00899	Rumen_Gateway	PhD_Theano	missing_maldi	USED	SH_0593	139	>IPO341_F4	>IPO341_58123417_F4	2024-01-03 00:00:00	11108725344-1	Plate		2024-04-17 00:00:00	11108871180	F	27F	1209	NS	Dilution_to_extinction		M2	2023	M2	small	brown	smooth	In_process			HoloRuminant	NR	bovine	NR	37186	Intensive	28	IPO341_58123417_F4.ab1	/Users/nicholas/Library/CloudStorage/OneDrive-SharedLibraries-Queen'sUniversityBelfast/RUMEN Gateway QUB-Scientific_Consortium - Documents/03_Partners_sequences/QUB/ab1_files/IPO341_58123417_F4.ab1	TRUE	PRESENT	352817	2024-04-17T16:45:56	UNAVAILABLE	"PermissionError: [Errno 1] Operation not permitted: ""/Users/nicholas/Library/CloudStorage/OneDrive-SharedLibraries-Queen'sUniversityBelfast/RUMEN Gateway QUB-Scientific_Consortium - Documents/03_Partners_sequences/QUB/ab1_files"""
452	MATCHED_SH_PRIMER_BP	155	sh_id,primer,base_pairs,used_bc	1	1			QUB	SH_0594	SH_ID	SH_0594	QUB_0409	QUB_27F_0409	27F	1241	477	Bacteria	GB_GCA_040266995.1	d__Bacteria;p__Bacillota;c__Bacilli;o__Erysipelotrichales;f__Erysipelotrichaceae;g__UBA4312;s__UBA4312 sp040266995	99.4							1312	DB_00911	Rumen_Gateway	PhD_Theano	missing_maldi	USED	SH_0594	140	>IPO341_G4	>IPO341_58123417_G4	2024-01-03 00:00:00	11108725344-1	Plate		2024-04-17 00:00:00	11108871180	F	27F	1241	NS	Dilution_to_extinction		M2	2023	M2	small	yellow cream	glistening	In_process			HoloRuminant	NR	bovine	NR	37186	Intensive	28	IPO341_58123417_G4.ab1	/Users/nicholas/Library/CloudStorage/OneDrive-SharedLibraries-Queen'sUniversityBelfast/RUMEN Gateway QUB-Scientific_Consortium - Documents/03_Partners_sequences/QUB/ab1_files/IPO341_58123417_G4.ab1	TRUE	PRESENT	354155	2024-04-17T16:45:56	UNAVAILABLE	"PermissionError: [Errno 1] Operation not permitted: ""/Users/nicholas/Library/CloudStorage/OneDrive-SharedLibraries-Queen'sUniversityBelfast/RUMEN Gateway QUB-Scientific_Consortium - Documents/03_Partners_sequences/QUB/ab1_files"""
453	AMBIGUOUS_RAW_MATCH_SELECTED_EARLIEST_ROW	155	sh_id,primer,base_pairs,used_bc	5	2	Two or more raw sequencing rows tied on the strongest evidence; earliest all_16S row selected and alternates listed.	row=1316|db=DB_01626|short=JTQ680|fasta=JTQ680_65946801_65946801|primer=27F|bp=1197|score=155|reasons=sh_id,primer,base_pairs,used_bc; row=1314|db=DB_01522|short=JDP761_D9|fasta=|primer=27F|bp=|score=130|reasons=sh_id,primer,used_bc; row=1315|db=DB_01523|short=JDP761_D10|fasta=|primer=1492R|bp=|score=105|reasons=sh_id,used_bc; row=1317|db=DB_01627|short=JTQ681|fasta=JTQ681_65946818_65946818|primer=1492R|bp=1246|score=105|reasons=sh_id,used_bc	QUB	SH_0595	SH_ID	SH_0595	QUB_0419	QUB_27F_0419	27F	1197	478	Bacteria	RS_GCF_000011645.1	d__Bacteria;p__Bacillota;c__Bacilli;o__Bacillales;f__Bacillaceae;g__Bacillus;s__Bacillus licheniformis	97.9							1313	DB_00923	Rumen_Gateway	PhD_Theano	missing_maldi	USED	SH_0595	141	>IPO341_H4	>IPO341_58123417_H4	2024-01-03 00:00:00	11108725344-1	Plate		2024-04-17 00:00:00	11108871180	F	27F	1197	C1.2 Box 4	Dilution_to_extinction		M2	2023	M2	small	cream	glistening	Unknown			HoloRuminant	NR	bovine	NR	37186	Intensive	28	IPO341_58123417_H4.ab1	/Users/nicholas/Library/CloudStorage/OneDrive-SharedLibraries-Queen'sUniversityBelfast/RUMEN Gateway QUB-Scientific_Consortium - Documents/03_Partners_sequences/QUB/ab1_files/IPO341_58123417_H4.ab1	TRUE	PRESENT	348813	2024-04-17T16:45:56	UNAVAILABLE	"PermissionError: [Errno 1] Operation not permitted: ""/Users/nicholas/Library/CloudStorage/OneDrive-SharedLibraries-Queen'sUniversityBelfast/RUMEN Gateway QUB-Scientific_Consortium - Documents/03_Partners_sequences/QUB/ab1_files"""
454	MATCHED_SH_PRIMER_BP	155	sh_id,primer,base_pairs,used_bc	1	1			QUB	SH_0596	SH_ID	SH_0596	QUB_0347	QUB_27F_0347	27F	1085	479	Bacteria	RS_GCF_900143205.1	d__Bacteria;p__Bacillota;c__Clostridia;o__Lachnospirales;f__Lachnospiraceae;g__Butyrivibrio;s__Butyrivibrio hungatei	99				MWL6			1318	DB_00840	Rumen_Gateway	PhD_Theano	missing_maldi	USED	SH_0596	142	>IPO341_A5	>IPO341_58123417_A5	2024-01-03 00:00:00	11108725344-1	Plate		2024-04-17 00:00:00	11108871180	F	27F	1085	NS	Dilution_to_extinction		M2	2023	M2	small	cream	smooth	In_process			HoloRuminant	NR	bovine	NR	37352	Conventional	49	IPO341_58123417_A5.ab1	/Users/nicholas/Library/CloudStorage/OneDrive-SharedLibraries-Queen'sUniversityBelfast/RUMEN Gateway QUB-Scientific_Consortium - Documents/03_Partners_sequences/QUB/ab1_files/IPO341_58123417_A5.ab1	TRUE	PRESENT	345649	2024-04-17T16:45:54	UNAVAILABLE	"PermissionError: [Errno 1] Operation not permitted: ""/Users/nicholas/Library/CloudStorage/OneDrive-SharedLibraries-Queen'sUniversityBelfast/RUMEN Gateway QUB-Scientific_Consortium - Documents/03_Partners_sequences/QUB/ab1_files"""
455	MATCHED_SH_PRIMER_BP	155	sh_id,primer,base_pairs,used_bc	1	1			QUB	SH_0598	SH_ID	SH_0598	QUB_0357	QUB_27F_0357	27F	1188	480	Bacteria	RS_GCF_033971885.1	d__Bacteria;p__Bacillota;c__Bacilli;o__Erysipelotrichales;f__Erysipelotrichaceae;g__Absicoccus;s__Absicoccus intestinalis	97.2				MWL6			1320	DB_00852	Rumen_Gateway	PhD_Theano	missing_maldi	USED	SH_0598	144	>IPO341_B5	>IPO341_58123417_B5	2024-01-03 00:00:00	11108725344-1	Plate		2024-04-17 00:00:00	11108871180	F	27F	1188	NS	Dilution_to_extinction		M2	2023	M2	medium	white	glistening	In_process			HoloRuminant	NR	bovine	NR	37186	Intensive	12	IPO341_58123417_B5.ab1	/Users/nicholas/Library/CloudStorage/OneDrive-SharedLibraries-Queen'sUniversityBelfast/RUMEN Gateway QUB-Scientific_Consortium - Documents/03_Partners_sequences/QUB/ab1_files/IPO341_58123417_B5.ab1	TRUE	PRESENT	348414	2024-04-17T16:45:54	UNAVAILABLE	"PermissionError: [Errno 1] Operation not permitted: ""/Users/nicholas/Library/CloudStorage/OneDrive-SharedLibraries-Queen'sUniversityBelfast/RUMEN Gateway QUB-Scientific_Consortium - Documents/03_Partners_sequences/QUB/ab1_files"""
456	MATCHED_SH_PRIMER_BP	155	sh_id,primer,base_pairs,used_bc	1	1			QUB	SH_0599	SH_ID	SH_0599	QUB_0366	QUB_27F_0366	27F	1187	481	Bacteria	RS_GCF_009696005.1	d__Bacteria;p__Bacillota;c__Clostridia;o__Lachnospirales;f__Lachnospiraceae;g__Bilifractor;s__Bilifractor porci	92.8				MWL6			1321	DB_00864	Rumen_Gateway	PhD_Theano	Dead	USED	SH_0599	145	>IPO341_C5	>IPO341_58123417_C5	2024-01-03 00:00:00	11108725344-1	Plate		2024-04-17 00:00:00	11108871180	F	27F	1187	Dead	Dilution_to_extinction		M2	2023	M2	small	cream	glistening	In_process			HoloRuminant	NR	bovine	NR	37186	Intensive	12	IPO341_58123417_C5.ab1	/Users/nicholas/Library/CloudStorage/OneDrive-SharedLibraries-Queen'sUniversityBelfast/RUMEN Gateway QUB-Scientific_Consortium - Documents/03_Partners_sequences/QUB/ab1_files/IPO341_58123417_C5.ab1	TRUE	PRESENT	352428	2024-04-17T16:45:54	UNAVAILABLE	"PermissionError: [Errno 1] Operation not permitted: ""/Users/nicholas/Library/CloudStorage/OneDrive-SharedLibraries-Queen'sUniversityBelfast/RUMEN Gateway QUB-Scientific_Consortium - Documents/03_Partners_sequences/QUB/ab1_files"""
457	MATCHED_SH_PRIMER_BP	155	sh_id,primer,base_pairs,used_bc	3	1		row=1323|db=DB_01524|short=JDP761_D11|fasta=|primer=27F|bp=|score=130|reasons=sh_id,primer,used_bc; row=1324|db=DB_01525|short=JDP761_D12|fasta=|primer=1492R|bp=|score=105|reasons=sh_id,used_bc	QUB	SH_0600	SH_ID	SH_0600	QUB_0377	QUB_27F_0377	27F	1117	482	Bacteria	GB_GCA_022483465.1	d__Bacteria;p__Bacillota;c__Clostridia;o__Lachnospirales;f__Lachnospiraceae;g__CAG-791;s__CAG-791 sp022483465	90.7				MWL6			1322	DB_00876	Rumen_Gateway	PhD_Theano	missing_maldi	USED	SH_0600	146	>IPO341_D5	>IPO341_58123417_D5	2024-01-03 00:00:00	11108725344-1	Plate		2024-04-17 00:00:00	11108871180	F	27F	1117	C1.2 Box 4	Dilution_to_extinction		M2	2023	M2	pinpoint	white	glistening	In_process			HoloRuminant	NR	bovine	NR	37186	Intensive	12	IPO341_58123417_D5.ab1	/Users/nicholas/Library/CloudStorage/OneDrive-SharedLibraries-Queen'sUniversityBelfast/RUMEN Gateway QUB-Scientific_Consortium - Documents/03_Partners_sequences/QUB/ab1_files/IPO341_58123417_D5.ab1	TRUE	PRESENT	348823	2024-04-17T16:45:54	UNAVAILABLE	"PermissionError: [Errno 1] Operation not permitted: ""/Users/nicholas/Library/CloudStorage/OneDrive-SharedLibraries-Queen'sUniversityBelfast/RUMEN Gateway QUB-Scientific_Consortium - Documents/03_Partners_sequences/QUB/ab1_files"""
458	MATCHED_SH_PRIMER_BP	155	sh_id,primer,base_pairs,used_bc	1	1			QUB	SH_0601	SH_ID	SH_0601	QUB_0388	QUB_27F_0388	27F	1184	483	Bacteria	RS_GCF_900143205.1	d__Bacteria;p__Bacillota;c__Clostridia;o__Lachnospirales;f__Lachnospiraceae;g__Butyrivibrio;s__Butyrivibrio hungatei	99.1				MWL4			1325	DB_00888	Rumen_Gateway	PhD_Theano	missing_maldi	USED	SH_0601	147	>IPO341_E5	>IPO341_58123417_E5	2024-01-03 00:00:00	11108725344-1	Plate		2024-04-17 00:00:00	11108871180	F	27F	1184	NS	Dilution_to_extinction		M2	2023	M2	medium	brown transparent	rough	In_process			HoloRuminant	NR	bovine	NR	37525	Intensive	12	IPO341_58123417_E5.ab1	/Users/nicholas/Library/CloudStorage/OneDrive-SharedLibraries-Queen'sUniversityBelfast/RUMEN Gateway QUB-Scientific_Consortium - Documents/03_Partners_sequences/QUB/ab1_files/IPO341_58123417_E5.ab1	TRUE	PRESENT	353440	2024-04-17T16:45:56	UNAVAILABLE	"PermissionError: [Errno 1] Operation not permitted: ""/Users/nicholas/Library/CloudStorage/OneDrive-SharedLibraries-Queen'sUniversityBelfast/RUMEN Gateway QUB-Scientific_Consortium - Documents/03_Partners_sequences/QUB/ab1_files"""
459	MATCHED_SH_PRIMER_BP	155	sh_id,primer,base_pairs,used_bc	1	1			QUB	SH_0603	SH_ID	SH_0603	QUB_0410	QUB_27F_0410	27F	1175	484	Bacteria	RS_GCF_033971885.1	d__Bacteria;p__Bacillota;c__Bacilli;o__Erysipelotrichales;f__Erysipelotrichaceae;g__Absicoccus;s__Absicoccus intestinalis	97.4							1327	DB_00912	Rumen_Gateway	PhD_Theano	missing_maldi	USED	SH_0603	149	>IPO341_G5	>IPO341_58123417_G5	2024-01-03 00:00:00	11108725344-1	Plate		2024-04-17 00:00:00	11108871180	F	27F	1175	NS	Dilution_to_extinction		M2	2023	M2	medium	yellow cream with transparent edges	glistening	In_process			HoloRuminant	NR	bovine	NR	37525	Intensive	12	IPO341_58123417_G5.ab1	/Users/nicholas/Library/CloudStorage/OneDrive-SharedLibraries-Queen'sUniversityBelfast/RUMEN Gateway QUB-Scientific_Consortium - Documents/03_Partners_sequences/QUB/ab1_files/IPO341_58123417_G5.ab1	TRUE	PRESENT	354617	2024-04-17T16:45:56	UNAVAILABLE	"PermissionError: [Errno 1] Operation not permitted: ""/Users/nicholas/Library/CloudStorage/OneDrive-SharedLibraries-Queen'sUniversityBelfast/RUMEN Gateway QUB-Scientific_Consortium - Documents/03_Partners_sequences/QUB/ab1_files"""
460	MATCHED_SH_PRIMER_BP	155	sh_id,primer,base_pairs,used_bc	1	1			QUB	SH_0604	SH_ID	SH_0604	QUB_0420	QUB_27F_0420	27F	1171	485	Bacteria	RS_GCF_900143205.1	d__Bacteria;p__Bacillota;c__Clostridia;o__Lachnospirales;f__Lachnospiraceae;g__Butyrivibrio;s__Butyrivibrio hungatei	99.2				MWL6			1328	DB_00924	Rumen_Gateway	PhD_Theano	missing_maldi	USED	SH_0604	150	>IPO341_H5	>IPO341_58123417_H5	2024-01-03 00:00:00	11108725344-1	Plate		2024-04-17 00:00:00	11108871180	F	27F	1171	NS	Dilution_to_extinction		M2	2023	M2	medium	brown centre with white edges	glistening	In_process			HoloRuminant	NR	bovine	NR	37525	Intensive	12	IPO341_58123417_H5.ab1	/Users/nicholas/Library/CloudStorage/OneDrive-SharedLibraries-Queen'sUniversityBelfast/RUMEN Gateway QUB-Scientific_Consortium - Documents/03_Partners_sequences/QUB/ab1_files/IPO341_58123417_H5.ab1	TRUE	PRESENT	347905	2024-04-17T16:45:56	UNAVAILABLE	"PermissionError: [Errno 1] Operation not permitted: ""/Users/nicholas/Library/CloudStorage/OneDrive-SharedLibraries-Queen'sUniversityBelfast/RUMEN Gateway QUB-Scientific_Consortium - Documents/03_Partners_sequences/QUB/ab1_files"""
461	MATCHED_SH_PRIMER_BP	155	sh_id,primer,base_pairs,used_bc	3	1		row=1330|db=DB_01646|short=JTQ700|fasta=JTQ700_65947006_65947006|primer=27F|bp=1115|score=130|reasons=sh_id,primer,used_bc; row=1331|db=DB_01647|short=JTQ701|fasta=JTQ701_65947013_65947013|primer=1492R|bp=1231|score=105|reasons=sh_id,used_bc	QUB	SH_0605	SH_ID	SH_0605	QUB_0348	QUB_27F_0348	27F	1151	486	Bacteria	RS_GCF_900218035.1	d__Bacteria;p__Bacillota;c__Clostridia;o__Lachnospirales;f__Lachnospiraceae;g__Pseudobutyrivibrio;s__Pseudobutyrivibrio ruminis	98.6				MWL6			1329	DB_00841	Rumen_Gateway	PhD_Theano	missing_maldi	USED	SH_0605	151	>IPO341_A6	>IPO341_58123417_A6	2024-01-03 00:00:00	11108725344-1	Plate		2024-04-17 00:00:00	11108871180	F	27F	1151	C1.3 Box 1	Dilution_to_extinction		M2	2023	M2	medium	cream	smooth	Unknown			HoloRuminant	NR	bovine	NR	37525	Intensive	12	IPO341_58123417_A6.ab1	/Users/nicholas/Library/CloudStorage/OneDrive-SharedLibraries-Queen'sUniversityBelfast/RUMEN Gateway QUB-Scientific_Consortium - Documents/03_Partners_sequences/QUB/ab1_files/IPO341_58123417_A6.ab1	TRUE	PRESENT	344062	2024-04-17T16:45:54	UNAVAILABLE	"PermissionError: [Errno 1] Operation not permitted: ""/Users/nicholas/Library/CloudStorage/OneDrive-SharedLibraries-Queen'sUniversityBelfast/RUMEN Gateway QUB-Scientific_Consortium - Documents/03_Partners_sequences/QUB/ab1_files"""
462	MATCHED_SH_PRIMER_BP	155	sh_id,primer,base_pairs,used_bc	1	1			QUB	SH_0606	SH_ID	SH_0606	QUB_0358	QUB_27F_0358	27F	1198	487	Bacteria	RS_GCF_009696445.1	d__Bacteria;p__Bacillota;c__Clostridia;o__Lachnospirales;f__Lachnospiraceae;g__Porcincola;s__Porcincola intestinalis	98.4							1332	DB_00853	Rumen_Gateway	PhD_Theano	missing_maldi	USED	SH_0606	152	>IPO341_B6	>IPO341_58123417_B6	2024-01-03 00:00:00	11108725344-1	Plate		2024-04-17 00:00:00	11108871180	F	27F	1198	NS	Dilution_to_extinction		M2	2023	M2	small	cream with transparent edges	glistening	In_process			HoloRuminant	NR	bovine	NR	37525	Intensive	12	IPO341_58123417_B6.ab1	/Users/nicholas/Library/CloudStorage/OneDrive-SharedLibraries-Queen'sUniversityBelfast/RUMEN Gateway QUB-Scientific_Consortium - Documents/03_Partners_sequences/QUB/ab1_files/IPO341_58123417_B6.ab1	TRUE	PRESENT	350643	2024-04-17T16:45:54	UNAVAILABLE	"PermissionError: [Errno 1] Operation not permitted: ""/Users/nicholas/Library/CloudStorage/OneDrive-SharedLibraries-Queen'sUniversityBelfast/RUMEN Gateway QUB-Scientific_Consortium - Documents/03_Partners_sequences/QUB/ab1_files"""
463	MATCHED_SH_PRIMER_BP	155	sh_id,primer,base_pairs,used_bc	1	1			QUB	SH_0607	SH_ID	SH_0607	QUB_0367	QUB_27F_0367	27F	1221	488	Bacteria	RS_GCF_900218035.1	d__Bacteria;p__Bacillota;c__Clostridia;o__Lachnospirales;f__Lachnospiraceae;g__Pseudobutyrivibrio;s__Pseudobutyrivibrio ruminis	98.8				MWL6			1333	DB_00865	Rumen_Gateway	PhD_Theano	missing_maldi	USED	SH_0607	153	>IPO341_C6	>IPO341_58123417_C6	2024-01-03 00:00:00	11108725344-1	Plate		2024-04-17 00:00:00	11108871180	F	27F	1221	NS	Dilution_to_extinction		M2	2023	M2	medium	white	smooth	In_process			HoloRuminant	NR	bovine	NR	37525	Intensive	28	IPO341_58123417_C6.ab1	/Users/nicholas/Library/CloudStorage/OneDrive-SharedLibraries-Queen'sUniversityBelfast/RUMEN Gateway QUB-Scientific_Consortium - Documents/03_Partners_sequences/QUB/ab1_files/IPO341_58123417_C6.ab1	TRUE	PRESENT	349007	2024-04-17T16:45:54	UNAVAILABLE	"PermissionError: [Errno 1] Operation not permitted: ""/Users/nicholas/Library/CloudStorage/OneDrive-SharedLibraries-Queen'sUniversityBelfast/RUMEN Gateway QUB-Scientific_Consortium - Documents/03_Partners_sequences/QUB/ab1_files"""
464	MATCHED_SH_PRIMER_BP	155	sh_id,primer,base_pairs,used_bc	1	1			QUB	SH_0608	SH_ID	SH_0608	QUB_0378	QUB_27F_0378	27F	1208	489	Bacteria	RS_GCF_009695655.1	d__Bacteria;p__Bacillota;c__Bacilli;o__Erysipelotrichales;f__Coprobacillaceae;g__Sharpea;s__Sharpea porci	97.6				MWL6			1334	DB_00877	Rumen_Gateway	PhD_Theano	missing_maldi	USED	SH_0608	154	>IPO341_D6	>IPO341_58123417_D6	2024-01-03 00:00:00	11108725344-1	Plate		2024-04-17 00:00:00	11108871180	F	27F	1208	NS	Dilution_to_extinction		M2	2023	M2	small	grey	smooth	In_process			HoloRuminant	NR	bovine	NR	37525	Intensive	28	IPO341_58123417_D6.ab1	/Users/nicholas/Library/CloudStorage/OneDrive-SharedLibraries-Queen'sUniversityBelfast/RUMEN Gateway QUB-Scientific_Consortium - Documents/03_Partners_sequences/QUB/ab1_files/IPO341_58123417_D6.ab1	TRUE	PRESENT	354122	2024-04-17T16:45:54	UNAVAILABLE	"PermissionError: [Errno 1] Operation not permitted: ""/Users/nicholas/Library/CloudStorage/OneDrive-SharedLibraries-Queen'sUniversityBelfast/RUMEN Gateway QUB-Scientific_Consortium - Documents/03_Partners_sequences/QUB/ab1_files"""
465	MATCHED_SH_PRIMER_BP	155	sh_id,primer,base_pairs,used_bc	1	1			QUB	SH_0610	SH_ID	SH_0610	QUB_0389	QUB_27F_0389	27F	1214	490	Bacteria	RS_GCF_000011645.1	d__Bacteria;p__Bacillota;c__Bacilli;o__Bacillales;f__Bacillaceae;g__Bacillus;s__Bacillus licheniformis	97.7							1336	DB_00889	Rumen_Gateway	PhD_Theano	missing_maldi	USED	SH_0610	156	>IPO341_E6	>IPO341_58123417_E6	2024-01-03 00:00:00	11108725344-1	Plate		2024-04-17 00:00:00	11108871180	F	27F	1214	NS	Dilution_to_extinction		M2	2023	M2	medium	transparent	rough	In_process			HoloRuminant	NR	bovine	NR	37525	Intensive	49	IPO341_58123417_E6.ab1	/Users/nicholas/Library/CloudStorage/OneDrive-SharedLibraries-Queen'sUniversityBelfast/RUMEN Gateway QUB-Scientific_Consortium - Documents/03_Partners_sequences/QUB/ab1_files/IPO341_58123417_E6.ab1	TRUE	PRESENT	351028	2024-04-17T16:45:56	UNAVAILABLE	"PermissionError: [Errno 1] Operation not permitted: ""/Users/nicholas/Library/CloudStorage/OneDrive-SharedLibraries-Queen'sUniversityBelfast/RUMEN Gateway QUB-Scientific_Consortium - Documents/03_Partners_sequences/QUB/ab1_files"""
466	MATCHED_SH_PRIMER_BP	155	sh_id,primer,base_pairs,used_bc	1	1			QUB	SH_0611	SH_ID	SH_0611	QUB_0400	QUB_27F_0400	27F	1184	491	Bacteria	RS_GCF_011387195.1	d__Bacteria;p__Bacillota;c__Bacilli;o__Lactobacillales;f__Streptococcaceae;g__Streptococcus;s__Streptococcus ruminicola	99.3							1337	DB_00901	Rumen_Gateway	PhD_Theano	Dead	USED	SH_0611	157	>IPO341_F6	>IPO341_58123417_F6	2024-01-03 00:00:00	11108725344-1	Plate		2024-04-17 00:00:00	11108871180	F	27F	1184	NS	Dilution_to_extinction		M2	2023	M2				In_process			HoloRuminant	NR	bovine	NR	37525	Intensive	49	IPO341_58123417_F6.ab1	/Users/nicholas/Library/CloudStorage/OneDrive-SharedLibraries-Queen'sUniversityBelfast/RUMEN Gateway QUB-Scientific_Consortium - Documents/03_Partners_sequences/QUB/ab1_files/IPO341_58123417_F6.ab1	TRUE	PRESENT	349873	2024-04-17T16:45:56	UNAVAILABLE	"PermissionError: [Errno 1] Operation not permitted: ""/Users/nicholas/Library/CloudStorage/OneDrive-SharedLibraries-Queen'sUniversityBelfast/RUMEN Gateway QUB-Scientific_Consortium - Documents/03_Partners_sequences/QUB/ab1_files"""
467	MATCHED_SH_PRIMER_BP	155	sh_id,primer,base_pairs,used_bc	1	1			QUB	SH_0612	SH_ID	SH_0612	QUB_0411	QUB_27F_0411	27F	1195	492	Bacteria	RS_GCF_004006635.1	d__Bacteria;p__Fusobacteriota;c__Fusobacteriia;o__Fusobacteriales;f__Fusobacteriaceae;g__Fusobacterium_C;s__Fusobacterium_C necrophorum	99.3							1338	DB_00913	Rumen_Gateway	PhD_Theano	missing_maldi	USED	SH_0612	158	>IPO341_G6	>IPO341_58123417_G6	2024-01-03 00:00:00	11108725344-1	Plate		2024-04-17 00:00:00	11108871180	F	27F	1195	NS	Dilution_to_extinction		M2	2023	M2	medium	white	glistening	In_process			HoloRuminant	NR	bovine	NR	37234	Conventional	28	IPO341_58123417_G6.ab1	/Users/nicholas/Library/CloudStorage/OneDrive-SharedLibraries-Queen'sUniversityBelfast/RUMEN Gateway QUB-Scientific_Consortium - Documents/03_Partners_sequences/QUB/ab1_files/IPO341_58123417_G6.ab1	TRUE	PRESENT	348025	2024-04-17T16:45:56	UNAVAILABLE	"PermissionError: [Errno 1] Operation not permitted: ""/Users/nicholas/Library/CloudStorage/OneDrive-SharedLibraries-Queen'sUniversityBelfast/RUMEN Gateway QUB-Scientific_Consortium - Documents/03_Partners_sequences/QUB/ab1_files"""
468	MATCHED_SH_PRIMER_BP	155	sh_id,primer,base_pairs,used_bc	1	1			QUB	SH_0613	SH_ID	SH_0613	QUB_0395	QUB_27F_0395	27F	1214	493	Bacteria	RS_GCF_000290615.1	d__Bacteria;p__Bacillota;c__Bacilli;o__Bacillales_B;f__Bacillaceae_C;g__Weizmannia;s__Weizmannia coagulans	99.7							1339	DB_00906	Rumen_Gateway	PhD_Theano	missing_maldi	USED	SH_0613	159	>IPO341_F11	>IPO341_58123417_F11	2024-01-03 00:00:00	11108725344-1	Plate		2024-04-17 00:00:00	11108871180	F	27F	1214	NS	Dilution_to_extinction		M2	2023	M2	pinpoint	white	rough	In_process			HoloRuminant	NR	bovine	NR	37186	Intensive	28	IPO341_58123417_F11.ab1	/Users/nicholas/Library/CloudStorage/OneDrive-SharedLibraries-Queen'sUniversityBelfast/RUMEN Gateway QUB-Scientific_Consortium - Documents/03_Partners_sequences/QUB/ab1_files/IPO341_58123417_F11.ab1	TRUE	PRESENT	343073	2024-04-17T16:45:56	UNAVAILABLE	"PermissionError: [Errno 1] Operation not permitted: ""/Users/nicholas/Library/CloudStorage/OneDrive-SharedLibraries-Queen'sUniversityBelfast/RUMEN Gateway QUB-Scientific_Consortium - Documents/03_Partners_sequences/QUB/ab1_files"""
469	MATCHED_SH_PRIMER_BP	155	sh_id,primer,base_pairs,used_bc	1	1			QUB	SH_0616	SH_ID	SH_0616	QUB_0421	QUB_27F_0421	27F	1196	494	Bacteria	RS_GCF_033971885.1	d__Bacteria;p__Bacillota;c__Bacilli;o__Erysipelotrichales;f__Erysipelotrichaceae;g__Absicoccus;s__Absicoccus intestinalis	97.3							1343	DB_00925	Rumen_Gateway	PhD_Theano	missing_maldi	USED	SH_0616	162	>IPO341_H6	>IPO341_58123417_H6	2024-01-03 00:00:00	11108725344-1	Plate		2024-04-17 00:00:00	11108871180	F	27F	1196	NS	Dilution_to_extinction		M2	2023	M2	small	white	glistening	In_process			HoloRuminant	NR	bovine	NR	37363	Intensive	12	IPO341_58123417_H6.ab1	/Users/nicholas/Library/CloudStorage/OneDrive-SharedLibraries-Queen'sUniversityBelfast/RUMEN Gateway QUB-Scientific_Consortium - Documents/03_Partners_sequences/QUB/ab1_files/IPO341_58123417_H6.ab1	TRUE	PRESENT	349070	2024-04-17T16:45:56	UNAVAILABLE	"PermissionError: [Errno 1] Operation not permitted: ""/Users/nicholas/Library/CloudStorage/OneDrive-SharedLibraries-Queen'sUniversityBelfast/RUMEN Gateway QUB-Scientific_Consortium - Documents/03_Partners_sequences/QUB/ab1_files"""
470	MATCHED_SH_PRIMER_BP	155	sh_id,primer,base_pairs,used_bc	1	1			QUB	SH_0617	SH_ID	SH_0617	QUB_0349	QUB_27F_0349	27F	1209	495	Bacteria	RS_GCF_000011645.1	d__Bacteria;p__Bacillota;c__Bacilli;o__Bacillales;f__Bacillaceae;g__Bacillus;s__Bacillus licheniformis	98.7				MWL6			1344	DB_00842	Rumen_Gateway	PhD_Theano	missing_maldi	USED	SH_0617	163	>IPO341_A7	>IPO341_58123417_A7	2024-01-03 00:00:00	11108725344-1	Plate		2024-04-17 00:00:00	11108871180	F	27F	1209	NS	Dilution_to_extinction		M2	2023	M2	medium	white cream	smooth	In_process			HoloRuminant	NR	bovine	NR	37525	Intensive	28	IPO341_58123417_A7.ab1	/Users/nicholas/Library/CloudStorage/OneDrive-SharedLibraries-Queen'sUniversityBelfast/RUMEN Gateway QUB-Scientific_Consortium - Documents/03_Partners_sequences/QUB/ab1_files/IPO341_58123417_A7.ab1	TRUE	PRESENT	346469	2024-04-17T16:45:54	UNAVAILABLE	"PermissionError: [Errno 1] Operation not permitted: ""/Users/nicholas/Library/CloudStorage/OneDrive-SharedLibraries-Queen'sUniversityBelfast/RUMEN Gateway QUB-Scientific_Consortium - Documents/03_Partners_sequences/QUB/ab1_files"""
471	MATCHED_SH_PRIMER_BP	155	sh_id,primer,base_pairs,used_bc	1	1			QUB	SH_0618	SH_ID	SH_0618	QUB_0359	QUB_27F_0359	27F	1233	496	Bacteria	RS_GCF_003458705.1	d__Bacteria;p__Bacillota;c__Clostridia;o__Lachnospirales;f__Lachnospiraceae;g__Lachnospira;s__Lachnospira sp003537285	95				MWL4			1345	DB_00854	Rumen_Gateway	PhD_Theano	missing_maldi	USED	SH_0618	164	>IPO341_B7	>IPO341_58123417_B7	2024-01-03 00:00:00	11108725344-1	Plate		2024-04-17 00:00:00	11108871180	F	27F	1233	NS	Dilution_to_extinction		M2	2023	M2	medium	transparent	rough	In_process			HoloRuminant	NR	bovine	NR	37363	Intensive	12	IPO341_58123417_B7.ab1	/Users/nicholas/Library/CloudStorage/OneDrive-SharedLibraries-Queen'sUniversityBelfast/RUMEN Gateway QUB-Scientific_Consortium - Documents/03_Partners_sequences/QUB/ab1_files/IPO341_58123417_B7.ab1	TRUE	PRESENT	346878	2024-04-17T16:45:54	UNAVAILABLE	"PermissionError: [Errno 1] Operation not permitted: ""/Users/nicholas/Library/CloudStorage/OneDrive-SharedLibraries-Queen'sUniversityBelfast/RUMEN Gateway QUB-Scientific_Consortium - Documents/03_Partners_sequences/QUB/ab1_files"""
472	MATCHED_SH_PRIMER_BP	155	sh_id,primer,base_pairs,used_bc	1	1			QUB	SH_0619	SH_ID	SH_0619	QUB_0368	QUB_27F_0368	27F	1236	497	Bacteria	RS_GCF_009695655.1	d__Bacteria;p__Bacillota;c__Bacilli;o__Erysipelotrichales;f__Coprobacillaceae;g__Sharpea;s__Sharpea porci	97.4							1346	DB_00866	Rumen_Gateway	PhD_Theano	missing_maldi	USED	SH_0619	165	>IPO341_C7	>IPO341_58123417_C7	2024-01-03 00:00:00	11108725344-1	Plate		2024-04-17 00:00:00	11108871180	F	27F	1236	NS	Dilution_to_extinction		M2	2023	M2	medium	cream	glistening	In_process			HoloRuminant	NR	bovine	NR	37525	Intensive	28	IPO341_58123417_C7.ab1	/Users/nicholas/Library/CloudStorage/OneDrive-SharedLibraries-Queen'sUniversityBelfast/RUMEN Gateway QUB-Scientific_Consortium - Documents/03_Partners_sequences/QUB/ab1_files/IPO341_58123417_C7.ab1	TRUE	PRESENT	352227	2024-04-17T16:45:54	UNAVAILABLE	"PermissionError: [Errno 1] Operation not permitted: ""/Users/nicholas/Library/CloudStorage/OneDrive-SharedLibraries-Queen'sUniversityBelfast/RUMEN Gateway QUB-Scientific_Consortium - Documents/03_Partners_sequences/QUB/ab1_files"""
473	MATCHED_SH_PRIMER_BP	155	sh_id,primer,base_pairs,used_bc	1	1			QUB	SH_0620	SH_ID	SH_0620	QUB_0379	QUB_27F_0379	27F	1206	498	Bacteria	RS_GCF_900143205.1	d__Bacteria;p__Bacillota;c__Clostridia;o__Lachnospirales;f__Lachnospiraceae;g__Butyrivibrio;s__Butyrivibrio hungatei	98.5							1347	DB_00878	Rumen_Gateway	PhD_Theano	missing_maldi	USED	SH_0620	166	>IPO341_D7	>IPO341_58123417_D7	2024-01-03 00:00:00	11108725344-1	Plate		2024-04-17 00:00:00	11108871180	F	27F	1206	NS	Dilution_to_extinction		M2	2023	M2	medium	brown transparent	rough	In_process			HoloRuminant	NR	bovine	NR	37525	Intensive	28	IPO341_58123417_D7.ab1	/Users/nicholas/Library/CloudStorage/OneDrive-SharedLibraries-Queen'sUniversityBelfast/RUMEN Gateway QUB-Scientific_Consortium - Documents/03_Partners_sequences/QUB/ab1_files/IPO341_58123417_D7.ab1	TRUE	PRESENT	350154	2024-04-17T16:45:54	UNAVAILABLE	"PermissionError: [Errno 1] Operation not permitted: ""/Users/nicholas/Library/CloudStorage/OneDrive-SharedLibraries-Queen'sUniversityBelfast/RUMEN Gateway QUB-Scientific_Consortium - Documents/03_Partners_sequences/QUB/ab1_files"""
474	MATCHED_SH_PRIMER_BP	155	sh_id,primer,base_pairs,used_bc	1	1			QUB	SH_0621	SH_ID	SH_0621	QUB_0199	QUB_27F_0199	27F	1162	499	Bacteria	RS_GCF_003925875.1	d__Bacteria;p__Bacillota;c__Bacilli;o__Erysipelotrichales;f__Coprobacillaceae;g__Intestinibaculum;s__Intestinibaculum porci	98.9							1348	DB_00664	Rumen_Gateway	PhD_Theano	missing_maldi	USED	SH_0621	167	>IPO339_B9	>IPO339_58123394_B9	2024-01-03 00:00:00	11108725344-1	Plate		2024-04-29 00:00:00	11108886591	F	27F	1162	C1.3 Box 2	Dilution_to_extinction		M2	2023	M2	pinpoint	yellow cream	glistening	In_process			HoloRuminant	NR	bovine	NR	37525	Intensive	28	IPO339_58123394_B9.ab1	/Users/nicholas/Library/CloudStorage/OneDrive-SharedLibraries-Queen'sUniversityBelfast/RUMEN Gateway QUB-Scientific_Consortium - Documents/03_Partners_sequences/QUB/ab1_files/IPO339_58123394_B9.ab1	TRUE	PRESENT	330823	2024-04-29T09:44:10	UNAVAILABLE	"PermissionError: [Errno 1] Operation not permitted: ""/Users/nicholas/Library/CloudStorage/OneDrive-SharedLibraries-Queen'sUniversityBelfast/RUMEN Gateway QUB-Scientific_Consortium - Documents/03_Partners_sequences/QUB/ab1_files"""
475	MATCHED_SH_PRIMER_BP	155	sh_id,primer,base_pairs,used_bc	1	1			QUB	SH_0622	SH_ID	SH_0622	QUB_0390	QUB_27F_0390	27F	1094	500	Bacteria	RS_GCF_009695655.1	d__Bacteria;p__Bacillota;c__Bacilli;o__Erysipelotrichales;f__Coprobacillaceae;g__Sharpea;s__Sharpea porci	94.8				MWL6			1349	DB_00890	Rumen_Gateway	PhD_Theano	missing_maldi	USED	SH_0622	168	>IPO341_E7	>IPO341_58123417_E7	2024-01-03 00:00:00	11108725344-1	Plate		2024-04-17 00:00:00	11108871180	F	27F	1094	NS	Dilution_to_extinction		M2	2023	M2	medium	grey with white centre	smooth	In_process			HoloRuminant	NR	bovine	NR	37525	Intensive	28	IPO341_58123417_E7.ab1	/Users/nicholas/Library/CloudStorage/OneDrive-SharedLibraries-Queen'sUniversityBelfast/RUMEN Gateway QUB-Scientific_Consortium - Documents/03_Partners_sequences/QUB/ab1_files/IPO341_58123417_E7.ab1	TRUE	PRESENT	345490	2024-04-17T16:45:56	UNAVAILABLE	"PermissionError: [Errno 1] Operation not permitted: ""/Users/nicholas/Library/CloudStorage/OneDrive-SharedLibraries-Queen'sUniversityBelfast/RUMEN Gateway QUB-Scientific_Consortium - Documents/03_Partners_sequences/QUB/ab1_files"""
476	MATCHED_SH_PRIMER_BP	155	sh_id,primer,base_pairs,used_bc	1	1			QUB	SH_0623	SH_ID	SH_0623	QUB_0401	QUB_27F_0401	27F	1181	501	Bacteria	RS_GCF_000688015.1	d__Bacteria;p__Bacillota;c__Clostridia;o__Peptostreptococcales;f__Anaerovoracaceae;g__Hornefia;s__Hornefia sp000688015	98.7							1350	DB_00902	Rumen_Gateway	PhD_Theano	missing_maldi	USED	SH_0623	169	>IPO341_F7	>IPO341_58123417_F7	2024-01-03 00:00:00	11108725344-1	Plate		2024-04-17 00:00:00	11108871180	F	27F	1181	NS	Dilution_to_extinction		M2	2023	M2	big	cream	smooth	In_process			HoloRuminant	NR	bovine	NR	37352	Conventional	28	IPO341_58123417_F7.ab1	/Users/nicholas/Library/CloudStorage/OneDrive-SharedLibraries-Queen'sUniversityBelfast/RUMEN Gateway QUB-Scientific_Consortium - Documents/03_Partners_sequences/QUB/ab1_files/IPO341_58123417_F7.ab1	TRUE	PRESENT	348556	2024-04-17T16:45:56	UNAVAILABLE	"PermissionError: [Errno 1] Operation not permitted: ""/Users/nicholas/Library/CloudStorage/OneDrive-SharedLibraries-Queen'sUniversityBelfast/RUMEN Gateway QUB-Scientific_Consortium - Documents/03_Partners_sequences/QUB/ab1_files"""
477	MATCHED_SH_PRIMER_BP	155	sh_id,primer,base_pairs,used_bc	3	1		row=1352|db=DB_01747|short=KCX865|fasta=KCX865_68358656_68358656|primer=27F|bp=1242|score=130|reasons=sh_id,primer,used_bc; row=1353|db=DB_01748|short=KCX866|fasta=KCX866_68358663_68358663|primer=1492R|bp=1242|score=105|reasons=sh_id,used_bc	QUB	SH_0624	SH_ID	SH_0624	QUB_0412	QUB_27F_0412	27F	1175	502	Bacteria	RS_GCF_000011645.1	d__Bacteria;p__Bacillota;c__Bacilli;o__Bacillales;f__Bacillaceae;g__Bacillus;s__Bacillus licheniformis	98.8							1351	DB_00914	Rumen_Gateway	PhD_Theano	missing_maldi	USED	SH_0624	170	>IPO341_G7	>IPO341_58123417_G7	2024-01-03 00:00:00	11108725344-1	Plate		2024-04-17 00:00:00	11108871180	F	27F	1175	C1.3 Box 2	Dilution_to_extinction		M2	2023	M2	medium	white cream	smooth	SH_583 (TS_129)			HoloRuminant	NR	bovine	NR	37352	Conventional	28	IPO341_58123417_G7.ab1	/Users/nicholas/Library/CloudStorage/OneDrive-SharedLibraries-Queen'sUniversityBelfast/RUMEN Gateway QUB-Scientific_Consortium - Documents/03_Partners_sequences/QUB/ab1_files/IPO341_58123417_G7.ab1	TRUE	PRESENT	346558	2024-04-17T16:45:56	UNAVAILABLE	"PermissionError: [Errno 1] Operation not permitted: ""/Users/nicholas/Library/CloudStorage/OneDrive-SharedLibraries-Queen'sUniversityBelfast/RUMEN Gateway QUB-Scientific_Consortium - Documents/03_Partners_sequences/QUB/ab1_files"""
478	MATCHED_SH_PRIMER_BP	155	sh_id,primer,base_pairs,used_bc	1	1			QUB	SH_0625	SH_ID	SH_0625	QUB_0422	QUB_27F_0422	27F	1196	503	Bacteria	RS_GCF_033971885.1	d__Bacteria;p__Bacillota;c__Bacilli;o__Erysipelotrichales;f__Erysipelotrichaceae;g__Absicoccus;s__Absicoccus intestinalis	97.1							1354	DB_00926	Rumen_Gateway	PhD_Theano	missing_maldi	USED	SH_0625	171	>IPO341_H7	>IPO341_58123417_H7	2024-01-03 00:00:00	11108725344-1	Plate		2024-04-17 00:00:00	11108871180	F	27F	1196	NS	Dilution_to_extinction		M2	2023	M2	small	cream	smooth	In_process			HoloRuminant	NR	bovine	NR	37352	Conventional	28	IPO341_58123417_H7.ab1	/Users/nicholas/Library/CloudStorage/OneDrive-SharedLibraries-Queen'sUniversityBelfast/RUMEN Gateway QUB-Scientific_Consortium - Documents/03_Partners_sequences/QUB/ab1_files/IPO341_58123417_H7.ab1	TRUE	PRESENT	344044	2024-04-17T16:45:56	UNAVAILABLE	"PermissionError: [Errno 1] Operation not permitted: ""/Users/nicholas/Library/CloudStorage/OneDrive-SharedLibraries-Queen'sUniversityBelfast/RUMEN Gateway QUB-Scientific_Consortium - Documents/03_Partners_sequences/QUB/ab1_files"""
479	MATCHED_SH_PRIMER_BP	155	sh_id,primer,base_pairs,used_bc	1	1			QUB	SH_0626	SH_ID	SH_0626	QUB_0350	QUB_27F_0350	27F	1219	504	Bacteria	RS_GCF_011387195.1	d__Bacteria;p__Bacillota;c__Bacilli;o__Lactobacillales;f__Streptococcaceae;g__Streptococcus;s__Streptococcus ruminicola	98.9							1355	DB_00843	Rumen_Gateway	PhD_Theano	missing_maldi	USED	SH_0626	172	>IPO341_A8	>IPO341_58123417_A8	2024-01-03 00:00:00	11108725344-1	Plate		2024-04-17 00:00:00	11108871180	F	27F	1219	NS	Dilution_to_extinction		M2	2023	M2	small	cream	smooth	In_process			HoloRuminant	NR	bovine	NR	37352	Conventional	28	IPO341_58123417_A8.ab1	/Users/nicholas/Library/CloudStorage/OneDrive-SharedLibraries-Queen'sUniversityBelfast/RUMEN Gateway QUB-Scientific_Consortium - Documents/03_Partners_sequences/QUB/ab1_files/IPO341_58123417_A8.ab1	TRUE	PRESENT	348724	2024-04-17T16:45:54	UNAVAILABLE	"PermissionError: [Errno 1] Operation not permitted: ""/Users/nicholas/Library/CloudStorage/OneDrive-SharedLibraries-Queen'sUniversityBelfast/RUMEN Gateway QUB-Scientific_Consortium - Documents/03_Partners_sequences/QUB/ab1_files"""
480	MATCHED_SH_PRIMER_BP	155	sh_id,primer,base_pairs,used_bc	1	1			QUB	SH_0627	SH_ID	SH_0627	QUB_0360	QUB_27F_0360	27F	1192	505	Bacteria	RS_GCF_011387195.1	d__Bacteria;p__Bacillota;c__Bacilli;o__Lactobacillales;f__Streptococcaceae;g__Streptococcus;s__Streptococcus ruminicola	98.8				MWL6			1356	DB_00855	Rumen_Gateway	PhD_Theano	missing_maldi	USED	SH_0627	173	>IPO341_B8	>IPO341_58123417_B8	2024-01-03 00:00:00	11108725344-1	Plate		2024-04-17 00:00:00	11108871180	F	27F	1192	C1.3 Box 2	Dilution_to_extinction		M2	2023	M2	small	cream	glistening	SH_155			HoloRuminant	NR	bovine	NR	37234	Conventional	12	IPO341_58123417_B8.ab1	/Users/nicholas/Library/CloudStorage/OneDrive-SharedLibraries-Queen'sUniversityBelfast/RUMEN Gateway QUB-Scientific_Consortium - Documents/03_Partners_sequences/QUB/ab1_files/IPO341_58123417_B8.ab1	TRUE	PRESENT	350943	2024-04-17T16:45:54	UNAVAILABLE	"PermissionError: [Errno 1] Operation not permitted: ""/Users/nicholas/Library/CloudStorage/OneDrive-SharedLibraries-Queen'sUniversityBelfast/RUMEN Gateway QUB-Scientific_Consortium - Documents/03_Partners_sequences/QUB/ab1_files"""
481	MATCHED_SH_PRIMER_BP	155	sh_id,primer,base_pairs,used_bc	1	1			QUB	SH_0628	SH_ID	SH_0628	QUB_0369	QUB_27F_0369	27F	1206	506	Bacteria	RS_GCF_036408855.1	d__Bacteria;p__Actinomycetota;c__Coriobacteriia;o__Coriobacteriales;f__Atopobiaceae;g__UBA7741;s__UBA7741 sp900314575	99.1							1357	DB_00867	Rumen_Gateway	PhD_Theano	missing_maldi	USED	SH_0628	174	>IPO341_C8	>IPO341_58123417_C8	2024-01-03 00:00:00	11108725344-1	Plate		2024-04-17 00:00:00	11108871180	F	27F	1206	NS	Dilution_to_extinction		M2	2023	M2	medium	cream with transparent edges	glistening	In_process			HoloRuminant	NR	bovine	NR	37234	Conventional	12	IPO341_58123417_C8.ab1	/Users/nicholas/Library/CloudStorage/OneDrive-SharedLibraries-Queen'sUniversityBelfast/RUMEN Gateway QUB-Scientific_Consortium - Documents/03_Partners_sequences/QUB/ab1_files/IPO341_58123417_C8.ab1	TRUE	PRESENT	347596	2024-04-17T16:45:54	UNAVAILABLE	"PermissionError: [Errno 1] Operation not permitted: ""/Users/nicholas/Library/CloudStorage/OneDrive-SharedLibraries-Queen'sUniversityBelfast/RUMEN Gateway QUB-Scientific_Consortium - Documents/03_Partners_sequences/QUB/ab1_files"""
482	MATCHED_SH_PRIMER_BP	155	sh_id,primer,base_pairs,used_bc	1	1			QUB	SH_0629	SH_ID	SH_0629	QUB_0380	QUB_27F_0380	27F	1189	507	Bacteria	RS_GCF_012844235.1	d__Bacteria;p__Actinomycetota;c__Coriobacteriia;o__Coriobacteriales;f__Atopobiaceae;g__Parafannyhessea;s__Parafannyhessea sp900538935	99.5				MWL4			1358	DB_00879	Rumen_Gateway	PhD_Theano	missing_maldi	USED	SH_0629	175	>IPO341_D8	>IPO341_58123417_D8	2024-01-03 00:00:00	11108725344-1	Plate		2024-04-17 00:00:00	11108871180	F	27F	1189	NS	Dilution_to_extinction		M2	2023	M2	medium	cream with transparent edges	smooth	In_process			HoloRuminant	NR	bovine	NR	37234	Conventional	12	IPO341_58123417_D8.ab1	/Users/nicholas/Library/CloudStorage/OneDrive-SharedLibraries-Queen'sUniversityBelfast/RUMEN Gateway QUB-Scientific_Consortium - Documents/03_Partners_sequences/QUB/ab1_files/IPO341_58123417_D8.ab1	TRUE	PRESENT	353737	2024-04-17T16:45:54	UNAVAILABLE	"PermissionError: [Errno 1] Operation not permitted: ""/Users/nicholas/Library/CloudStorage/OneDrive-SharedLibraries-Queen'sUniversityBelfast/RUMEN Gateway QUB-Scientific_Consortium - Documents/03_Partners_sequences/QUB/ab1_files"""
483	MATCHED_SH_PRIMER_BP	155	sh_id,primer,base_pairs,used_bc	1	1			QUB	SH_0630	SH_ID	SH_0630	QUB_0391	QUB_27F_0391	27F	1212	508	Bacteria	RS_GCF_900218035.1	d__Bacteria;p__Bacillota;c__Clostridia;o__Lachnospirales;f__Lachnospiraceae;g__Pseudobutyrivibrio;s__Pseudobutyrivibrio ruminis	98.6							1359	DB_00891	Rumen_Gateway	PhD_Theano	missing_maldi	USED	SH_0630	176	>IPO341_E8	>IPO341_58123417_E8	2024-01-03 00:00:00	11108725344-1	Plate		2024-04-17 00:00:00	11108871180	F	27F	1212	NS	Dilution_to_extinction		M2	2023	M2	medium	cream with transparent edges	glistening	In_process			HoloRuminant	NR	bovine	NR	37234	Conventional	12	IPO341_58123417_E8.ab1	/Users/nicholas/Library/CloudStorage/OneDrive-SharedLibraries-Queen'sUniversityBelfast/RUMEN Gateway QUB-Scientific_Consortium - Documents/03_Partners_sequences/QUB/ab1_files/IPO341_58123417_E8.ab1	TRUE	PRESENT	347973	2024-04-17T16:45:56	UNAVAILABLE	"PermissionError: [Errno 1] Operation not permitted: ""/Users/nicholas/Library/CloudStorage/OneDrive-SharedLibraries-Queen'sUniversityBelfast/RUMEN Gateway QUB-Scientific_Consortium - Documents/03_Partners_sequences/QUB/ab1_files"""
484	MATCHED_SH_PRIMER_BP	155	sh_id,primer,base_pairs,used_bc	1	1			QUB	SH_0631	SH_ID	SH_0631	QUB_0402	QUB_27F_0402	27F	1240	509	Bacteria	RS_GCF_012844235.1	d__Bacteria;p__Actinomycetota;c__Coriobacteriia;o__Coriobacteriales;f__Atopobiaceae;g__Parafannyhessea;s__Parafannyhessea sp900538935	98.2				MWL4			1360	DB_00903	Rumen_Gateway	PhD_Theano	missing_maldi	USED	SH_0631	177	>IPO341_F8	>IPO341_58123417_F8	2024-01-03 00:00:00	11108725344-1	Plate		2024-04-17 00:00:00	11108871180	F	27F	1240	NS	Dilution_to_extinction		M2	2023	M2	medium	cream with transparent edges	smooth	In_process			HoloRuminant	NR	bovine	NR	37234	Conventional	12	IPO341_58123417_F8.ab1	/Users/nicholas/Library/CloudStorage/OneDrive-SharedLibraries-Queen'sUniversityBelfast/RUMEN Gateway QUB-Scientific_Consortium - Documents/03_Partners_sequences/QUB/ab1_files/IPO341_58123417_F8.ab1	TRUE	PRESENT	347735	2024-04-17T16:45:56	UNAVAILABLE	"PermissionError: [Errno 1] Operation not permitted: ""/Users/nicholas/Library/CloudStorage/OneDrive-SharedLibraries-Queen'sUniversityBelfast/RUMEN Gateway QUB-Scientific_Consortium - Documents/03_Partners_sequences/QUB/ab1_files"""
485	MATCHED_SH_PRIMER_BP	155	sh_id,primer,base_pairs,used_bc	5	1		row=1368|db=DB_01526|short=JDP761_E1|fasta=|primer=27F|bp=|score=130|reasons=sh_id,primer,used_bc; row=1370|db=DB_01624|short=JTQ678|fasta=JTQ678_65946788_65946788|primer=27F|bp=1196|score=130|reasons=sh_id,primer,used_bc; row=1369|db=DB_01527|short=JDP761_E2|fasta=|primer=1492R|bp=|score=105|reasons=sh_id,used_bc; row=1371|db=DB_01625|short=JTQ679|fasta=JTQ679_65946795_65946795|primer=1492R|bp=1240|score=105|reasons=sh_id,used_bc	QUB	SH_0638	SH_ID	SH_0638	QUB_0207	QUB_27F_0207	27F	1158	510	Bacteria	RS_GCF_011038845.1	d__Bacteria;p__Bacillota;c__Bacilli;o__Lactobacillales;f__Enterococcaceae;g__Enterococcus_B;s__Enterococcus_B sp011038845	99.7				MWL6			1367	DB_00676	Rumen_Gateway	PhD_Theano	missing_maldi	USED	SH_0638	184	>IPO339_C9	>IPO339_58123394_C9	2024-01-03 00:00:00	11108725344-1	Plate		2024-04-29 00:00:00	11108886591	F	27F	1158	C1.3 Box 3	Dilution_to_extinction		M2	2023	M2	pinpoint	cream	glistening	Unknown			HoloRuminant	NR	bovine	NR	37352	Conventional	12	IPO339_58123394_C9.ab1	/Users/nicholas/Library/CloudStorage/OneDrive-SharedLibraries-Queen'sUniversityBelfast/RUMEN Gateway QUB-Scientific_Consortium - Documents/03_Partners_sequences/QUB/ab1_files/IPO339_58123394_C9.ab1	TRUE	PRESENT	334987	2024-04-29T09:44:10	UNAVAILABLE	"PermissionError: [Errno 1] Operation not permitted: ""/Users/nicholas/Library/CloudStorage/OneDrive-SharedLibraries-Queen'sUniversityBelfast/RUMEN Gateway QUB-Scientific_Consortium - Documents/03_Partners_sequences/QUB/ab1_files"""
486	MATCHED_SH_PRIMER_BP	155	sh_id,primer,base_pairs,used_bc	3	1		row=1373|db=DB_01528|short=JDP761_E3|fasta=|primer=27F|bp=|score=130|reasons=sh_id,primer,used_bc; row=1374|db=DB_01529|short=JDP761_E4|fasta=|primer=1492R|bp=|score=105|reasons=sh_id,used_bc	QUB	SH_0639	SH_ID	SH_0639	QUB_0370	QUB_27F_0370	27F	1186	511	Bacteria	RS_GCF_009695655.1	d__Bacteria;p__Bacillota;c__Bacilli;o__Erysipelotrichales;f__Coprobacillaceae;g__Sharpea;s__Sharpea porci	97.9				MWL4			1372	DB_00868	Rumen_Gateway	PhD_Theano	missing_maldi	USED	SH_0639	185	>IPO341_C9	>IPO341_58123417_C9	2024-01-03 00:00:00	11108725344-1	Plate		2024-04-17 00:00:00	11108871180	F	27F	1186	C1.3 Box 3	Dilution_to_extinction		M2	2023	M2	small	brown	glistening	added to library			HoloRuminant	NR	bovine	NR	37245	Conventional	12	IPO341_58123417_C9.ab1	/Users/nicholas/Library/CloudStorage/OneDrive-SharedLibraries-Queen'sUniversityBelfast/RUMEN Gateway QUB-Scientific_Consortium - Documents/03_Partners_sequences/QUB/ab1_files/IPO341_58123417_C9.ab1	TRUE	PRESENT	350457	2024-04-17T16:45:54	UNAVAILABLE	"PermissionError: [Errno 1] Operation not permitted: ""/Users/nicholas/Library/CloudStorage/OneDrive-SharedLibraries-Queen'sUniversityBelfast/RUMEN Gateway QUB-Scientific_Consortium - Documents/03_Partners_sequences/QUB/ab1_files"""
487	MATCHED_SH_PRIMER_BP	155	sh_id,primer,base_pairs,used_bc	1	1			QUB	SH_0640	SH_ID	SH_0640	QUB_0381	QUB_27F_0381	27F	1220	512	Bacteria	RS_GCF_000011645.1	d__Bacteria;p__Bacillota;c__Bacilli;o__Bacillales;f__Bacillaceae;g__Bacillus;s__Bacillus licheniformis	98.7				MWL9			1375	DB_00880	Rumen_Gateway	PhD_Theano	missing_maldi	USED	SH_0640	186	>IPO341_D9	>IPO341_58123417_D9	2024-01-03 00:00:00	11108725344-1	Plate		2024-04-17 00:00:00	11108871180	F	27F	1220	C1.3 Box 3	Dilution_to_extinction		M2	2023	M2	medium	dark brown	smooth	Unknown			HoloRuminant	NR	bovine	NR	37245	Conventional	12	IPO341_58123417_D9.ab1	/Users/nicholas/Library/CloudStorage/OneDrive-SharedLibraries-Queen'sUniversityBelfast/RUMEN Gateway QUB-Scientific_Consortium - Documents/03_Partners_sequences/QUB/ab1_files/IPO341_58123417_D9.ab1	TRUE	PRESENT	350417	2024-04-17T16:45:54	UNAVAILABLE	"PermissionError: [Errno 1] Operation not permitted: ""/Users/nicholas/Library/CloudStorage/OneDrive-SharedLibraries-Queen'sUniversityBelfast/RUMEN Gateway QUB-Scientific_Consortium - Documents/03_Partners_sequences/QUB/ab1_files"""
488	MATCHED_SH_PRIMER_BP	155	sh_id,primer,base_pairs,used_bc	1	1			QUB	SH_0641	SH_ID	SH_0641	QUB_0392	QUB_27F_0392	27F	1222	513	Bacteria	RS_GCF_009695655.1	d__Bacteria;p__Bacillota;c__Bacilli;o__Erysipelotrichales;f__Coprobacillaceae;g__Sharpea;s__Sharpea porci	97.9							1376	DB_00892	Rumen_Gateway	PhD_Theano	missing_maldi	USED	SH_0641	187	>IPO341_E9	>IPO341_58123417_E9	2024-01-03 00:00:00	11108725344-1	Plate		2024-04-17 00:00:00	11108871180	F	27F	1222	NS	Dilution_to_extinction		M2	2023	M2	small	brown	rough	In_process			HoloRuminant	NR	bovine	NR	37245	Conventional	49	IPO341_58123417_E9.ab1	/Users/nicholas/Library/CloudStorage/OneDrive-SharedLibraries-Queen'sUniversityBelfast/RUMEN Gateway QUB-Scientific_Consortium - Documents/03_Partners_sequences/QUB/ab1_files/IPO341_58123417_E9.ab1	TRUE	PRESENT	349108	2024-04-17T16:45:56	UNAVAILABLE	"PermissionError: [Errno 1] Operation not permitted: ""/Users/nicholas/Library/CloudStorage/OneDrive-SharedLibraries-Queen'sUniversityBelfast/RUMEN Gateway QUB-Scientific_Consortium - Documents/03_Partners_sequences/QUB/ab1_files"""
489	MATCHED_SH_PRIMER_BP	155	sh_id,primer,base_pairs,used_bc	1	1			QUB	SH_0642	SH_ID	SH_0642	QUB_0403	QUB_27F_0403	27F	1202	514	Bacteria	GB_GCA_900108205.1	d__Bacteria;p__Bacillota;c__Clostridia;o__Lachnospirales;f__Lachnospiraceae;g__Eubacterium_Q;s__Eubacterium_Q ruminantium_A	98.2				MWL6			1377	DB_00904	Rumen_Gateway	PhD_Theano	missing_maldi	USED	SH_0642	188	>IPO341_F9	>IPO341_58123417_F9	2024-01-03 00:00:00	11108725344-1	Plate		2024-04-17 00:00:00	11108871180	F	27F	1202	C1.3 Box 3	Dilution_to_extinction		M2	2023	M2	small	cream	glistening	Unknown			HoloRuminant	NR	bovine	NR	37245	Conventional	49	IPO341_58123417_F9.ab1	/Users/nicholas/Library/CloudStorage/OneDrive-SharedLibraries-Queen'sUniversityBelfast/RUMEN Gateway QUB-Scientific_Consortium - Documents/03_Partners_sequences/QUB/ab1_files/IPO341_58123417_F9.ab1	TRUE	PRESENT	346478	2024-04-17T16:45:56	UNAVAILABLE	"PermissionError: [Errno 1] Operation not permitted: ""/Users/nicholas/Library/CloudStorage/OneDrive-SharedLibraries-Queen'sUniversityBelfast/RUMEN Gateway QUB-Scientific_Consortium - Documents/03_Partners_sequences/QUB/ab1_files"""
490	MATCHED_SH_PRIMER_BP	155	sh_id,primer,base_pairs,used_bc	1	1			QUB	SH_0643	SH_ID	SH_0643	QUB_0413	QUB_27F_0413	27F	1217	515	Bacteria	RS_GCF_011387195.1	d__Bacteria;p__Bacillota;c__Bacilli;o__Lactobacillales;f__Streptococcaceae;g__Streptococcus;s__Streptococcus ruminicola	99.4							1378	DB_00916	Rumen_Gateway	PhD_Theano	missing_maldi	USED	SH_0643	189	>IPO341_G9	>IPO341_58123417_G9	2024-01-03 00:00:00	11108725344-1	Plate		2024-04-17 00:00:00	11108871180	F	27F	1217	NS	Dilution_to_extinction		M2	2023	M2	small	brown	rough	In_process			HoloRuminant	NR	bovine	NR	37245	Conventional	49	IPO341_58123417_G9.ab1	/Users/nicholas/Library/CloudStorage/OneDrive-SharedLibraries-Queen'sUniversityBelfast/RUMEN Gateway QUB-Scientific_Consortium - Documents/03_Partners_sequences/QUB/ab1_files/IPO341_58123417_G9.ab1	TRUE	PRESENT	344818	2024-04-17T16:45:56	UNAVAILABLE	"PermissionError: [Errno 1] Operation not permitted: ""/Users/nicholas/Library/CloudStorage/OneDrive-SharedLibraries-Queen'sUniversityBelfast/RUMEN Gateway QUB-Scientific_Consortium - Documents/03_Partners_sequences/QUB/ab1_files"""
491	MATCHED_SH_PRIMER_BP	155	sh_id,primer,base_pairs,used_bc	1	1			QUB	SH_0644	SH_ID	SH_0644	QUB_0423	QUB_27F_0423	27F	1232	516	Bacteria	RS_GCF_900218035.1	d__Bacteria;p__Bacillota;c__Clostridia;o__Lachnospirales;f__Lachnospiraceae;g__Pseudobutyrivibrio;s__Pseudobutyrivibrio ruminis	97.7				MWL6			1379	DB_00928	Rumen_Gateway	PhD_Theano	missing_maldi	USED	SH_0644	190	>IPO341_H9	>IPO341_58123417_H9	2024-01-03 00:00:00	11108725344-1	Plate		2024-04-17 00:00:00	11108871180	F	27F	1232	NS	Dilution_to_extinction		M2	2023	M2	medium	white	glistening	In_process			HoloRuminant	NR	bovine	NR	37186	Intensive	49	IPO341_58123417_H9.ab1	/Users/nicholas/Library/CloudStorage/OneDrive-SharedLibraries-Queen'sUniversityBelfast/RUMEN Gateway QUB-Scientific_Consortium - Documents/03_Partners_sequences/QUB/ab1_files/IPO341_58123417_H9.ab1	TRUE	PRESENT	343980	2024-04-17T16:45:56	UNAVAILABLE	"PermissionError: [Errno 1] Operation not permitted: ""/Users/nicholas/Library/CloudStorage/OneDrive-SharedLibraries-Queen'sUniversityBelfast/RUMEN Gateway QUB-Scientific_Consortium - Documents/03_Partners_sequences/QUB/ab1_files"""
492	MATCHED_SH_PRIMER_BP	155	sh_id,primer,base_pairs,used_bc	1	1			QUB	SH_0645	SH_ID	SH_0645	QUB_0342	QUB_27F_0342	27F	1181	517	Bacteria	RS_GCF_900143205.1	d__Bacteria;p__Bacillota;c__Clostridia;o__Lachnospirales;f__Lachnospiraceae;g__Butyrivibrio;s__Butyrivibrio hungatei	99.4				MWL6			1380	DB_00845	Rumen_Gateway	PhD_Theano	missing_maldi	USED	SH_0645	191	>IPO341_A10	>IPO341_58123417_A10	2024-01-03 00:00:00	11108725344-1	Plate		2024-04-17 00:00:00	11108871180	F	27F	1181	NS	Dilution_to_extinction		M2	2023	M2	pinpoint	grey	smooth	In_process			HoloRuminant	NR	bovine	NR	37186	Intensive	49	IPO341_58123417_A10.ab1	/Users/nicholas/Library/CloudStorage/OneDrive-SharedLibraries-Queen'sUniversityBelfast/RUMEN Gateway QUB-Scientific_Consortium - Documents/03_Partners_sequences/QUB/ab1_files/IPO341_58123417_A10.ab1	TRUE	PRESENT	342573	2024-04-17T16:45:54	UNAVAILABLE	"PermissionError: [Errno 1] Operation not permitted: ""/Users/nicholas/Library/CloudStorage/OneDrive-SharedLibraries-Queen'sUniversityBelfast/RUMEN Gateway QUB-Scientific_Consortium - Documents/03_Partners_sequences/QUB/ab1_files"""
493	MATCHED_SH_PRIMER_BP	155	sh_id,primer,base_pairs,used_bc	1	1			QUB	SH_0646	SH_ID	SH_0646	QUB_0351	QUB_27F_0351	27F	1211	518	Bacteria	RS_GCF_900218035.1	d__Bacteria;p__Bacillota;c__Clostridia;o__Lachnospirales;f__Lachnospiraceae;g__Pseudobutyrivibrio;s__Pseudobutyrivibrio ruminis	98.6							1381	DB_00857	Rumen_Gateway	PhD_Theano	missing_maldi	USED	SH_0646	192	>IPO341_B10	>IPO341_58123417_B10	2024-01-03 00:00:00	11108725344-1	Plate		2024-04-17 00:00:00	11108871180	F	27F	1211	NS	Dilution_to_extinction		M2	2023	M2	small	transparent	rough	In_process			HoloRuminant	NR	bovine	NR	37186	Intensive	49	IPO341_58123417_B10.ab1	/Users/nicholas/Library/CloudStorage/OneDrive-SharedLibraries-Queen'sUniversityBelfast/RUMEN Gateway QUB-Scientific_Consortium - Documents/03_Partners_sequences/QUB/ab1_files/IPO341_58123417_B10.ab1	TRUE	PRESENT	345555	2024-04-17T16:45:54	UNAVAILABLE	"PermissionError: [Errno 1] Operation not permitted: ""/Users/nicholas/Library/CloudStorage/OneDrive-SharedLibraries-Queen'sUniversityBelfast/RUMEN Gateway QUB-Scientific_Consortium - Documents/03_Partners_sequences/QUB/ab1_files"""
494	MATCHED_SH_PRIMER_BP	155	sh_id,primer,base_pairs,used_bc	1	1			QUB	SH_0647	SH_ID	SH_0647	QUB_0361	QUB_27F_0361	27F	1250	519	Bacteria	GB_GCA_003480165.1	d__Bacteria;p__Bacillota;c__Bacilli;o__Erysipelotrichales;f__Erysipelotrichaceae;g__Absicoccus;s__Absicoccus sp000434355	91.7							1382	DB_00869	Rumen_Gateway	PhD_Theano	missing_maldi	USED	SH_0647	193	>IPO341_C10	>IPO341_58123417_C10	2024-01-03 00:00:00	11108725344-1	Plate		2024-04-17 00:00:00	11108871180	F	27F	1250	NS	Dilution_to_extinction		M2	2023	M2	medium	grey	rough	In_process			HoloRuminant	NR	bovine	NR	37363	Intensive	49	IPO341_58123417_C10.ab1	/Users/nicholas/Library/CloudStorage/OneDrive-SharedLibraries-Queen'sUniversityBelfast/RUMEN Gateway QUB-Scientific_Consortium - Documents/03_Partners_sequences/QUB/ab1_files/IPO341_58123417_C10.ab1	TRUE	PRESENT	346113	2024-04-17T16:45:54	UNAVAILABLE	"PermissionError: [Errno 1] Operation not permitted: ""/Users/nicholas/Library/CloudStorage/OneDrive-SharedLibraries-Queen'sUniversityBelfast/RUMEN Gateway QUB-Scientific_Consortium - Documents/03_Partners_sequences/QUB/ab1_files"""
495	MATCHED_SH_PRIMER_BP	155	sh_id,primer,base_pairs,used_bc	1	1			QUB	SH_0648	SH_ID	SH_0648	QUB_0371	QUB_27F_0371	27F	1245	520	Bacteria	RS_GCF_001969855.1	d__Bacteria;p__Bacillota;c__Bacilli;o__Bacillales;f__Bacillaceae;g__Bacillus;s__Bacillus haynesii	98.7							1383	DB_00881	Rumen_Gateway	PhD_Theano	missing_maldi	USED	SH_0648	194	>IPO341_D10	>IPO341_58123417_D10	2024-01-03 00:00:00	11108725344-1	Plate		2024-04-17 00:00:00	11108871180	F	27F	1245	NS	Dilution_to_extinction		M2	2023	M2	big	transparent	rough	In_process			HoloRuminant	NR	bovine	NR	37363	Intensive	49	IPO341_58123417_D10.ab1	/Users/nicholas/Library/CloudStorage/OneDrive-SharedLibraries-Queen'sUniversityBelfast/RUMEN Gateway QUB-Scientific_Consortium - Documents/03_Partners_sequences/QUB/ab1_files/IPO341_58123417_D10.ab1	TRUE	PRESENT	351220	2024-04-17T16:45:54	UNAVAILABLE	"PermissionError: [Errno 1] Operation not permitted: ""/Users/nicholas/Library/CloudStorage/OneDrive-SharedLibraries-Queen'sUniversityBelfast/RUMEN Gateway QUB-Scientific_Consortium - Documents/03_Partners_sequences/QUB/ab1_files"""
496	MATCHED_SH_PRIMER_BP	155	sh_id,primer,base_pairs,used_bc	1	1			QUB	SH_0649	SH_ID	SH_0649	QUB_0382	QUB_27F_0382	27F	1128	521	Bacteria	RS_GCF_000155955.1	d__Bacteria;p__Bacillota;c__Negativicutes;o__Selenomonadales;f__Selenomonadaceae;g__Mitsuokella;s__Mitsuokella multacida	97							1384	DB_00893	Rumen_Gateway	PhD_Theano	missing_maldi	USED	SH_0649	195	>IPO341_E10	>IPO341_58123417_E10	2024-01-03 00:00:00	11108725344-1	Plate		2024-04-17 00:00:00	11108871180	F	27F	1128	NS	Dilution_to_extinction		M2	2023	M2	small	transparent	rough	In_process			HoloRuminant	NR	bovine	NR	37363	Intensive	49	IPO341_58123417_E10.ab1	/Users/nicholas/Library/CloudStorage/OneDrive-SharedLibraries-Queen'sUniversityBelfast/RUMEN Gateway QUB-Scientific_Consortium - Documents/03_Partners_sequences/QUB/ab1_files/IPO341_58123417_E10.ab1	TRUE	PRESENT	344946	2024-04-17T16:45:54	UNAVAILABLE	"PermissionError: [Errno 1] Operation not permitted: ""/Users/nicholas/Library/CloudStorage/OneDrive-SharedLibraries-Queen'sUniversityBelfast/RUMEN Gateway QUB-Scientific_Consortium - Documents/03_Partners_sequences/QUB/ab1_files"""
497	MATCHED_SH_PRIMER_BP	155	sh_id,primer,base_pairs,used_bc	1	1			QUB	SH_0650	SH_ID	SH_0650	QUB_0394	QUB_27F_0394	27F	1206	522	Bacteria	RS_GCF_004006635.1	d__Bacteria;p__Fusobacteriota;c__Fusobacteriia;o__Fusobacteriales;f__Fusobacteriaceae;g__Fusobacterium_C;s__Fusobacterium_C necrophorum	99.6							1385	DB_00905	Rumen_Gateway	PhD_Theano	missing_maldi	USED	SH_0650	196	>IPO341_F10	>IPO341_58123417_F10	2024-01-03 00:00:00	11108725344-1	Plate		2024-04-17 00:00:00	11108871180	F	27F	1206	NS	Dilution_to_extinction		M2	2023	M2	medium	cream	glistening	In_process			HoloRuminant	NR	bovine	NR	37245	Conventional	49	IPO341_58123417_F10.ab1	/Users/nicholas/Library/CloudStorage/OneDrive-SharedLibraries-Queen'sUniversityBelfast/RUMEN Gateway QUB-Scientific_Consortium - Documents/03_Partners_sequences/QUB/ab1_files/IPO341_58123417_F10.ab1	TRUE	PRESENT	346916	2024-04-17T16:45:56	UNAVAILABLE	"PermissionError: [Errno 1] Operation not permitted: ""/Users/nicholas/Library/CloudStorage/OneDrive-SharedLibraries-Queen'sUniversityBelfast/RUMEN Gateway QUB-Scientific_Consortium - Documents/03_Partners_sequences/QUB/ab1_files"""
498	MATCHED_SH_PRIMER_BP	155	sh_id,primer,base_pairs,used_bc	1	1			QUB	SH_0651	SH_ID	SH_0651	QUB_0405	QUB_27F_0405	27F	1215	523	Bacteria	RS_GCF_000155955.1	d__Bacteria;p__Bacillota;c__Negativicutes;o__Selenomonadales;f__Selenomonadaceae;g__Mitsuokella;s__Mitsuokella multacida	96.9				MWL9			1386	DB_00917	Rumen_Gateway	PhD_Theano	missing_maldi	USED	SH_0651	197	>IPO341_G10	>IPO341_58123417_G10	2024-01-03 00:00:00	11108725344-1	Plate		2024-04-17 00:00:00	11108871180	F	27F	1215	NS	Dilution_to_extinction		M2	2023	M2	medium	brown	glistening	In_process			HoloRuminant	NR	bovine	NR	37245	Conventional	12	IPO341_58123417_G10.ab1	/Users/nicholas/Library/CloudStorage/OneDrive-SharedLibraries-Queen'sUniversityBelfast/RUMEN Gateway QUB-Scientific_Consortium - Documents/03_Partners_sequences/QUB/ab1_files/IPO341_58123417_G10.ab1	TRUE	PRESENT	341722	2024-04-17T16:45:56	UNAVAILABLE	"PermissionError: [Errno 1] Operation not permitted: ""/Users/nicholas/Library/CloudStorage/OneDrive-SharedLibraries-Queen'sUniversityBelfast/RUMEN Gateway QUB-Scientific_Consortium - Documents/03_Partners_sequences/QUB/ab1_files"""
499	MATCHED_SH_PRIMER_BP	155	sh_id,primer,base_pairs,used_bc	1	1			QUB	SH_0652	SH_ID	SH_0652	QUB_0415	QUB_27F_0415	27F	1229	524	Bacteria	RS_GCF_012844235.1	d__Bacteria;p__Actinomycetota;c__Coriobacteriia;o__Coriobacteriales;f__Atopobiaceae;g__Parafannyhessea;s__Parafannyhessea sp900538935	99.2							1387	DB_00929	Rumen_Gateway	PhD_Theano	missing_maldi	USED	SH_0652	198	>IPO341_H10	>IPO341_58123417_H10	2024-01-03 00:00:00	11108725344-1	Plate		2024-04-17 00:00:00	11108871180	F	27F	1229	C1.3 Box 4	Dilution_to_extinction		M2	2023	M2	small	cream	glistening	added to library			HoloRuminant	NR	bovine	NR	37245	Conventional	12	IPO341_58123417_H10.ab1	/Users/nicholas/Library/CloudStorage/OneDrive-SharedLibraries-Queen'sUniversityBelfast/RUMEN Gateway QUB-Scientific_Consortium - Documents/03_Partners_sequences/QUB/ab1_files/IPO341_58123417_H10.ab1	TRUE	PRESENT	340343	2024-04-17T16:45:56	UNAVAILABLE	"PermissionError: [Errno 1] Operation not permitted: ""/Users/nicholas/Library/CloudStorage/OneDrive-SharedLibraries-Queen'sUniversityBelfast/RUMEN Gateway QUB-Scientific_Consortium - Documents/03_Partners_sequences/QUB/ab1_files"""
500	MATCHED_SH_PRIMER_BP	155	sh_id,primer,base_pairs,used_bc	1	1			QUB	SH_0653	SH_ID	SH_0653	QUB_0343	QUB_27F_0343	27F	1146	525	Bacteria	RS_GCF_000155955.1	d__Bacteria;p__Bacillota;c__Negativicutes;o__Selenomonadales;f__Selenomonadaceae;g__Mitsuokella;s__Mitsuokella multacida	97.3				MWL9			1388	DB_00846	Rumen_Gateway	PhD_Theano	missing_maldi	USED	SH_0653	199	>IPO341_A11	>IPO341_58123417_A11	2024-01-03 00:00:00	11108725344-1	Plate		2024-04-17 00:00:00	11108871180	F	27F	1146	NS	Dilution_to_extinction		M2	2023	M2	medium	brown	glistening	In_process			HoloRuminant	NR	bovine	NR	37245	Conventional	12	IPO341_58123417_A11.ab1	/Users/nicholas/Library/CloudStorage/OneDrive-SharedLibraries-Queen'sUniversityBelfast/RUMEN Gateway QUB-Scientific_Consortium - Documents/03_Partners_sequences/QUB/ab1_files/IPO341_58123417_A11.ab1	TRUE	PRESENT	339864	2024-04-17T16:45:54	UNAVAILABLE	"PermissionError: [Errno 1] Operation not permitted: ""/Users/nicholas/Library/CloudStorage/OneDrive-SharedLibraries-Queen'sUniversityBelfast/RUMEN Gateway QUB-Scientific_Consortium - Documents/03_Partners_sequences/QUB/ab1_files"""
501	MATCHED_SH_PRIMER_BP	155	sh_id,primer,base_pairs,used_bc	1	1			QUB	SH_0654	SH_ID	SH_0654	QUB_0352	QUB_27F_0352	27F	1224	526	Bacteria	RS_GCF_014218335.1	d__Bacteria;p__Bacillota;c__Clostridia;o__Lachnospirales;f__Lachnospiraceae;g__Anaerocolumna;s__Anaerocolumna cellulosilytica	94.5							1389	DB_00858	Rumen_Gateway	PhD_Theano	missing_maldi	USED	SH_0654	200	>IPO341_B11	>IPO341_58123417_B11	2024-01-03 00:00:00	11108725344-1	Plate		2024-04-17 00:00:00	11108871180	F	27F	1224	NS	Dilution_to_extinction		M2	2023	M2	medium	light cream	glistening	In_process			HoloRuminant	NR	bovine	NR	37245	Conventional	12	IPO341_58123417_B11.ab1	/Users/nicholas/Library/CloudStorage/OneDrive-SharedLibraries-Queen'sUniversityBelfast/RUMEN Gateway QUB-Scientific_Consortium - Documents/03_Partners_sequences/QUB/ab1_files/IPO341_58123417_B11.ab1	TRUE	PRESENT	342998	2024-04-17T16:45:54	UNAVAILABLE	"PermissionError: [Errno 1] Operation not permitted: ""/Users/nicholas/Library/CloudStorage/OneDrive-SharedLibraries-Queen'sUniversityBelfast/RUMEN Gateway QUB-Scientific_Consortium - Documents/03_Partners_sequences/QUB/ab1_files"""
502	MATCHED_SH_PRIMER_BP	155	sh_id,primer,base_pairs,used_bc	1	1			QUB	SH_0655	SH_ID	SH_0655	QUB_0362	QUB_27F_0362	27F	1224	527	Bacteria	RS_GCF_000011645.1	d__Bacteria;p__Bacillota;c__Bacilli;o__Bacillales;f__Bacillaceae;g__Bacillus;s__Bacillus licheniformis	99							1390	DB_00870	Rumen_Gateway	PhD_Theano	missing_maldi	USED	SH_0655	201	>IPO341_C11	>IPO341_58123417_C11	2024-01-03 00:00:00	11108725344-1	Plate		2024-04-17 00:00:00	11108871180	F	27F	1224	C1.3 Box 4	Dilution_to_extinction		M2	2023	M2	small	grey	smooth	Unknown			HoloRuminant	NR	bovine	NR	37363	Intensive	12	IPO341_58123417_C11.ab1	/Users/nicholas/Library/CloudStorage/OneDrive-SharedLibraries-Queen'sUniversityBelfast/RUMEN Gateway QUB-Scientific_Consortium - Documents/03_Partners_sequences/QUB/ab1_files/IPO341_58123417_C11.ab1	TRUE	PRESENT	344882	2024-04-17T16:45:54	UNAVAILABLE	"PermissionError: [Errno 1] Operation not permitted: ""/Users/nicholas/Library/CloudStorage/OneDrive-SharedLibraries-Queen'sUniversityBelfast/RUMEN Gateway QUB-Scientific_Consortium - Documents/03_Partners_sequences/QUB/ab1_files"""
503	MATCHED_SH_PRIMER_BP	155	sh_id,primer,base_pairs,used_bc	3	1		row=1400|db=DB_01530|short=JDP761_E5|fasta=|primer=27F|bp=|score=130|reasons=sh_id,primer,used_bc; row=1401|db=DB_01531|short=JDP761_E6|fasta=|primer=1492R|bp=|score=105|reasons=sh_id,used_bc	QUB	SH_0664	SH_ID	SH_0664	QUB_0372	QUB_27F_0372	27F	1184	528	Bacteria	GB_GCA_020844525.1	d__Bacteria;p__Bacillota;c__Clostridia;o__Lachnospirales;f__Lachnospiraceae;g__Bilifractor;s__Bilifractor sp020844525	94.3				MWL6			1399	DB_00882	Rumen_Gateway	PhD_Theano	missing_maldi	USED	SH_0664	210	>IPO341_D11	>IPO341_58123417_D11	2024-01-03 00:00:00	11108725344-1	Plate		2024-04-17 00:00:00	11108871180	F	27F	1184	C1.4 Box 1	Dilution_to_extinction		M2	2023	M2	small	cream	glistening	In_process			HoloRuminant	NR	bovine	NR	37525	Intensive	12	IPO341_58123417_D11.ab1	/Users/nicholas/Library/CloudStorage/OneDrive-SharedLibraries-Queen'sUniversityBelfast/RUMEN Gateway QUB-Scientific_Consortium - Documents/03_Partners_sequences/QUB/ab1_files/IPO341_58123417_D11.ab1	TRUE	PRESENT	340822	2024-04-17T16:45:54	UNAVAILABLE	"PermissionError: [Errno 1] Operation not permitted: ""/Users/nicholas/Library/CloudStorage/OneDrive-SharedLibraries-Queen'sUniversityBelfast/RUMEN Gateway QUB-Scientific_Consortium - Documents/03_Partners_sequences/QUB/ab1_files"""
504	MATCHED_SH_PRIMER_BP	155	sh_id,primer,base_pairs,used_bc	1	1			QUB	SH_0665	SH_ID	SH_0665	QUB_0383	QUB_27F_0383	27F	1181	529	Bacteria	RS_GCF_900116865.1	d__Bacteria;p__Bacillota;c__Clostridia;o__Lachnospirales;f__Lachnospiraceae;g__Butyrivibrio;s__Butyrivibrio sp900116865	98.9				MWL6			1402	DB_00894	Rumen_Gateway	PhD_Theano	missing_maldi	USED	SH_0665	211	>IPO341_E11	>IPO341_58123417_E11	2024-01-03 00:00:00	11108725344-1	Plate		2024-04-17 00:00:00	11108871180	F	27F	1181	C1.4 Box 1	Dilution_to_extinction		M2	2023	M2	small	white	smooth	In_process			HoloRuminant	NR	bovine	NR	37525	Intensive	28	IPO341_58123417_E11.ab1	/Users/nicholas/Library/CloudStorage/OneDrive-SharedLibraries-Queen'sUniversityBelfast/RUMEN Gateway QUB-Scientific_Consortium - Documents/03_Partners_sequences/QUB/ab1_files/IPO341_58123417_E11.ab1	TRUE	PRESENT	344202	2024-04-17T16:45:54	UNAVAILABLE	"PermissionError: [Errno 1] Operation not permitted: ""/Users/nicholas/Library/CloudStorage/OneDrive-SharedLibraries-Queen'sUniversityBelfast/RUMEN Gateway QUB-Scientific_Consortium - Documents/03_Partners_sequences/QUB/ab1_files"""
505	MATCHED_SH_PRIMER_BP	155	sh_id,primer,base_pairs,used_bc	1	1			QUB	SH_0666	SH_ID	SH_0666	QUB_0344	QUB_27F_0344	27F	1200	530	Bacteria	RS_GCF_014218335.1	d__Bacteria;p__Bacillota;c__Clostridia;o__Lachnospirales;f__Lachnospiraceae;g__Anaerocolumna;s__Anaerocolumna cellulosilytica	94.6				MWL6			1403	DB_00847	Rumen_Gateway	PhD_Theano	missing_maldi	USED	SH_0666	212	>IPO341_A12	>IPO341_58123417_A12	2024-01-03 00:00:00	11108725344-1	Plate		2024-04-17 00:00:00	11108871180	F	27F	1200	C1.4 Box 1	Dilution_to_extinction		M2	2023	M2	small	brown	smooth	SH_666 (TS_212)			HoloRuminant	NR	bovine	NR	37525	Intensive	49	IPO341_58123417_A12.ab1	/Users/nicholas/Library/CloudStorage/OneDrive-SharedLibraries-Queen'sUniversityBelfast/RUMEN Gateway QUB-Scientific_Consortium - Documents/03_Partners_sequences/QUB/ab1_files/IPO341_58123417_A12.ab1	TRUE	PRESENT	337469	2024-04-17T16:45:54	UNAVAILABLE	"PermissionError: [Errno 1] Operation not permitted: ""/Users/nicholas/Library/CloudStorage/OneDrive-SharedLibraries-Queen'sUniversityBelfast/RUMEN Gateway QUB-Scientific_Consortium - Documents/03_Partners_sequences/QUB/ab1_files"""
506	MATCHED_SH_PRIMER_BP	155	sh_id,primer,base_pairs,used_bc	1	1			QUB	SH_0667	SH_ID	SH_0667	QUB_0353	QUB_27F_0353	27F	1205	531	Bacteria	RS_GCF_900119625.1	d__Bacteria;p__Actinomycetota;c__Coriobacteriia;o__Coriobacteriales;f__Atopobiaceae;g__Tractidigestivibacter;s__Tractidigestivibacter sp900119625	99.1				MWL6			1404	DB_00859	Rumen_Gateway	PhD_Theano	missing_maldi	USED	SH_0667	213	>IPO341_B12	>IPO341_58123417_B12	2024-01-03 00:00:00	11108725344-1	Plate		2024-04-17 00:00:00	11108871180	F	27F	1205	C1.4 Box 1	Dilution_to_extinction		M2	2023	M2	small	brown	smooth	SH_667 (TS_213)			HoloRuminant	NR	bovine	NR	37525	Intensive	49	IPO341_58123417_B12.ab1	/Users/nicholas/Library/CloudStorage/OneDrive-SharedLibraries-Queen'sUniversityBelfast/RUMEN Gateway QUB-Scientific_Consortium - Documents/03_Partners_sequences/QUB/ab1_files/IPO341_58123417_B12.ab1	TRUE	PRESENT	339658	2024-04-17T16:45:54	UNAVAILABLE	"PermissionError: [Errno 1] Operation not permitted: ""/Users/nicholas/Library/CloudStorage/OneDrive-SharedLibraries-Queen'sUniversityBelfast/RUMEN Gateway QUB-Scientific_Consortium - Documents/03_Partners_sequences/QUB/ab1_files"""
507	MATCHED_SH_PRIMER_BP	155	sh_id,primer,base_pairs,used_bc	2	1		row=1406|db=DB_00871|short=IPO341_C12|fasta=IPO341_58123417_C12|primer=27F|bp=34|score=130|reasons=sh_id,primer,used_bc	QUB	SH_0668	SH_ID	SH_0668	QUB_0219	QUB_27F_0219	27F	1173	532	Bacteria	GB_GCA_000687975.1	d__Bacteria;p__Bacillota;c__Clostridia;o__Lachnospirales;f__Lachnospiraceae;g__Eubacterium_Q;s__Eubacterium_Q sp000687975	98.1				MWL6			1405	DB_00697	Rumen_Gateway	PhD_Theano	missing_maldi	USED	SH_0668	214	>IPO339_E6	>IPO339_58123394_E6	2024-01-03 00:00:00	11108725344-1	Plate		2024-04-29 00:00:00	11108886591	F	27F	1173	C1.4 Box 1	Dilution_to_extinction		M2	2023	M2	small	white	smooth	SH_668 (TS_214)			HoloRuminant	NR	bovine	NR	37525	Intensive	28	IPO339_58123394_E6.ab1	/Users/nicholas/Library/CloudStorage/OneDrive-SharedLibraries-Queen'sUniversityBelfast/RUMEN Gateway QUB-Scientific_Consortium - Documents/03_Partners_sequences/QUB/ab1_files/IPO339_58123394_E6.ab1	TRUE	PRESENT	339774	2024-04-29T09:44:12	UNAVAILABLE	"PermissionError: [Errno 1] Operation not permitted: ""/Users/nicholas/Library/CloudStorage/OneDrive-SharedLibraries-Queen'sUniversityBelfast/RUMEN Gateway QUB-Scientific_Consortium - Documents/03_Partners_sequences/QUB/ab1_files"""
508	MATCHED_SH_PRIMER_BP	155	sh_id,primer,base_pairs,used_bc	3	1		row=1408|db=DB_01532|short=JDP761_E7|fasta=|primer=27F|bp=|score=130|reasons=sh_id,primer,used_bc; row=1409|db=DB_01533|short=JDP761_E8|fasta=|primer=1492R|bp=|score=105|reasons=sh_id,used_bc	QUB	SH_0669	SH_ID	SH_0669	QUB_0373	QUB_27F_0373	27F	1149	533	Bacteria	GB_GCA_040266995.1	d__Bacteria;p__Bacillota;c__Bacilli;o__Erysipelotrichales;f__Erysipelotrichaceae;g__UBA4312;s__UBA4312 sp040266995	99.1				MWL13			1407	DB_00883	Rumen_Gateway	PhD_Theano	missing_maldi	USED	SH_0669	215	>IPO341_D12	>IPO341_58123417_D12	2024-01-03 00:00:00	11108725344-1	Plate		2024-04-17 00:00:00	11108871180	F	27F	1149	C1.4 Box 1	Dilution_to_extinction		M2	2023	M2	small	cream	smooth	Bacillus			HoloRuminant	NR	bovine	NR	37245	Conventional	12	IPO341_58123417_D12.ab1	/Users/nicholas/Library/CloudStorage/OneDrive-SharedLibraries-Queen'sUniversityBelfast/RUMEN Gateway QUB-Scientific_Consortium - Documents/03_Partners_sequences/QUB/ab1_files/IPO341_58123417_D12.ab1	TRUE	PRESENT	340596	2024-04-17T16:45:54	UNAVAILABLE	"PermissionError: [Errno 1] Operation not permitted: ""/Users/nicholas/Library/CloudStorage/OneDrive-SharedLibraries-Queen'sUniversityBelfast/RUMEN Gateway QUB-Scientific_Consortium - Documents/03_Partners_sequences/QUB/ab1_files"""
509	MATCHED_SH_PRIMER_BP	155	sh_id,primer,base_pairs,used_bc	5	1		row=1411|db=DB_01534|short=JDP761_E9|fasta=|primer=27F|bp=|score=130|reasons=sh_id,primer,used_bc; row=1480|db=DB_01658|short=JTQ712|fasta=JTQ712_65947129_65947129|primer=27F|bp=1200|score=130|reasons=sh_id,primer,used_bc; row=1412|db=DB_01535|short=JDP761_E10|fasta=|primer=1492R|bp=|score=105|reasons=sh_id,used_bc; row=1481|db=DB_01659|short=JTQ713|fasta=JTQ713_65947136_65947136|primer=1492R|bp=1229|score=105|reasons=sh_id,used_bc	QUB	SH_0670	SH_ID	SH_0670	QUB_0384	QUB_27F_0384	27F	1185	534	Bacteria	RS_GCF_012844235.1	d__Bacteria;p__Actinomycetota;c__Coriobacteriia;o__Coriobacteriales;f__Atopobiaceae;g__Parafannyhessea;s__Parafannyhessea sp900538935	99.2				MWL4			1410	DB_00895	Rumen_Gateway	PhD_Theano	missing_maldi	USED	SH_0670	216	>IPO341_E12	>IPO341_58123417_E12	2024-01-03 00:00:00	11108725344-1	Plate		2024-04-17 00:00:00	11108871180	F	27F	1185	C1.4 Box 1	Dilution_to_extinction		M2	2023	M2	pinpoint	brown	glistening	SH_684			HoloRuminant	NR	bovine	NR	37245	Conventional	49	IPO341_58123417_E12.ab1	/Users/nicholas/Library/CloudStorage/OneDrive-SharedLibraries-Queen'sUniversityBelfast/RUMEN Gateway QUB-Scientific_Consortium - Documents/03_Partners_sequences/QUB/ab1_files/IPO341_58123417_E12.ab1	TRUE	PRESENT	341370	2024-04-17T16:45:54	UNAVAILABLE	"PermissionError: [Errno 1] Operation not permitted: ""/Users/nicholas/Library/CloudStorage/OneDrive-SharedLibraries-Queen'sUniversityBelfast/RUMEN Gateway QUB-Scientific_Consortium - Documents/03_Partners_sequences/QUB/ab1_files"""
510	MATCHED_SH_PRIMER_BP	155	sh_id,primer,base_pairs,used_bc	3	1		row=1483|db=DB_01536|short=JDP761_E11|fasta=|primer=27F|bp=|score=130|reasons=sh_id,primer,used_bc; row=1484|db=DB_01537|short=JDP761_E12|fasta=|primer=1492R|bp=|score=105|reasons=sh_id,used_bc	QUB	SH_0671	SH_ID	SH_0671	QUB_0396	QUB_27F_0396	27F	1185	535	Bacteria	RS_GCF_000011645.1	d__Bacteria;p__Bacillota;c__Bacilli;o__Bacillales;f__Bacillaceae;g__Bacillus;s__Bacillus licheniformis	97.8							1482	DB_00907	Rumen_Gateway	PhD_Theano	missing_maldi	USED	SH_0671	217	>IPO341_F12	>IPO341_58123417_F12	2024-01-03 00:00:00	11108725344-1	Plate		2024-04-17 00:00:00	11108871180	F	27F	1185	C1.4 Box 1	Dilution_to_extinction		M2	2023	M2	small	yellow cream	glistening	Staphylococcus aureus			HoloRuminant	NR	bovine	NR	37186	Intensive	49	IPO341_58123417_F12.ab1	/Users/nicholas/Library/CloudStorage/OneDrive-SharedLibraries-Queen'sUniversityBelfast/RUMEN Gateway QUB-Scientific_Consortium - Documents/03_Partners_sequences/QUB/ab1_files/IPO341_58123417_F12.ab1	TRUE	PRESENT	341164	2024-04-17T16:45:56	UNAVAILABLE	"PermissionError: [Errno 1] Operation not permitted: ""/Users/nicholas/Library/CloudStorage/OneDrive-SharedLibraries-Queen'sUniversityBelfast/RUMEN Gateway QUB-Scientific_Consortium - Documents/03_Partners_sequences/QUB/ab1_files"""
511	MATCHED_SH_PRIMER_BP	155	sh_id,primer,base_pairs,used_bc	5	1		row=1486|db=DB_01689|short=JTQ743|fasta=JTQ743_65947433_65947433|primer=27F|bp=1045|score=130|reasons=sh_id,primer,used_bc; row=1488|db=DB_01751|short=KCX869|fasta=KCX869_68358694_68358694|primer=27F|bp=1222|score=130|reasons=sh_id,primer,used_bc; row=1487|db=DB_01690|short=JTQ744|fasta=JTQ744_65947440_65947440|primer=1492R|bp=1143|score=105|reasons=sh_id,used_bc; row=1489|db=DB_01752|short=KCX870|fasta=KCX870_68358700_68358700|primer=1492R|bp=1155|score=105|reasons=sh_id,used_bc	QUB	SH_0672	SH_ID	SH_0672	QUB_0406	QUB_27F_0406	27F	1212	536	Bacteria	RS_GCF_004006635.1	d__Bacteria;p__Fusobacteriota;c__Fusobacteriia;o__Fusobacteriales;f__Fusobacteriaceae;g__Fusobacterium_C;s__Fusobacterium_C necrophorum	99.4				MWL6			1485	DB_00919	Rumen_Gateway	PhD_Theano	missing_maldi	USED	SH_0672	218	>IPO341_G12	>IPO341_58123417_G12	2024-01-03 00:00:00	11108725344-1	Plate		2024-04-17 00:00:00	11108871180	F	27F	1212	C1.4 Box 1	Dilution_to_extinction		M2	2023	M2	small	grey transparent	rough	SH_672 (TS_218)			HoloRuminant	NR	bovine	NR	37525	Intensive	12	IPO341_58123417_G12.ab1	/Users/nicholas/Library/CloudStorage/OneDrive-SharedLibraries-Queen'sUniversityBelfast/RUMEN Gateway QUB-Scientific_Consortium - Documents/03_Partners_sequences/QUB/ab1_files/IPO341_58123417_G12.ab1	TRUE	PRESENT	338960	2024-04-17T16:45:56	UNAVAILABLE	"PermissionError: [Errno 1] Operation not permitted: ""/Users/nicholas/Library/CloudStorage/OneDrive-SharedLibraries-Queen'sUniversityBelfast/RUMEN Gateway QUB-Scientific_Consortium - Documents/03_Partners_sequences/QUB/ab1_files"""
512	MATCHED_SH_PRIMER_BP	155	sh_id,primer,base_pairs,used_bc	1	1			QUB	SH_0673	SH_ID	SH_0673	QUB_0416	QUB_27F_0416	27F	1084	537	Bacteria	RS_GCF_900218035.1	d__Bacteria;p__Bacillota;c__Clostridia;o__Lachnospirales;f__Lachnospiraceae;g__Pseudobutyrivibrio;s__Pseudobutyrivibrio ruminis	98.7				MWL4			1490	DB_00931	Rumen_Gateway	PhD_Theano	missing_maldi	USED	SH_0673	219	>IPO341_H12	>IPO341_58123417_H12	2024-01-03 00:00:00	11108725344-1	Plate		2024-04-17 00:00:00	11108871180	F	27F	1084	NS	Dilution_to_extinction		M2	2023	M2	small	brown with lighter centre	smooth	In_process			HoloRuminant	NR	bovine	NR	37234	Conventional	12	IPO341_58123417_H12.ab1	/Users/nicholas/Library/CloudStorage/OneDrive-SharedLibraries-Queen'sUniversityBelfast/RUMEN Gateway QUB-Scientific_Consortium - Documents/03_Partners_sequences/QUB/ab1_files/IPO341_58123417_H12.ab1	TRUE	PRESENT	332209	2024-04-17T16:45:56	UNAVAILABLE	"PermissionError: [Errno 1] Operation not permitted: ""/Users/nicholas/Library/CloudStorage/OneDrive-SharedLibraries-Queen'sUniversityBelfast/RUMEN Gateway QUB-Scientific_Consortium - Documents/03_Partners_sequences/QUB/ab1_files"""
513	MATCHED_SH_PRIMER_BP	155	sh_id,primer,base_pairs,used_bc	1	1			QUB	SH_0674	SH_ID	SH_0674	QUB_0249	QUB_27F_0249	27F	1188	538	Bacteria	RS_GCF_011038845.1	d__Bacteria;p__Bacillota;c__Bacilli;o__Lactobacillales;f__Enterococcaceae;g__Enterococcus_B;s__Enterococcus_B sp011038845	98.5				MWL4			1491	DB_00740	Rumen_Gateway	PhD_Theano	missing_maldi	USED	SH_0674	220	>IPO340_A1	>IPO340_58123400_A1	2024-01-03 00:00:00	11108725344-1	Plate		2024-04-24 00:00:00	11108881734	F	27F	1188	NS	Dilution_to_extinction		M2	2023	M2	small	transparent	smooth	In_process			HoloRuminant	NR	bovine	NR	37352	Conventional	12	IPO340_58123400_A1.ab1	/Users/nicholas/Library/CloudStorage/OneDrive-SharedLibraries-Queen'sUniversityBelfast/RUMEN Gateway QUB-Scientific_Consortium - Documents/03_Partners_sequences/QUB/ab1_files/IPO340_58123400_A1.ab1	TRUE	PRESENT	332936	2024-04-24T12:22:00	UNAVAILABLE	"PermissionError: [Errno 1] Operation not permitted: ""/Users/nicholas/Library/CloudStorage/OneDrive-SharedLibraries-Queen'sUniversityBelfast/RUMEN Gateway QUB-Scientific_Consortium - Documents/03_Partners_sequences/QUB/ab1_files"""
514	MATCHED_SH_PRIMER_BP	155	sh_id,primer,base_pairs,used_bc	1	1			QUB	SH_0675	SH_ID	SH_0675	QUB_0259	QUB_27F_0259	27F	1240	539	Bacteria	RS_GCF_000160755.1	d__Bacteria;p__Pseudomonadota;c__Gammaproteobacteria;o__Enterobacterales;f__Enterobacteriaceae;g__Proteus;s__Proteus mirabilis	99.8				MWL6			1492	DB_00752	Rumen_Gateway	PhD_Theano	missing_maldi	USED	SH_0675	221	>IPO340_B1	>IPO340_58123400_B1	2024-01-03 00:00:00	11108725344-1	Plate		2024-04-24 00:00:00	11108881734	F	27F	1240	C1.4 Box 1	Dilution_to_extinction		M2	2023	M2	small	brown	smooth	SH_675 (TS_221)			HoloRuminant	NR	bovine	NR	37525	Intensive	49	IPO340_58123400_B1.ab1	/Users/nicholas/Library/CloudStorage/OneDrive-SharedLibraries-Queen'sUniversityBelfast/RUMEN Gateway QUB-Scientific_Consortium - Documents/03_Partners_sequences/QUB/ab1_files/IPO340_58123400_B1.ab1	TRUE	PRESENT	333961	2024-04-24T12:22:00	UNAVAILABLE	"PermissionError: [Errno 1] Operation not permitted: ""/Users/nicholas/Library/CloudStorage/OneDrive-SharedLibraries-Queen'sUniversityBelfast/RUMEN Gateway QUB-Scientific_Consortium - Documents/03_Partners_sequences/QUB/ab1_files"""
515	MATCHED_SH_PRIMER_BP	155	sh_id,primer,base_pairs,used_bc	5	1		row=1494|db=DB_01630|short=JTQ684|fasta=JTQ684_65946849_65946849|primer=27F|bp=1104|score=130|reasons=sh_id,primer,used_bc; row=1496|db=DB_01727|short=KCX845|fasta=KCX845_68358458_68358458|primer=27F|bp=1226|score=130|reasons=sh_id,primer,used_bc; row=1495|db=DB_01631|short=JTQ685|fasta=JTQ685_65946856_65946856|primer=1492R|bp=1169|score=105|reasons=sh_id,used_bc; row=1497|db=DB_01728|short=KCX846|fasta=KCX846_68358465_68358465|primer=1492R|bp=1248|score=105|reasons=sh_id,used_bc	QUB	SH_0676	SH_ID	SH_0676	QUB_0271	QUB_27F_0271	27F	1198	540	Bacteria	RS_GCF_014218335.1	d__Bacteria;p__Bacillota;c__Clostridia;o__Lachnospirales;f__Lachnospiraceae;g__Anaerocolumna;s__Anaerocolumna cellulosilytica	95				MWL6			1493	DB_00764	Rumen_Gateway	PhD_Theano	missing_maldi	USED	SH_0676	222	>IPO340_C1	>IPO340_58123400_C1	2024-01-03 00:00:00	11108725344-1	Plate		2024-04-24 00:00:00	11108881734	F	27F	1198	C1.4 Box 2	Dilution_to_extinction		M2	2023	M2	big	grey transparent	smooth	Unknown			HoloRuminant	NR	bovine	NR	37525	Intensive	49	IPO340_58123400_C1.ab1	/Users/nicholas/Library/CloudStorage/OneDrive-SharedLibraries-Queen'sUniversityBelfast/RUMEN Gateway QUB-Scientific_Consortium - Documents/03_Partners_sequences/QUB/ab1_files/IPO340_58123400_C1.ab1	TRUE	PRESENT	333905	2024-04-24T12:22:00	UNAVAILABLE	"PermissionError: [Errno 1] Operation not permitted: ""/Users/nicholas/Library/CloudStorage/OneDrive-SharedLibraries-Queen'sUniversityBelfast/RUMEN Gateway QUB-Scientific_Consortium - Documents/03_Partners_sequences/QUB/ab1_files"""
516	MATCHED_SH_PRIMER_BP	155	sh_id,primer,base_pairs,used_bc	1	1			QUB	SH_0677	SH_ID	SH_0677	QUB_0283	QUB_27F_0283	27F	1197	541	Bacteria	RS_GCF_033100115.1	d__Bacteria;p__Bacillota;c__Clostridia;o__Lachnospirales;f__Lachnospiraceae;g__Anaerocolumna;s__Anaerocolumna sp033100115	94.7				MWL6			1498	DB_00776	Rumen_Gateway	PhD_Theano	missing_maldi	USED	SH_0677	223	>IPO340_D1	>IPO340_58123400_D1	2024-01-03 00:00:00	11108725344-1	Plate		2024-04-24 00:00:00	11108881734	F	27F	1197	NS	Dilution_to_extinction		M2	2023	M2	big	grey transparent	smooth	In_process			HoloRuminant	NR	bovine	NR	37525	Intensive	49	IPO340_58123400_D1.ab1	/Users/nicholas/Library/CloudStorage/OneDrive-SharedLibraries-Queen'sUniversityBelfast/RUMEN Gateway QUB-Scientific_Consortium - Documents/03_Partners_sequences/QUB/ab1_files/IPO340_58123400_D1.ab1	TRUE	PRESENT	331198	2024-04-24T12:22:02	UNAVAILABLE	"PermissionError: [Errno 1] Operation not permitted: ""/Users/nicholas/Library/CloudStorage/OneDrive-SharedLibraries-Queen'sUniversityBelfast/RUMEN Gateway QUB-Scientific_Consortium - Documents/03_Partners_sequences/QUB/ab1_files"""
517	MATCHED_SH_PRIMER_BP	155	sh_id,primer,base_pairs,used_bc	5	1		row=1500|db=DB_01538|short=JDP761_F1|fasta=|primer=27F|bp=|score=130|reasons=sh_id,primer,used_bc; row=1502|db=DB_01691|short=JTQ745|fasta=JTQ745_65947457_65947457|primer=27F|bp=1176|score=130|reasons=sh_id,primer,used_bc; row=1501|db=DB_01539|short=JDP761_F2|fasta=|primer=1492R|bp=|score=105|reasons=sh_id,used_bc; row=1503|db=DB_01692|short=JTQ746|fasta=JTQ746_65947464_65947464|primer=1492R|bp=1179|score=105|reasons=sh_id,used_bc	QUB	SH_0678	SH_ID	SH_0678	QUB_0295	QUB_27F_0295	27F	1148	542	Bacteria	RS_GCF_000160755.1	d__Bacteria;p__Pseudomonadota;c__Gammaproteobacteria;o__Enterobacterales;f__Enterobacteriaceae;g__Proteus;s__Proteus mirabilis	99.4							1499	DB_00788	Rumen_Gateway	PhD_Theano	missing_maldi	USED	SH_0678	224	>IPO340_E1	>IPO340_58123400_E1	2024-01-03 00:00:00	11108725344-1	Plate		2024-04-24 00:00:00	11108881734	F	27F	1148	C1.4 Box 2	Direct_plating		M2	2023	M2	big	transparent	smooth	Unknown			HoloRuminant	NR	bovine	NR	37186	Intensive	49	IPO340_58123400_E1.ab1	/Users/nicholas/Library/CloudStorage/OneDrive-SharedLibraries-Queen'sUniversityBelfast/RUMEN Gateway QUB-Scientific_Consortium - Documents/03_Partners_sequences/QUB/ab1_files/IPO340_58123400_E1.ab1	TRUE	PRESENT	332692	2024-04-24T12:22:02	UNAVAILABLE	"PermissionError: [Errno 1] Operation not permitted: ""/Users/nicholas/Library/CloudStorage/OneDrive-SharedLibraries-Queen'sUniversityBelfast/RUMEN Gateway QUB-Scientific_Consortium - Documents/03_Partners_sequences/QUB/ab1_files"""
518	MATCHED_SH_PRIMER_BP	155	sh_id,primer,base_pairs,used_bc	1	1			QUB	SH_0679	SH_ID	SH_0679	QUB_0306	QUB_27F_0306	27F	1172	543	Bacteria	RS_GCF_000160755.1	d__Bacteria;p__Pseudomonadota;c__Gammaproteobacteria;o__Enterobacterales;f__Enterobacteriaceae;g__Proteus;s__Proteus mirabilis	99.2							1504	DB_00800	Rumen_Gateway	PhD_Theano	missing_maldi	USED	SH_0679	225	>IPO340_F1	>IPO340_58123400_F1	2024-01-03 00:00:00	11108725344-1	Plate		2024-04-24 00:00:00	11108881734	F	27F	1172	NS	Direct_plating		M2	2023	M2	small	grey	smooth	SH_679 (TS_225)			HoloRuminant	NR	bovine	NR	37186	Intensive	49	IPO340_58123400_F1.ab1	/Users/nicholas/Library/CloudStorage/OneDrive-SharedLibraries-Queen'sUniversityBelfast/RUMEN Gateway QUB-Scientific_Consortium - Documents/03_Partners_sequences/QUB/ab1_files/IPO340_58123400_F1.ab1	TRUE	PRESENT	330588	2024-04-24T12:22:02	UNAVAILABLE	"PermissionError: [Errno 1] Operation not permitted: ""/Users/nicholas/Library/CloudStorage/OneDrive-SharedLibraries-Queen'sUniversityBelfast/RUMEN Gateway QUB-Scientific_Consortium - Documents/03_Partners_sequences/QUB/ab1_files"""
519	MATCHED_SH_PRIMER_BP	155	sh_id,primer,base_pairs,used_bc	1	1			QUB	SH_0680	SH_ID	SH_0680	QUB_0318	QUB_27F_0318	27F	1130	544	Bacteria	RS_GCF_000160755.1	d__Bacteria;p__Pseudomonadota;c__Gammaproteobacteria;o__Enterobacterales;f__Enterobacteriaceae;g__Proteus;s__Proteus mirabilis	99.7							1505	DB_00812	Rumen_Gateway	PhD_Theano	missing_maldi	USED	SH_0680	226	>IPO340_G1	>IPO340_58123400_G1	2024-01-03 00:00:00	11108725344-1	Plate		2024-04-24 00:00:00	11108881734	F	27F	1130	C1.4 Box 2	Direct_plating		M2	2023	M2	medium	transparent	rough	In_process			HoloRuminant	NR	bovine	NR	37525	Intensive	49	IPO340_58123400_G1.ab1	/Users/nicholas/Library/CloudStorage/OneDrive-SharedLibraries-Queen'sUniversityBelfast/RUMEN Gateway QUB-Scientific_Consortium - Documents/03_Partners_sequences/QUB/ab1_files/IPO340_58123400_G1.ab1	TRUE	PRESENT	328717	2024-04-24T12:22:02	UNAVAILABLE	"PermissionError: [Errno 1] Operation not permitted: ""/Users/nicholas/Library/CloudStorage/OneDrive-SharedLibraries-Queen'sUniversityBelfast/RUMEN Gateway QUB-Scientific_Consortium - Documents/03_Partners_sequences/QUB/ab1_files"""
520	MATCHED_SH_PRIMER_BP	155	sh_id,primer,base_pairs,used_bc	1	1			QUB	SH_0682	SH_ID	SH_0682	QUB_0330	QUB_27F_0330	27F	1173	545	Bacteria	RS_GCF_000160755.1	d__Bacteria;p__Pseudomonadota;c__Gammaproteobacteria;o__Enterobacterales;f__Enterobacteriaceae;g__Proteus;s__Proteus mirabilis	99.9							1507	DB_00824	Rumen_Gateway	PhD_Theano	missing_maldi	USED	SH_0682	228	>IPO340_H1	>IPO340_58123400_H1	2024-01-03 00:00:00	11108725344-1	Plate		2024-04-24 00:00:00	11108881734	F	27F	1173	NS	Direct_plating		M2	2023	M2	small	grey with cream centre	smooth	In_process			HoloRuminant	NR	bovine	NR	37186	Intensive	49	IPO340_58123400_H1.ab1	/Users/nicholas/Library/CloudStorage/OneDrive-SharedLibraries-Queen'sUniversityBelfast/RUMEN Gateway QUB-Scientific_Consortium - Documents/03_Partners_sequences/QUB/ab1_files/IPO340_58123400_H1.ab1	TRUE	PRESENT	325638	2024-04-24T12:22:04	UNAVAILABLE	"PermissionError: [Errno 1] Operation not permitted: ""/Users/nicholas/Library/CloudStorage/OneDrive-SharedLibraries-Queen'sUniversityBelfast/RUMEN Gateway QUB-Scientific_Consortium - Documents/03_Partners_sequences/QUB/ab1_files"""
521	MATCHED_SH_PRIMER_BP	155	sh_id,primer,base_pairs,used_bc	1	1			QUB	SH_0683	SH_ID	SH_0683	QUB_0252	QUB_27F_0252	27F	1207	546	Bacteria	RS_GCF_008935055.1	d__Bacteria;p__Bacillota;c__Clostridia;o__Lachnospirales;f__Lachnospiraceae;g__Pseudobutyrivibrio;s__Pseudobutyrivibrio xylanivorans_A	98.5				MWL6			1508	DB_00741	Rumen_Gateway	PhD_Theano	missing_maldi	USED	SH_0683	229	>IPO340_A2	>IPO340_58123400_A2	2024-01-03 00:00:00	11108725344-1	Plate		2024-04-24 00:00:00	11108881734	F	27F	1207	NS	Direct_plating		M2	2023	M2	small	white with cream edges	smooth	In_process			HoloRuminant	NR	bovine	NR	37525	Intensive	28	IPO340_58123400_A2.ab1	/Users/nicholas/Library/CloudStorage/OneDrive-SharedLibraries-Queen'sUniversityBelfast/RUMEN Gateway QUB-Scientific_Consortium - Documents/03_Partners_sequences/QUB/ab1_files/IPO340_58123400_A2.ab1	TRUE	PRESENT	336005	2024-04-24T12:22:00	UNAVAILABLE	"PermissionError: [Errno 1] Operation not permitted: ""/Users/nicholas/Library/CloudStorage/OneDrive-SharedLibraries-Queen'sUniversityBelfast/RUMEN Gateway QUB-Scientific_Consortium - Documents/03_Partners_sequences/QUB/ab1_files"""
522	MATCHED_SH_PRIMER_BP	155	sh_id,primer,base_pairs,used_bc	3	1		row=1510|db=DB_01540|short=JDP761_F3|fasta=|primer=27F|bp=|score=130|reasons=sh_id,primer,used_bc; row=1511|db=DB_01541|short=JDP761_F4|fasta=|primer=1492R|bp=|score=105|reasons=sh_id,used_bc	QUB	SH_0684	SH_ID	SH_0684	QUB_0263	QUB_27F_0263	27F	1098	547	Bacteria	RS_GCF_018916875.1	d__Bacteria;p__Bacillota;c__Bacilli;o__Bacillales_D;f__Amphibacillaceae;g__Virgibacillus;s__Virgibacillus proomii_B	99.2							1509	DB_00753	Rumen_Gateway	PhD_Theano	missing_maldi	USED	SH_0684	230	>IPO340_B2	>IPO340_58123400_B2	2024-01-03 00:00:00	11108725344-1	Plate		2024-04-24 00:00:00	11108881734	F	27F	1098	C1.4 Box 2	Direct_plating		M2	2023	M2	small	white	smooth	Unknown			HoloRuminant	NR	bovine	NR	37352	Conventional	49	IPO340_58123400_B2.ab1	/Users/nicholas/Library/CloudStorage/OneDrive-SharedLibraries-Queen'sUniversityBelfast/RUMEN Gateway QUB-Scientific_Consortium - Documents/03_Partners_sequences/QUB/ab1_files/IPO340_58123400_B2.ab1	TRUE	PRESENT	337250	2024-04-24T12:22:00	UNAVAILABLE	"PermissionError: [Errno 1] Operation not permitted: ""/Users/nicholas/Library/CloudStorage/OneDrive-SharedLibraries-Queen'sUniversityBelfast/RUMEN Gateway QUB-Scientific_Consortium - Documents/03_Partners_sequences/QUB/ab1_files"""
523	MATCHED_SH_PRIMER_BP	155	sh_id,primer,base_pairs,used_bc	5	1		row=1513|db=DB_01542|short=JDP761_F5|fasta=|primer=27F|bp=|score=130|reasons=sh_id,primer,used_bc; row=1515|db=DB_01662|short=JTQ716|fasta=JTQ716_65947167_65947167|primer=27F|bp=1130|score=130|reasons=sh_id,primer,used_bc; row=1514|db=DB_01543|short=JDP761_F6|fasta=|primer=1492R|bp=|score=105|reasons=sh_id,used_bc; row=1516|db=DB_01663|short=JTQ717|fasta=JTQ717_65947174_65947174|primer=1492R|bp=1123|score=105|reasons=sh_id,used_bc	QUB	SH_0685	SH_ID	SH_0685	QUB_0275	QUB_27F_0275	27F	1178	548	Bacteria	GB_GCA_003480165.1	d__Bacteria;p__Bacillota;c__Bacilli;o__Erysipelotrichales;f__Erysipelotrichaceae;g__Absicoccus;s__Absicoccus sp000434355	92.8				MWL7			1512	DB_00765	Rumen_Gateway	PhD_Theano	missing_maldi	USED	SH_0685	231	>IPO340_C2	>IPO340_58123400_C2	2024-01-03 00:00:00	11108725344-1	Plate		2024-04-24 00:00:00	11108881734	F	27F	1178	C1.4 Box 2	Direct_plating		M2	2023	M2	pinpoint	cream	smooth	Unknown			HoloRuminant	NR	bovine	NR	37525	Intensive	28	IPO340_58123400_C2.ab1	/Users/nicholas/Library/CloudStorage/OneDrive-SharedLibraries-Queen'sUniversityBelfast/RUMEN Gateway QUB-Scientific_Consortium - Documents/03_Partners_sequences/QUB/ab1_files/IPO340_58123400_C2.ab1	TRUE	PRESENT	334204	2024-04-24T12:22:00	UNAVAILABLE	"PermissionError: [Errno 1] Operation not permitted: ""/Users/nicholas/Library/CloudStorage/OneDrive-SharedLibraries-Queen'sUniversityBelfast/RUMEN Gateway QUB-Scientific_Consortium - Documents/03_Partners_sequences/QUB/ab1_files"""
524	MATCHED_SH_PRIMER_BP	155	sh_id,primer,base_pairs,used_bc	1	1			QUB	SH_0686	SH_ID	SH_0686	QUB_0287	QUB_27F_0287	27F	1176	549	Bacteria	GB_GCA_905197905.1	d__Bacteria;p__Pseudomonadota;c__Gammaproteobacteria;o__Burkholderiales;f__Burkholderiaceae;g__Sutterella;s__Sutterella sp905197905	99.6				MWL6			1517	DB_00777	Rumen_Gateway	PhD_Theano	missing_maldi	USED	SH_0686	232	>IPO340_D2	>IPO340_58123400_D2	2024-01-03 00:00:00	11108725344-1	Plate		2024-04-24 00:00:00	11108881734	F	27F	1176	NS	Direct_plating		M2	2023	M2	small	cream with white centre	smooth	In_process			HoloRuminant	NR	bovine	NR	37525	Intensive	28	IPO340_58123400_D2.ab1	/Users/nicholas/Library/CloudStorage/OneDrive-SharedLibraries-Queen'sUniversityBelfast/RUMEN Gateway QUB-Scientific_Consortium - Documents/03_Partners_sequences/QUB/ab1_files/IPO340_58123400_D2.ab1	TRUE	PRESENT	333707	2024-04-24T12:22:02	UNAVAILABLE	"PermissionError: [Errno 1] Operation not permitted: ""/Users/nicholas/Library/CloudStorage/OneDrive-SharedLibraries-Queen'sUniversityBelfast/RUMEN Gateway QUB-Scientific_Consortium - Documents/03_Partners_sequences/QUB/ab1_files"""
525	MATCHED_SH_PRIMER_BP	155	sh_id,primer,base_pairs,used_bc	1	1			QUB	SH_0687	SH_ID	SH_0687	QUB_0299	QUB_27F_0299	27F	1181	550	Bacteria	RS_GCF_900155555.1	d__Bacteria;p__Bacillota;c__Clostridia;o__Peptostreptococcales;f__Anaerovoracaceae;g__Baileyella;s__Baileyella timonense	95.5				MWL7			1518	DB_00789	Rumen_Gateway	PhD_Theano	missing_maldi	USED	SH_0687	233	>IPO340_E2	>IPO340_58123400_E2	2024-01-03 00:00:00	11108725344-1	Plate		2024-04-24 00:00:00	11108881734	F	27F	1181	C1.4 Box 2	Direct_plating		M2	2023	M2	pinpoint	cream	smooth	In_process			HoloRuminant	NR	bovine	NR	37525	Intensive	28	IPO340_58123400_E2.ab1	/Users/nicholas/Library/CloudStorage/OneDrive-SharedLibraries-Queen'sUniversityBelfast/RUMEN Gateway QUB-Scientific_Consortium - Documents/03_Partners_sequences/QUB/ab1_files/IPO340_58123400_E2.ab1	TRUE	PRESENT	337353	2024-04-24T12:22:02	UNAVAILABLE	"PermissionError: [Errno 1] Operation not permitted: ""/Users/nicholas/Library/CloudStorage/OneDrive-SharedLibraries-Queen'sUniversityBelfast/RUMEN Gateway QUB-Scientific_Consortium - Documents/03_Partners_sequences/QUB/ab1_files"""
526	MATCHED_SH_PRIMER_BP	155	sh_id,primer,base_pairs,used_bc	1	1			QUB	SH_0688	SH_ID	SH_0688	QUB_0310	QUB_27F_0310	27F	1184	551	Bacteria	RS_GCF_000011645.1	d__Bacteria;p__Bacillota;c__Bacilli;o__Bacillales;f__Bacillaceae;g__Bacillus;s__Bacillus licheniformis	99							1519	DB_00801	Rumen_Gateway	PhD_Theano	missing_maldi	USED	SH_0688	234	>IPO340_F2	>IPO340_58123400_F2	2024-01-03 00:00:00	11108725344-1	Plate		2024-04-24 00:00:00	11108881734	F	27F	1184	C1.4 Box 2	Direct_plating		M2	2023	M2	medium	cream with white centre	smooth	added to library			HoloRuminant	NR	bovine	NR	37363	Intensive	49	IPO340_58123400_F2.ab1	/Users/nicholas/Library/CloudStorage/OneDrive-SharedLibraries-Queen'sUniversityBelfast/RUMEN Gateway QUB-Scientific_Consortium - Documents/03_Partners_sequences/QUB/ab1_files/IPO340_58123400_F2.ab1	TRUE	PRESENT	334126	2024-04-24T12:22:02	UNAVAILABLE	"PermissionError: [Errno 1] Operation not permitted: ""/Users/nicholas/Library/CloudStorage/OneDrive-SharedLibraries-Queen'sUniversityBelfast/RUMEN Gateway QUB-Scientific_Consortium - Documents/03_Partners_sequences/QUB/ab1_files"""
527	MATCHED_SH_PRIMER_BP	155	sh_id,primer,base_pairs,used_bc	1	1			QUB	SH_0690	SH_ID	SH_0690	QUB_0322	QUB_27F_0322	27F	1185	552	Bacteria	RS_GCF_027568575.1	d__Bacteria;p__Bacillota;c__Bacilli;o__Bacillales_B;f__Caldibacillaceae;g__Caldifermentibacillus;s__Caldifermentibacillus hisashii	98.6							1521	DB_00813	Rumen_Gateway	PhD_Theano	missing_maldi	USED	SH_0690	236	>IPO340_G2	>IPO340_58123400_G2	2024-01-03 00:00:00	11108725344-1	Plate		2024-04-24 00:00:00	11108881734	F	27F	1185	C1.4 Box 2	Direct_plating		M2	2023	M2	medium	transparent	rough	added to library			HoloRuminant	NR	bovine	NR	37525	Intensive	49	IPO340_58123400_G2.ab1	/Users/nicholas/Library/CloudStorage/OneDrive-SharedLibraries-Queen'sUniversityBelfast/RUMEN Gateway QUB-Scientific_Consortium - Documents/03_Partners_sequences/QUB/ab1_files/IPO340_58123400_G2.ab1	TRUE	PRESENT	332521	2024-04-24T12:22:02	UNAVAILABLE	"PermissionError: [Errno 1] Operation not permitted: ""/Users/nicholas/Library/CloudStorage/OneDrive-SharedLibraries-Queen'sUniversityBelfast/RUMEN Gateway QUB-Scientific_Consortium - Documents/03_Partners_sequences/QUB/ab1_files"""
528	MATCHED_SH_PRIMER_BP	155	sh_id,primer,base_pairs,used_bc	1	1			QUB	SH_0691	SH_ID	SH_0691	QUB_0334	QUB_27F_0334	27F	1177	553	Bacteria	RS_GCF_016908555.1	d__Bacteria;p__Bacillota;c__Clostridia;o__Peptostreptococcales;f__Natronincolaceae;g__Alkaliphilus;s__Alkaliphilus hydrothermalis	97.3				MWL6			1522	DB_00825	Rumen_Gateway	PhD_Theano	missing_maldi	USED	SH_0691	237	>IPO340_H2	>IPO340_58123400_H2	2024-01-03 00:00:00	11108725344-1	Plate		2024-04-24 00:00:00	11108881734	F	27F	1177	NS	Direct_plating		M2	2023	M2	small	transparent with white centre	smooth	In_process			HoloRuminant	NR	bovine	NR	37525	Intensive	28	IPO340_58123400_H2.ab1	/Users/nicholas/Library/CloudStorage/OneDrive-SharedLibraries-Queen'sUniversityBelfast/RUMEN Gateway QUB-Scientific_Consortium - Documents/03_Partners_sequences/QUB/ab1_files/IPO340_58123400_H2.ab1	TRUE	PRESENT	329597	2024-04-24T12:22:04	UNAVAILABLE	"PermissionError: [Errno 1] Operation not permitted: ""/Users/nicholas/Library/CloudStorage/OneDrive-SharedLibraries-Queen'sUniversityBelfast/RUMEN Gateway QUB-Scientific_Consortium - Documents/03_Partners_sequences/QUB/ab1_files"""
529	MATCHED_SH_PRIMER_BP	155	sh_id,primer,base_pairs,used_bc	2	1		row=1524|db=DB_00754|short=IPO340_B3|fasta=IPO340_58123400_B3|primer=27F|bp=1107|score=130|reasons=sh_id,primer,used_bc	QUB	SH_0692	SH_ID	SH_0692	QUB_0253	QUB_27F_0253	27F	1171	554	Bacteria	RS_GCF_900218035.1	d__Bacteria;p__Bacillota;c__Clostridia;o__Lachnospirales;f__Lachnospiraceae;g__Pseudobutyrivibrio;s__Pseudobutyrivibrio ruminis	98.8				MWL6			1523	DB_00742	Rumen_Gateway	PhD_Theano	missing_maldi	USED	SH_0692	238	>IPO340_A3	>IPO340_58123400_A3	2024-01-03 00:00:00	11108725344-1	Plate		2024-04-24 00:00:00	11108881734	F	27F	1171	NS	Direct_plating		M2	2023	M2	small	transparent with white centre	smooth	In_process			HoloRuminant	NR	bovine	NR	37525	Intensive	28	IPO340_58123400_A3.ab1	/Users/nicholas/Library/CloudStorage/OneDrive-SharedLibraries-Queen'sUniversityBelfast/RUMEN Gateway QUB-Scientific_Consortium - Documents/03_Partners_sequences/QUB/ab1_files/IPO340_58123400_A3.ab1	TRUE	PRESENT	338095	2024-04-24T12:22:00	UNAVAILABLE	"PermissionError: [Errno 1] Operation not permitted: ""/Users/nicholas/Library/CloudStorage/OneDrive-SharedLibraries-Queen'sUniversityBelfast/RUMEN Gateway QUB-Scientific_Consortium - Documents/03_Partners_sequences/QUB/ab1_files"""
530	MATCHED_SH_PRIMER_BP	155	sh_id,primer,base_pairs,used_bc	2	1		row=1523|db=DB_00742|short=IPO340_A3|fasta=IPO340_58123400_A3|primer=27F|bp=1171|score=130|reasons=sh_id,primer,used_bc	QUB	SH_0692	SH_ID	SH_0692	QUB_0264	QUB_27F_0264	27F	1107	555	Bacteria	RS_GCF_040632975.1	d__Bacteria;p__Actinomycetota;c__Actinomycetes;o__Streptomycetales;f__Streptomycetaceae;g__Streptomyces;s__Streptomyces sp040632975	99.5				MWL6			1524	DB_00754	Rumen_Gateway	PhD_Theano	missing_maldi	USED	SH_0692	238	>IPO340_B3	>IPO340_58123400_B3	2024-01-03 00:00:00	11108725344-1	Plate		2024-04-24 00:00:00	11108881734	F	27F	1107	NS	Direct_plating		M2	2023	M2	small	transparent with white centre	smooth	In_process			HoloRuminant	NR	bovine	NR	37525	Intensive	28	IPO340_58123400_B3.ab1	/Users/nicholas/Library/CloudStorage/OneDrive-SharedLibraries-Queen'sUniversityBelfast/RUMEN Gateway QUB-Scientific_Consortium - Documents/03_Partners_sequences/QUB/ab1_files/IPO340_58123400_B3.ab1	TRUE	PRESENT	339904	2024-04-24T12:22:00	UNAVAILABLE	"PermissionError: [Errno 1] Operation not permitted: ""/Users/nicholas/Library/CloudStorage/OneDrive-SharedLibraries-Queen'sUniversityBelfast/RUMEN Gateway QUB-Scientific_Consortium - Documents/03_Partners_sequences/QUB/ab1_files"""
531	MATCHED_SH_PRIMER_BP	155	sh_id,primer,base_pairs,used_bc	1	1			QUB	SH_0694	SH_ID	SH_0694	QUB_0500	QUB_27F_0500	27F	1144	556	Bacteria	RS_GCF_004342845.1	d__Bacteria;p__Bacteroidota;c__Bacteroidia;o__Bacteroidales;f__Bacteroidaceae;g__Bacteroides;s__Bacteroides heparinolyticus	97.5				MWL9			1526	DB_01058	Rumen_Gateway	PhD_Theano	missing_maldi	USED	SH_0694	240	>IVY997	>IVY997_59789971_59789971	08/04/2024	11108856911-1	Tube		22/04/2024	11108877446	F	27F	1144	NS	Direct_plating		M2	2023	M2	1. pinpoint / 2. small	1. white / 2. cream	1. smooth / 2. smooth	In_process			HoloRuminant	NR	bovine	NR	37525	Intensive	28	IVY997_59789971_59789971.ab1	/Users/nicholas/Library/CloudStorage/OneDrive-SharedLibraries-Queen'sUniversityBelfast/RUMEN Gateway QUB-Scientific_Consortium - Documents/03_Partners_sequences/QUB/ab1_files/IVY997_59789971_59789971.ab1	TRUE	PRESENT	332901	2024-04-22T15:18:28	UNAVAILABLE	"PermissionError: [Errno 1] Operation not permitted: ""/Users/nicholas/Library/CloudStorage/OneDrive-SharedLibraries-Queen'sUniversityBelfast/RUMEN Gateway QUB-Scientific_Consortium - Documents/03_Partners_sequences/QUB/ab1_files"""
532	MATCHED_SH_PRIMER_BP	155	sh_id,primer,base_pairs,used_bc	5	1		row=1528|db=DB_01664|short=JTQ718|fasta=JTQ718_65947181_65947181|primer=27F|bp=1196|score=130|reasons=sh_id,primer,used_bc; row=1530|db=DB_01729|short=KCX847|fasta=KCX847_68358472_68358472|primer=27F|bp=1257|score=130|reasons=sh_id,primer,used_bc; row=1529|db=DB_01665|short=JTQ719|fasta=JTQ719_65947198_65947198|primer=1492R|bp=1235|score=105|reasons=sh_id,used_bc; row=1531|db=DB_01730|short=KCX848|fasta=KCX848_68358489_68358489|primer=1492R|bp=1273|score=105|reasons=sh_id,used_bc	QUB	SH_0695	SH_ID	SH_0695	QUB_0501	QUB_27F_0501	27F	1217	557	Bacteria	RS_GCF_000155955.1	d__Bacteria;p__Bacillota;c__Negativicutes;o__Selenomonadales;f__Selenomonadaceae;g__Mitsuokella;s__Mitsuokella multacida	97.4				MWL13			1527	DB_01059	Rumen_Gateway	PhD_Theano	missing_maldi	USED	SH_0695	241	>IVY998	>IVY998_59789988_59789988	08/04/2024	11108856911-1	Tube		22/04/2024	11108877446	F	27F	1217	C1.4 Box 3	Direct_plating		M2	2023	M2	pinpoint	transparent	smooth	In_process			HoloRuminant	NR	bovine	NR	37525	Intensive	28	IVY998_59789988_59789988.ab1	/Users/nicholas/Library/CloudStorage/OneDrive-SharedLibraries-Queen'sUniversityBelfast/RUMEN Gateway QUB-Scientific_Consortium - Documents/03_Partners_sequences/QUB/ab1_files/IVY998_59789988_59789988.ab1	TRUE	PRESENT	339708	2024-04-22T15:18:28	UNAVAILABLE	"PermissionError: [Errno 1] Operation not permitted: ""/Users/nicholas/Library/CloudStorage/OneDrive-SharedLibraries-Queen'sUniversityBelfast/RUMEN Gateway QUB-Scientific_Consortium - Documents/03_Partners_sequences/QUB/ab1_files"""
533	MATCHED_SH_PRIMER_BP	155	sh_id,primer,base_pairs,used_bc	1	1			QUB	SH_0696	SH_ID	SH_0696	QUB_0276	QUB_27F_0276	27F	1201	558	Bacteria	RS_GCF_020687165.1	d__Bacteria;p__Bacillota;c__Clostridia;o__Oscillospirales;f__Acutalibacteraceae;g__Hominenteromicrobium;s__Hominenteromicrobium mulieris	98.9				MWL13			1532	DB_00766	Rumen_Gateway	PhD_Theano	missing_maldi	USED	SH_0696	242	>IPO340_C3	>IPO340_58123400_C3	2024-01-03 00:00:00	11108725344-1	Plate		2024-04-24 00:00:00	11108881734	F	27F	1201	NS	Direct_plating		M2	2023	M2	small	cream with white centre	smooth	In_process			HoloRuminant	NR	bovine	NR	37363	Intensive	28	IPO340_58123400_C3.ab1	/Users/nicholas/Library/CloudStorage/OneDrive-SharedLibraries-Queen'sUniversityBelfast/RUMEN Gateway QUB-Scientific_Consortium - Documents/03_Partners_sequences/QUB/ab1_files/IPO340_58123400_C3.ab1	TRUE	PRESENT	344464	2024-04-24T12:22:00	UNAVAILABLE	"PermissionError: [Errno 1] Operation not permitted: ""/Users/nicholas/Library/CloudStorage/OneDrive-SharedLibraries-Queen'sUniversityBelfast/RUMEN Gateway QUB-Scientific_Consortium - Documents/03_Partners_sequences/QUB/ab1_files"""
534	MATCHED_SH_PRIMER_BP	155	sh_id,primer,base_pairs,used_bc	1	1			QUB	SH_0697	SH_ID	SH_0697	QUB_0288	QUB_27F_0288	27F	1187	559	Bacteria	RS_GCF_011387195.1	d__Bacteria;p__Bacillota;c__Bacilli;o__Lactobacillales;f__Streptococcaceae;g__Streptococcus;s__Streptococcus ruminicola	99.6							1533	DB_00778	Rumen_Gateway	PhD_Theano	missing_maldi	USED	SH_0697	243	>IPO340_D3	>IPO340_58123400_D3	2024-01-03 00:00:00	11108725344-1	Plate		2024-04-24 00:00:00	11108881734	F	27F	1187	NS	Direct_plating		M2	2023	M2	big	white with yellow centre	smooth	In_process			HoloRuminant	NR	bovine	NR	37352	Conventional	28	IPO340_58123400_D3.ab1	/Users/nicholas/Library/CloudStorage/OneDrive-SharedLibraries-Queen'sUniversityBelfast/RUMEN Gateway QUB-Scientific_Consortium - Documents/03_Partners_sequences/QUB/ab1_files/IPO340_58123400_D3.ab1	TRUE	PRESENT	345757	2024-04-24T12:22:02	UNAVAILABLE	"PermissionError: [Errno 1] Operation not permitted: ""/Users/nicholas/Library/CloudStorage/OneDrive-SharedLibraries-Queen'sUniversityBelfast/RUMEN Gateway QUB-Scientific_Consortium - Documents/03_Partners_sequences/QUB/ab1_files"""
535	MATCHED_SH_PRIMER_BP	155	sh_id,primer,base_pairs,used_bc	1	1			QUB	SH_0698	SH_ID	SH_0698	QUB_0300	QUB_27F_0300	27F	1176	560	Bacteria	RS_GCF_020687165.1	d__Bacteria;p__Bacillota;c__Clostridia;o__Oscillospirales;f__Acutalibacteraceae;g__Hominenteromicrobium;s__Hominenteromicrobium mulieris	99.1							1534	DB_00790	Rumen_Gateway	PhD_Theano	missing_maldi	USED	SH_0698	244	>IPO340_E3	>IPO340_58123400_E3	2024-01-03 00:00:00	11108725344-1	Plate		2024-04-24 00:00:00	11108881734	F	27F	1176	NS	Direct_plating		M2	2023	M2	small	cream	smooth	In_process			HoloRuminant	NR	bovine	NR	37525	Intensive	49	IPO340_58123400_E3.ab1	/Users/nicholas/Library/CloudStorage/OneDrive-SharedLibraries-Queen'sUniversityBelfast/RUMEN Gateway QUB-Scientific_Consortium - Documents/03_Partners_sequences/QUB/ab1_files/IPO340_58123400_E3.ab1	TRUE	PRESENT	343317	2024-04-24T12:22:02	UNAVAILABLE	"PermissionError: [Errno 1] Operation not permitted: ""/Users/nicholas/Library/CloudStorage/OneDrive-SharedLibraries-Queen'sUniversityBelfast/RUMEN Gateway QUB-Scientific_Consortium - Documents/03_Partners_sequences/QUB/ab1_files"""
536	MATCHED_SH_PRIMER_BP	155	sh_id,primer,base_pairs,used_bc	1	1			QUB	SH_0699	SH_ID	SH_0699	QUB_0503	QUB_27F_0503	27F	1177	561	Bacteria	GB_GCA_040266995.1	d__Bacteria;p__Bacillota;c__Bacilli;o__Erysipelotrichales;f__Erysipelotrichaceae;g__UBA4312;s__UBA4312 sp040266995	99.3							1535	DB_01061	Rumen_Gateway	PhD_Theano	missing_maldi	USED	SH_0699	245	>IVZ000	>IVZ000_59790007_59790007	08/04/2024	11108856911-1	Tube		22/04/2024	11108877446	F	27F	1177	NS	Direct_plating		M2	2023	M2	small	white	glistening	In_process			HoloRuminant	NR	bovine	NR	37363	Intensive	28	IVZ000_59790007_59790007.ab1	/Users/nicholas/Library/CloudStorage/OneDrive-SharedLibraries-Queen'sUniversityBelfast/RUMEN Gateway QUB-Scientific_Consortium - Documents/03_Partners_sequences/QUB/ab1_files/IVZ000_59790007_59790007.ab1	TRUE	PRESENT	348223	2024-04-22T15:18:28	UNAVAILABLE	"PermissionError: [Errno 1] Operation not permitted: ""/Users/nicholas/Library/CloudStorage/OneDrive-SharedLibraries-Queen'sUniversityBelfast/RUMEN Gateway QUB-Scientific_Consortium - Documents/03_Partners_sequences/QUB/ab1_files"""
537	MATCHED_SH_PRIMER_BP	155	sh_id,primer,base_pairs,used_bc	1	1			QUB	SH_0700	SH_ID	SH_0700	QUB_0311	QUB_27F_0311	27F	1202	562	Bacteria	RS_GCF_016461705.1	d__Bacteria;p__Bacillota;c__Bacilli;o__Lactobacillales;f__Streptococcaceae;g__Streptococcus;s__Streptococcus vicugnae	99.2							1536	DB_00802	Rumen_Gateway	PhD_Theano	missing_maldi	USED	SH_0700	246	>IPO340_F3	>IPO340_58123400_F3	2024-01-03 00:00:00	11108725344-1	Plate		2024-04-24 00:00:00	11108881734	F	27F	1202	NS	Direct_plating		M2	2023	M2	big	white	smooth	In_process			HoloRuminant	NR	bovine	NR	37245	Conventional	28	IPO340_58123400_F3.ab1	/Users/nicholas/Library/CloudStorage/OneDrive-SharedLibraries-Queen'sUniversityBelfast/RUMEN Gateway QUB-Scientific_Consortium - Documents/03_Partners_sequences/QUB/ab1_files/IPO340_58123400_F3.ab1	TRUE	PRESENT	340718	2024-04-24T12:22:02	UNAVAILABLE	"PermissionError: [Errno 1] Operation not permitted: ""/Users/nicholas/Library/CloudStorage/OneDrive-SharedLibraries-Queen'sUniversityBelfast/RUMEN Gateway QUB-Scientific_Consortium - Documents/03_Partners_sequences/QUB/ab1_files"""
538	MATCHED_SH_PRIMER_BP	155	sh_id,primer,base_pairs,used_bc	1	1			QUB	SH_0701	SH_ID	SH_0701	QUB_0323	QUB_27F_0323	27F	1187	563	Bacteria	GB_GCA_008764295.1	d__Bacteria;p__Bacillota;c__Bacilli;o__Bacillales_B;f__DSM-18226;g__Robertmurraya;s__Robertmurraya methanolica_A	99.1							1537	DB_00814	Rumen_Gateway	PhD_Theano	missing_maldi	USED	SH_0701	247	>IPO340_G3	>IPO340_58123400_G3	2024-01-03 00:00:00	11108725344-1	Plate		2024-04-24 00:00:00	11108881734	F	27F	1187	NS	Direct_plating		M2	2023	M2	medium	cream	rough	In_process			HoloRuminant	NR	bovine	NR	37363	Intensive	28	IPO340_58123400_G3.ab1	/Users/nicholas/Library/CloudStorage/OneDrive-SharedLibraries-Queen'sUniversityBelfast/RUMEN Gateway QUB-Scientific_Consortium - Documents/03_Partners_sequences/QUB/ab1_files/IPO340_58123400_G3.ab1	TRUE	PRESENT	333399	2024-04-24T12:22:02	UNAVAILABLE	"PermissionError: [Errno 1] Operation not permitted: ""/Users/nicholas/Library/CloudStorage/OneDrive-SharedLibraries-Queen'sUniversityBelfast/RUMEN Gateway QUB-Scientific_Consortium - Documents/03_Partners_sequences/QUB/ab1_files"""
539	MATCHED_SH_PRIMER_BP	155	sh_id,primer,base_pairs,used_bc	3	1		row=1539|db=DB_01701|short=JTQ755|fasta=JTQ755_65947556_65947556|primer=27F|bp=1255|score=130|reasons=sh_id,primer,used_bc; row=1540|db=DB_01702|short=JTQ756|fasta=JTQ756_65947563_65947563|primer=1492R|bp=1227|score=105|reasons=sh_id,used_bc	QUB	SH_0702	SH_ID	SH_0702	QUB_0335	QUB_27F_0335	27F	1200	564	Bacteria	GB_GCA_003480165.1	d__Bacteria;p__Bacillota;c__Bacilli;o__Erysipelotrichales;f__Erysipelotrichaceae;g__Absicoccus;s__Absicoccus sp000434355	92.6							1538	DB_00826	Rumen_Gateway	PhD_Theano	missing_maldi	USED	SH_0702	248	>IPO340_H3	>IPO340_58123400_H3	2024-01-03 00:00:00	11108725344-1	Plate		2024-04-24 00:00:00	11108881734	F	27F	1200	C1.4 Box 3	Direct_plating		M2	2023	M2	pinpoint	white cream	rough	Unknown			HoloRuminant	NR	bovine	NR	37245	Conventional	28	IPO340_58123400_H3.ab1	/Users/nicholas/Library/CloudStorage/OneDrive-SharedLibraries-Queen'sUniversityBelfast/RUMEN Gateway QUB-Scientific_Consortium - Documents/03_Partners_sequences/QUB/ab1_files/IPO340_58123400_H3.ab1	TRUE	PRESENT	334800	2024-04-24T12:22:04	UNAVAILABLE	"PermissionError: [Errno 1] Operation not permitted: ""/Users/nicholas/Library/CloudStorage/OneDrive-SharedLibraries-Queen'sUniversityBelfast/RUMEN Gateway QUB-Scientific_Consortium - Documents/03_Partners_sequences/QUB/ab1_files"""
540	MATCHED_SH_PRIMER_BP	155	sh_id,primer,base_pairs,used_bc	1	1			QUB	SH_0703	SH_ID	SH_0703	QUB_0254	QUB_27F_0254	27F	1191	565	Bacteria	GB_GCA_905197905.1	d__Bacteria;p__Pseudomonadota;c__Gammaproteobacteria;o__Burkholderiales;f__Burkholderiaceae;g__Sutterella;s__Sutterella sp905197905	99.3							1541	DB_00743	Rumen_Gateway	PhD_Theano	missing_maldi	USED	SH_0703	249	>IPO340_A4	>IPO340_58123400_A4	2024-01-03 00:00:00	11108725344-1	Plate		2024-04-24 00:00:00	11108881734	F	27F	1191	NS	Direct_plating		M2	2023	M2	small	grey	smooth	In_process			HoloRuminant	NR	bovine	NR	37245	Conventional	28	IPO340_58123400_A4.ab1	/Users/nicholas/Library/CloudStorage/OneDrive-SharedLibraries-Queen'sUniversityBelfast/RUMEN Gateway QUB-Scientific_Consortium - Documents/03_Partners_sequences/QUB/ab1_files/IPO340_58123400_A4.ab1	TRUE	PRESENT	337551	2024-04-24T12:22:00	UNAVAILABLE	"PermissionError: [Errno 1] Operation not permitted: ""/Users/nicholas/Library/CloudStorage/OneDrive-SharedLibraries-Queen'sUniversityBelfast/RUMEN Gateway QUB-Scientific_Consortium - Documents/03_Partners_sequences/QUB/ab1_files"""
541	MATCHED_SH_PRIMER_BP	155	sh_id,primer,base_pairs,used_bc	1	1			QUB	SH_0704	SH_ID	SH_0704	QUB_0265	QUB_27F_0265	27F	1173	566	Bacteria	RS_GCF_900218035.1	d__Bacteria;p__Bacillota;c__Clostridia;o__Lachnospirales;f__Lachnospiraceae;g__Pseudobutyrivibrio;s__Pseudobutyrivibrio ruminis	98.1							1542	DB_00755	Rumen_Gateway	PhD_Theano	missing_maldi	USED	SH_0704	250	>IPO340_B4	>IPO340_58123400_B4	2024-01-03 00:00:00	11108725344-1	Plate		2024-04-24 00:00:00	11108881734	F	27F	1173	NS	Direct_plating		M2	2023	M2	pinpoint	cream	smooth	In_process			HoloRuminant	NR	bovine	NR	37245	Conventional	49	IPO340_58123400_B4.ab1	/Users/nicholas/Library/CloudStorage/OneDrive-SharedLibraries-Queen'sUniversityBelfast/RUMEN Gateway QUB-Scientific_Consortium - Documents/03_Partners_sequences/QUB/ab1_files/IPO340_58123400_B4.ab1	TRUE	PRESENT	342667	2024-04-24T12:22:00	UNAVAILABLE	"PermissionError: [Errno 1] Operation not permitted: ""/Users/nicholas/Library/CloudStorage/OneDrive-SharedLibraries-Queen'sUniversityBelfast/RUMEN Gateway QUB-Scientific_Consortium - Documents/03_Partners_sequences/QUB/ab1_files"""
542	MATCHED_SH_PRIMER_BP	155	sh_id,primer,base_pairs,used_bc	3	1		row=1544|db=DB_01544|short=JDP761_F7|fasta=|primer=27F|bp=|score=130|reasons=sh_id,primer,used_bc; row=1545|db=DB_01545|short=JDP761_F8|fasta=|primer=1492R|bp=|score=105|reasons=sh_id,used_bc	QUB	SH_0705	SH_ID	SH_0705	QUB_0277	QUB_27F_0277	27F	1130	567	Bacteria	RS_GCF_900155555.1	d__Bacteria;p__Bacillota;c__Clostridia;o__Peptostreptococcales;f__Anaerovoracaceae;g__Baileyella;s__Baileyella timonense	95.6							1543	DB_00767	Rumen_Gateway	PhD_Theano	missing_maldi	USED	SH_0705	251	>IPO340_C4	>IPO340_58123400_C4	2024-01-03 00:00:00	11108725344-1	Plate		2024-04-24 00:00:00	11108881734	F	27F	1130	C1.4 Box 3	Direct_plating		M2	2023	M2	pinpoint	white cream	rough	Unknown			HoloRuminant	NR	bovine	NR	37245	Conventional	49	IPO340_58123400_C4.ab1	/Users/nicholas/Library/CloudStorage/OneDrive-SharedLibraries-Queen'sUniversityBelfast/RUMEN Gateway QUB-Scientific_Consortium - Documents/03_Partners_sequences/QUB/ab1_files/IPO340_58123400_C4.ab1	TRUE	PRESENT	345603	2024-04-24T12:22:02	UNAVAILABLE	"PermissionError: [Errno 1] Operation not permitted: ""/Users/nicholas/Library/CloudStorage/OneDrive-SharedLibraries-Queen'sUniversityBelfast/RUMEN Gateway QUB-Scientific_Consortium - Documents/03_Partners_sequences/QUB/ab1_files"""
543	MATCHED_SH_PRIMER_BP	155	sh_id,primer,base_pairs,used_bc	1	1			QUB	SH_0706	SH_ID	SH_0706	QUB_0289	QUB_27F_0289	27F	1173	568	Bacteria	RS_GCF_900218035.1	d__Bacteria;p__Bacillota;c__Clostridia;o__Lachnospirales;f__Lachnospiraceae;g__Pseudobutyrivibrio;s__Pseudobutyrivibrio ruminis	98.8							1546	DB_00779	Rumen_Gateway	PhD_Theano	missing_maldi	USED	SH_0706	252	>IPO340_D4	>IPO340_58123400_D4	2024-01-03 00:00:00	11108725344-1	Plate		2024-04-24 00:00:00	11108881734	F	27F	1173	NS	Direct_plating		M2	2023	M2	small	white	smooth	In_process			HoloRuminant	NR	bovine	NR	37234	Conventional	49	IPO340_58123400_D4.ab1	/Users/nicholas/Library/CloudStorage/OneDrive-SharedLibraries-Queen'sUniversityBelfast/RUMEN Gateway QUB-Scientific_Consortium - Documents/03_Partners_sequences/QUB/ab1_files/IPO340_58123400_D4.ab1	TRUE	PRESENT	345396	2024-04-24T12:22:02	UNAVAILABLE	"PermissionError: [Errno 1] Operation not permitted: ""/Users/nicholas/Library/CloudStorage/OneDrive-SharedLibraries-Queen'sUniversityBelfast/RUMEN Gateway QUB-Scientific_Consortium - Documents/03_Partners_sequences/QUB/ab1_files"""
544	MATCHED_SH_PRIMER_BP	155	sh_id,primer,base_pairs,used_bc	5	1		row=1548|db=DB_01546|short=JDP761_F9|fasta=|primer=27F|bp=|score=130|reasons=sh_id,primer,used_bc; row=1550|db=DB_01640|short=JTQ694|fasta=JTQ694_65946948_65946948|primer=27F|bp=1155|score=130|reasons=sh_id,primer,used_bc; row=1549|db=DB_01547|short=JDP761_F10|fasta=|primer=1492R|bp=|score=105|reasons=sh_id,used_bc; row=1551|db=DB_01641|short=JTQ695|fasta=JTQ695_65946955_65946955|primer=1492R|bp=1202|score=105|reasons=sh_id,used_bc	QUB	SH_0707	SH_ID	SH_0707	QUB_0301	QUB_27F_0301	27F	1180	569	Bacteria	RS_GCF_000011645.1	d__Bacteria;p__Bacillota;c__Bacilli;o__Bacillales;f__Bacillaceae;g__Bacillus;s__Bacillus licheniformis	99.3				MWL7			1547	DB_00791	Rumen_Gateway	PhD_Theano	missing_maldi	USED	SH_0707	253	>IPO340_E4	>IPO340_58123400_E4	2024-01-03 00:00:00	11108725344-1	Plate		2024-04-24 00:00:00	11108881734	F	27F	1180	C1.4 Box 4	Direct_plating		M2	2023	M2	small	cream with transparent edges	smooth	Unknown			HoloRuminant	NR	bovine	NR	37525	Intensive	49	IPO340_58123400_E4.ab1	/Users/nicholas/Library/CloudStorage/OneDrive-SharedLibraries-Queen'sUniversityBelfast/RUMEN Gateway QUB-Scientific_Consortium - Documents/03_Partners_sequences/QUB/ab1_files/IPO340_58123400_E4.ab1	TRUE	PRESENT	345337	2024-04-24T12:22:02	UNAVAILABLE	"PermissionError: [Errno 1] Operation not permitted: ""/Users/nicholas/Library/CloudStorage/OneDrive-SharedLibraries-Queen'sUniversityBelfast/RUMEN Gateway QUB-Scientific_Consortium - Documents/03_Partners_sequences/QUB/ab1_files"""
545	MATCHED_SH_PRIMER_BP	155	sh_id,primer,base_pairs,used_bc	1	1			QUB	SH_0708	SH_ID	SH_0708	QUB_0504	QUB_27F_0504	27F	1201	570	Bacteria	RS_GCF_011387195.1	d__Bacteria;p__Bacillota;c__Bacilli;o__Lactobacillales;f__Streptococcaceae;g__Streptococcus;s__Streptococcus ruminicola	99							1552	DB_01062	Rumen_Gateway	PhD_Theano	missing_maldi	USED	SH_0708	254	>IVZ001	>IVZ001_59790014_59790014	08/04/2024	11108856911-1	Tube		22/04/2024	11108877446	F	27F	1201	NS	Direct_plating		M2	2023	M2	medium	white	smooth	In_process			HoloRuminant	NR	bovine	NR	37234	Conventional	28	IVZ001_59790014_59790014.ab1	/Users/nicholas/Library/CloudStorage/OneDrive-SharedLibraries-Queen'sUniversityBelfast/RUMEN Gateway QUB-Scientific_Consortium - Documents/03_Partners_sequences/QUB/ab1_files/IVZ001_59790014_59790014.ab1	TRUE	PRESENT	341826	2024-04-22T15:18:28	UNAVAILABLE	"PermissionError: [Errno 1] Operation not permitted: ""/Users/nicholas/Library/CloudStorage/OneDrive-SharedLibraries-Queen'sUniversityBelfast/RUMEN Gateway QUB-Scientific_Consortium - Documents/03_Partners_sequences/QUB/ab1_files"""
546	MATCHED_SH_PRIMER_BP	155	sh_id,primer,base_pairs,used_bc	1	1			QUB	SH_0709	SH_ID	SH_0709	QUB_0505	QUB_27F_0505	27F	1188	571	Bacteria	RS_GCF_000011645.1	d__Bacteria;p__Bacillota;c__Bacilli;o__Bacillales;f__Bacillaceae;g__Bacillus;s__Bacillus licheniformis	98.2							1553	DB_01063	Rumen_Gateway	PhD_Theano	missing_maldi	USED	SH_0709	255	>IVZ002	>IVZ002_59790021_59790021	08/04/2024	11108856911-1	Tube		22/04/2024	11108877446	F	27F	1188	NS	Direct_plating		M2	2023	M2	small	white with cream edges	rough	In_process			HoloRuminant	NR	bovine	NR	37234	Conventional	49	IVZ002_59790021_59790021.ab1	/Users/nicholas/Library/CloudStorage/OneDrive-SharedLibraries-Queen'sUniversityBelfast/RUMEN Gateway QUB-Scientific_Consortium - Documents/03_Partners_sequences/QUB/ab1_files/IVZ002_59790021_59790021.ab1	TRUE	PRESENT	328609	2024-04-22T15:18:28	UNAVAILABLE	"PermissionError: [Errno 1] Operation not permitted: ""/Users/nicholas/Library/CloudStorage/OneDrive-SharedLibraries-Queen'sUniversityBelfast/RUMEN Gateway QUB-Scientific_Consortium - Documents/03_Partners_sequences/QUB/ab1_files"""
547	MATCHED_SH_PRIMER_BP	155	sh_id,primer,base_pairs,used_bc	1	1			QUB	SH_0713	SH_ID	SH_0713	QUB_0312	QUB_27F_0312	27F	1189	572	Bacteria	RS_GCF_011387195.1	d__Bacteria;p__Bacillota;c__Bacilli;o__Lactobacillales;f__Streptococcaceae;g__Streptococcus;s__Streptococcus ruminicola	99.4							1557	DB_00803	Rumen_Gateway	PhD_Theano	missing_maldi	USED	SH_0713	259	>IPO340_F4	>IPO340_58123400_F4	2024-01-03 00:00:00	11108725344-1	Plate		2024-04-24 00:00:00	11108881734	F	27F	1189	NS	Direct_plating		M2	2023	M2	big	white with yellow centre	smooth	In_process			HoloRuminant	NR	bovine	NR	37352	Conventional	28	IPO340_58123400_F4.ab1	/Users/nicholas/Library/CloudStorage/OneDrive-SharedLibraries-Queen'sUniversityBelfast/RUMEN Gateway QUB-Scientific_Consortium - Documents/03_Partners_sequences/QUB/ab1_files/IPO340_58123400_F4.ab1	TRUE	PRESENT	342100	2024-04-24T12:22:02	UNAVAILABLE	"PermissionError: [Errno 1] Operation not permitted: ""/Users/nicholas/Library/CloudStorage/OneDrive-SharedLibraries-Queen'sUniversityBelfast/RUMEN Gateway QUB-Scientific_Consortium - Documents/03_Partners_sequences/QUB/ab1_files"""
548	MATCHED_SH_PRIMER_BP	155	sh_id,primer,base_pairs,used_bc	5	1		row=1562|db=DB_01648|short=JTQ702|fasta=JTQ702_65947020_65947020|primer=27F|bp=1121|score=130|reasons=sh_id,primer,used_bc; row=1564|db=DB_01735|short=KCX853|fasta=KCX853_68358533_68358533|primer=27F|bp=1237|score=130|reasons=sh_id,primer,used_bc; row=1563|db=DB_01649|short=JTQ703|fasta=JTQ703_65947037_65947037|primer=1492R|bp=1185|score=105|reasons=sh_id,used_bc; row=1565|db=DB_01736|short=KCX854|fasta=KCX854_68358540_68358540|primer=1492R|bp=1263|score=105|reasons=sh_id,used_bc	QUB	SH_0717	SH_ID	SH_0717	QUB_0506	QUB_27F_0506	27F	1186	573	Bacteria	RS_GCF_003666605.1	d__Bacteria;p__Actinomycetota;c__Actinomycetes;o__Propionibacteriales;f__Propionibacteriaceae;g__Propionibacterium;s__Propionibacterium australiense	99.6				MWL7			1561	DB_01064	Rumen_Gateway	PhD_Theano	missing_maldi	USED	SH_0717	263	>IVZ003	>IVZ003_59790038_59790038	08/04/2024	11108856911-1	Tube		22/04/2024	11108877446	F	27F	1186	C1.4 Box 4	Direct_plating		M2	2023	M2	pinpoint	white	smooth	Pseudomonas koreensis			HoloRuminant	NR	bovine	NR	37525	Intensive	49	IVZ003_59790038_59790038.ab1	/Users/nicholas/Library/CloudStorage/OneDrive-SharedLibraries-Queen'sUniversityBelfast/RUMEN Gateway QUB-Scientific_Consortium - Documents/03_Partners_sequences/QUB/ab1_files/IVZ003_59790038_59790038.ab1	TRUE	PRESENT	323439	2024-04-22T15:18:28	UNAVAILABLE	"PermissionError: [Errno 1] Operation not permitted: ""/Users/nicholas/Library/CloudStorage/OneDrive-SharedLibraries-Queen'sUniversityBelfast/RUMEN Gateway QUB-Scientific_Consortium - Documents/03_Partners_sequences/QUB/ab1_files"""
549	MATCHED_SH_PRIMER_BP	155	sh_id,primer,base_pairs,used_bc	1	1			QUB	SH_0718	SH_ID	SH_0718	QUB_0324	QUB_27F_0324	27F	1169	574	Bacteria	RS_GCF_000011645.1	d__Bacteria;p__Bacillota;c__Bacilli;o__Bacillales;f__Bacillaceae;g__Bacillus;s__Bacillus licheniformis	98							1566	DB_00815	Rumen_Gateway	PhD_Theano	missing_maldi	USED	SH_0718	264	>IPO340_G4	>IPO340_58123400_G4	2024-01-03 00:00:00	11108725344-1	Plate		2024-04-24 00:00:00	11108881734	F	27F	1169	NS	Direct_plating		M2	2023	M2	small	cream with brown centre	smooth	In_process			HoloRuminant	NR	bovine	NR	37525	Intensive	49	IPO340_58123400_G4.ab1	/Users/nicholas/Library/CloudStorage/OneDrive-SharedLibraries-Queen'sUniversityBelfast/RUMEN Gateway QUB-Scientific_Consortium - Documents/03_Partners_sequences/QUB/ab1_files/IPO340_58123400_G4.ab1	TRUE	PRESENT	338058	2024-04-24T12:22:02	UNAVAILABLE	"PermissionError: [Errno 1] Operation not permitted: ""/Users/nicholas/Library/CloudStorage/OneDrive-SharedLibraries-Queen'sUniversityBelfast/RUMEN Gateway QUB-Scientific_Consortium - Documents/03_Partners_sequences/QUB/ab1_files"""
550	MATCHED_SH_PRIMER_BP	155	sh_id,primer,base_pairs,used_bc	5	1		row=1568|db=DB_01548|short=JDP761_F11|fasta=|primer=27F|bp=|score=130|reasons=sh_id,primer,used_bc; row=1570|db=DB_01660|short=JTQ714|fasta=JTQ714_65947143_65947143|primer=27F|bp=1099|score=130|reasons=sh_id,primer,used_bc; row=1569|db=DB_01549|short=JDP761_F12|fasta=|primer=1492R|bp=|score=105|reasons=sh_id,used_bc; row=1571|db=DB_01661|short=JTQ715|fasta=JTQ715_65947150_65947150|primer=1492R|bp=1146|score=105|reasons=sh_id,used_bc	QUB	SH_0719	SH_ID	SH_0719	QUB_0336	QUB_27F_0336	27F	1086	575	Bacteria	RS_GCF_900218035.1	d__Bacteria;p__Bacillota;c__Clostridia;o__Lachnospirales;f__Lachnospiraceae;g__Pseudobutyrivibrio;s__Pseudobutyrivibrio ruminis	98.8							1567	DB_00827	Rumen_Gateway	PhD_Theano	missing_maldi	USED	SH_0719	265	>IPO340_H4	>IPO340_58123400_H4	2024-01-03 00:00:00	11108725344-1	Plate		2024-04-24 00:00:00	11108881734	F	27F	1086	C1.4 Box 4	Direct_plating		M2	2023	M2	medium	cream	smooth like a clood	Unknown			HoloRuminant	NR	bovine	NR	37245	Conventional	49	IPO340_58123400_H4.ab1	/Users/nicholas/Library/CloudStorage/OneDrive-SharedLibraries-Queen'sUniversityBelfast/RUMEN Gateway QUB-Scientific_Consortium - Documents/03_Partners_sequences/QUB/ab1_files/IPO340_58123400_H4.ab1	TRUE	PRESENT	335827	2024-04-24T12:22:04	UNAVAILABLE	"PermissionError: [Errno 1] Operation not permitted: ""/Users/nicholas/Library/CloudStorage/OneDrive-SharedLibraries-Queen'sUniversityBelfast/RUMEN Gateway QUB-Scientific_Consortium - Documents/03_Partners_sequences/QUB/ab1_files"""
551	MATCHED_SH_PRIMER_BP	155	sh_id,primer,base_pairs,used_bc	1	1			QUB	SH_0720	SH_ID	SH_0720	QUB_0255	QUB_27F_0255	27F	1200	576	Bacteria	GB_GCA_040266995.1	d__Bacteria;p__Bacillota;c__Bacilli;o__Erysipelotrichales;f__Erysipelotrichaceae;g__UBA4312;s__UBA4312 sp040266995	99.4							1572	DB_00744	Rumen_Gateway	PhD_Theano	missing_maldi	USED	SH_0720	266	>IPO340_A5	>IPO340_58123400_A5	2024-01-03 00:00:00	11108725344-1	Plate		2024-04-24 00:00:00	11108881734	F	27F	1200	NS	Direct_plating		M2	2023	M2	small	transparent with white centre	smooth	In_process			HoloRuminant	NR	bovine	NR	37525	Intensive	28	IPO340_58123400_A5.ab1	/Users/nicholas/Library/CloudStorage/OneDrive-SharedLibraries-Queen'sUniversityBelfast/RUMEN Gateway QUB-Scientific_Consortium - Documents/03_Partners_sequences/QUB/ab1_files/IPO340_58123400_A5.ab1	TRUE	PRESENT	337796	2024-04-24T12:22:00	UNAVAILABLE	"PermissionError: [Errno 1] Operation not permitted: ""/Users/nicholas/Library/CloudStorage/OneDrive-SharedLibraries-Queen'sUniversityBelfast/RUMEN Gateway QUB-Scientific_Consortium - Documents/03_Partners_sequences/QUB/ab1_files"""
552	MATCHED_SH_PRIMER_BP	155	sh_id,primer,base_pairs,used_bc	1	1			QUB	SH_0722	SH_ID	SH_0722	QUB_0507	QUB_27F_0507	27F	1181	577	Bacteria	GB_GCA_029550985.1	d__Bacteria;p__Bacillota;c__Clostridia;o__Oscillospirales;f__Ruminococcaceae;g__WRAV01;s__WRAV01 sp029550985	90							1574	DB_01065	Rumen_Gateway	PhD_Theano	missing_maldi	USED	SH_0722	268	>IVZ004	>IVZ004_59790045_59790045	08/04/2024	11108856911-1	Tube		22/04/2024	11108877446	F	27F	1181	D1.1 Box 1	Direct_plating		M2	2023	M2	pinpoint	matte white	smooth	SH_52			HoloRuminant	NR	bovine	NR	37186	Intensive	49	IVZ004_59790045_59790045.ab1	/Users/nicholas/Library/CloudStorage/OneDrive-SharedLibraries-Queen'sUniversityBelfast/RUMEN Gateway QUB-Scientific_Consortium - Documents/03_Partners_sequences/QUB/ab1_files/IVZ004_59790045_59790045.ab1	TRUE	PRESENT	314947	2024-04-22T15:18:28	UNAVAILABLE	"PermissionError: [Errno 1] Operation not permitted: ""/Users/nicholas/Library/CloudStorage/OneDrive-SharedLibraries-Queen'sUniversityBelfast/RUMEN Gateway QUB-Scientific_Consortium - Documents/03_Partners_sequences/QUB/ab1_files"""
553	MATCHED_SH_PRIMER_BP	155	sh_id,primer,base_pairs,used_bc	1	1			QUB	SH_0723	SH_ID	SH_0723	QUB_0266	QUB_27F_0266	27F	1149	578	Bacteria	RS_GCF_000011645.1	d__Bacteria;p__Bacillota;c__Bacilli;o__Bacillales;f__Bacillaceae;g__Bacillus;s__Bacillus licheniformis	98.7							1575	DB_00756	Rumen_Gateway	PhD_Theano	missing_maldi	USED	SH_0723	269	>IPO340_B5	>IPO340_58123400_B5	2024-01-03 00:00:00	11108725344-1	Plate		2024-04-24 00:00:00	11108881734	F	27F	1149	NS	Direct_plating		M2	2023	M2	small	grey	smooth	In_process			HoloRuminant	NR	bovine	NR	37186	Intensive	49	IPO340_58123400_B5.ab1	/Users/nicholas/Library/CloudStorage/OneDrive-SharedLibraries-Queen'sUniversityBelfast/RUMEN Gateway QUB-Scientific_Consortium - Documents/03_Partners_sequences/QUB/ab1_files/IPO340_58123400_B5.ab1	TRUE	PRESENT	342991	2024-04-24T12:22:00	UNAVAILABLE	"PermissionError: [Errno 1] Operation not permitted: ""/Users/nicholas/Library/CloudStorage/OneDrive-SharedLibraries-Queen'sUniversityBelfast/RUMEN Gateway QUB-Scientific_Consortium - Documents/03_Partners_sequences/QUB/ab1_files"""
554	MATCHED_SH_PRIMER_BP	155	sh_id,primer,base_pairs,used_bc	3	1		row=1579|db=DB_01644|short=JTQ698|fasta=JTQ698_65946986_65946986|primer=27F|bp=1185|score=130|reasons=sh_id,primer,used_bc; row=1580|db=DB_01645|short=JTQ699|fasta=JTQ699_65946993_65946993|primer=1492R|bp=1159|score=105|reasons=sh_id,used_bc	QUB	SH_0726	SH_ID	SH_0726	QUB_0508	QUB_27F_0508	27F	1200	579	Bacteria	RS_GCF_011387195.1	d__Bacteria;p__Bacillota;c__Bacilli;o__Lactobacillales;f__Streptococcaceae;g__Streptococcus;s__Streptococcus ruminicola	99.6							1578	DB_01066	Rumen_Gateway	PhD_Theano	missing_maldi	USED	SH_0726	272	>IVZ005	>IVZ005_59790052_59790052	08/04/2024	11108856911-1	Tube		22/04/2024	11108877446	F	27F	1200	D1.1 Box 1	Direct_plating		M2	2023	M2	small	cream with white centre	smooth	Unknown			HoloRuminant	NR	bovine	NR	37363	Intensive	28	IVZ005_59790052_59790052.ab1	/Users/nicholas/Library/CloudStorage/OneDrive-SharedLibraries-Queen'sUniversityBelfast/RUMEN Gateway QUB-Scientific_Consortium - Documents/03_Partners_sequences/QUB/ab1_files/IVZ005_59790052_59790052.ab1	TRUE	PRESENT	334229	2024-04-22T15:18:28	UNAVAILABLE	"PermissionError: [Errno 1] Operation not permitted: ""/Users/nicholas/Library/CloudStorage/OneDrive-SharedLibraries-Queen'sUniversityBelfast/RUMEN Gateway QUB-Scientific_Consortium - Documents/03_Partners_sequences/QUB/ab1_files"""
555	MATCHED_SH_PRIMER_BP	155	sh_id,primer,base_pairs,used_bc	1	1			QUB	SH_0727	SH_ID	SH_0727	QUB_0509	QUB_27F_0509	27F	1178	580	Bacteria	GB_GCA_003480165.1	d__Bacteria;p__Bacillota;c__Bacilli;o__Erysipelotrichales;f__Erysipelotrichaceae;g__Absicoccus;s__Absicoccus sp000434355	93							1581	DB_01067	Rumen_Gateway	PhD_Theano	missing_maldi	USED	SH_0727	273	>IVZ006	>IVZ006_59790069_59790069	08/04/2024	11108856911-1	Tube		22/04/2024	11108877446	F	27F	1178	NS	Direct_plating		M2	2023	M2	small	white	glistening and smooth	In_process			HoloRuminant	NR	bovine	NR	37525	Intensive	28	IVZ006_59790069_59790069.ab1	/Users/nicholas/Library/CloudStorage/OneDrive-SharedLibraries-Queen'sUniversityBelfast/RUMEN Gateway QUB-Scientific_Consortium - Documents/03_Partners_sequences/QUB/ab1_files/IVZ006_59790069_59790069.ab1	TRUE	PRESENT	315475	2024-04-22T15:18:28	UNAVAILABLE	"PermissionError: [Errno 1] Operation not permitted: ""/Users/nicholas/Library/CloudStorage/OneDrive-SharedLibraries-Queen'sUniversityBelfast/RUMEN Gateway QUB-Scientific_Consortium - Documents/03_Partners_sequences/QUB/ab1_files"""
556	MATCHED_SH_PRIMER_BP	155	sh_id,primer,base_pairs,used_bc	5	1		row=1583|db=DB_01550|short=JDP761_G1|fasta=|primer=27F|bp=|score=130|reasons=sh_id,primer,used_bc; row=1585|db=DB_01693|short=JTQ747|fasta=JTQ747_65947471_65947471|primer=27F|bp=1028|score=130|reasons=sh_id,primer,used_bc; row=1584|db=DB_01551|short=JDP761_G2|fasta=|primer=1492R|bp=|score=105|reasons=sh_id,used_bc; row=1586|db=DB_01694|short=JTQ748|fasta=JTQ748_65947488_65947488|primer=1492R|bp=1137|score=105|reasons=sh_id,used_bc	QUB	SH_0728	SH_ID	SH_0728	QUB_0510	QUB_27F_0510	27F	1122	581	Bacteria	GB_GCA_003480165.1	d__Bacteria;p__Bacillota;c__Bacilli;o__Erysipelotrichales;f__Erysipelotrichaceae;g__Absicoccus;s__Absicoccus sp000434355	92.5							1582	DB_01068	Rumen_Gateway	PhD_Theano	missing_maldi	USED	SH_0728	274	>IVZ007	>IVZ007_59790076_59790076	08/04/2024	11108856911-1	Tube		22/04/2024	11108877446	F	27F	1122	D1.1 Box 1	Direct_plating		M2	2023	M2	medium	white with yellow centre	smooth	Streptococcus			HoloRuminant	NR	bovine	NR	37352	Conventional	28	IVZ007_59790076_59790076.ab1	/Users/nicholas/Library/CloudStorage/OneDrive-SharedLibraries-Queen'sUniversityBelfast/RUMEN Gateway QUB-Scientific_Consortium - Documents/03_Partners_sequences/QUB/ab1_files/IVZ007_59790076_59790076.ab1	TRUE	PRESENT	329287	2024-04-22T15:18:28	UNAVAILABLE	"PermissionError: [Errno 1] Operation not permitted: ""/Users/nicholas/Library/CloudStorage/OneDrive-SharedLibraries-Queen'sUniversityBelfast/RUMEN Gateway QUB-Scientific_Consortium - Documents/03_Partners_sequences/QUB/ab1_files"""
557	MATCHED_SH_PRIMER_BP	155	sh_id,primer,base_pairs,used_bc	3	1		row=1589|db=DB_01552|short=JDP761_G3|fasta=|primer=27F|bp=|score=130|reasons=sh_id,primer,used_bc; row=1590|db=DB_01553|short=JDP761_G4|fasta=|primer=1492R|bp=|score=105|reasons=sh_id,used_bc	QUB	SH_0730	SH_ID	SH_0730	QUB_0511	QUB_27F_0511	27F	1191	582	Bacteria	RS_GCF_000187975.2	d__Bacteria;p__Bacillota;c__Bacilli;o__Lactobacillales;f__Streptococcaceae;g__Streptococcus;s__Streptococcus criceti	99							1588	DB_01069	Rumen_Gateway	PhD_Theano	missing_maldi	USED	SH_0730	276	>IVZ008	>IVZ008_59790083_59790083	08/04/2024	11108856911-1	Tube		22/04/2024	11108877446	F	27F	1191	D1.1 Box 1	Direct_plating		M2	2023	M2	small	cream with white centre	rough	Pantoea vagans			HoloRuminant	NR	bovine	NR	37525	Intensive	28	IVZ008_59790083_59790083.ab1	/Users/nicholas/Library/CloudStorage/OneDrive-SharedLibraries-Queen'sUniversityBelfast/RUMEN Gateway QUB-Scientific_Consortium - Documents/03_Partners_sequences/QUB/ab1_files/IVZ008_59790083_59790083.ab1	TRUE	PRESENT	348465	2024-04-22T15:18:28	UNAVAILABLE	"PermissionError: [Errno 1] Operation not permitted: ""/Users/nicholas/Library/CloudStorage/OneDrive-SharedLibraries-Queen'sUniversityBelfast/RUMEN Gateway QUB-Scientific_Consortium - Documents/03_Partners_sequences/QUB/ab1_files"""
558	MATCHED_SH_PRIMER_BP	155	sh_id,primer,base_pairs,used_bc	1	1			QUB	SH_0731	SH_ID	SH_0731	QUB_0512	QUB_27F_0512	27F	1182	583	Bacteria	RS_GCF_000011645.1	d__Bacteria;p__Bacillota;c__Bacilli;o__Bacillales;f__Bacillaceae;g__Bacillus;s__Bacillus licheniformis	98.7							1591	DB_01070	Rumen_Gateway	PhD_Theano	missing_maldi	USED	SH_0731	277	>IVZ009	>IVZ009_59790090_59790090	08/04/2024	11108856911-1	Tube		22/04/2024	11108877446	F	27F	1182	NS	Direct_plating		M2	2023	M2	pinpoint	transparent with cream centre	rough	In_process			HoloRuminant	NR	bovine	NR	37363	Intensive	28	IVZ009_59790090_59790090.ab1	/Users/nicholas/Library/CloudStorage/OneDrive-SharedLibraries-Queen'sUniversityBelfast/RUMEN Gateway QUB-Scientific_Consortium - Documents/03_Partners_sequences/QUB/ab1_files/IVZ009_59790090_59790090.ab1	TRUE	PRESENT	319609	2024-04-22T15:18:28	UNAVAILABLE	"PermissionError: [Errno 1] Operation not permitted: ""/Users/nicholas/Library/CloudStorage/OneDrive-SharedLibraries-Queen'sUniversityBelfast/RUMEN Gateway QUB-Scientific_Consortium - Documents/03_Partners_sequences/QUB/ab1_files"""
559	MATCHED_SH_PRIMER_BP	155	sh_id,primer,base_pairs,used_bc	1	1			QUB	SH_0733	SH_ID	SH_0733	QUB_0278	QUB_27F_0278	27F	1134	584	Bacteria	RS_GCF_003925875.1	d__Bacteria;p__Bacillota;c__Bacilli;o__Erysipelotrichales;f__Coprobacillaceae;g__Intestinibaculum;s__Intestinibaculum porci	91.8							1593	DB_00768	Rumen_Gateway	PhD_Theano	missing_maldi	USED	SH_0733	279	>IPO340_C5	>IPO340_58123400_C5	2024-01-03 00:00:00	11108725344-1	Plate		2024-04-24 00:00:00	11108881734	F	27F	1134	NS	Direct_plating		M2	2023	M2	small	transparent with white centre	smooth	In_process			HoloRuminant	NR	bovine	NR	37525	Intensive	28	IPO340_58123400_C5.ab1	/Users/nicholas/Library/CloudStorage/OneDrive-SharedLibraries-Queen'sUniversityBelfast/RUMEN Gateway QUB-Scientific_Consortium - Documents/03_Partners_sequences/QUB/ab1_files/IPO340_58123400_C5.ab1	TRUE	PRESENT	342854	2024-04-24T12:22:02	UNAVAILABLE	"PermissionError: [Errno 1] Operation not permitted: ""/Users/nicholas/Library/CloudStorage/OneDrive-SharedLibraries-Queen'sUniversityBelfast/RUMEN Gateway QUB-Scientific_Consortium - Documents/03_Partners_sequences/QUB/ab1_files"""
560	MATCHED_SH_PRIMER_BP	155	sh_id,primer,base_pairs,used_bc	1	1			QUB	SH_0735	SH_ID	SH_0735	QUB_0290	QUB_27F_0290	27F	1166	585	Bacteria	RS_GCF_000011645.1	d__Bacteria;p__Bacillota;c__Bacilli;o__Bacillales;f__Bacillaceae;g__Bacillus;s__Bacillus licheniformis	98.7							1595	DB_00780	Rumen_Gateway	PhD_Theano	missing_maldi	USED	SH_0735	281	>IPO340_D5	>IPO340_58123400_D5	2024-01-03 00:00:00	11108725344-1	Plate		2024-04-24 00:00:00	11108881734	F	27F	1166	NS	Direct_plating		M2	2023	M2	small	white	smooth	In_process			HoloRuminant	NR	bovine	NR	37525	Intensive	49	IPO340_58123400_D5.ab1	/Users/nicholas/Library/CloudStorage/OneDrive-SharedLibraries-Queen'sUniversityBelfast/RUMEN Gateway QUB-Scientific_Consortium - Documents/03_Partners_sequences/QUB/ab1_files/IPO340_58123400_D5.ab1	TRUE	PRESENT	344387	2024-04-24T12:22:02	UNAVAILABLE	"PermissionError: [Errno 1] Operation not permitted: ""/Users/nicholas/Library/CloudStorage/OneDrive-SharedLibraries-Queen'sUniversityBelfast/RUMEN Gateway QUB-Scientific_Consortium - Documents/03_Partners_sequences/QUB/ab1_files"""
561	MATCHED_SH_PRIMER_BP	155	sh_id,primer,base_pairs,used_bc	1	1			QUB	SH_0736	SH_ID	SH_0736	QUB_0302	QUB_27F_0302	27F	1156	586	Bacteria	RS_GCF_000011645.1	d__Bacteria;p__Bacillota;c__Bacilli;o__Bacillales;f__Bacillaceae;g__Bacillus;s__Bacillus licheniformis	99.2							1596	DB_00792	Rumen_Gateway	PhD_Theano	missing_maldi	USED	SH_0736	282	>IPO340_E5	>IPO340_58123400_E5	2024-01-03 00:00:00	11108725344-1	Plate		2024-04-24 00:00:00	11108881734	F	27F	1156	NS	Direct_plating		M2	2023	M2	small	transparent	rough	In_process			HoloRuminant	NR	bovine	NR	37186	Intensive	49	IPO340_58123400_E5.ab1	/Users/nicholas/Library/CloudStorage/OneDrive-SharedLibraries-Queen'sUniversityBelfast/RUMEN Gateway QUB-Scientific_Consortium - Documents/03_Partners_sequences/QUB/ab1_files/IPO340_58123400_E5.ab1	TRUE	PRESENT	341162	2024-04-24T12:22:02	UNAVAILABLE	"PermissionError: [Errno 1] Operation not permitted: ""/Users/nicholas/Library/CloudStorage/OneDrive-SharedLibraries-Queen'sUniversityBelfast/RUMEN Gateway QUB-Scientific_Consortium - Documents/03_Partners_sequences/QUB/ab1_files"""
562	MATCHED_SH_PRIMER_BP	155	sh_id,primer,base_pairs,used_bc	1	1			QUB	SH_0737	SH_ID	SH_0737	QUB_0313	QUB_27F_0313	27F	868	587	Bacteria	GB_GCA_905197905.1	d__Bacteria;p__Pseudomonadota;c__Gammaproteobacteria;o__Burkholderiales;f__Burkholderiaceae;g__Sutterella;s__Sutterella sp905197905	99.7							1597	DB_00804	Rumen_Gateway	PhD_Theano	missing_maldi	USED	SH_0737	283	>IPO340_F5	>IPO340_58123400_F5	2024-01-03 00:00:00	11108725344-1	Plate		2024-04-24 00:00:00	11108881734	F	27F	868	NS	Direct_plating		M2	2023	M2	medium	transparent	rough	In_process			HoloRuminant	NR	bovine	NR	37363	Intensive	49	IPO340_58123400_F5.ab1	/Users/nicholas/Library/CloudStorage/OneDrive-SharedLibraries-Queen'sUniversityBelfast/RUMEN Gateway QUB-Scientific_Consortium - Documents/03_Partners_sequences/QUB/ab1_files/IPO340_58123400_F5.ab1	TRUE	PRESENT	337339	2024-04-24T12:22:02	UNAVAILABLE	"PermissionError: [Errno 1] Operation not permitted: ""/Users/nicholas/Library/CloudStorage/OneDrive-SharedLibraries-Queen'sUniversityBelfast/RUMEN Gateway QUB-Scientific_Consortium - Documents/03_Partners_sequences/QUB/ab1_files"""
563	MATCHED_SH_PRIMER_BP	155	sh_id,primer,base_pairs,used_bc	1	1			QUB	SH_0738	SH_ID	SH_0738	QUB_0325	QUB_27F_0325	27F	1132	588	Bacteria	RS_GCF_001969855.1	d__Bacteria;p__Bacillota;c__Bacilli;o__Bacillales;f__Bacillaceae;g__Bacillus;s__Bacillus haynesii	99							1598	DB_00816	Rumen_Gateway	PhD_Theano	missing_maldi	USED	SH_0738	284	>IPO340_G5	>IPO340_58123400_G5	2024-01-03 00:00:00	11108725344-1	Plate		2024-04-24 00:00:00	11108881734	F	27F	1132	NS	Direct_plating		M2	2023	M2	medium	transparent with white centre	rough	In_process			HoloRuminant	NR	bovine	NR	37186	Intensive	28	IPO340_58123400_G5.ab1	/Users/nicholas/Library/CloudStorage/OneDrive-SharedLibraries-Queen'sUniversityBelfast/RUMEN Gateway QUB-Scientific_Consortium - Documents/03_Partners_sequences/QUB/ab1_files/IPO340_58123400_G5.ab1	TRUE	PRESENT	338951	2024-04-24T12:22:02	UNAVAILABLE	"PermissionError: [Errno 1] Operation not permitted: ""/Users/nicholas/Library/CloudStorage/OneDrive-SharedLibraries-Queen'sUniversityBelfast/RUMEN Gateway QUB-Scientific_Consortium - Documents/03_Partners_sequences/QUB/ab1_files"""
564	MATCHED_SH_PRIMER_BP	155	sh_id,primer,base_pairs,used_bc	1	1			QUB	SH_0740	SH_ID	SH_0740	QUB_0256	QUB_27F_0256	27F	1164	589	Bacteria	RS_GCF_000187975.2	d__Bacteria;p__Bacillota;c__Bacilli;o__Lactobacillales;f__Streptococcaceae;g__Streptococcus;s__Streptococcus criceti	98.6							1601	DB_00745	Rumen_Gateway	PhD_Theano	missing_maldi	USED	SH_0740	286	>IPO340_A6	>IPO340_58123400_A6	2024-01-03 00:00:00	11108725344-1	Plate		2024-04-24 00:00:00	11108881734	F	27F	1164	NS	Direct_plating		M2	2023	M2	small	white	smooth	In_process			HoloRuminant	NR	bovine	NR	37363	Intensive	28	IPO340_58123400_A6.ab1	/Users/nicholas/Library/CloudStorage/OneDrive-SharedLibraries-Queen'sUniversityBelfast/RUMEN Gateway QUB-Scientific_Consortium - Documents/03_Partners_sequences/QUB/ab1_files/IPO340_58123400_A6.ab1	TRUE	PRESENT	339785	2024-04-24T12:22:00	UNAVAILABLE	"PermissionError: [Errno 1] Operation not permitted: ""/Users/nicholas/Library/CloudStorage/OneDrive-SharedLibraries-Queen'sUniversityBelfast/RUMEN Gateway QUB-Scientific_Consortium - Documents/03_Partners_sequences/QUB/ab1_files"""
565	MATCHED_SH_PRIMER_BP	155	sh_id,primer,base_pairs,used_bc	1	1			QUB	SH_0741	SH_ID	SH_0741	QUB_0267	QUB_27F_0267	27F	1111	590	Bacteria	RS_GCF_000011645.1	d__Bacteria;p__Bacillota;c__Bacilli;o__Bacillales;f__Bacillaceae;g__Bacillus;s__Bacillus licheniformis	98.5							1602	DB_00757	Rumen_Gateway	PhD_Theano	missing_maldi	USED	SH_0741	287	>IPO340_B6	>IPO340_58123400_B6	2024-01-03 00:00:00	11108725344-1	Plate		2024-04-24 00:00:00	11108881734	F	27F	1111	NS	Direct_plating		M2	2023	M2	medium	transparent	rough	In_process			HoloRuminant	NR	bovine	NR	37245	Conventional	49	IPO340_58123400_B6.ab1	/Users/nicholas/Library/CloudStorage/OneDrive-SharedLibraries-Queen'sUniversityBelfast/RUMEN Gateway QUB-Scientific_Consortium - Documents/03_Partners_sequences/QUB/ab1_files/IPO340_58123400_B6.ab1	TRUE	PRESENT	337807	2024-04-24T12:22:00	UNAVAILABLE	"PermissionError: [Errno 1] Operation not permitted: ""/Users/nicholas/Library/CloudStorage/OneDrive-SharedLibraries-Queen'sUniversityBelfast/RUMEN Gateway QUB-Scientific_Consortium - Documents/03_Partners_sequences/QUB/ab1_files"""
566	MATCHED_SH_PRIMER_BP	155	sh_id,primer,base_pairs,used_bc	1	1			QUB	SH_0742	SH_ID	SH_0742	QUB_0279	QUB_27F_0279	27F	1184	591	Bacteria	GB_GCA_900764415.1	d__Bacteria;p__Actinomycetota;c__Coriobacteriia;o__Coriobacteriales;f__Coriobacteriaceae;g__Collinsella;s__Collinsella sp900764415	99.3							1603	DB_00769	Rumen_Gateway	PhD_Theano	missing_maldi	USED	SH_0742	288	>IPO340_C6	>IPO340_58123400_C6	2024-01-03 00:00:00	11108725344-1	Plate		2024-04-24 00:00:00	11108881734	F	27F	1184	NS	Direct_plating		M2	2023	M2	medium	transparent	smooth	In_process			HoloRuminant	NR	bovine	NR	37363	Intensive	28	IPO340_58123400_C6.ab1	/Users/nicholas/Library/CloudStorage/OneDrive-SharedLibraries-Queen'sUniversityBelfast/RUMEN Gateway QUB-Scientific_Consortium - Documents/03_Partners_sequences/QUB/ab1_files/IPO340_58123400_C6.ab1	TRUE	PRESENT	342021	2024-04-24T12:22:02	UNAVAILABLE	"PermissionError: [Errno 1] Operation not permitted: ""/Users/nicholas/Library/CloudStorage/OneDrive-SharedLibraries-Queen'sUniversityBelfast/RUMEN Gateway QUB-Scientific_Consortium - Documents/03_Partners_sequences/QUB/ab1_files"""
567	MATCHED_SH_PRIMER_BP	155	sh_id,primer,base_pairs,used_bc	1	1			QUB	SH_0743	SH_ID	SH_0743	QUB_0291	QUB_27F_0291	27F	1165	592	Bacteria	RS_GCF_000011645.1	d__Bacteria;p__Bacillota;c__Bacilli;o__Bacillales;f__Bacillaceae;g__Bacillus;s__Bacillus licheniformis	99.2							1604	DB_00781	Rumen_Gateway	PhD_Theano	missing_maldi	USED	SH_0743	289	>IPO340_D6	>IPO340_58123400_D6	2024-01-03 00:00:00	11108725344-1	Plate		2024-04-24 00:00:00	11108881734	F	27F	1165	NS	Direct_plating		M2	2023	M2	medium	transparent with cream centre	rough	In_process			HoloRuminant	NR	bovine	NR	37363	Intensive	28	IPO340_58123400_D6.ab1	/Users/nicholas/Library/CloudStorage/OneDrive-SharedLibraries-Queen'sUniversityBelfast/RUMEN Gateway QUB-Scientific_Consortium - Documents/03_Partners_sequences/QUB/ab1_files/IPO340_58123400_D6.ab1	TRUE	PRESENT	342228	2024-04-24T12:22:02	UNAVAILABLE	"PermissionError: [Errno 1] Operation not permitted: ""/Users/nicholas/Library/CloudStorage/OneDrive-SharedLibraries-Queen'sUniversityBelfast/RUMEN Gateway QUB-Scientific_Consortium - Documents/03_Partners_sequences/QUB/ab1_files"""
568	MATCHED_SH_PRIMER_BP	155	sh_id,primer,base_pairs,used_bc	1	1			QUB	SH_0745	SH_ID	SH_0745	QUB_0314	QUB_27F_0314	27F	1190	593	Bacteria	RS_GCF_003726095.1	d__Bacteria;p__Bacillota;c__Bacilli;o__Bacillales_B;f__DSM-18226;g__Niallia;s__Niallia circulans_A	99.2							1607	DB_00805	Rumen_Gateway	PhD_Theano	missing_maldi	USED	SH_0745	291	>IPO340_F6	>IPO340_58123400_F6	2024-01-03 00:00:00	11108725344-1	Plate		2024-04-24 00:00:00	11108881734	F	27F	1190	NS	Direct_plating		M2	2023	M2	medium	transparent	smooth	In_process			HoloRuminant	NR	bovine	NR	37352	Conventional	49	IPO340_58123400_F6.ab1	/Users/nicholas/Library/CloudStorage/OneDrive-SharedLibraries-Queen'sUniversityBelfast/RUMEN Gateway QUB-Scientific_Consortium - Documents/03_Partners_sequences/QUB/ab1_files/IPO340_58123400_F6.ab1	TRUE	PRESENT	342158	2024-04-24T12:22:02	UNAVAILABLE	"PermissionError: [Errno 1] Operation not permitted: ""/Users/nicholas/Library/CloudStorage/OneDrive-SharedLibraries-Queen'sUniversityBelfast/RUMEN Gateway QUB-Scientific_Consortium - Documents/03_Partners_sequences/QUB/ab1_files"""
569	MATCHED_SH_PRIMER_BP	155	sh_id,primer,base_pairs,used_bc	1	1			QUB	SH_0746	SH_ID	SH_0746	QUB_0326	QUB_27F_0326	27F	1152	594	Bacteria	RS_GCF_012844235.1	d__Bacteria;p__Actinomycetota;c__Coriobacteriia;o__Coriobacteriales;f__Atopobiaceae;g__Parafannyhessea;s__Parafannyhessea sp900538935	100				MWL7			1608	DB_00817	Rumen_Gateway	PhD_Theano	missing_maldi	USED	SH_0746	292	>IPO340_G6	>IPO340_58123400_G6	2024-01-03 00:00:00	11108725344-1	Plate		2024-04-24 00:00:00	11108881734	F	27F	1152	NS	Direct_plating		M2	2023	M2	pinpoint	transparent with cream centre	smooth	In_process			HoloRuminant	NR	bovine	NR	37525	Intensive	28	IPO340_58123400_G6.ab1	/Users/nicholas/Library/CloudStorage/OneDrive-SharedLibraries-Queen'sUniversityBelfast/RUMEN Gateway QUB-Scientific_Consortium - Documents/03_Partners_sequences/QUB/ab1_files/IPO340_58123400_G6.ab1	TRUE	PRESENT	337239	2024-04-24T12:22:02	UNAVAILABLE	"PermissionError: [Errno 1] Operation not permitted: ""/Users/nicholas/Library/CloudStorage/OneDrive-SharedLibraries-Queen'sUniversityBelfast/RUMEN Gateway QUB-Scientific_Consortium - Documents/03_Partners_sequences/QUB/ab1_files"""
570	MATCHED_SH_PRIMER_BP	155	sh_id,primer,base_pairs,used_bc	1	1			QUB	SH_0747	SH_ID	SH_0747	QUB_0337	QUB_27F_0337	27F	1130	595	Bacteria	GB_GCA_003480165.1	d__Bacteria;p__Bacillota;c__Bacilli;o__Erysipelotrichales;f__Erysipelotrichaceae;g__Absicoccus;s__Absicoccus sp000434355	92.3							1609	DB_00829	Rumen_Gateway	PhD_Theano	missing_maldi	USED	SH_0747	293	>IPO340_H6	>IPO340_58123400_H6	2024-01-03 00:00:00	11108725344-1	Plate		2024-04-24 00:00:00	11108881734	F	27F	1130	D1.1 Box 2	Direct_plating		M2	2023	M2	small	cream with white centre	rough	In_process			HoloRuminant	NR	bovine	NR	37525	Intensive	28	IPO340_58123400_H6.ab1	/Users/nicholas/Library/CloudStorage/OneDrive-SharedLibraries-Queen'sUniversityBelfast/RUMEN Gateway QUB-Scientific_Consortium - Documents/03_Partners_sequences/QUB/ab1_files/IPO340_58123400_H6.ab1	TRUE	PRESENT	335325	2024-04-24T12:22:04	UNAVAILABLE	"PermissionError: [Errno 1] Operation not permitted: ""/Users/nicholas/Library/CloudStorage/OneDrive-SharedLibraries-Queen'sUniversityBelfast/RUMEN Gateway QUB-Scientific_Consortium - Documents/03_Partners_sequences/QUB/ab1_files"""
571	MATCHED_SH_PRIMER_BP	155	sh_id,primer,base_pairs,used_bc	1	1			QUB	SH_0748	SH_ID	SH_0748	QUB_0257	QUB_27F_0257	27F	1116	596	Bacteria	GB_GCA_040266995.1	d__Bacteria;p__Bacillota;c__Bacilli;o__Erysipelotrichales;f__Erysipelotrichaceae;g__UBA4312;s__UBA4312 sp040266995	99.1							1610	DB_00746	Rumen_Gateway	PhD_Theano	missing_maldi	USED	SH_0748	294	>IPO340_A7	>IPO340_58123400_A7	2024-01-03 00:00:00	11108725344-1	Plate		2024-04-24 00:00:00	11108881734	F	27F	1116	NS	Direct_plating		M2	2023	M2	medium	transparent	rough	In_process			HoloRuminant	NR	bovine	NR	37363	Intensive	49	IPO340_58123400_A7.ab1	/Users/nicholas/Library/CloudStorage/OneDrive-SharedLibraries-Queen'sUniversityBelfast/RUMEN Gateway QUB-Scientific_Consortium - Documents/03_Partners_sequences/QUB/ab1_files/IPO340_58123400_A7.ab1	TRUE	PRESENT	337231	2024-04-24T12:22:00	UNAVAILABLE	"PermissionError: [Errno 1] Operation not permitted: ""/Users/nicholas/Library/CloudStorage/OneDrive-SharedLibraries-Queen'sUniversityBelfast/RUMEN Gateway QUB-Scientific_Consortium - Documents/03_Partners_sequences/QUB/ab1_files"""
572	MATCHED_SH_PRIMER_BP	155	sh_id,primer,base_pairs,used_bc	1	1			QUB	SH_0750	SH_ID	SH_0750	QUB_0268	QUB_27F_0268	27F	888	597	Bacteria	RS_GCF_900187165.1	d__Bacteria;p__Bacillota;c__Clostridia;o__Clostridiales;f__Clostridiaceae;g__Clostridium_G;s__Clostridium_G cochlearium	99.3							1612	DB_00758	Rumen_Gateway	PhD_Theano	missing_maldi	USED	SH_0750	296	>IPO340_B7	>IPO340_58123400_B7	2024-01-03 00:00:00	11108725344-1	Plate		2024-04-24 00:00:00	11108881734	F	27F	888	NS	Direct_plating		M2	2023	M2	medium	transparent	rough	In_process			HoloRuminant	NR	bovine	NR	37363	Intensive	28	IPO340_58123400_B7.ab1	/Users/nicholas/Library/CloudStorage/OneDrive-SharedLibraries-Queen'sUniversityBelfast/RUMEN Gateway QUB-Scientific_Consortium - Documents/03_Partners_sequences/QUB/ab1_files/IPO340_58123400_B7.ab1	TRUE	PRESENT	332910	2024-04-24T12:22:00	UNAVAILABLE	"PermissionError: [Errno 1] Operation not permitted: ""/Users/nicholas/Library/CloudStorage/OneDrive-SharedLibraries-Queen'sUniversityBelfast/RUMEN Gateway QUB-Scientific_Consortium - Documents/03_Partners_sequences/QUB/ab1_files"""
573	MATCHED_SH_PRIMER_BP	155	sh_id,primer,base_pairs,used_bc	3	1		row=1614|db=DB_01628|short=JTQ682|fasta=JTQ682_65946825_65946825|primer=27F|bp=1201|score=130|reasons=sh_id,primer,used_bc; row=1615|db=DB_01629|short=JTQ683|fasta=JTQ683_65946832_65946832|primer=1492R|bp=1159|score=105|reasons=sh_id,used_bc	QUB	SH_0751	SH_ID	SH_0751	QUB_0280	QUB_27F_0280	27F	1193	598	Bacteria	RS_GCF_000160755.1	d__Bacteria;p__Pseudomonadota;c__Gammaproteobacteria;o__Enterobacterales;f__Enterobacteriaceae;g__Proteus;s__Proteus mirabilis	99.6							1613	DB_00770	Rumen_Gateway	PhD_Theano	missing_maldi	USED	SH_0751	297	>IPO340_C7	>IPO340_58123400_C7	2024-01-03 00:00:00	11108725344-1	Plate		2024-04-24 00:00:00	11108881734	F	27F	1193	D1.1 Box 3	Direct_plating		M2	2023	M2	small	cream with pink centre	smooth	Micrococcus yunnanensis			HoloRuminant	NR	bovine	NR	37363	Intensive	49	IPO340_58123400_C7.ab1	/Users/nicholas/Library/CloudStorage/OneDrive-SharedLibraries-Queen'sUniversityBelfast/RUMEN Gateway QUB-Scientific_Consortium - Documents/03_Partners_sequences/QUB/ab1_files/IPO340_58123400_C7.ab1	TRUE	PRESENT	341530	2024-04-24T12:22:02	UNAVAILABLE	"PermissionError: [Errno 1] Operation not permitted: ""/Users/nicholas/Library/CloudStorage/OneDrive-SharedLibraries-Queen'sUniversityBelfast/RUMEN Gateway QUB-Scientific_Consortium - Documents/03_Partners_sequences/QUB/ab1_files"""
574	MATCHED_SH_PRIMER_BP	155	sh_id,primer,base_pairs,used_bc	1	1			QUB	SH_0752	SH_ID	SH_0752	QUB_0292	QUB_27F_0292	27F	866	599	Bacteria	RS_GCF_005502275.1	d__Bacteria;p__Bacillota;c__Bacilli;o__Bacillales_B;f__DSM-18226;g__Robertmurraya;s__Robertmurraya siralis	99.9							1616	DB_00782	Rumen_Gateway	PhD_Theano	missing_maldi	USED	SH_0752	298	>IPO340_D7	>IPO340_58123400_D7	2024-01-03 00:00:00	11108725344-1	Plate		2024-04-24 00:00:00	11108881734	F	27F	866	NS	Direct_plating		M2	2023	M2	medium	cream with yellow centre	rough	In_process			HoloRuminant	NR	bovine	NR	37186	Intensive	49	IPO340_58123400_D7.ab1	/Users/nicholas/Library/CloudStorage/OneDrive-SharedLibraries-Queen'sUniversityBelfast/RUMEN Gateway QUB-Scientific_Consortium - Documents/03_Partners_sequences/QUB/ab1_files/IPO340_58123400_D7.ab1	TRUE	PRESENT	336197	2024-04-24T12:22:02	UNAVAILABLE	"PermissionError: [Errno 1] Operation not permitted: ""/Users/nicholas/Library/CloudStorage/OneDrive-SharedLibraries-Queen'sUniversityBelfast/RUMEN Gateway QUB-Scientific_Consortium - Documents/03_Partners_sequences/QUB/ab1_files"""
575	MATCHED_SH_PRIMER_BP	155	sh_id,primer,base_pairs,used_bc	1	1			QUB	SH_0753	SH_ID	SH_0753	QUB_0303	QUB_27F_0303	27F	1180	600	Bacteria	RS_GCF_003814745.1	d__Bacteria;p__Bacillota;c__Clostridia;o__Oscillospirales;f__Ruminococcaceae;g__Hydrogenoanaerobacterium;s__Hydrogenoanaerobacterium saccharovorans	99.7							1617	DB_00794	Rumen_Gateway	PhD_Theano	missing_maldi	USED	SH_0753	299	>IPO340_E7	>IPO340_58123400_E7	2024-01-03 00:00:00	11108725344-1	Plate		2024-04-24 00:00:00	11108881734	F	27F	1180	NS	Direct_plating		M2	2023	M2	medium	transparent	rough	In_process			HoloRuminant	NR	bovine	NR	37186	Intensive	49	IPO340_58123400_E7.ab1	/Users/nicholas/Library/CloudStorage/OneDrive-SharedLibraries-Queen'sUniversityBelfast/RUMEN Gateway QUB-Scientific_Consortium - Documents/03_Partners_sequences/QUB/ab1_files/IPO340_58123400_E7.ab1	TRUE	PRESENT	338645	2024-04-24T12:22:02	UNAVAILABLE	"PermissionError: [Errno 1] Operation not permitted: ""/Users/nicholas/Library/CloudStorage/OneDrive-SharedLibraries-Queen'sUniversityBelfast/RUMEN Gateway QUB-Scientific_Consortium - Documents/03_Partners_sequences/QUB/ab1_files"""
576	MATCHED_SH_PRIMER_BP	155	sh_id,primer,base_pairs,used_bc	1	1			QUB	SH_0754	SH_ID	SH_0754	QUB_0513	QUB_27F_0513	27F	1203	601	Bacteria	RS_GCF_021556485.1	d__Bacteria;p__Bacillota;c__Bacilli;o__Bacillales_D;f__Amphibacillaceae;g__Oceanobacillus;s__Oceanobacillus alkalisoli	96.3							1618	DB_01071	Rumen_Gateway	PhD_Theano	Dead	USED	SH_0754	300	>IVZ010	>IVZ010_59790106_59790106	08/04/2024	11108856911-1	Tube		22/04/2024	11108877446	F	27F	1203	Dead	Direct_plating		M2	2023	M2	pinpoint	cream	glistening	Dead			HoloRuminant	NR	bovine	NR	37363	Intensive	49	IVZ010_59790106_59790106.ab1	/Users/nicholas/Library/CloudStorage/OneDrive-SharedLibraries-Queen'sUniversityBelfast/RUMEN Gateway QUB-Scientific_Consortium - Documents/03_Partners_sequences/QUB/ab1_files/IVZ010_59790106_59790106.ab1	TRUE	PRESENT	326626	2024-04-22T15:18:28	UNAVAILABLE	"PermissionError: [Errno 1] Operation not permitted: ""/Users/nicholas/Library/CloudStorage/OneDrive-SharedLibraries-Queen'sUniversityBelfast/RUMEN Gateway QUB-Scientific_Consortium - Documents/03_Partners_sequences/QUB/ab1_files"""
577	MATCHED_SH_PRIMER_BP	155	sh_id,primer,base_pairs,used_bc	1	1			QUB	SH_0755	SH_ID	SH_0755	QUB_0315	QUB_27F_0315	27F	1192	602	Bacteria	RS_GCF_025660415.1	d__Bacteria;p__Bacillota;c__Bacilli;o__Bacillales_B;f__Caldibacillaceae;g__Pallidibacillus;s__Pallidibacillus thermolactis	99.1							1619	DB_00806	Rumen_Gateway	PhD_Theano	Dead	USED	SH_0755	301	>IPO340_F7	>IPO340_58123400_F7	2024-01-03 00:00:00	11108725344-1	Plate		2024-04-24 00:00:00	11108881734	F	27F	1192	NS	Direct_plating		M2	2023	M2				In_process			HoloRuminant	NR	bovine	NR	37352	Conventional	49	IPO340_58123400_F7.ab1	/Users/nicholas/Library/CloudStorage/OneDrive-SharedLibraries-Queen'sUniversityBelfast/RUMEN Gateway QUB-Scientific_Consortium - Documents/03_Partners_sequences/QUB/ab1_files/IPO340_58123400_F7.ab1	TRUE	PRESENT	338028	2024-04-24T12:22:02	UNAVAILABLE	"PermissionError: [Errno 1] Operation not permitted: ""/Users/nicholas/Library/CloudStorage/OneDrive-SharedLibraries-Queen'sUniversityBelfast/RUMEN Gateway QUB-Scientific_Consortium - Documents/03_Partners_sequences/QUB/ab1_files"""
578	MATCHED_SH_PRIMER_BP	155	sh_id,primer,base_pairs,used_bc	1	1			QUB	SH_0756	SH_ID	SH_0756	QUB_0327	QUB_27F_0327	27F	1155	603	Bacteria	RS_GCF_020687165.1	d__Bacteria;p__Bacillota;c__Clostridia;o__Oscillospirales;f__Acutalibacteraceae;g__Hominenteromicrobium;s__Hominenteromicrobium mulieris	99.1							1620	DB_00818	Rumen_Gateway	PhD_Theano	missing_maldi	USED	SH_0756	302	>IPO340_G7	>IPO340_58123400_G7	2024-01-03 00:00:00	11108725344-1	Plate		2024-04-24 00:00:00	11108881734	F	27F	1155	NS	Direct_plating		M2	2023	M2	medium	transparent	rough	In_process			HoloRuminant	NR	bovine	NR	37352	Conventional	49	IPO340_58123400_G7.ab1	/Users/nicholas/Library/CloudStorage/OneDrive-SharedLibraries-Queen'sUniversityBelfast/RUMEN Gateway QUB-Scientific_Consortium - Documents/03_Partners_sequences/QUB/ab1_files/IPO340_58123400_G7.ab1	TRUE	PRESENT	335057	2024-04-24T12:22:04	UNAVAILABLE	"PermissionError: [Errno 1] Operation not permitted: ""/Users/nicholas/Library/CloudStorage/OneDrive-SharedLibraries-Queen'sUniversityBelfast/RUMEN Gateway QUB-Scientific_Consortium - Documents/03_Partners_sequences/QUB/ab1_files"""
579	MATCHED_SH_PRIMER_BP	155	sh_id,primer,base_pairs,used_bc	1	1			QUB	SH_0757	SH_ID	SH_0757	QUB_0514	QUB_27F_0514	27F	1180	604	Bacteria	RS_GCF_001969855.1	d__Bacteria;p__Bacillota;c__Bacilli;o__Bacillales;f__Bacillaceae;g__Bacillus;s__Bacillus haynesii	99.3							1621	DB_01072	Rumen_Gateway	PhD_Theano	missing_maldi	USED	SH_0757	303	>IVZ011	>IVZ011_59790113_59790113	08/04/2024	11108856911-1	Tube		22/04/2024	11108877446	F	27F	1180	NS	Direct_plating		M2	2023	M2	medium	cream	rough	In_process			HoloRuminant	NR	bovine	NR	37186	Intensive	28	IVZ011_59790113_59790113.ab1	/Users/nicholas/Library/CloudStorage/OneDrive-SharedLibraries-Queen'sUniversityBelfast/RUMEN Gateway QUB-Scientific_Consortium - Documents/03_Partners_sequences/QUB/ab1_files/IVZ011_59790113_59790113.ab1	TRUE	PRESENT	321363	2024-04-22T15:18:28	UNAVAILABLE	"PermissionError: [Errno 1] Operation not permitted: ""/Users/nicholas/Library/CloudStorage/OneDrive-SharedLibraries-Queen'sUniversityBelfast/RUMEN Gateway QUB-Scientific_Consortium - Documents/03_Partners_sequences/QUB/ab1_files"""
580	MATCHED_SH_PRIMER_BP	155	sh_id,primer,base_pairs,used_bc	1	1			QUB	SH_0758	SH_ID	SH_0758	QUB_0338	QUB_27F_0338	27F	1167	605	Bacteria	RS_GCF_025660415.1	d__Bacteria;p__Bacillota;c__Bacilli;o__Bacillales_B;f__Caldibacillaceae;g__Pallidibacillus;s__Pallidibacillus thermolactis	99.2							1622	DB_00830	Rumen_Gateway	PhD_Theano	missing_maldi	USED	SH_0758	304	>IPO340_H7	>IPO340_58123400_H7	2024-01-03 00:00:00	11108725344-1	Plate		2024-04-24 00:00:00	11108881734	F	27F	1167	NS	Direct_plating		M2	2023	M2	pinpoint	cream	smooth	In_process			HoloRuminant	NR	bovine	NR	37363	Intensive	49	IPO340_58123400_H7.ab1	/Users/nicholas/Library/CloudStorage/OneDrive-SharedLibraries-Queen'sUniversityBelfast/RUMEN Gateway QUB-Scientific_Consortium - Documents/03_Partners_sequences/QUB/ab1_files/IPO340_58123400_H7.ab1	TRUE	PRESENT	332612	2024-04-24T12:22:04	UNAVAILABLE	"PermissionError: [Errno 1] Operation not permitted: ""/Users/nicholas/Library/CloudStorage/OneDrive-SharedLibraries-Queen'sUniversityBelfast/RUMEN Gateway QUB-Scientific_Consortium - Documents/03_Partners_sequences/QUB/ab1_files"""
581	MATCHED_SH_PRIMER_BP	155	sh_id,primer,base_pairs,used_bc	1	1			QUB	SH_0759	SH_ID	SH_0759	QUB_0515	QUB_27F_0515	27F	1231	606	Bacteria	RS_GCF_000011645.1	d__Bacteria;p__Bacillota;c__Bacilli;o__Bacillales;f__Bacillaceae;g__Bacillus;s__Bacillus licheniformis	99.4							1623	DB_01073	Rumen_Gateway	PhD_Theano	Dead	USED	SH_0759	305	>IVZ012	>IVZ012_59790120_59790120	08/04/2024	11108856911-1	Tube		22/04/2024	11108877446	F	27F	1231	NS	Direct_plating		M2	2023	M2				In_process			HoloRuminant	NR	bovine	NR	37352	Conventional	49	IVZ012_59790120_59790120.ab1	/Users/nicholas/Library/CloudStorage/OneDrive-SharedLibraries-Queen'sUniversityBelfast/RUMEN Gateway QUB-Scientific_Consortium - Documents/03_Partners_sequences/QUB/ab1_files/IVZ012_59790120_59790120.ab1	TRUE	PRESENT	334253	2024-04-22T15:18:28	UNAVAILABLE	"PermissionError: [Errno 1] Operation not permitted: ""/Users/nicholas/Library/CloudStorage/OneDrive-SharedLibraries-Queen'sUniversityBelfast/RUMEN Gateway QUB-Scientific_Consortium - Documents/03_Partners_sequences/QUB/ab1_files"""
582	MATCHED_SH_PRIMER_BP	155	sh_id,primer,base_pairs,used_bc	3	1		row=1625|db=DB_01741|short=KCX859|fasta=KCX859_68358595_68358595|primer=27F|bp=1070|score=130|reasons=sh_id,primer,used_bc; row=1626|db=DB_01742|short=KCX860|fasta=KCX860_68358601_68358601|primer=1492R|bp=1298|score=105|reasons=sh_id,used_bc	QUB	SH_0760	SH_ID	SH_0760	QUB_0258	QUB_27F_0258	27F	1181	607	Bacteria	RS_GCF_000011645.1	d__Bacteria;p__Bacillota;c__Bacilli;o__Bacillales;f__Bacillaceae;g__Bacillus;s__Bacillus licheniformis	99.3							1624	DB_00747	Rumen_Gateway	PhD_Theano	missing_maldi	USED	SH_0760	306	>IPO340_A8	>IPO340_58123400_A8	2024-01-03 00:00:00	11108725344-1	Plate		2024-04-24 00:00:00	11108881734	F	27F	1181	D1.1 Box 3	Direct_plating		M2	2023	M2	pinpoint	white	smooth	Unknown			HoloRuminant	NR	bovine	NR	37363	Intensive	28	IPO340_58123400_A8.ab1	/Users/nicholas/Library/CloudStorage/OneDrive-SharedLibraries-Queen'sUniversityBelfast/RUMEN Gateway QUB-Scientific_Consortium - Documents/03_Partners_sequences/QUB/ab1_files/IPO340_58123400_A8.ab1	TRUE	PRESENT	335836	2024-04-24T12:22:00	UNAVAILABLE	"PermissionError: [Errno 1] Operation not permitted: ""/Users/nicholas/Library/CloudStorage/OneDrive-SharedLibraries-Queen'sUniversityBelfast/RUMEN Gateway QUB-Scientific_Consortium - Documents/03_Partners_sequences/QUB/ab1_files"""
583	MATCHED_SH_PRIMER_BP	155	sh_id,primer,base_pairs,used_bc	2	1		row=1628|db=DB_00716|short=IPO339_G1|fasta=IPO339_58123394_G1|primer=27F|bp=1130|score=130|reasons=sh_id,primer,used_bc	QUB	SH_0761	SH_ID	SH_0761	QUB_0221	QUB_27F_0221	27F	1134	608	Bacteria	RS_GCF_000160755.1	d__Bacteria;p__Pseudomonadota;c__Gammaproteobacteria;o__Enterobacterales;f__Enterobacteriaceae;g__Proteus;s__Proteus mirabilis	99.7							1627	DB_00699	Rumen_Gateway	PhD_Theano	missing_maldi	USED	SH_0761	307	>IPO339_E8	>IPO339_58123394_E8	2024-01-03 00:00:00	11108725344-1	Plate		2024-04-29 00:00:00	11108886591	F	27F	1134	NS	Dilution_to_extinction		BHI+RF	2023	BHI+RF	pinpoint	cream	smooth	In_process			HoloRuminant	NR	bovine	NR	37245	Conventional	28	IPO339_58123394_E8.ab1	/Users/nicholas/Library/CloudStorage/OneDrive-SharedLibraries-Queen'sUniversityBelfast/RUMEN Gateway QUB-Scientific_Consortium - Documents/03_Partners_sequences/QUB/ab1_files/IPO339_58123394_E8.ab1	TRUE	PRESENT	338855	2024-04-29T09:44:12	UNAVAILABLE	"PermissionError: [Errno 1] Operation not permitted: ""/Users/nicholas/Library/CloudStorage/OneDrive-SharedLibraries-Queen'sUniversityBelfast/RUMEN Gateway QUB-Scientific_Consortium - Documents/03_Partners_sequences/QUB/ab1_files"""
584	MATCHED_SH_PRIMER_BP	155	sh_id,primer,base_pairs,used_bc	2	1		row=1627|db=DB_00699|short=IPO339_E8|fasta=IPO339_58123394_E8|primer=27F|bp=1134|score=130|reasons=sh_id,primer,used_bc	QUB	SH_0761	SH_ID	SH_0761	QUB_0232	QUB_27F_0232	27F	1130	609	Bacteria	RS_GCF_000160755.1	d__Bacteria;p__Pseudomonadota;c__Gammaproteobacteria;o__Enterobacterales;f__Enterobacteriaceae;g__Proteus;s__Proteus mirabilis	99.7							1628	DB_00716	Rumen_Gateway	PhD_Theano	missing_maldi	USED	SH_0761	307	>IPO339_G1	>IPO339_58123394_G1	2024-01-03 00:00:00	11108725344-1	Plate		2024-04-29 00:00:00	11108886591	F	27F	1130	NS	Dilution_to_extinction		BHI+RF	2023	BHI+RF	pinpoint	cream	smooth	In_process			HoloRuminant	NR	bovine	NR	37245	Conventional	28	IPO339_58123394_G1.ab1	/Users/nicholas/Library/CloudStorage/OneDrive-SharedLibraries-Queen'sUniversityBelfast/RUMEN Gateway QUB-Scientific_Consortium - Documents/03_Partners_sequences/QUB/ab1_files/IPO339_58123394_G1.ab1	TRUE	PRESENT	330041	2024-04-29T09:44:12	UNAVAILABLE	"PermissionError: [Errno 1] Operation not permitted: ""/Users/nicholas/Library/CloudStorage/OneDrive-SharedLibraries-Queen'sUniversityBelfast/RUMEN Gateway QUB-Scientific_Consortium - Documents/03_Partners_sequences/QUB/ab1_files"""
585	MATCHED_SH_PRIMER_BP	155	sh_id,primer,base_pairs,used_bc	1	1			QUB	SH_0762	SH_ID	SH_0762	QUB_0240	QUB_27F_0240	27F	1087	610	Bacteria	RS_GCF_011038845.1	d__Bacteria;p__Bacillota;c__Bacilli;o__Lactobacillales;f__Enterococcaceae;g__Enterococcus_B;s__Enterococcus_B sp011038845	99.2							1629	DB_00728	Rumen_Gateway	PhD_Theano	missing_maldi	USED	SH_0762	308	>IPO339_H1	>IPO339_58123394_H1	2024-01-03 00:00:00	11108725344-1	Plate		2024-04-29 00:00:00	11108886591	F	27F	1087	NS	Dilution_to_extinction		BHI+RF	2023	BHI+RF	small	crean with white centre	smooth	In_process			HoloRuminant	NR	bovine	NR	37245	Conventional	28	IPO339_58123394_H1.ab1	/Users/nicholas/Library/CloudStorage/OneDrive-SharedLibraries-Queen'sUniversityBelfast/RUMEN Gateway QUB-Scientific_Consortium - Documents/03_Partners_sequences/QUB/ab1_files/IPO339_58123394_H1.ab1	TRUE	PRESENT	326355	2024-04-29T09:44:12	UNAVAILABLE	"PermissionError: [Errno 1] Operation not permitted: ""/Users/nicholas/Library/CloudStorage/OneDrive-SharedLibraries-Queen'sUniversityBelfast/RUMEN Gateway QUB-Scientific_Consortium - Documents/03_Partners_sequences/QUB/ab1_files"""
586	MATCHED_SH_PRIMER_BP	155	sh_id,primer,base_pairs,used_bc	1	1			QUB	SH_0763	SH_ID	SH_0763	QUB_0185	QUB_27F_0185	27F	1150	611	Bacteria	RS_GCF_001969855.1	d__Bacteria;p__Bacillota;c__Bacilli;o__Bacillales;f__Bacillaceae;g__Bacillus;s__Bacillus haynesii	98.7							1630	DB_00645	Rumen_Gateway	PhD_Theano	missing_maldi	USED	SH_0763	309	>IPO339_A2	>IPO339_58123394_A2	2024-01-03 00:00:00	11108725344-1	Plate		2024-04-29 00:00:00	11108886591	F	27F	1150	NS	Dilution_to_extinction		BHI+RF	2023	BHI+RF	small	cream	smooth	In_process			HoloRuminant	NR	bovine	NR	37525	Intensive	28	IPO339_58123394_A2.ab1	/Users/nicholas/Library/CloudStorage/OneDrive-SharedLibraries-Queen'sUniversityBelfast/RUMEN Gateway QUB-Scientific_Consortium - Documents/03_Partners_sequences/QUB/ab1_files/IPO339_58123394_A2.ab1	TRUE	PRESENT	331567	2024-04-29T09:44:10	UNAVAILABLE	"PermissionError: [Errno 1] Operation not permitted: ""/Users/nicholas/Library/CloudStorage/OneDrive-SharedLibraries-Queen'sUniversityBelfast/RUMEN Gateway QUB-Scientific_Consortium - Documents/03_Partners_sequences/QUB/ab1_files"""
587	MATCHED_SH_PRIMER_BP	155	sh_id,primer,base_pairs,used_bc	1	1			QUB	SH_0764	SH_ID	SH_0764	QUB_0194	QUB_27F_0194	27F	1087	612	Bacteria	GB_GCA_004555055.1	d__Bacteria;p__Bacteroidota;c__Bacteroidia;o__Bacteroidales;f__Bacteroidaceae;g__Alloprevotella;s__Alloprevotella sp004555055	99.3							1631	DB_00657	Rumen_Gateway	PhD_Theano	missing_maldi	USED	SH_0764	310	>IPO339_B2	>IPO339_58123394_B2	2024-01-03 00:00:00	11108725344-1	Plate		2024-04-29 00:00:00	11108886591	F	27F	1087	NS	Dilution_to_extinction		BHI+RF	2023	BHI+RF	small	transparent with white centre	smooth	In_process			HoloRuminant	NR	bovine	NR	37352	Conventional	28	IPO339_58123394_B2.ab1	/Users/nicholas/Library/CloudStorage/OneDrive-SharedLibraries-Queen'sUniversityBelfast/RUMEN Gateway QUB-Scientific_Consortium - Documents/03_Partners_sequences/QUB/ab1_files/IPO339_58123394_B2.ab1	TRUE	PRESENT	335999	2024-04-29T09:44:10	UNAVAILABLE	"PermissionError: [Errno 1] Operation not permitted: ""/Users/nicholas/Library/CloudStorage/OneDrive-SharedLibraries-Queen'sUniversityBelfast/RUMEN Gateway QUB-Scientific_Consortium - Documents/03_Partners_sequences/QUB/ab1_files"""
588	MATCHED_SH_PRIMER_BP	155	sh_id,primer,base_pairs,used_bc	1	1			QUB	SH_0765	SH_ID	SH_0765	QUB_0201	QUB_27F_0201	27F	1143	613	Bacteria	RS_GCF_000688015.1	d__Bacteria;p__Bacillota;c__Clostridia;o__Peptostreptococcales;f__Anaerovoracaceae;g__Hornefia;s__Hornefia sp000688015	99.4							1632	DB_00669	Rumen_Gateway	PhD_Theano	missing_maldi	USED	SH_0765	311	>IPO339_C2	>IPO339_58123394_C2	2024-01-03 00:00:00	11108725344-1	Plate		2024-04-29 00:00:00	11108886591	F	27F	1143	NS	Dilution_to_extinction		BHI+RF	2023	BHI+RF	pinpoint	cream	smooth	In_process			HoloRuminant	NR	bovine	NR	37245	Conventional	49	IPO339_58123394_C2.ab1	/Users/nicholas/Library/CloudStorage/OneDrive-SharedLibraries-Queen'sUniversityBelfast/RUMEN Gateway QUB-Scientific_Consortium - Documents/03_Partners_sequences/QUB/ab1_files/IPO339_58123394_C2.ab1	TRUE	PRESENT	337612	2024-04-29T09:44:10	UNAVAILABLE	"PermissionError: [Errno 1] Operation not permitted: ""/Users/nicholas/Library/CloudStorage/OneDrive-SharedLibraries-Queen'sUniversityBelfast/RUMEN Gateway QUB-Scientific_Consortium - Documents/03_Partners_sequences/QUB/ab1_files"""
589	MATCHED_SH_PRIMER_BP	155	sh_id,primer,base_pairs,used_bc	3	1		row=1635|db=DB_01634|short=JTQ688|fasta=JTQ688_65946887_65946887|primer=27F|bp=1198|score=130|reasons=sh_id,primer,used_bc; row=1636|db=DB_01635|short=JTQ689|fasta=JTQ689_65946894_65946894|primer=1492R|bp=1225|score=105|reasons=sh_id,used_bc	QUB	SH_0767	SH_ID	SH_0767	QUB_0209	QUB_27F_0209	27F	1175	614	Bacteria	GB_GCA_020844525.1	d__Bacteria;p__Bacillota;c__Clostridia;o__Lachnospirales;f__Lachnospiraceae;g__Bilifractor;s__Bilifractor sp020844525	95.1				MWL6			1634	DB_00681	Rumen_Gateway	PhD_Theano	missing_maldi	USED	SH_0767	313	>IPO339_D2	>IPO339_58123394_D2	2024-01-03 00:00:00	11108725344-1	Plate		2024-04-29 00:00:00	11108886591	F	27F	1175	D1.1 Box 4	Dilution_to_extinction		BHI+RF	2023	BHI+RF	small	white	smooth	SH_93			HoloRuminant	NR	bovine	NR	37525	Intensive	12	IPO339_58123394_D2.ab1	/Users/nicholas/Library/CloudStorage/OneDrive-SharedLibraries-Queen'sUniversityBelfast/RUMEN Gateway QUB-Scientific_Consortium - Documents/03_Partners_sequences/QUB/ab1_files/IPO339_58123394_D2.ab1	TRUE	PRESENT	335692	2024-04-29T09:44:10	UNAVAILABLE	"PermissionError: [Errno 1] Operation not permitted: ""/Users/nicholas/Library/CloudStorage/OneDrive-SharedLibraries-Queen'sUniversityBelfast/RUMEN Gateway QUB-Scientific_Consortium - Documents/03_Partners_sequences/QUB/ab1_files"""
590	MATCHED_SH_PRIMER_BP	155	sh_id,primer,base_pairs,used_bc	1	1			QUB	SH_0768	SH_ID	SH_0768	QUB_0216	QUB_27F_0216	27F	1091	615	Bacteria	RS_GCF_040681735.1	d__Bacteria;p__Actinomycetota;c__Actinomycetes;o__Mycobacteriales;f__Micromonosporaceae;g__Actinoplanes;s__Actinoplanes sp040681735	99.6							1637	DB_00693	Rumen_Gateway	PhD_Theano	missing_maldi	USED	SH_0768	314	>IPO339_E2	>IPO339_58123394_E2	2024-01-03 00:00:00	11108725344-1	Plate		2024-04-29 00:00:00	11108886591	F	27F	1091	NS	Dilution_to_extinction		BHI+RF	2023	BHI+RF	medium	grey	smooth	In_process			HoloRuminant	NR	bovine	NR	37245	Conventional	49	IPO339_58123394_E2.ab1	/Users/nicholas/Library/CloudStorage/OneDrive-SharedLibraries-Queen'sUniversityBelfast/RUMEN Gateway QUB-Scientific_Consortium - Documents/03_Partners_sequences/QUB/ab1_files/IPO339_58123394_E2.ab1	TRUE	PRESENT	336584	2024-04-29T09:44:12	UNAVAILABLE	"PermissionError: [Errno 1] Operation not permitted: ""/Users/nicholas/Library/CloudStorage/OneDrive-SharedLibraries-Queen'sUniversityBelfast/RUMEN Gateway QUB-Scientific_Consortium - Documents/03_Partners_sequences/QUB/ab1_files"""
591	MATCHED_SH_PRIMER_BP	155	sh_id,primer,base_pairs,used_bc	1	1			QUB	SH_0769	SH_ID	SH_0769	QUB_0225	QUB_27F_0225	27F	1148	616	Bacteria	RS_GCF_000160755.1	d__Bacteria;p__Pseudomonadota;c__Gammaproteobacteria;o__Enterobacterales;f__Enterobacteriaceae;g__Proteus;s__Proteus mirabilis	99.8							1638	DB_00705	Rumen_Gateway	PhD_Theano	missing_maldi	USED	SH_0769	315	>IPO339_F2	>IPO339_58123394_F2	2024-01-03 00:00:00	11108725344-1	Plate		2024-04-29 00:00:00	11108886591	F	27F	1148	NS	Dilution_to_extinction		BHI+RF	2023	BHI+RF	small	cream	smooth	In_process			HoloRuminant	NR	bovine	NR	37525	Intensive	28	IPO339_58123394_F2.ab1	/Users/nicholas/Library/CloudStorage/OneDrive-SharedLibraries-Queen'sUniversityBelfast/RUMEN Gateway QUB-Scientific_Consortium - Documents/03_Partners_sequences/QUB/ab1_files/IPO339_58123394_F2.ab1	TRUE	PRESENT	337065	2024-04-29T09:44:12	UNAVAILABLE	"PermissionError: [Errno 1] Operation not permitted: ""/Users/nicholas/Library/CloudStorage/OneDrive-SharedLibraries-Queen'sUniversityBelfast/RUMEN Gateway QUB-Scientific_Consortium - Documents/03_Partners_sequences/QUB/ab1_files"""
592	MATCHED_SH_PRIMER_BP	155	sh_id,primer,base_pairs,used_bc	1	1			QUB	SH_0770	SH_ID	SH_0770	QUB_0234	QUB_27F_0234	27F	1142	617	Bacteria	RS_GCF_011038845.1	d__Bacteria;p__Bacillota;c__Bacilli;o__Lactobacillales;f__Enterococcaceae;g__Enterococcus_B;s__Enterococcus_B sp011038845	99.6							1639	DB_00717	Rumen_Gateway	PhD_Theano	missing_maldi	USED	SH_0770	316	>IPO339_G2	>IPO339_58123394_G2	2024-01-03 00:00:00	11108725344-1	Plate		2024-04-29 00:00:00	11108886591	F	27F	1142	NS	Dilution_to_extinction		BHI+RF	2023	BHI+RF	small	white	smooth	In_process			HoloRuminant	NR	bovine	NR	37525	Intensive	12	IPO339_58123394_G2.ab1	/Users/nicholas/Library/CloudStorage/OneDrive-SharedLibraries-Queen'sUniversityBelfast/RUMEN Gateway QUB-Scientific_Consortium - Documents/03_Partners_sequences/QUB/ab1_files/IPO339_58123394_G2.ab1	TRUE	PRESENT	331021	2024-04-29T09:44:12	UNAVAILABLE	"PermissionError: [Errno 1] Operation not permitted: ""/Users/nicholas/Library/CloudStorage/OneDrive-SharedLibraries-Queen'sUniversityBelfast/RUMEN Gateway QUB-Scientific_Consortium - Documents/03_Partners_sequences/QUB/ab1_files"""
593	MATCHED_SH_PRIMER_BP	155	sh_id,primer,base_pairs,used_bc	1	1			QUB	SH_0771	SH_ID	SH_0771	QUB_0242	QUB_27F_0242	27F	1193	618	Bacteria	RS_GCF_000160755.1	d__Bacteria;p__Pseudomonadota;c__Gammaproteobacteria;o__Enterobacterales;f__Enterobacteriaceae;g__Proteus;s__Proteus mirabilis	99.5							1640	DB_00729	Rumen_Gateway	PhD_Theano	missing_maldi	USED	SH_0771	317	>IPO339_H2	>IPO339_58123394_H2	2024-01-03 00:00:00	11108725344-1	Plate		2024-04-29 00:00:00	11108886591	F	27F	1193	NS	Dilution_to_extinction		BHI+RF	2023	BHI+RF	small	cream	smooth	In_process			HoloRuminant	NR	bovine	NR	37525	Intensive	28	IPO339_58123394_H2.ab1	/Users/nicholas/Library/CloudStorage/OneDrive-SharedLibraries-Queen'sUniversityBelfast/RUMEN Gateway QUB-Scientific_Consortium - Documents/03_Partners_sequences/QUB/ab1_files/IPO339_58123394_H2.ab1	TRUE	PRESENT	326318	2024-04-29T09:44:12	UNAVAILABLE	"PermissionError: [Errno 1] Operation not permitted: ""/Users/nicholas/Library/CloudStorage/OneDrive-SharedLibraries-Queen'sUniversityBelfast/RUMEN Gateway QUB-Scientific_Consortium - Documents/03_Partners_sequences/QUB/ab1_files"""
594	MATCHED_SH_PRIMER_BP	155	sh_id,primer,base_pairs,used_bc	1	1			QUB	SH_0772	SH_ID	SH_0772	QUB_0186	QUB_27F_0186	27F	1172	619	Bacteria	RS_GCF_001297065.1	d__Bacteria;p__Bacillota;c__Bacilli;o__Lactobacillales;f__Enterococcaceae;g__Enterococcus_D;s__Enterococcus_D sp001297065	99.5							1641	DB_00646	Rumen_Gateway	PhD_Theano	missing_maldi	USED	SH_0772	318	>IPO339_A3	>IPO339_58123394_A3	2024-01-03 00:00:00	11108725344-1	Plate		2024-04-29 00:00:00	11108886591	F	27F	1172	NS	Dilution_to_extinction		BHI+RF	2023	BHI+RF	small	white with cream edges	smooth	In_process			HoloRuminant	NR	bovine	NR	37363	Intensive	28	IPO339_58123394_A3.ab1	/Users/nicholas/Library/CloudStorage/OneDrive-SharedLibraries-Queen'sUniversityBelfast/RUMEN Gateway QUB-Scientific_Consortium - Documents/03_Partners_sequences/QUB/ab1_files/IPO339_58123394_A3.ab1	TRUE	PRESENT	333668	2024-04-29T09:44:10	UNAVAILABLE	"PermissionError: [Errno 1] Operation not permitted: ""/Users/nicholas/Library/CloudStorage/OneDrive-SharedLibraries-Queen'sUniversityBelfast/RUMEN Gateway QUB-Scientific_Consortium - Documents/03_Partners_sequences/QUB/ab1_files"""
595	MATCHED_SH_PRIMER_BP	155	sh_id,primer,base_pairs,used_bc	2	1		row=1643|db=DB_00711|short=IPO339_F8|fasta=IPO339_58123394_F8|primer=27F|bp=1133|score=130|reasons=sh_id,primer,used_bc	QUB	SH_0773	SH_ID	SH_0773	QUB_0195	QUB_27F_0195	27F	957	620	Bacteria	RS_GCF_000290615.1	d__Bacteria;p__Bacillota;c__Bacilli;o__Bacillales_B;f__Bacillaceae_C;g__Weizmannia;s__Weizmannia coagulans	99.8				MWL13			1642	DB_00658	Rumen_Gateway	PhD_Theano	Dead	USED	SH_0773	319	>IPO339_B3	>IPO339_58123394_B3	2024-01-03 00:00:00	11108725344-1	Plate		2024-04-29 00:00:00	11108886591	F	27F	957	NS	Dilution_to_extinction		BHI+RF	2023	BHI+RF				In_process			HoloRuminant	NR	bovine	NR	37352	Conventional	49	IPO339_58123394_B3.ab1	/Users/nicholas/Library/CloudStorage/OneDrive-SharedLibraries-Queen'sUniversityBelfast/RUMEN Gateway QUB-Scientific_Consortium - Documents/03_Partners_sequences/QUB/ab1_files/IPO339_58123394_B3.ab1	TRUE	PRESENT	360901	2024-04-29T09:44:10	UNAVAILABLE	"PermissionError: [Errno 1] Operation not permitted: ""/Users/nicholas/Library/CloudStorage/OneDrive-SharedLibraries-Queen'sUniversityBelfast/RUMEN Gateway QUB-Scientific_Consortium - Documents/03_Partners_sequences/QUB/ab1_files"""
596	MATCHED_SH_PRIMER_BP	155	sh_id,primer,base_pairs,used_bc	2	1		row=1642|db=DB_00658|short=IPO339_B3|fasta=IPO339_58123394_B3|primer=27F|bp=957|score=130|reasons=sh_id,primer,used_bc	QUB	SH_0773	SH_ID	SH_0773	QUB_0230	QUB_27F_0230	27F	1133	621	Bacteria	GB_GCA_022482495.1	d__Bacteria;p__Spirochaetota;c__Spirochaetia;o__Sphaerochaetales;f__Sphaerochaetaceae;g__RUG023;s__RUG023 sp022482495	89.7							1643	DB_00711	Rumen_Gateway	PhD_Theano	Dead	USED	SH_0773	319	>IPO339_F8	>IPO339_58123394_F8	2024-01-03 00:00:00	11108725344-1	Plate		2024-04-29 00:00:00	11108886591	F	27F	1133	NS	Dilution_to_extinction		BHI+RF	2023	BHI+RF				In_process			HoloRuminant	NR	bovine	NR	37352	Conventional	49	IPO339_58123394_F8.ab1	/Users/nicholas/Library/CloudStorage/OneDrive-SharedLibraries-Queen'sUniversityBelfast/RUMEN Gateway QUB-Scientific_Consortium - Documents/03_Partners_sequences/QUB/ab1_files/IPO339_58123394_F8.ab1	TRUE	PRESENT	339969	2024-04-29T09:44:12	UNAVAILABLE	"PermissionError: [Errno 1] Operation not permitted: ""/Users/nicholas/Library/CloudStorage/OneDrive-SharedLibraries-Queen'sUniversityBelfast/RUMEN Gateway QUB-Scientific_Consortium - Documents/03_Partners_sequences/QUB/ab1_files"""
597	MATCHED_SH_PRIMER_BP	155	sh_id,primer,base_pairs,used_bc	1	1			QUB	SH_0774	SH_ID	SH_0774	QUB_0202	QUB_27F_0202	27F	1155	622	Bacteria	GB_GCA_000513555.1	d__Bacteria;p__Bacillota;c__Clostridia;o__Lachnospirales;f__Lachnospiraceae;g__Oribacterium;s__Oribacterium sp000513555	91.2							1644	DB_00670	Rumen_Gateway	PhD_Theano	missing_maldi	USED	SH_0774	320	>IPO339_C3	>IPO339_58123394_C3	2024-01-03 00:00:00	11108725344-1	Plate		2024-04-29 00:00:00	11108886591	F	27F	1155	NS	Dilution_to_extinction		BHI+RF	2023	BHI+RF	pinpoint	white	smooth	In_process			HoloRuminant	NR	bovine	NR	37525	Intensive	12	IPO339_58123394_C3.ab1	/Users/nicholas/Library/CloudStorage/OneDrive-SharedLibraries-Queen'sUniversityBelfast/RUMEN Gateway QUB-Scientific_Consortium - Documents/03_Partners_sequences/QUB/ab1_files/IPO339_58123394_C3.ab1	TRUE	PRESENT	338327	2024-04-29T09:44:10	UNAVAILABLE	"PermissionError: [Errno 1] Operation not permitted: ""/Users/nicholas/Library/CloudStorage/OneDrive-SharedLibraries-Queen'sUniversityBelfast/RUMEN Gateway QUB-Scientific_Consortium - Documents/03_Partners_sequences/QUB/ab1_files"""
598	MATCHED_SH_PRIMER_BP	155	sh_id,primer,base_pairs,used_bc	1	1			QUB	SH_0775	SH_ID	SH_0775	QUB_0210	QUB_27F_0210	27F	1140	623	Bacteria	RS_GCF_000160755.1	d__Bacteria;p__Pseudomonadota;c__Gammaproteobacteria;o__Enterobacterales;f__Enterobacteriaceae;g__Proteus;s__Proteus mirabilis	99.7							1645	DB_00682	Rumen_Gateway	PhD_Theano	Dead	USED	SH_0775	321	>IPO339_D3	>IPO339_58123394_D3	2024-01-03 00:00:00	11108725344-1	Plate		2024-04-29 00:00:00	11108886591	F	27F	1140	NS	Dilution_to_extinction		BHI+RF	2023	BHI+RF				In_process			HoloRuminant	NR	bovine	NR	37525	Intensive	28	IPO339_58123394_D3.ab1	/Users/nicholas/Library/CloudStorage/OneDrive-SharedLibraries-Queen'sUniversityBelfast/RUMEN Gateway QUB-Scientific_Consortium - Documents/03_Partners_sequences/QUB/ab1_files/IPO339_58123394_D3.ab1	TRUE	PRESENT	338449	2024-04-29T09:44:10	UNAVAILABLE	"PermissionError: [Errno 1] Operation not permitted: ""/Users/nicholas/Library/CloudStorage/OneDrive-SharedLibraries-Queen'sUniversityBelfast/RUMEN Gateway QUB-Scientific_Consortium - Documents/03_Partners_sequences/QUB/ab1_files"""
599	MATCHED_SH_PRIMER_BP	155	sh_id,primer,base_pairs,used_bc	1	1			QUB	SH_0776	SH_ID	SH_0776	QUB_0269	QUB_27F_0269	27F	1168	624	Bacteria	RS_GCF_000160755.1	d__Bacteria;p__Pseudomonadota;c__Gammaproteobacteria;o__Enterobacterales;f__Enterobacteriaceae;g__Proteus;s__Proteus mirabilis	99.6							1646	DB_00759	Rumen_Gateway	PhD_Theano	missing_maldi	USED	SH_0776	322	>IPO340_B8	>IPO340_58123400_B8	2024-01-03 00:00:00	11108725344-1	Plate		2024-04-24 00:00:00	11108881734	F	27F	1168	NS	Dilution_to_extinction		BHI+RF	2023	BHI+RF	small	cream	smooth	In_process			HoloRuminant	NR	bovine	NR	37525	Intensive	28	IPO340_58123400_B8.ab1	/Users/nicholas/Library/CloudStorage/OneDrive-SharedLibraries-Queen'sUniversityBelfast/RUMEN Gateway QUB-Scientific_Consortium - Documents/03_Partners_sequences/QUB/ab1_files/IPO340_58123400_B8.ab1	TRUE	PRESENT	339266	2024-04-24T12:22:00	UNAVAILABLE	"PermissionError: [Errno 1] Operation not permitted: ""/Users/nicholas/Library/CloudStorage/OneDrive-SharedLibraries-Queen'sUniversityBelfast/RUMEN Gateway QUB-Scientific_Consortium - Documents/03_Partners_sequences/QUB/ab1_files"""
600	MATCHED_SH_PRIMER_BP	155	sh_id,primer,base_pairs,used_bc	1	1			QUB	SH_0777	SH_ID	SH_0777	QUB_0217	QUB_27F_0217	27F	1114	625	Bacteria	RS_GCF_000011645.1	d__Bacteria;p__Bacillota;c__Bacilli;o__Bacillales;f__Bacillaceae;g__Bacillus;s__Bacillus licheniformis	99.4							1647	DB_00694	Rumen_Gateway	PhD_Theano	Dead	USED	SH_0777	323	>IPO339_E3	>IPO339_58123394_E3	2024-01-03 00:00:00	11108725344-1	Plate		2024-04-29 00:00:00	11108886591	F	27F	1114	NS	Dilution_to_extinction		BHI+RF	2023	BHI+RF				In_process			HoloRuminant	NR	bovine	NR	37525	Intensive	12	IPO339_58123394_E3.ab1	/Users/nicholas/Library/CloudStorage/OneDrive-SharedLibraries-Queen'sUniversityBelfast/RUMEN Gateway QUB-Scientific_Consortium - Documents/03_Partners_sequences/QUB/ab1_files/IPO339_58123394_E3.ab1	TRUE	PRESENT	338284	2024-04-29T09:44:12	UNAVAILABLE	"PermissionError: [Errno 1] Operation not permitted: ""/Users/nicholas/Library/CloudStorage/OneDrive-SharedLibraries-Queen'sUniversityBelfast/RUMEN Gateway QUB-Scientific_Consortium - Documents/03_Partners_sequences/QUB/ab1_files"""
601	MATCHED_SH_PRIMER_BP	155	sh_id,primer,base_pairs,used_bc	1	1			QUB	SH_0778	SH_ID	SH_0778	QUB_0281	QUB_27F_0281	27F	1113	626	Bacteria	GB_GCA_008764295.1	d__Bacteria;p__Bacillota;c__Bacilli;o__Bacillales_B;f__DSM-18226;g__Robertmurraya;s__Robertmurraya methanolica_A	98.9				MWL4			1648	DB_00771	Rumen_Gateway	PhD_Theano	missing_maldi	USED	SH_0778	324	>IPO340_C8	>IPO340_58123400_C8	2024-01-03 00:00:00	11108725344-1	Plate		2024-04-24 00:00:00	11108881734	F	27F	1113	NS	Dilution_to_extinction		BHI+RF	2023	BHI+RF	small	cream	smooth	In_process			HoloRuminant	NR	bovine	NR	37363	Intensive	28	IPO340_58123400_C8.ab1	/Users/nicholas/Library/CloudStorage/OneDrive-SharedLibraries-Queen'sUniversityBelfast/RUMEN Gateway QUB-Scientific_Consortium - Documents/03_Partners_sequences/QUB/ab1_files/IPO340_58123400_C8.ab1	TRUE	PRESENT	339398	2024-04-24T12:22:02	UNAVAILABLE	"PermissionError: [Errno 1] Operation not permitted: ""/Users/nicholas/Library/CloudStorage/OneDrive-SharedLibraries-Queen'sUniversityBelfast/RUMEN Gateway QUB-Scientific_Consortium - Documents/03_Partners_sequences/QUB/ab1_files"""
602	MATCHED_SH_PRIMER_BP	155	sh_id,primer,base_pairs,used_bc	1	1			QUB	SH_0779	SH_ID	SH_0779	QUB_0293	QUB_27F_0293	27F	1122	627	Bacteria	RS_GCF_012844235.1	d__Bacteria;p__Actinomycetota;c__Coriobacteriia;o__Coriobacteriales;f__Atopobiaceae;g__Parafannyhessea;s__Parafannyhessea sp900538935	99.3				MWL4			1649	DB_00783	Rumen_Gateway	PhD_Theano	missing_maldi	USED	SH_0779	325	>IPO340_D8	>IPO340_58123400_D8	2024-01-03 00:00:00	11108725344-1	Plate		2024-04-24 00:00:00	11108881734	F	27F	1122	NS	Dilution_to_extinction		BHI+RF	2023	BHI+RF	pinpoint	white	smooth	In_process			HoloRuminant	NR	bovine	NR	37525	Intensive	12	IPO340_58123400_D8.ab1	/Users/nicholas/Library/CloudStorage/OneDrive-SharedLibraries-Queen'sUniversityBelfast/RUMEN Gateway QUB-Scientific_Consortium - Documents/03_Partners_sequences/QUB/ab1_files/IPO340_58123400_D8.ab1	TRUE	PRESENT	344230	2024-04-24T12:22:02	UNAVAILABLE	"PermissionError: [Errno 1] Operation not permitted: ""/Users/nicholas/Library/CloudStorage/OneDrive-SharedLibraries-Queen'sUniversityBelfast/RUMEN Gateway QUB-Scientific_Consortium - Documents/03_Partners_sequences/QUB/ab1_files"""
603	MATCHED_SH_PRIMER_BP	155	sh_id,primer,base_pairs,used_bc	1	1			QUB	SH_0780	SH_ID	SH_0780	QUB_0304	QUB_27F_0304	27F	1144	628	Bacteria	RS_GCF_000160755.1	d__Bacteria;p__Pseudomonadota;c__Gammaproteobacteria;o__Enterobacterales;f__Enterobacteriaceae;g__Proteus;s__Proteus mirabilis	99.7							1650	DB_00795	Rumen_Gateway	PhD_Theano	missing_maldi	USED	SH_0780	326	>IPO340_E8	>IPO340_58123400_E8	2024-01-03 00:00:00	11108725344-1	Plate		2024-04-24 00:00:00	11108881734	F	27F	1144	NS	Dilution_to_extinction		BHI+RF	2023	BHI+RF	small	yellow with transparent edges	smooth	In_process			HoloRuminant	NR	bovine	NR	37363	Intensive	49	IPO340_58123400_E8.ab1	/Users/nicholas/Library/CloudStorage/OneDrive-SharedLibraries-Queen'sUniversityBelfast/RUMEN Gateway QUB-Scientific_Consortium - Documents/03_Partners_sequences/QUB/ab1_files/IPO340_58123400_E8.ab1	TRUE	PRESENT	341629	2024-04-24T12:22:02	UNAVAILABLE	"PermissionError: [Errno 1] Operation not permitted: ""/Users/nicholas/Library/CloudStorage/OneDrive-SharedLibraries-Queen'sUniversityBelfast/RUMEN Gateway QUB-Scientific_Consortium - Documents/03_Partners_sequences/QUB/ab1_files"""
604	MATCHED_SH_PRIMER_BP	155	sh_id,primer,base_pairs,used_bc	1	1			QUB	SH_0781	SH_ID	SH_0781	QUB_0316	QUB_27F_0316	27F	1130	629	Bacteria	RS_GCF_025660415.1	d__Bacteria;p__Bacillota;c__Bacilli;o__Bacillales_B;f__Caldibacillaceae;g__Pallidibacillus;s__Pallidibacillus thermolactis	99.6							1651	DB_00807	Rumen_Gateway	PhD_Theano	missing_maldi	USED	SH_0781	327	>IPO340_F8	>IPO340_58123400_F8	2024-01-03 00:00:00	11108725344-1	Plate		2024-04-24 00:00:00	11108881734	F	27F	1130	NS	Dilution_to_extinction		BHI+RF	2023	BHI+RF	small	cream with transparent edges	smooth	In_process			HoloRuminant	NR	bovine	NR	37363	Intensive	49	IPO340_58123400_F8.ab1	/Users/nicholas/Library/CloudStorage/OneDrive-SharedLibraries-Queen'sUniversityBelfast/RUMEN Gateway QUB-Scientific_Consortium - Documents/03_Partners_sequences/QUB/ab1_files/IPO340_58123400_F8.ab1	TRUE	PRESENT	337680	2024-04-24T12:22:02	UNAVAILABLE	"PermissionError: [Errno 1] Operation not permitted: ""/Users/nicholas/Library/CloudStorage/OneDrive-SharedLibraries-Queen'sUniversityBelfast/RUMEN Gateway QUB-Scientific_Consortium - Documents/03_Partners_sequences/QUB/ab1_files"""
605	MATCHED_SH_PRIMER_BP	155	sh_id,primer,base_pairs,used_bc	3	1		row=1653|db=DB_01725|short=KCX843|fasta=KCX843_68358434_68358434|primer=27F|bp=1208|score=130|reasons=sh_id,primer,used_bc; row=1654|db=DB_01726|short=KCX844|fasta=KCX844_68358441_68358441|primer=1492R|bp=1284|score=105|reasons=sh_id,used_bc	QUB	SH_0782	SH_ID	SH_0782	QUB_0328	QUB_27F_0328	27F	1120	630	Bacteria	RS_GCF_000160755.1	d__Bacteria;p__Pseudomonadota;c__Gammaproteobacteria;o__Enterobacterales;f__Enterobacteriaceae;g__Proteus;s__Proteus mirabilis	99.5				MWL4			1652	DB_00819	Rumen_Gateway	PhD_Theano	missing_maldi	USED	SH_0782	328	>IPO340_G8	>IPO340_58123400_G8	2024-01-03 00:00:00	11108725344-1	Plate		2024-04-24 00:00:00	11108881734	F	27F	1120	D1.2 Box 1	Dilution_to_extinction		BHI+RF	2023	BHI+RF	small	yellow with cream edges	smooth	Unreliable			HoloRuminant	NR	bovine	NR	37525	Intensive	12	IPO340_58123400_G8.ab1	/Users/nicholas/Library/CloudStorage/OneDrive-SharedLibraries-Queen'sUniversityBelfast/RUMEN Gateway QUB-Scientific_Consortium - Documents/03_Partners_sequences/QUB/ab1_files/IPO340_58123400_G8.ab1	TRUE	PRESENT	336002	2024-04-24T12:22:04	UNAVAILABLE	"PermissionError: [Errno 1] Operation not permitted: ""/Users/nicholas/Library/CloudStorage/OneDrive-SharedLibraries-Queen'sUniversityBelfast/RUMEN Gateway QUB-Scientific_Consortium - Documents/03_Partners_sequences/QUB/ab1_files"""
606	MATCHED_SH_PRIMER_BP	155	sh_id,primer,base_pairs,used_bc	1	1			QUB	SH_0784	SH_ID	SH_0784	QUB_0339	QUB_27F_0339	27F	1193	631	Bacteria	RS_GCF_000160755.1	d__Bacteria;p__Pseudomonadota;c__Gammaproteobacteria;o__Enterobacterales;f__Enterobacteriaceae;g__Proteus;s__Proteus mirabilis	99.2							1656	DB_00831	Rumen_Gateway	PhD_Theano	missing_maldi	USED	SH_0784	330	>IPO340_H8	>IPO340_58123400_H8	2024-01-03 00:00:00	11108725344-1	Plate		2024-04-24 00:00:00	11108881734	F	27F	1193	NS	Dilution_to_extinction		BHI+RF	2023	BHI+RF	big	transparent	rough	In_process			HoloRuminant	NR	bovine	NR	37352	Conventional	49	IPO340_58123400_H8.ab1	/Users/nicholas/Library/CloudStorage/OneDrive-SharedLibraries-Queen'sUniversityBelfast/RUMEN Gateway QUB-Scientific_Consortium - Documents/03_Partners_sequences/QUB/ab1_files/IPO340_58123400_H8.ab1	TRUE	PRESENT	334320	2024-04-24T12:22:04	UNAVAILABLE	"PermissionError: [Errno 1] Operation not permitted: ""/Users/nicholas/Library/CloudStorage/OneDrive-SharedLibraries-Queen'sUniversityBelfast/RUMEN Gateway QUB-Scientific_Consortium - Documents/03_Partners_sequences/QUB/ab1_files"""
607	MATCHED_SH_PRIMER_BP	155	sh_id,primer,base_pairs,used_bc	2	1		row=1658|db=DB_00748|short=IPO340_A9|fasta=IPO340_58123400_A9|primer=27F|bp=17|score=130|reasons=sh_id,primer,used_bc	QUB	SH_0785	SH_ID	SH_0785	QUB_0237	QUB_27F_0237	27F	1094	632	Bacteria	GB_GCA_905197905.1	d__Bacteria;p__Pseudomonadota;c__Gammaproteobacteria;o__Burkholderiales;f__Burkholderiaceae;g__Sutterella;s__Sutterella sp905197905	99.9							1657	DB_00721	Rumen_Gateway	PhD_Theano	missing_maldi	USED	SH_0785	331	>IPO339_G6	>IPO339_58123394_G6	2024-01-03 00:00:00	11108725344-1	Plate		2024-04-29 00:00:00	11108886591	F	27F	1094	NS	Dilution_to_extinction		BHI+RF	2023	BHI+RF	small	cream with transparent edges	rough	In_process			HoloRuminant	NR	bovine	NR	37363	Intensive	28	IPO339_58123394_G6.ab1	/Users/nicholas/Library/CloudStorage/OneDrive-SharedLibraries-Queen'sUniversityBelfast/RUMEN Gateway QUB-Scientific_Consortium - Documents/03_Partners_sequences/QUB/ab1_files/IPO339_58123394_G6.ab1	TRUE	PRESENT	337238	2024-04-29T09:44:12	UNAVAILABLE	"PermissionError: [Errno 1] Operation not permitted: ""/Users/nicholas/Library/CloudStorage/OneDrive-SharedLibraries-Queen'sUniversityBelfast/RUMEN Gateway QUB-Scientific_Consortium - Documents/03_Partners_sequences/QUB/ab1_files"""
608	MATCHED_SH_PRIMER_BP	155	sh_id,primer,base_pairs,used_bc	1	1			QUB	SH_0786	SH_ID	SH_0786	QUB_0270	QUB_27F_0270	27F	1155	633	Bacteria	RS_GCF_000160755.1	d__Bacteria;p__Pseudomonadota;c__Gammaproteobacteria;o__Enterobacterales;f__Enterobacteriaceae;g__Proteus;s__Proteus mirabilis	99.3							1659	DB_00760	Rumen_Gateway	PhD_Theano	missing_maldi	USED	SH_0786	332	>IPO340_B9	>IPO340_58123400_B9	2024-01-03 00:00:00	11108725344-1	Plate		2024-04-24 00:00:00	11108881734	F	27F	1155	NS	Dilution_to_extinction		BHI+RF	2023	BHI+RF	small	cream	smooth	In_process			HoloRuminant	NR	bovine	NR	37186	Intensive	28	IPO340_58123400_B9.ab1	/Users/nicholas/Library/CloudStorage/OneDrive-SharedLibraries-Queen'sUniversityBelfast/RUMEN Gateway QUB-Scientific_Consortium - Documents/03_Partners_sequences/QUB/ab1_files/IPO340_58123400_B9.ab1	TRUE	PRESENT	339260	2024-04-24T12:22:00	UNAVAILABLE	"PermissionError: [Errno 1] Operation not permitted: ""/Users/nicholas/Library/CloudStorage/OneDrive-SharedLibraries-Queen'sUniversityBelfast/RUMEN Gateway QUB-Scientific_Consortium - Documents/03_Partners_sequences/QUB/ab1_files"""
609	MATCHED_SH_PRIMER_BP	155	sh_id,primer,base_pairs,used_bc	1	1			QUB	SH_0787	SH_ID	SH_0787	QUB_0282	QUB_27F_0282	27F	1148	634	Bacteria	RS_GCF_025660415.1	d__Bacteria;p__Bacillota;c__Bacilli;o__Bacillales_B;f__Caldibacillaceae;g__Pallidibacillus;s__Pallidibacillus thermolactis	99.2							1660	DB_00772	Rumen_Gateway	PhD_Theano	missing_maldi	USED	SH_0787	333	>IPO340_C9	>IPO340_58123400_C9	2024-01-03 00:00:00	11108725344-1	Plate		2024-04-24 00:00:00	11108881734	F	27F	1148	NS	Dilution_to_extinction		BHI+RF	2023	BHI+RF	small	cream with transparent edges	rough	In_process			HoloRuminant	NR	bovine	NR	37363	Intensive	49	IPO340_58123400_C9.ab1	/Users/nicholas/Library/CloudStorage/OneDrive-SharedLibraries-Queen'sUniversityBelfast/RUMEN Gateway QUB-Scientific_Consortium - Documents/03_Partners_sequences/QUB/ab1_files/IPO340_58123400_C9.ab1	TRUE	PRESENT	339056	2024-04-24T12:22:02	UNAVAILABLE	"PermissionError: [Errno 1] Operation not permitted: ""/Users/nicholas/Library/CloudStorage/OneDrive-SharedLibraries-Queen'sUniversityBelfast/RUMEN Gateway QUB-Scientific_Consortium - Documents/03_Partners_sequences/QUB/ab1_files"""
610	MATCHED_SH_PRIMER_BP	155	sh_id,primer,base_pairs,used_bc	1	1			QUB	SH_0788	SH_ID	SH_0788	QUB_0294	QUB_27F_0294	27F	1180	635	Bacteria	RS_GCF_000160755.1	d__Bacteria;p__Pseudomonadota;c__Gammaproteobacteria;o__Enterobacterales;f__Enterobacteriaceae;g__Proteus;s__Proteus mirabilis	99.6							1661	DB_00784	Rumen_Gateway	PhD_Theano	missing_maldi	USED	SH_0788	334	>IPO340_D9	>IPO340_58123400_D9	2024-01-03 00:00:00	11108725344-1	Plate		2024-04-24 00:00:00	11108881734	F	27F	1180	NS	Dilution_to_extinction		BHI+RF	2023	BHI+RF	pinpoint	cream	smooth	In_process			HoloRuminant	NR	bovine	NR	37525	Intensive	49	IPO340_58123400_D9.ab1	/Users/nicholas/Library/CloudStorage/OneDrive-SharedLibraries-Queen'sUniversityBelfast/RUMEN Gateway QUB-Scientific_Consortium - Documents/03_Partners_sequences/QUB/ab1_files/IPO340_58123400_D9.ab1	TRUE	PRESENT	337933	2024-04-24T12:22:02	UNAVAILABLE	"PermissionError: [Errno 1] Operation not permitted: ""/Users/nicholas/Library/CloudStorage/OneDrive-SharedLibraries-Queen'sUniversityBelfast/RUMEN Gateway QUB-Scientific_Consortium - Documents/03_Partners_sequences/QUB/ab1_files"""
611	MATCHED_SH_PRIMER_BP	155	sh_id,primer,base_pairs,used_bc	1	1			QUB	SH_0790	SH_ID	SH_0790	QUB_0305	QUB_27F_0305	27F	1176	636	Bacteria	RS_GCF_000160755.1	d__Bacteria;p__Pseudomonadota;c__Gammaproteobacteria;o__Enterobacterales;f__Enterobacteriaceae;g__Proteus;s__Proteus mirabilis	99.7							1663	DB_00796	Rumen_Gateway	PhD_Theano	missing_maldi	USED	SH_0790	336	>IPO340_E9	>IPO340_58123400_E9	2024-01-03 00:00:00	11108725344-1	Plate		2024-04-24 00:00:00	11108881734	F	27F	1176	NS	Dilution_to_extinction		BHI+RF	2023	BHI+RF	small	cream	smooth	In_process			HoloRuminant	NR	bovine	NR	37352	Conventional	49	IPO340_58123400_E9.ab1	/Users/nicholas/Library/CloudStorage/OneDrive-SharedLibraries-Queen'sUniversityBelfast/RUMEN Gateway QUB-Scientific_Consortium - Documents/03_Partners_sequences/QUB/ab1_files/IPO340_58123400_E9.ab1	TRUE	PRESENT	339668	2024-04-24T12:22:02	UNAVAILABLE	"PermissionError: [Errno 1] Operation not permitted: ""/Users/nicholas/Library/CloudStorage/OneDrive-SharedLibraries-Queen'sUniversityBelfast/RUMEN Gateway QUB-Scientific_Consortium - Documents/03_Partners_sequences/QUB/ab1_files"""
612	MATCHED_SH_PRIMER_BP	155	sh_id,primer,base_pairs,used_bc	1	1			QUB	SH_0792	SH_ID	SH_0792	QUB_0317	QUB_27F_0317	27F	1147	637	Bacteria	RS_GCF_040632975.1	d__Bacteria;p__Actinomycetota;c__Actinomycetes;o__Streptomycetales;f__Streptomycetaceae;g__Streptomyces;s__Streptomyces sp040632975	99.5							1665	DB_00808	Rumen_Gateway	PhD_Theano	missing_maldi	USED	SH_0792	338	>IPO340_F9	>IPO340_58123400_F9	2024-01-03 00:00:00	11108725344-1	Plate		2024-04-24 00:00:00	11108881734	F	27F	1147	NS	Dilution_to_extinction		BHI+RF	2023	BHI+RF	medium	cream with transparent edges	smooth	In_process			HoloRuminant	NR	bovine	NR	37186	Intensive	28	IPO340_58123400_F9.ab1	/Users/nicholas/Library/CloudStorage/OneDrive-SharedLibraries-Queen'sUniversityBelfast/RUMEN Gateway QUB-Scientific_Consortium - Documents/03_Partners_sequences/QUB/ab1_files/IPO340_58123400_F9.ab1	TRUE	PRESENT	338192	2024-04-24T12:22:02	UNAVAILABLE	"PermissionError: [Errno 1] Operation not permitted: ""/Users/nicholas/Library/CloudStorage/OneDrive-SharedLibraries-Queen'sUniversityBelfast/RUMEN Gateway QUB-Scientific_Consortium - Documents/03_Partners_sequences/QUB/ab1_files"""
613	MATCHED_SH_PRIMER_BP	155	sh_id,primer,base_pairs,used_bc	1	1			QUB	SH_0794	SH_ID	SH_0794	QUB_0329	QUB_27F_0329	27F	1145	638	Bacteria	RS_GCF_000011645.1	d__Bacteria;p__Bacillota;c__Bacilli;o__Bacillales;f__Bacillaceae;g__Bacillus;s__Bacillus licheniformis	99.3							1667	DB_00820	Rumen_Gateway	PhD_Theano	missing_maldi	USED	SH_0794	340	>IPO340_G9	>IPO340_58123400_G9	2024-01-03 00:00:00	11108725344-1	Plate		2024-04-24 00:00:00	11108881734	F	27F	1145	NS	Dilution_to_extinction		BHI+RF	2023	BHI+RF	small	white with transparent edges	smooth	In_process			HoloRuminant	NR	bovine	NR	37525	Intensive	49	IPO340_58123400_G9.ab1	/Users/nicholas/Library/CloudStorage/OneDrive-SharedLibraries-Queen'sUniversityBelfast/RUMEN Gateway QUB-Scientific_Consortium - Documents/03_Partners_sequences/QUB/ab1_files/IPO340_58123400_G9.ab1	TRUE	PRESENT	332142	2024-04-24T12:22:04	UNAVAILABLE	"PermissionError: [Errno 1] Operation not permitted: ""/Users/nicholas/Library/CloudStorage/OneDrive-SharedLibraries-Queen'sUniversityBelfast/RUMEN Gateway QUB-Scientific_Consortium - Documents/03_Partners_sequences/QUB/ab1_files"""
614	MATCHED_SH_PRIMER_BP	155	sh_id,primer,base_pairs,used_bc	1	1			QUB	SH_0795	SH_ID	SH_0795	QUB_0340	QUB_27F_0340	27F	1192	639	Bacteria	RS_GCF_025567465.1	d__Bacteria;p__Bacillota;c__Clostridia;o__Lachnospirales;f__Lachnospiraceae;g__Roseburia_C;s__Roseburia_C amylophila	98.5							1668	DB_00832	Rumen_Gateway	PhD_Theano	missing_maldi	USED	SH_0795	341	>IPO340_H9	>IPO340_58123400_H9	2024-01-03 00:00:00	11108725344-1	Plate		2024-04-24 00:00:00	11108881734	F	27F	1192	NS	Dilution_to_extinction		BHI+RF	2023	BHI+RF	medium	cream	smooth	In_process			HoloRuminant	NR	bovine	NR	37352	Conventional	49	IPO340_58123400_H9.ab1	/Users/nicholas/Library/CloudStorage/OneDrive-SharedLibraries-Queen'sUniversityBelfast/RUMEN Gateway QUB-Scientific_Consortium - Documents/03_Partners_sequences/QUB/ab1_files/IPO340_58123400_H9.ab1	TRUE	PRESENT	330571	2024-04-24T12:22:04	UNAVAILABLE	"PermissionError: [Errno 1] Operation not permitted: ""/Users/nicholas/Library/CloudStorage/OneDrive-SharedLibraries-Queen'sUniversityBelfast/RUMEN Gateway QUB-Scientific_Consortium - Documents/03_Partners_sequences/QUB/ab1_files"""
615	MATCHED_SH_PRIMER_BP	155	sh_id,primer,base_pairs,used_bc	2	1		row=1671|db=DB_00749|short=IPO340_A10|fasta=IPO340_58123400_A10|primer=27F|bp=15|score=130|reasons=sh_id,primer,used_bc	QUB	SH_0797	SH_ID	SH_0797	QUB_0228	QUB_27F_0228	27F	1160	640	Bacteria	RS_GCF_009697385.1	d__Bacteria;p__Bacillota;c__Negativicutes;o__Selenomonadales;f__Selenomonadaceae;g__Selenomonas_A;s__Selenomonas_A montiformis	95.2							1670	DB_00709	Rumen_Gateway	PhD_Theano	missing_maldi	USED	SH_0797	343	>IPO339_F6	>IPO339_58123394_F6	2024-01-03 00:00:00	11108725344-1	Plate		2024-04-29 00:00:00	11108886591	F	27F	1160	NS	Dilution_to_extinction		BHI+RF	2023	BHI+RF	big	transparent with brown centre	rough	In_process			HoloRuminant	NR	bovine	NR	37525	Intensive	12	IPO339_58123394_F6.ab1	/Users/nicholas/Library/CloudStorage/OneDrive-SharedLibraries-Queen'sUniversityBelfast/RUMEN Gateway QUB-Scientific_Consortium - Documents/03_Partners_sequences/QUB/ab1_files/IPO339_58123394_F6.ab1	TRUE	PRESENT	333042	2024-04-29T09:44:12	UNAVAILABLE	"PermissionError: [Errno 1] Operation not permitted: ""/Users/nicholas/Library/CloudStorage/OneDrive-SharedLibraries-Queen'sUniversityBelfast/RUMEN Gateway QUB-Scientific_Consortium - Documents/03_Partners_sequences/QUB/ab1_files"""
616	MATCHED_SH_PRIMER_BP	155	sh_id,primer,base_pairs,used_bc	1	1			QUB	SH_0798	SH_ID	SH_0798	QUB_0260	QUB_27F_0260	27F	1180	641	Bacteria	RS_GCF_000160755.1	d__Bacteria;p__Pseudomonadota;c__Gammaproteobacteria;o__Enterobacterales;f__Enterobacteriaceae;g__Proteus;s__Proteus mirabilis	99.6							1672	DB_00761	Rumen_Gateway	PhD_Theano	missing_maldi	USED	SH_0798	344	>IPO340_B10	>IPO340_58123400_B10	2024-01-03 00:00:00	11108725344-1	Plate		2024-04-24 00:00:00	11108881734	F	27F	1180	NS	Dilution_to_extinction		BHI+RF	2023	BHI+RF	small	cream with transparent edges	rough	In_process			HoloRuminant	NR	bovine	NR	37363	Intensive	49	IPO340_58123400_B10.ab1	/Users/nicholas/Library/CloudStorage/OneDrive-SharedLibraries-Queen'sUniversityBelfast/RUMEN Gateway QUB-Scientific_Consortium - Documents/03_Partners_sequences/QUB/ab1_files/IPO340_58123400_B10.ab1	TRUE	PRESENT	333246	2024-04-24T12:22:00	UNAVAILABLE	"PermissionError: [Errno 1] Operation not permitted: ""/Users/nicholas/Library/CloudStorage/OneDrive-SharedLibraries-Queen'sUniversityBelfast/RUMEN Gateway QUB-Scientific_Consortium - Documents/03_Partners_sequences/QUB/ab1_files"""
617	MATCHED_SH_PRIMER_BP	155	sh_id,primer,base_pairs,used_bc	1	1			QUB	SH_0799	SH_ID	SH_0799	QUB_0272	QUB_27F_0272	27F	1179	642	Bacteria	RS_GCF_000011645.1	d__Bacteria;p__Bacillota;c__Bacilli;o__Bacillales;f__Bacillaceae;g__Bacillus;s__Bacillus licheniformis	99.2							1673	DB_00773	Rumen_Gateway	PhD_Theano	missing_maldi	USED	SH_0799	345	>IPO340_C10	>IPO340_58123400_C10	2024-01-03 00:00:00	11108725344-1	Plate		2024-04-24 00:00:00	11108881734	F	27F	1179	NS	Dilution_to_extinction		BHI+RF	2023	BHI+RF	big	transparent	rough	In_process			HoloRuminant	NR	bovine	NR	37352	Conventional	49	IPO340_58123400_C10.ab1	/Users/nicholas/Library/CloudStorage/OneDrive-SharedLibraries-Queen'sUniversityBelfast/RUMEN Gateway QUB-Scientific_Consortium - Documents/03_Partners_sequences/QUB/ab1_files/IPO340_58123400_C10.ab1	TRUE	PRESENT	333423	2024-04-24T12:22:00	UNAVAILABLE	"PermissionError: [Errno 1] Operation not permitted: ""/Users/nicholas/Library/CloudStorage/OneDrive-SharedLibraries-Queen'sUniversityBelfast/RUMEN Gateway QUB-Scientific_Consortium - Documents/03_Partners_sequences/QUB/ab1_files"""
618	MATCHED_SH_PRIMER_BP	155	sh_id,primer,base_pairs,used_bc	1	1			QUB	SH_0800	SH_ID	SH_0800	QUB_0284	QUB_27F_0284	27F	1192	643	Bacteria	RS_GCF_040681735.1	d__Bacteria;p__Actinomycetota;c__Actinomycetes;o__Mycobacteriales;f__Micromonosporaceae;g__Actinoplanes;s__Actinoplanes sp040681735	99.3							1674	DB_00785	Rumen_Gateway	PhD_Theano	missing_maldi	USED	SH_0800	346	>IPO340_D10	>IPO340_58123400_D10	2024-01-03 00:00:00	11108725344-1	Plate		2024-04-24 00:00:00	11108881734	F	27F	1192	NS	Dilution_to_extinction		BHI+RF	2023	BHI+RF	small	cream with white centre	smooth	In_process			HoloRuminant	NR	bovine	NR	37186	Intensive	49	IPO340_58123400_D10.ab1	/Users/nicholas/Library/CloudStorage/OneDrive-SharedLibraries-Queen'sUniversityBelfast/RUMEN Gateway QUB-Scientific_Consortium - Documents/03_Partners_sequences/QUB/ab1_files/IPO340_58123400_D10.ab1	TRUE	PRESENT	335805	2024-04-24T12:22:02	UNAVAILABLE	"PermissionError: [Errno 1] Operation not permitted: ""/Users/nicholas/Library/CloudStorage/OneDrive-SharedLibraries-Queen'sUniversityBelfast/RUMEN Gateway QUB-Scientific_Consortium - Documents/03_Partners_sequences/QUB/ab1_files"""
619	MATCHED_SH_PRIMER_BP	155	sh_id,primer,base_pairs,used_bc	1	1			QUB	SH_0801	SH_ID	SH_0801	QUB_0296	QUB_27F_0296	27F	1147	644	Bacteria	RS_GCF_004309735.1	d__Bacteria;p__Desulfobacterota_I;c__Desulfovibrionia;o__Desulfovibrionales;f__Desulfovibrionaceae;g__Desulfovibrio;s__Desulfovibrio legallii	99.6							1675	DB_00797	Rumen_Gateway	PhD_Theano	missing_maldi	USED	SH_0801	347	>IPO340_E10	>IPO340_58123400_E10	2024-01-03 00:00:00	11108725344-1	Plate		2024-04-24 00:00:00	11108881734	F	27F	1147	NS	Dilution_to_extinction		BHI+RF	2023	BHI+RF	pinpoint	transparent	rough	In_process			HoloRuminant	NR	bovine	NR	37186	Intensive	49	IPO340_58123400_E10.ab1	/Users/nicholas/Library/CloudStorage/OneDrive-SharedLibraries-Queen'sUniversityBelfast/RUMEN Gateway QUB-Scientific_Consortium - Documents/03_Partners_sequences/QUB/ab1_files/IPO340_58123400_E10.ab1	TRUE	PRESENT	335717	2024-04-24T12:22:02	UNAVAILABLE	"PermissionError: [Errno 1] Operation not permitted: ""/Users/nicholas/Library/CloudStorage/OneDrive-SharedLibraries-Queen'sUniversityBelfast/RUMEN Gateway QUB-Scientific_Consortium - Documents/03_Partners_sequences/QUB/ab1_files"""
620	MATCHED_SH_PRIMER_BP	155	sh_id,primer,base_pairs,used_bc	1	1			QUB	SH_0802	SH_ID	SH_0802	QUB_0307	QUB_27F_0307	27F	1145	645	Bacteria	RS_GCF_027568575.1	d__Bacteria;p__Bacillota;c__Bacilli;o__Bacillales_B;f__Caldibacillaceae;g__Caldifermentibacillus;s__Caldifermentibacillus hisashii	99.1							1676	DB_00809	Rumen_Gateway	PhD_Theano	missing_maldi	USED	SH_0802	348	>IPO340_F10	>IPO340_58123400_F10	2024-01-03 00:00:00	11108725344-1	Plate		2024-04-24 00:00:00	11108881734	F	27F	1145	NS	Dilution_to_extinction		BHI+RF	2023	BHI+RF	medium	cream with transparent edges	smooth	In_process			HoloRuminant	NR	bovine	NR	37525	Intensive	49	IPO340_58123400_F10.ab1	/Users/nicholas/Library/CloudStorage/OneDrive-SharedLibraries-Queen'sUniversityBelfast/RUMEN Gateway QUB-Scientific_Consortium - Documents/03_Partners_sequences/QUB/ab1_files/IPO340_58123400_F10.ab1	TRUE	PRESENT	335423	2024-04-24T12:22:02	UNAVAILABLE	"PermissionError: [Errno 1] Operation not permitted: ""/Users/nicholas/Library/CloudStorage/OneDrive-SharedLibraries-Queen'sUniversityBelfast/RUMEN Gateway QUB-Scientific_Consortium - Documents/03_Partners_sequences/QUB/ab1_files"""
621	MATCHED_SH_PRIMER_BP	155	sh_id,primer,base_pairs,used_bc	1	1			QUB	SH_0803	SH_ID	SH_0803	QUB_0319	QUB_27F_0319	27F	1180	646	Bacteria	RS_GCF_000160755.1	d__Bacteria;p__Pseudomonadota;c__Gammaproteobacteria;o__Enterobacterales;f__Enterobacteriaceae;g__Proteus;s__Proteus mirabilis	99.2							1677	DB_00821	Rumen_Gateway	PhD_Theano	missing_maldi	USED	SH_0803	349	>IPO340_G10	>IPO340_58123400_G10	2024-01-03 00:00:00	11108725344-1	Plate		2024-04-24 00:00:00	11108881734	F	27F	1180	NS	Dilution_to_extinction		BHI+RF	2023	BHI+RF	small	cream with transparent edges	smooth	In_process			HoloRuminant	NR	bovine	NR	37186	Intensive	28	IPO340_58123400_G10.ab1	/Users/nicholas/Library/CloudStorage/OneDrive-SharedLibraries-Queen'sUniversityBelfast/RUMEN Gateway QUB-Scientific_Consortium - Documents/03_Partners_sequences/QUB/ab1_files/IPO340_58123400_G10.ab1	TRUE	PRESENT	333848	2024-04-24T12:22:02	UNAVAILABLE	"PermissionError: [Errno 1] Operation not permitted: ""/Users/nicholas/Library/CloudStorage/OneDrive-SharedLibraries-Queen'sUniversityBelfast/RUMEN Gateway QUB-Scientific_Consortium - Documents/03_Partners_sequences/QUB/ab1_files"""
622	MATCHED_SH_PRIMER_BP	155	sh_id,primer,base_pairs,used_bc	1	1			QUB	SH_0804	SH_ID	SH_0804	QUB_0331	QUB_27F_0331	27F	1086	647	Bacteria	RS_GCF_900187165.1	d__Bacteria;p__Bacillota;c__Clostridia;o__Clostridiales;f__Clostridiaceae;g__Clostridium_G;s__Clostridium_G cochlearium	99.4							1678	DB_00833	Rumen_Gateway	PhD_Theano	missing_maldi	USED	SH_0804	350	>IPO340_H10	>IPO340_58123400_H10	2024-01-03 00:00:00	11108725344-1	Plate		2024-04-24 00:00:00	11108881734	F	27F	1086	NS	Dilution_to_extinction		BHI+RF	2023	BHI+RF	small	cream with transparent edges	smooth	In_process			HoloRuminant	NR	bovine	NR	37186	Intensive	28	IPO340_58123400_H10.ab1	/Users/nicholas/Library/CloudStorage/OneDrive-SharedLibraries-Queen'sUniversityBelfast/RUMEN Gateway QUB-Scientific_Consortium - Documents/03_Partners_sequences/QUB/ab1_files/IPO340_58123400_H10.ab1	TRUE	PRESENT	329438	2024-04-24T12:22:04	UNAVAILABLE	"PermissionError: [Errno 1] Operation not permitted: ""/Users/nicholas/Library/CloudStorage/OneDrive-SharedLibraries-Queen'sUniversityBelfast/RUMEN Gateway QUB-Scientific_Consortium - Documents/03_Partners_sequences/QUB/ab1_files"""
623	MATCHED_SH_PRIMER_BP	155	sh_id,primer,base_pairs,used_bc	1	1			QUB	SH_0805	SH_ID	SH_0805	QUB_0250	QUB_27F_0250	27F	1213	648	Bacteria	RS_GCF_000011645.1	d__Bacteria;p__Bacillota;c__Bacilli;o__Bacillales;f__Bacillaceae;g__Bacillus;s__Bacillus licheniformis	98.9							1679	DB_00750	Rumen_Gateway	PhD_Theano	missing_maldi	USED	SH_0805	351	>IPO340_A11	>IPO340_58123400_A11	2024-01-03 00:00:00	11108725344-1	Plate		2024-04-24 00:00:00	11108881734	F	27F	1213	NS	Dilution_to_extinction		BHI+RF	2023	BHI+RF	small	cream	smooth	In_process			HoloRuminant	NR	bovine	NR	37363	Intensive	28	IPO340_58123400_A11.ab1	/Users/nicholas/Library/CloudStorage/OneDrive-SharedLibraries-Queen'sUniversityBelfast/RUMEN Gateway QUB-Scientific_Consortium - Documents/03_Partners_sequences/QUB/ab1_files/IPO340_58123400_A11.ab1	TRUE	PRESENT	327521	2024-04-24T12:22:00	UNAVAILABLE	"PermissionError: [Errno 1] Operation not permitted: ""/Users/nicholas/Library/CloudStorage/OneDrive-SharedLibraries-Queen'sUniversityBelfast/RUMEN Gateway QUB-Scientific_Consortium - Documents/03_Partners_sequences/QUB/ab1_files"""
624	MATCHED_SH_PRIMER_BP	155	sh_id,primer,base_pairs,used_bc	1	1			QUB	SH_0806	SH_ID	SH_0806	QUB_0261	QUB_27F_0261	27F	1144	649	Bacteria	RS_GCF_014218335.1	d__Bacteria;p__Bacillota;c__Clostridia;o__Lachnospirales;f__Lachnospiraceae;g__Anaerocolumna;s__Anaerocolumna cellulosilytica	94.9							1680	DB_00762	Rumen_Gateway	PhD_Theano	missing_maldi	USED	SH_0806	352	>IPO340_B11	>IPO340_58123400_B11	2024-01-03 00:00:00	11108725344-1	Plate		2024-04-24 00:00:00	11108881734	F	27F	1144	NS	Dilution_to_extinction		BHI+RF	2023	BHI+RF	small	white with transparent edges	smooth	In_process			HoloRuminant	NR	bovine	NR	37352	Conventional	28	IPO340_58123400_B11.ab1	/Users/nicholas/Library/CloudStorage/OneDrive-SharedLibraries-Queen'sUniversityBelfast/RUMEN Gateway QUB-Scientific_Consortium - Documents/03_Partners_sequences/QUB/ab1_files/IPO340_58123400_B11.ab1	TRUE	PRESENT	330627	2024-04-24T12:22:00	UNAVAILABLE	"PermissionError: [Errno 1] Operation not permitted: ""/Users/nicholas/Library/CloudStorage/OneDrive-SharedLibraries-Queen'sUniversityBelfast/RUMEN Gateway QUB-Scientific_Consortium - Documents/03_Partners_sequences/QUB/ab1_files"""
625	MATCHED_SH_PRIMER_BP	155	sh_id,primer,base_pairs,used_bc	1	1			QUB	SH_0807	SH_ID	SH_0807	QUB_0273	QUB_27F_0273	27F	1214	650	Bacteria	GB_GCA_900764415.1	d__Bacteria;p__Actinomycetota;c__Coriobacteriia;o__Coriobacteriales;f__Coriobacteriaceae;g__Collinsella;s__Collinsella sp900764415	98.3				MWL4			1681	DB_00774	Rumen_Gateway	PhD_Theano	missing_maldi	USED	SH_0807	353	>IPO340_C11	>IPO340_58123400_C11	2024-01-03 00:00:00	11108725344-1	Plate		2024-04-24 00:00:00	11108881734	F	27F	1214	NS	Dilution_to_extinction		BHI+RF	2023	BHI+RF	medium	white with cream edges	smooth	In_process			HoloRuminant	NR	bovine	NR	37363	Intensive	28	IPO340_58123400_C11.ab1	/Users/nicholas/Library/CloudStorage/OneDrive-SharedLibraries-Queen'sUniversityBelfast/RUMEN Gateway QUB-Scientific_Consortium - Documents/03_Partners_sequences/QUB/ab1_files/IPO340_58123400_C11.ab1	TRUE	PRESENT	328200	2024-04-24T12:22:00	UNAVAILABLE	"PermissionError: [Errno 1] Operation not permitted: ""/Users/nicholas/Library/CloudStorage/OneDrive-SharedLibraries-Queen'sUniversityBelfast/RUMEN Gateway QUB-Scientific_Consortium - Documents/03_Partners_sequences/QUB/ab1_files"""
626	MATCHED_SH_PRIMER_BP	155	sh_id,primer,base_pairs,used_bc	1	1			QUB	SH_0809	SH_ID	SH_0809	QUB_0285	QUB_27F_0285	27F	1172	651	Bacteria	RS_GCF_000011645.1	d__Bacteria;p__Bacillota;c__Bacilli;o__Bacillales;f__Bacillaceae;g__Bacillus;s__Bacillus licheniformis	98.8							1683	DB_00786	Rumen_Gateway	PhD_Theano	missing_maldi	USED	SH_0809	355	>IPO340_D11	>IPO340_58123400_D11	2024-01-03 00:00:00	11108725344-1	Plate		2024-04-24 00:00:00	11108881734	F	27F	1172	NS	Dilution_to_extinction		BHI+RF	2023	BHI+RF	medium	transparent	rough	In_process			HoloRuminant	NR	bovine	NR	37245	Conventional	49	IPO340_58123400_D11.ab1	/Users/nicholas/Library/CloudStorage/OneDrive-SharedLibraries-Queen'sUniversityBelfast/RUMEN Gateway QUB-Scientific_Consortium - Documents/03_Partners_sequences/QUB/ab1_files/IPO340_58123400_D11.ab1	TRUE	PRESENT	330847	2024-04-24T12:22:02	UNAVAILABLE	"PermissionError: [Errno 1] Operation not permitted: ""/Users/nicholas/Library/CloudStorage/OneDrive-SharedLibraries-Queen'sUniversityBelfast/RUMEN Gateway QUB-Scientific_Consortium - Documents/03_Partners_sequences/QUB/ab1_files"""
627	MATCHED_SH_PRIMER_BP	155	sh_id,primer,base_pairs,used_bc	1	1			QUB	SH_0810	SH_ID	SH_0810	QUB_0297	QUB_27F_0297	27F	1145	652	Bacteria	RS_GCF_000160755.1	d__Bacteria;p__Pseudomonadota;c__Gammaproteobacteria;o__Enterobacterales;f__Enterobacteriaceae;g__Proteus;s__Proteus mirabilis	99.5							1684	DB_00798	Rumen_Gateway	PhD_Theano	missing_maldi	USED	SH_0810	356	>IPO340_E11	>IPO340_58123400_E11	2024-01-03 00:00:00	11108725344-1	Plate		2024-04-24 00:00:00	11108881734	F	27F	1145	NS	Dilution_to_extinction		BHI+RF	2023	BHI+RF	small	cream with transparent edges	rough	In_process			HoloRuminant	NR	bovine	NR	37186	Intensive	28	IPO340_58123400_E11.ab1	/Users/nicholas/Library/CloudStorage/OneDrive-SharedLibraries-Queen'sUniversityBelfast/RUMEN Gateway QUB-Scientific_Consortium - Documents/03_Partners_sequences/QUB/ab1_files/IPO340_58123400_E11.ab1	TRUE	PRESENT	332440	2024-04-24T12:22:02	UNAVAILABLE	"PermissionError: [Errno 1] Operation not permitted: ""/Users/nicholas/Library/CloudStorage/OneDrive-SharedLibraries-Queen'sUniversityBelfast/RUMEN Gateway QUB-Scientific_Consortium - Documents/03_Partners_sequences/QUB/ab1_files"""
628	MATCHED_SH_PRIMER_BP	155	sh_id,primer,base_pairs,used_bc	1	1			QUB	SH_0811	SH_ID	SH_0811	QUB_0308	QUB_27F_0308	27F	1181	653	Bacteria	RS_GCF_000160755.1	d__Bacteria;p__Pseudomonadota;c__Gammaproteobacteria;o__Enterobacterales;f__Enterobacteriaceae;g__Proteus;s__Proteus mirabilis	99.5							1685	DB_00810	Rumen_Gateway	PhD_Theano	missing_maldi	USED	SH_0811	357	>IPO340_F11	>IPO340_58123400_F11	2024-01-03 00:00:00	11108725344-1	Plate		2024-04-24 00:00:00	11108881734	F	27F	1181	NS	Dilution_to_extinction		BHI+RF	2023	BHI+RF	pinpoint	cream	smooth	In_process			HoloRuminant	NR	bovine	NR	37186	Intensive	28	IPO340_58123400_F11.ab1	/Users/nicholas/Library/CloudStorage/OneDrive-SharedLibraries-Queen'sUniversityBelfast/RUMEN Gateway QUB-Scientific_Consortium - Documents/03_Partners_sequences/QUB/ab1_files/IPO340_58123400_F11.ab1	TRUE	PRESENT	329893	2024-04-24T12:22:02	UNAVAILABLE	"PermissionError: [Errno 1] Operation not permitted: ""/Users/nicholas/Library/CloudStorage/OneDrive-SharedLibraries-Queen'sUniversityBelfast/RUMEN Gateway QUB-Scientific_Consortium - Documents/03_Partners_sequences/QUB/ab1_files"""
629	MATCHED_SH_PRIMER_BP	155	sh_id,primer,base_pairs,used_bc	1	1			QUB	SH_0812	SH_ID	SH_0812	QUB_0320	QUB_27F_0320	27F	1247	654	Bacteria	GB_GCA_000702525.1	d__Bacteria;p__Bacillota;c__Clostridia;o__Lachnospirales;f__Lachnospiraceae;g__FD2005;s__FD2005 sp000702525	91.8				MWL6			1686	DB_00822	Rumen_Gateway	PhD_Theano	Dead	USED	SH_0812	358	>IPO340_G11	>IPO340_58123400_G11	2024-01-03 00:00:00	11108725344-1	Plate		2024-04-24 00:00:00	11108881734	F	27F	1247	Dead	Dilution_to_extinction		BHI+RF	2023	BHI+RF	small	transparent	rough	Dead			HoloRuminant	NR	bovine	NR	37352	Conventional	28	IPO340_58123400_G11.ab1	/Users/nicholas/Library/CloudStorage/OneDrive-SharedLibraries-Queen'sUniversityBelfast/RUMEN Gateway QUB-Scientific_Consortium - Documents/03_Partners_sequences/QUB/ab1_files/IPO340_58123400_G11.ab1	TRUE	PRESENT	327705	2024-04-24T12:22:02	UNAVAILABLE	"PermissionError: [Errno 1] Operation not permitted: ""/Users/nicholas/Library/CloudStorage/OneDrive-SharedLibraries-Queen'sUniversityBelfast/RUMEN Gateway QUB-Scientific_Consortium - Documents/03_Partners_sequences/QUB/ab1_files"""
630	MATCHED_SH_PRIMER_BP	155	sh_id,primer,base_pairs,used_bc	1	1			QUB	SH_0813	SH_ID	SH_0813	QUB_0332	QUB_27F_0332	27F	1192	655	Bacteria	RS_GCF_000290615.1	d__Bacteria;p__Bacillota;c__Bacilli;o__Bacillales_B;f__Bacillaceae_C;g__Weizmannia;s__Weizmannia coagulans	99.2							1687	DB_00834	Rumen_Gateway	PhD_Theano	missing_maldi	USED	SH_0813	359	>IPO340_H11	>IPO340_58123400_H11	2024-01-03 00:00:00	11108725344-1	Plate		2024-04-24 00:00:00	11108881734	F	27F	1192	NS	Dilution_to_extinction		BHI+RF	2023	BHI+RF	small	white with yellow centre	smooth	In_process			HoloRuminant	NR	bovine	NR	37234	Conventional	28	IPO340_58123400_H11.ab1	/Users/nicholas/Library/CloudStorage/OneDrive-SharedLibraries-Queen'sUniversityBelfast/RUMEN Gateway QUB-Scientific_Consortium - Documents/03_Partners_sequences/QUB/ab1_files/IPO340_58123400_H11.ab1	TRUE	PRESENT	325350	2024-04-24T12:22:04	UNAVAILABLE	"PermissionError: [Errno 1] Operation not permitted: ""/Users/nicholas/Library/CloudStorage/OneDrive-SharedLibraries-Queen'sUniversityBelfast/RUMEN Gateway QUB-Scientific_Consortium - Documents/03_Partners_sequences/QUB/ab1_files"""
631	MATCHED_SH_PRIMER_BP	155	sh_id,primer,base_pairs,used_bc	1	1			QUB	SH_0815	SH_ID	SH_0815	QUB_0251	QUB_27F_0251	27F	1156	656	Bacteria	RS_GCF_000160755.1	d__Bacteria;p__Pseudomonadota;c__Gammaproteobacteria;o__Enterobacterales;f__Enterobacteriaceae;g__Proteus;s__Proteus mirabilis	98.9							1689	DB_00751	Rumen_Gateway	PhD_Theano	missing_maldi	USED	SH_0815	361	>IPO340_A12	>IPO340_58123400_A12	2024-01-03 00:00:00	11108725344-1	Plate		2024-04-24 00:00:00	11108881734	F	27F	1156	NS	Dilution_to_extinction		BHI+RF	2023	BHI+RF	medium	cream with transparent edges	smooth	In_process			HoloRuminant	NR	bovine	NR	37363	Intensive	49	IPO340_58123400_A12.ab1	/Users/nicholas/Library/CloudStorage/OneDrive-SharedLibraries-Queen'sUniversityBelfast/RUMEN Gateway QUB-Scientific_Consortium - Documents/03_Partners_sequences/QUB/ab1_files/IPO340_58123400_A12.ab1	TRUE	PRESENT	320148	2024-04-24T12:22:00	UNAVAILABLE	"PermissionError: [Errno 1] Operation not permitted: ""/Users/nicholas/Library/CloudStorage/OneDrive-SharedLibraries-Queen'sUniversityBelfast/RUMEN Gateway QUB-Scientific_Consortium - Documents/03_Partners_sequences/QUB/ab1_files"""
632	MATCHED_SH_PRIMER_BP	155	sh_id,primer,base_pairs,used_bc	5	1		row=1692|db=DB_01632|short=JTQ686|fasta=JTQ686_65946863_65946863|primer=27F|bp=1197|score=130|reasons=sh_id,primer,used_bc; row=1694|db=DB_01753|short=KCX871|fasta=KCX871_68358717_68358717|primer=27F|bp=1204|score=130|reasons=sh_id,primer,used_bc; row=1693|db=DB_01633|short=JTQ687|fasta=JTQ687_65946870_65946870|primer=1492R|bp=1254|score=105|reasons=sh_id,used_bc; row=1695|db=DB_01754|short=KCX872|fasta=KCX872_68358724_68358724|primer=1492R|bp=1234|score=105|reasons=sh_id,used_bc	QUB	SH_0817	SH_ID	SH_0817	QUB_0262	QUB_27F_0262	27F	1208	657	Bacteria	RS_GCF_002995795.1	d__Bacteria;p__Bacillota;c__Clostridia;o__Clostridiales;f__Clostridiaceae;g__Clostridium_H;s__Clostridium_H thermopalmarium	98.6							1691	DB_00763	Rumen_Gateway	PhD_Theano	missing_maldi	USED	SH_0817	363	>IPO340_B12	>IPO340_58123400_B12	2024-01-03 00:00:00	11108725344-1	Plate		2024-04-24 00:00:00	11108881734	F	27F	1208	D1.2 box 3	Dilution_to_extinction		BHI+RF	2023	BHI+RF	medium	cream with transparent edges	smooth	SH_176			HoloRuminant	NR	bovine	NR	37363	Intensive	49	IPO340_58123400_B12.ab1	/Users/nicholas/Library/CloudStorage/OneDrive-SharedLibraries-Queen'sUniversityBelfast/RUMEN Gateway QUB-Scientific_Consortium - Documents/03_Partners_sequences/QUB/ab1_files/IPO340_58123400_B12.ab1	TRUE	PRESENT	322253	2024-04-24T12:22:00	UNAVAILABLE	"PermissionError: [Errno 1] Operation not permitted: ""/Users/nicholas/Library/CloudStorage/OneDrive-SharedLibraries-Queen'sUniversityBelfast/RUMEN Gateway QUB-Scientific_Consortium - Documents/03_Partners_sequences/QUB/ab1_files"""
633	MATCHED_SH_PRIMER_BP	155	sh_id,primer,base_pairs,used_bc	1	1			QUB	SH_0818	SH_ID	SH_0818	QUB_0274	QUB_27F_0274	27F	1170	658	Bacteria	GB_GCA_004555055.1	d__Bacteria;p__Bacteroidota;c__Bacteroidia;o__Bacteroidales;f__Bacteroidaceae;g__Alloprevotella;s__Alloprevotella sp004555055	99.5							1696	DB_00775	Rumen_Gateway	PhD_Theano	Dead	USED	SH_0818	364	>IPO340_C12	>IPO340_58123400_C12	2024-01-03 00:00:00	11108725344-1	Plate		2024-04-24 00:00:00	11108881734	F	27F	1170	Dead	Dilution_to_extinction		BHI+RF	2023	BHI+RF	pinpoint	cream	smooth	Dead			HoloRuminant	NR	bovine	NR	37525	Intensive	12	IPO340_58123400_C12.ab1	/Users/nicholas/Library/CloudStorage/OneDrive-SharedLibraries-Queen'sUniversityBelfast/RUMEN Gateway QUB-Scientific_Consortium - Documents/03_Partners_sequences/QUB/ab1_files/IPO340_58123400_C12.ab1	TRUE	PRESENT	325238	2024-04-24T12:22:00	UNAVAILABLE	"PermissionError: [Errno 1] Operation not permitted: ""/Users/nicholas/Library/CloudStorage/OneDrive-SharedLibraries-Queen'sUniversityBelfast/RUMEN Gateway QUB-Scientific_Consortium - Documents/03_Partners_sequences/QUB/ab1_files"""
634	MATCHED_SH_PRIMER_BP	155	sh_id,primer,base_pairs,used_bc	1	1			QUB	SH_0819	SH_ID	SH_0819	QUB_0286	QUB_27F_0286	27F	1180	659	Bacteria	RS_GCF_000011645.1	d__Bacteria;p__Bacillota;c__Bacilli;o__Bacillales;f__Bacillaceae;g__Bacillus;s__Bacillus licheniformis	98.3							1697	DB_00787	Rumen_Gateway	PhD_Theano	missing_maldi	USED	SH_0819	365	>IPO340_D12	>IPO340_58123400_D12	2024-01-03 00:00:00	11108725344-1	Plate		2024-04-24 00:00:00	11108881734	F	27F	1180	NS	Dilution_to_extinction		BHI+RF	2023	BHI+RF	medium	transparent	rough	In_process			HoloRuminant	NR	bovine	NR	37234	Conventional	49	IPO340_58123400_D12.ab1	/Users/nicholas/Library/CloudStorage/OneDrive-SharedLibraries-Queen'sUniversityBelfast/RUMEN Gateway QUB-Scientific_Consortium - Documents/03_Partners_sequences/QUB/ab1_files/IPO340_58123400_D12.ab1	TRUE	PRESENT	323725	2024-04-24T12:22:02	UNAVAILABLE	"PermissionError: [Errno 1] Operation not permitted: ""/Users/nicholas/Library/CloudStorage/OneDrive-SharedLibraries-Queen'sUniversityBelfast/RUMEN Gateway QUB-Scientific_Consortium - Documents/03_Partners_sequences/QUB/ab1_files"""
635	MATCHED_SH_PRIMER_BP	155	sh_id,primer,base_pairs,used_bc	1	1			QUB	SH_0820	SH_ID	SH_0820	QUB_0518	QUB_27F_0518	27F	1191	660	Bacteria	GB_GCA_040766105.1	d__Bacteria;p__Bacillota;c__Clostridia;o__Peptostreptococcales;f__Anaerovoracaceae;g__JAXGRD01;s__JAXGRD01 sp040766105	92.9							1698	DB_01080	Rumen_Gateway	PhD_Theano	missing_maldi	USED	SH_0820	366	>IWS762	>IWS762_59987629_59987629	19/04/2024	11108875297-1	Tube		29/04/2024	11108887360	F	27F	1191	NS	Dilution_to_extinction		BHI+RF	2023	BHI+RF	small	white	smooth	In_process			HoloRuminant	NR	bovine	NR	37525	Intensive	28	IWS762_59987629_59987629.ab1	/Users/nicholas/Library/CloudStorage/OneDrive-SharedLibraries-Queen'sUniversityBelfast/RUMEN Gateway QUB-Scientific_Consortium - Documents/03_Partners_sequences/QUB/ab1_files/IWS762_59987629_59987629.ab1	TRUE	PRESENT	351685	2024-04-29T14:50:02	UNAVAILABLE	"PermissionError: [Errno 1] Operation not permitted: ""/Users/nicholas/Library/CloudStorage/OneDrive-SharedLibraries-Queen'sUniversityBelfast/RUMEN Gateway QUB-Scientific_Consortium - Documents/03_Partners_sequences/QUB/ab1_files"""
636	MATCHED_SH_PRIMER_BP	155	sh_id,primer,base_pairs,used_bc	1	1			QUB	SH_0821	SH_ID	SH_0821	QUB_0298	QUB_27F_0298	27F	1168	661	Bacteria	GB_GCA_905197905.1	d__Bacteria;p__Pseudomonadota;c__Gammaproteobacteria;o__Burkholderiales;f__Burkholderiaceae;g__Sutterella;s__Sutterella sp905197905	99.7							1699	DB_00799	Rumen_Gateway	PhD_Theano	missing_maldi	USED	SH_0821	367	>IPO340_E12	>IPO340_58123400_E12	2024-01-03 00:00:00	11108725344-1	Plate		2024-04-24 00:00:00	11108881734	F	27F	1168	NS	Dilution_to_extinction		BHI+RF	2023	BHI+RF	small	white with cream edges	smooth	In_process			HoloRuminant	NR	bovine	NR	37363	Intensive	49	IPO340_58123400_E12.ab1	/Users/nicholas/Library/CloudStorage/OneDrive-SharedLibraries-Queen'sUniversityBelfast/RUMEN Gateway QUB-Scientific_Consortium - Documents/03_Partners_sequences/QUB/ab1_files/IPO340_58123400_E12.ab1	TRUE	PRESENT	326091	2024-04-24T12:22:02	UNAVAILABLE	"PermissionError: [Errno 1] Operation not permitted: ""/Users/nicholas/Library/CloudStorage/OneDrive-SharedLibraries-Queen'sUniversityBelfast/RUMEN Gateway QUB-Scientific_Consortium - Documents/03_Partners_sequences/QUB/ab1_files"""
637	MATCHED_SH_PRIMER_BP	155	sh_id,primer,base_pairs,used_bc	1	1			QUB	SH_0822	SH_ID	SH_0822	QUB_0309	QUB_27F_0309	27F	1161	662	Bacteria	RS_GCF_900187165.1	d__Bacteria;p__Bacillota;c__Clostridia;o__Clostridiales;f__Clostridiaceae;g__Clostridium_G;s__Clostridium_G cochlearium	99.2							1700	DB_00811	Rumen_Gateway	PhD_Theano	missing_maldi	USED	SH_0822	368	>IPO340_F12	>IPO340_58123400_F12	2024-01-03 00:00:00	11108725344-1	Plate		2024-04-24 00:00:00	11108881734	F	27F	1161	NS	Dilution_to_extinction		BHI+RF	2023	BHI+RF	small	cream	smooth	In_process			HoloRuminant	NR	bovine	NR	37186	Intensive	28	IPO340_58123400_F12.ab1	/Users/nicholas/Library/CloudStorage/OneDrive-SharedLibraries-Queen'sUniversityBelfast/RUMEN Gateway QUB-Scientific_Consortium - Documents/03_Partners_sequences/QUB/ab1_files/IPO340_58123400_F12.ab1	TRUE	PRESENT	324284	2024-04-24T12:22:02	UNAVAILABLE	"PermissionError: [Errno 1] Operation not permitted: ""/Users/nicholas/Library/CloudStorage/OneDrive-SharedLibraries-Queen'sUniversityBelfast/RUMEN Gateway QUB-Scientific_Consortium - Documents/03_Partners_sequences/QUB/ab1_files"""
638	MATCHED_SH_PRIMER_BP	155	sh_id,primer,base_pairs,used_bc	3	1		row=1703|db=DB_01723|short=KCX841|fasta=KCX841_68358410_68358410|primer=27F|bp=1134|score=130|reasons=sh_id,primer,used_bc; row=1704|db=DB_01724|short=KCX842|fasta=KCX842_68358427_68358427|primer=1492R|bp=1256|score=105|reasons=sh_id,used_bc	QUB	SH_0824	SH_ID	SH_0824	QUB_0321	QUB_27F_0321	27F	1178	663	Bacteria	RS_GCF_004000745.1	d__Bacteria;p__Bacillota;c__Bacilli;o__Paenibacillales;f__Paenibacillaceae;g__Fontibacillus;s__Fontibacillus barengoltzii	99.2							1702	DB_00823	Rumen_Gateway	PhD_Theano	missing_maldi	USED	SH_0824	370	>IPO340_G12	>IPO340_58123400_G12	2024-01-03 00:00:00	11108725344-1	Plate		2024-04-24 00:00:00	11108881734	F	27F	1178	D1.2 box 3	Dilution_to_extinction		BHI+RF	2023	BHI+RF	medium	cream with yellow centre	smooth	SH_017.2			HoloRuminant	NR	bovine	NR	37186	Intensive	28	IPO340_58123400_G12.ab1	/Users/nicholas/Library/CloudStorage/OneDrive-SharedLibraries-Queen'sUniversityBelfast/RUMEN Gateway QUB-Scientific_Consortium - Documents/03_Partners_sequences/QUB/ab1_files/IPO340_58123400_G12.ab1	TRUE	PRESENT	318028	2024-04-24T12:22:02	UNAVAILABLE	"PermissionError: [Errno 1] Operation not permitted: ""/Users/nicholas/Library/CloudStorage/OneDrive-SharedLibraries-Queen'sUniversityBelfast/RUMEN Gateway QUB-Scientific_Consortium - Documents/03_Partners_sequences/QUB/ab1_files"""
639	MATCHED_SH_PRIMER_BP	155	sh_id,primer,base_pairs,used_bc	3	1		row=1706|db=DB_01745|short=KCX863|fasta=KCX863_68358632_68358632|primer=27F|bp=1206|score=130|reasons=sh_id,primer,used_bc; row=1707|db=DB_01746|short=KCX864|fasta=KCX864_68358649_68358649|primer=1492R|bp=1253|score=105|reasons=sh_id,used_bc	QUB	SH_0825	SH_ID	SH_0825	QUB_0333	QUB_27F_0333	27F	1158	664	Bacteria	RS_GCF_002902725.1	d__Bacteria;p__Bacillota;c__Bacilli;o__Staphylococcales;f__Staphylococcaceae;g__Staphylococcus;s__Staphylococcus caprae	99.3							1705	DB_00835	Rumen_Gateway	PhD_Theano	missing_maldi	USED	SH_0825	371	>IPO340_H12	>IPO340_58123400_H12	2024-01-03 00:00:00	11108725344-1	Plate		2024-04-24 00:00:00	11108881734	F	27F	1158	D1.2 box 3	Dilution_to_extinction		BHI+RF	2023	BHI+RF	small	transparent with grey centre	glistening and smooth	SH_157			HoloRuminant	NR	bovine	NR	37245	Conventional	49	IPO340_58123400_H12.ab1	/Users/nicholas/Library/CloudStorage/OneDrive-SharedLibraries-Queen'sUniversityBelfast/RUMEN Gateway QUB-Scientific_Consortium - Documents/03_Partners_sequences/QUB/ab1_files/IPO340_58123400_H12.ab1	TRUE	PRESENT	318588	2024-04-24T12:22:04	UNAVAILABLE	"PermissionError: [Errno 1] Operation not permitted: ""/Users/nicholas/Library/CloudStorage/OneDrive-SharedLibraries-Queen'sUniversityBelfast/RUMEN Gateway QUB-Scientific_Consortium - Documents/03_Partners_sequences/QUB/ab1_files"""
640	MATCHED_SH_PRIMER_BP	155	sh_id,primer,base_pairs,used_bc	1	1			QUB	SH_0826	SH_ID	SH_0826	QUB_0184	QUB_27F_0184	27F	1217	665	Bacteria	RS_GCF_000160755.1	d__Bacteria;p__Pseudomonadota;c__Gammaproteobacteria;o__Enterobacterales;f__Enterobacteriaceae;g__Proteus;s__Proteus mirabilis	99.8							1708	DB_00644	Rumen_Gateway	PhD_Theano	missing_maldi	USED	SH_0826	372	>IPO339_A1	>IPO339_58123394_A1	2024-01-03 00:00:00	11108725344-1	Plate		2024-04-29 00:00:00	11108886591	F	27F	1217	NS	Dilution_to_extinction		BHI+RF	2023	BHI+RF	medium	transparent with grey centre	rough	In_process			HoloRuminant	NR	bovine	NR	37234	Conventional	49	IPO339_58123394_A1.ab1	/Users/nicholas/Library/CloudStorage/OneDrive-SharedLibraries-Queen'sUniversityBelfast/RUMEN Gateway QUB-Scientific_Consortium - Documents/03_Partners_sequences/QUB/ab1_files/IPO339_58123394_A1.ab1	TRUE	PRESENT	326621	2024-04-29T09:44:10	UNAVAILABLE	"PermissionError: [Errno 1] Operation not permitted: ""/Users/nicholas/Library/CloudStorage/OneDrive-SharedLibraries-Queen'sUniversityBelfast/RUMEN Gateway QUB-Scientific_Consortium - Documents/03_Partners_sequences/QUB/ab1_files"""
641	MATCHED_SH_PRIMER_BP	155	sh_id,primer,base_pairs,used_bc	1	1			QUB	SH_0827	SH_ID	SH_0827	QUB_0192	QUB_27F_0192	27F	1167	666	Bacteria	RS_GCF_009695915.1	d__Bacteria;p__Bacillota;c__Clostridia;o__Peptostreptococcales;f__Anaerovoracaceae;g__Hornefia;s__Hornefia butyriciproducens	99.5							1709	DB_00656	Rumen_Gateway	PhD_Theano	missing_maldi	USED	SH_0827	373	>IPO339_B1	>IPO339_58123394_B1	2024-01-03 00:00:00	11108725344-1	Plate		2024-04-29 00:00:00	11108886591	F	27F	1167	NS	Dilution_to_extinction		BHI+RF	2023	BHI+RF	small	transparent with grey centre	glistening and smooth	In_process			HoloRuminant	NR	bovine	NR	37245	Conventional	49	IPO339_58123394_B1.ab1	/Users/nicholas/Library/CloudStorage/OneDrive-SharedLibraries-Queen'sUniversityBelfast/RUMEN Gateway QUB-Scientific_Consortium - Documents/03_Partners_sequences/QUB/ab1_files/IPO339_58123394_B1.ab1	TRUE	PRESENT	329768	2024-04-29T09:44:10	UNAVAILABLE	"PermissionError: [Errno 1] Operation not permitted: ""/Users/nicholas/Library/CloudStorage/OneDrive-SharedLibraries-Queen'sUniversityBelfast/RUMEN Gateway QUB-Scientific_Consortium - Documents/03_Partners_sequences/QUB/ab1_files"""
642	MATCHED_SH_PRIMER_BP	155	sh_id,primer,base_pairs,used_bc	1	1			QUB	SH_0829	SH_ID	SH_0829	QUB_0222	QUB_27F_0222	27F	1171	667	Bacteria	RS_GCF_000688015.1	d__Bacteria;p__Bacillota;c__Clostridia;o__Peptostreptococcales;f__Anaerovoracaceae;g__Hornefia;s__Hornefia sp000688015	99.1							1711	DB_00700	Rumen_Gateway	PhD_Theano	missing_maldi	USED	SH_0829	375	>IPO339_E9	>IPO339_58123394_E9	2024-01-03 00:00:00	11108725344-1	Plate		2024-04-29 00:00:00	11108886591	F	27F	1171	NS	Dilution_to_extinction		BHI+RF	2023	BHI+RF	small	cream	smooth	In_process			HoloRuminant	NR	bovine	NR	37525	Intensive	28	IPO339_58123394_E9.ab1	/Users/nicholas/Library/CloudStorage/OneDrive-SharedLibraries-Queen'sUniversityBelfast/RUMEN Gateway QUB-Scientific_Consortium - Documents/03_Partners_sequences/QUB/ab1_files/IPO339_58123394_E9.ab1	TRUE	PRESENT	334687	2024-04-29T09:44:12	UNAVAILABLE	"PermissionError: [Errno 1] Operation not permitted: ""/Users/nicholas/Library/CloudStorage/OneDrive-SharedLibraries-Queen'sUniversityBelfast/RUMEN Gateway QUB-Scientific_Consortium - Documents/03_Partners_sequences/QUB/ab1_files"""
643	MATCHED_SH_PRIMER_BP	155	sh_id,primer,base_pairs,used_bc	1	1			QUB	SH_0831	SH_ID	SH_0831	QUB_0215	QUB_27F_0215	27F	1154	668	Bacteria	RS_GCF_000160755.1	d__Bacteria;p__Pseudomonadota;c__Gammaproteobacteria;o__Enterobacterales;f__Enterobacteriaceae;g__Proteus;s__Proteus mirabilis	99.5							1713	DB_00692	Rumen_Gateway	PhD_Theano	missing_maldi	USED	SH_0831	377	>IPO339_E1	>IPO339_58123394_E1	2024-01-03 00:00:00	11108725344-1	Plate		2024-04-29 00:00:00	11108886591	F	27F	1154	NS	Dilution_to_extinction		BHI+RF	2023	BHI+RF	big	cream	rough	In_process			HoloRuminant	NR	bovine	NR	37186	Intensive	49	IPO339_58123394_E1.ab1	/Users/nicholas/Library/CloudStorage/OneDrive-SharedLibraries-Queen'sUniversityBelfast/RUMEN Gateway QUB-Scientific_Consortium - Documents/03_Partners_sequences/QUB/ab1_files/IPO339_58123394_E1.ab1	TRUE	PRESENT	327502	2024-04-29T09:44:12	UNAVAILABLE	"PermissionError: [Errno 1] Operation not permitted: ""/Users/nicholas/Library/CloudStorage/OneDrive-SharedLibraries-Queen'sUniversityBelfast/RUMEN Gateway QUB-Scientific_Consortium - Documents/03_Partners_sequences/QUB/ab1_files"""
644	MATCHED_SH_PRIMER_BP	155	sh_id,primer,base_pairs,used_bc	1	1			QUB	SH_0835	SH_ID	SH_0835	QUB_0223	QUB_27F_0223	27F	1142	669	Bacteria	RS_GCF_011038845.1	d__Bacteria;p__Bacillota;c__Bacilli;o__Lactobacillales;f__Enterococcaceae;g__Enterococcus_B;s__Enterococcus_B sp011038845	99.6				MWL6			1717	DB_00704	Rumen_Gateway	PhD_Theano	Dead	USED	SH_0835	381	>IPO339_F1	>IPO339_58123394_F1	2024-01-03 00:00:00	11108725344-1	Plate		2024-04-29 00:00:00	11108886591	F	27F	1142	Dead	Dilution_to_extinction		BHI+RF	2023	BHI+RF	pinpoint	white	glistening	Dead			HoloRuminant	NR	bovine	NR	37352	Conventional	12	IPO339_58123394_F1.ab1	/Users/nicholas/Library/CloudStorage/OneDrive-SharedLibraries-Queen'sUniversityBelfast/RUMEN Gateway QUB-Scientific_Consortium - Documents/03_Partners_sequences/QUB/ab1_files/IPO339_58123394_F1.ab1	TRUE	PRESENT	329713	2024-04-29T09:44:12	UNAVAILABLE	"PermissionError: [Errno 1] Operation not permitted: ""/Users/nicholas/Library/CloudStorage/OneDrive-SharedLibraries-Queen'sUniversityBelfast/RUMEN Gateway QUB-Scientific_Consortium - Documents/03_Partners_sequences/QUB/ab1_files"""
645	MATCHED_SH_PRIMER_BP	155	sh_id,primer,base_pairs,used_bc	1	1			QUB	SH_0836	SH_ID	SH_0836	QUB_0231	QUB_27F_0231	27F	1146	670	Bacteria	RS_GCF_000160755.1	d__Bacteria;p__Pseudomonadota;c__Gammaproteobacteria;o__Enterobacterales;f__Enterobacteriaceae;g__Proteus;s__Proteus mirabilis	99.6				MWL20			1718	DB_00712	Rumen_Gateway	PhD_Theano	Dead	USED	SH_0836	382	>IPO339_F9	>IPO339_58123394_F9	2024-01-03 00:00:00	11108725344-1	Plate		2024-04-29 00:00:00	11108886591	F	27F	1146	Dead	Dilution_to_extinction		BHI+RF	2023	BHI+RF	pinpoint	transparent	smooth	Dead			HoloRuminant	NR	bovine	NR	37352	Conventional	12	IPO339_58123394_F9.ab1	/Users/nicholas/Library/CloudStorage/OneDrive-SharedLibraries-Queen'sUniversityBelfast/RUMEN Gateway QUB-Scientific_Consortium - Documents/03_Partners_sequences/QUB/ab1_files/IPO339_58123394_F9.ab1	TRUE	PRESENT	334285	2024-04-29T09:44:12	UNAVAILABLE	"PermissionError: [Errno 1] Operation not permitted: ""/Users/nicholas/Library/CloudStorage/OneDrive-SharedLibraries-Queen'sUniversityBelfast/RUMEN Gateway QUB-Scientific_Consortium - Documents/03_Partners_sequences/QUB/ab1_files"""
646	MATCHED_SH_PRIMER_BP	155	sh_id,primer,base_pairs,used_bc	1	1			QUB	SH_0838	SH_ID	SH_0838	QUB_0239	QUB_27F_0239	27F	1173	671	Bacteria	RS_GCF_000160755.1	d__Bacteria;p__Pseudomonadota;c__Gammaproteobacteria;o__Enterobacterales;f__Enterobacteriaceae;g__Proteus;s__Proteus mirabilis	99.6				MWL20			1720	DB_00724	Rumen_Gateway	PhD_Theano	Dead	USED	SH_0838	384	>IPO339_G9	>IPO339_58123394_G9	2024-01-03 00:00:00	11108725344-1	Plate		2024-04-29 00:00:00	11108886591	F	27F	1173	Dead	Dilution_to_extinction		BHI+RF	2023	BHI+RF	pinpoint	transparent	smooth	Dead			HoloRuminant	NR	bovine	NR	37352	Conventional	12	IPO339_58123394_G9.ab1	/Users/nicholas/Library/CloudStorage/OneDrive-SharedLibraries-Queen'sUniversityBelfast/RUMEN Gateway QUB-Scientific_Consortium - Documents/03_Partners_sequences/QUB/ab1_files/IPO339_58123394_G9.ab1	TRUE	PRESENT	332930	2024-04-29T09:44:12	UNAVAILABLE	"PermissionError: [Errno 1] Operation not permitted: ""/Users/nicholas/Library/CloudStorage/OneDrive-SharedLibraries-Queen'sUniversityBelfast/RUMEN Gateway QUB-Scientific_Consortium - Documents/03_Partners_sequences/QUB/ab1_files"""
647	MATCHED_SH_PRIMER_BP	155	sh_id,primer,base_pairs,used_bc	1	1			QUB	SH_0845	SH_ID	SH_0845	QUB_0226	QUB_27F_0226	27F	1161	672	Bacteria	GB_GCA_905197905.1	d__Bacteria;p__Pseudomonadota;c__Gammaproteobacteria;o__Burkholderiales;f__Burkholderiaceae;g__Sutterella;s__Sutterella sp905197905	99.6							1727	DB_00706	Rumen_Gateway	PhD_Theano	Dead	USED	SH_0845	391	>IPO339_F3	>IPO339_58123394_F3	2024-01-03 00:00:00	11108725344-1	Plate		2024-04-29 00:00:00	11108886591	F	27F	1161	NS	Dilution_to_extinction		BHI+RF	2023	BHI+RF				In_process			HoloRuminant	NR	bovine	NR	37186	Intensive	28	IPO339_58123394_F3.ab1	/Users/nicholas/Library/CloudStorage/OneDrive-SharedLibraries-Queen'sUniversityBelfast/RUMEN Gateway QUB-Scientific_Consortium - Documents/03_Partners_sequences/QUB/ab1_files/IPO339_58123394_F3.ab1	TRUE	PRESENT	336054	2024-04-29T09:44:12	UNAVAILABLE	"PermissionError: [Errno 1] Operation not permitted: ""/Users/nicholas/Library/CloudStorage/OneDrive-SharedLibraries-Queen'sUniversityBelfast/RUMEN Gateway QUB-Scientific_Consortium - Documents/03_Partners_sequences/QUB/ab1_files"""
648	MATCHED_SH_PRIMER_BP	155	sh_id,primer,base_pairs,used_bc	1	1			QUB	SH_0849	SH_ID	SH_0849	QUB_0235	QUB_27F_0235	27F	1187	673	Bacteria	RS_GCF_000011645.1	d__Bacteria;p__Bacillota;c__Bacilli;o__Bacillales;f__Bacillaceae;g__Bacillus;s__Bacillus licheniformis	99.2							1731	DB_00718	Rumen_Gateway	PhD_Theano	missing_maldi	USED	SH_0849	395	>IPO339_G3	>IPO339_58123394_G3	2024-01-03 00:00:00	11108725344-1	Plate		2024-04-29 00:00:00	11108886591	F	27F	1187	NS	Dilution_to_extinction		BHI+RF	2023	BHI+RF	big	cream with transparent edges	rough	In_process			HoloRuminant	NR	bovine	NR	37363	Intensive	49	IPO339_58123394_G3.ab1	/Users/nicholas/Library/CloudStorage/OneDrive-SharedLibraries-Queen'sUniversityBelfast/RUMEN Gateway QUB-Scientific_Consortium - Documents/03_Partners_sequences/QUB/ab1_files/IPO339_58123394_G3.ab1	TRUE	PRESENT	334397	2024-04-29T09:44:12	UNAVAILABLE	"PermissionError: [Errno 1] Operation not permitted: ""/Users/nicholas/Library/CloudStorage/OneDrive-SharedLibraries-Queen'sUniversityBelfast/RUMEN Gateway QUB-Scientific_Consortium - Documents/03_Partners_sequences/QUB/ab1_files"""
649	MATCHED_SH_PRIMER_BP	155	sh_id,primer,base_pairs,used_bc	1	1			QUB	SH_0851	SH_ID	SH_0851	QUB_0243	QUB_27F_0243	27F	1124	674	Bacteria	GB_GCA_905197905.1	d__Bacteria;p__Pseudomonadota;c__Gammaproteobacteria;o__Burkholderiales;f__Burkholderiaceae;g__Sutterella;s__Sutterella sp905197905	99.6							1733	DB_00730	Rumen_Gateway	PhD_Theano	missing_maldi	USED	SH_0851	397	>IPO339_H3	>IPO339_58123394_H3	2024-01-03 00:00:00	11108725344-1	Plate		2024-04-29 00:00:00	11108886591	F	27F	1124	NS	Dilution_to_extinction		BHI+RF	2023	BHI+RF	small	white with transparent edges	glistening	In_process			HoloRuminant	NR	bovine	NR	37234	Conventional	28	IPO339_58123394_H3.ab1	/Users/nicholas/Library/CloudStorage/OneDrive-SharedLibraries-Queen'sUniversityBelfast/RUMEN Gateway QUB-Scientific_Consortium - Documents/03_Partners_sequences/QUB/ab1_files/IPO339_58123394_H3.ab1	TRUE	PRESENT	334810	2024-04-29T09:44:12	UNAVAILABLE	"PermissionError: [Errno 1] Operation not permitted: ""/Users/nicholas/Library/CloudStorage/OneDrive-SharedLibraries-Queen'sUniversityBelfast/RUMEN Gateway QUB-Scientific_Consortium - Documents/03_Partners_sequences/QUB/ab1_files"""
650	MATCHED_SH_PRIMER_BP	155	sh_id,primer,base_pairs,used_bc	1	1			QUB	SH_0852	SH_ID	SH_0852	QUB_0187	QUB_27F_0187	27F	1124	675	Bacteria	RS_GCF_000741295.1	d__Bacteria;p__Actinomycetota;c__Actinomycetes;o__Actinomycetales;f__Bifidobacteriaceae;g__Bifidobacterium;s__Bifidobacterium globosum	99.4							1734	DB_00647	Rumen_Gateway	PhD_Theano	missing_maldi	USED	SH_0852	398	>IPO339_A4	>IPO339_58123394_A4	2024-01-03 00:00:00	11108725344-1	Plate		2024-04-29 00:00:00	11108886591	F	27F	1124	NS	Dilution_to_extinction		BHI+RF	2023	BHI+RF	small	cream	smooth	In_process			HoloRuminant	NR	bovine	NR	37234	Conventional	28	IPO339_58123394_A4.ab1	/Users/nicholas/Library/CloudStorage/OneDrive-SharedLibraries-Queen'sUniversityBelfast/RUMEN Gateway QUB-Scientific_Consortium - Documents/03_Partners_sequences/QUB/ab1_files/IPO339_58123394_A4.ab1	TRUE	PRESENT	337645	2024-04-29T09:44:10	UNAVAILABLE	"PermissionError: [Errno 1] Operation not permitted: ""/Users/nicholas/Library/CloudStorage/OneDrive-SharedLibraries-Queen'sUniversityBelfast/RUMEN Gateway QUB-Scientific_Consortium - Documents/03_Partners_sequences/QUB/ab1_files"""
651	MATCHED_SH_PRIMER_BP	155	sh_id,primer,base_pairs,used_bc	1	1			QUB	SH_0853	SH_ID	SH_0853	QUB_0196	QUB_27F_0196	27F	1126	676	Bacteria	GB_GCA_905197905.1	d__Bacteria;p__Pseudomonadota;c__Gammaproteobacteria;o__Burkholderiales;f__Burkholderiaceae;g__Sutterella;s__Sutterella sp905197905	99							1735	DB_00659	Rumen_Gateway	PhD_Theano	missing_maldi	USED	SH_0853	399	>IPO339_B4	>IPO339_58123394_B4	2024-01-03 00:00:00	11108725344-1	Plate		2024-04-29 00:00:00	11108886591	F	27F	1126	NS	Dilution_to_extinction		BHI+RF	2023	BHI+RF	small	cream with white centre	smooth	In_process			HoloRuminant	NR	bovine	NR	37234	Conventional	49	IPO339_58123394_B4.ab1	/Users/nicholas/Library/CloudStorage/OneDrive-SharedLibraries-Queen'sUniversityBelfast/RUMEN Gateway QUB-Scientific_Consortium - Documents/03_Partners_sequences/QUB/ab1_files/IPO339_58123394_B4.ab1	TRUE	PRESENT	341941	2024-04-29T09:44:10	UNAVAILABLE	"PermissionError: [Errno 1] Operation not permitted: ""/Users/nicholas/Library/CloudStorage/OneDrive-SharedLibraries-Queen'sUniversityBelfast/RUMEN Gateway QUB-Scientific_Consortium - Documents/03_Partners_sequences/QUB/ab1_files"""
652	MATCHED_SH_PRIMER_BP	155	sh_id,primer,base_pairs,used_bc	1	1			QUB	SH_0854	SH_ID	SH_0854	QUB_0203	QUB_27F_0203	27F	1153	677	Bacteria	RS_GCF_002000985.1	d__Bacteria;p__Bacillota;c__Bacilli;o__Lactobacillales;f__Streptococcaceae;g__Streptococcus;s__Streptococcus gallolyticus	99							1736	DB_00671	Rumen_Gateway	PhD_Theano	missing_maldi	USED	SH_0854	400	>IPO339_C4	>IPO339_58123394_C4	2024-01-03 00:00:00	11108725344-1	Plate		2024-04-29 00:00:00	11108886591	F	27F	1153	NS	Dilution_to_extinction		BHI+RF	2023	BHI+RF	small	grey with white centre	smooth	In_process			HoloRuminant	NR	bovine	NR	37352	Conventional	28	IPO339_58123394_C4.ab1	/Users/nicholas/Library/CloudStorage/OneDrive-SharedLibraries-Queen'sUniversityBelfast/RUMEN Gateway QUB-Scientific_Consortium - Documents/03_Partners_sequences/QUB/ab1_files/IPO339_58123394_C4.ab1	TRUE	PRESENT	344203	2024-04-29T09:44:10	UNAVAILABLE	"PermissionError: [Errno 1] Operation not permitted: ""/Users/nicholas/Library/CloudStorage/OneDrive-SharedLibraries-Queen'sUniversityBelfast/RUMEN Gateway QUB-Scientific_Consortium - Documents/03_Partners_sequences/QUB/ab1_files"""
653	MATCHED_SH_PRIMER_BP	155	sh_id,primer,base_pairs,used_bc	1	1			QUB	SH_0855	SH_ID	SH_0855	QUB_0211	QUB_27F_0211	27F	1118	678	Bacteria	RS_GCF_000011645.1	d__Bacteria;p__Bacillota;c__Bacilli;o__Bacillales;f__Bacillaceae;g__Bacillus;s__Bacillus licheniformis	98.9							1737	DB_00683	Rumen_Gateway	PhD_Theano	missing_maldi	USED	SH_0855	401	>IPO339_D4	>IPO339_58123394_D4	2024-01-03 00:00:00	11108725344-1	Plate		2024-04-29 00:00:00	11108886591	F	27F	1118	NS	Dilution_to_extinction		BHI+RF	2023	BHI+RF	small	white with transparent edges	glistening	In_process			HoloRuminant	NR	bovine	NR	37234	Conventional	28	IPO339_58123394_D4.ab1	/Users/nicholas/Library/CloudStorage/OneDrive-SharedLibraries-Queen'sUniversityBelfast/RUMEN Gateway QUB-Scientific_Consortium - Documents/03_Partners_sequences/QUB/ab1_files/IPO339_58123394_D4.ab1	TRUE	PRESENT	341095	2024-04-29T09:44:10	UNAVAILABLE	"PermissionError: [Errno 1] Operation not permitted: ""/Users/nicholas/Library/CloudStorage/OneDrive-SharedLibraries-Queen'sUniversityBelfast/RUMEN Gateway QUB-Scientific_Consortium - Documents/03_Partners_sequences/QUB/ab1_files"""
654	MATCHED_SH_PRIMER_BP	155	sh_id,primer,base_pairs,used_bc	1	1			QUB	SH_0856	SH_ID	SH_0856	QUB_0218	QUB_27F_0218	27F	1159	679	Bacteria	RS_GCF_002000985.1	d__Bacteria;p__Bacillota;c__Bacilli;o__Lactobacillales;f__Streptococcaceae;g__Streptococcus;s__Streptococcus gallolyticus	98.6							1738	DB_00695	Rumen_Gateway	PhD_Theano	missing_maldi	USED	SH_0856	402	>IPO339_E4	>IPO339_58123394_E4	2024-01-03 00:00:00	11108725344-1	Plate		2024-04-29 00:00:00	11108886591	F	27F	1159	NS	Dilution_to_extinction		BHI+RF	2023	BHI+RF	medium	grey with white centre	smooth	In_process			HoloRuminant	NR	bovine	NR	37352	Conventional	28	IPO339_58123394_E4.ab1	/Users/nicholas/Library/CloudStorage/OneDrive-SharedLibraries-Queen'sUniversityBelfast/RUMEN Gateway QUB-Scientific_Consortium - Documents/03_Partners_sequences/QUB/ab1_files/IPO339_58123394_E4.ab1	TRUE	PRESENT	339919	2024-04-29T09:44:12	UNAVAILABLE	"PermissionError: [Errno 1] Operation not permitted: ""/Users/nicholas/Library/CloudStorage/OneDrive-SharedLibraries-Queen'sUniversityBelfast/RUMEN Gateway QUB-Scientific_Consortium - Documents/03_Partners_sequences/QUB/ab1_files"""
655	MATCHED_SH_PRIMER_BP	155	sh_id,primer,base_pairs,used_bc	1	1			QUB	SH_0857	SH_ID	SH_0857	QUB_0227	QUB_27F_0227	27F	1127	680	Bacteria	RS_GCF_019355395.1	d__Bacteria;p__Bacillota;c__Clostridia;o__Lachnospirales;f__Lachnospiraceae;g__Chordicoccus;s__Chordicoccus furentiruminis	90.5							1739	DB_00707	Rumen_Gateway	PhD_Theano	missing_maldi	USED	SH_0857	403	>IPO339_F4	>IPO339_58123394_F4	2024-01-03 00:00:00	11108725344-1	Plate		2024-04-29 00:00:00	11108886591	F	27F	1127	NS	Dilution_to_extinction		BHI+RF	2023	BHI+RF	small	cream with white / yellow centre	smooth	In_process			HoloRuminant	NR	bovine	NR	37234	Conventional	49	IPO339_58123394_F4.ab1	/Users/nicholas/Library/CloudStorage/OneDrive-SharedLibraries-Queen'sUniversityBelfast/RUMEN Gateway QUB-Scientific_Consortium - Documents/03_Partners_sequences/QUB/ab1_files/IPO339_58123394_F4.ab1	TRUE	PRESENT	339257	2024-04-29T09:44:12	UNAVAILABLE	"PermissionError: [Errno 1] Operation not permitted: ""/Users/nicholas/Library/CloudStorage/OneDrive-SharedLibraries-Queen'sUniversityBelfast/RUMEN Gateway QUB-Scientific_Consortium - Documents/03_Partners_sequences/QUB/ab1_files"""
656	MATCHED_SH_PRIMER_BP	155	sh_id,primer,base_pairs,used_bc	1	1			QUB	SH_0858	SH_ID	SH_0858	QUB_0236	QUB_27F_0236	27F	1114	681	Bacteria	RS_GCF_000160755.1	d__Bacteria;p__Pseudomonadota;c__Gammaproteobacteria;o__Enterobacterales;f__Enterobacteriaceae;g__Proteus;s__Proteus mirabilis	99.8							1740	DB_00719	Rumen_Gateway	PhD_Theano	missing_maldi	USED	SH_0858	404	>IPO339_G4	>IPO339_58123394_G4	2024-01-03 00:00:00	11108725344-1	Plate		2024-04-29 00:00:00	11108886591	F	27F	1114	NS	Dilution_to_extinction		BHI+RF	2023	BHI+RF	small	cream with transparent edges	smooth	In_process			HoloRuminant	NR	bovine	NR	37245	Conventional	28	IPO339_58123394_G4.ab1	/Users/nicholas/Library/CloudStorage/OneDrive-SharedLibraries-Queen'sUniversityBelfast/RUMEN Gateway QUB-Scientific_Consortium - Documents/03_Partners_sequences/QUB/ab1_files/IPO339_58123394_G4.ab1	TRUE	PRESENT	337078	2024-04-29T09:44:12	UNAVAILABLE	"PermissionError: [Errno 1] Operation not permitted: ""/Users/nicholas/Library/CloudStorage/OneDrive-SharedLibraries-Queen'sUniversityBelfast/RUMEN Gateway QUB-Scientific_Consortium - Documents/03_Partners_sequences/QUB/ab1_files"""
657	MATCHED_SH_PRIMER_BP	155	sh_id,primer,base_pairs,used_bc	1	1			QUB	SH_0859	SH_ID	SH_0859	QUB_0244	QUB_27F_0244	27F	1179	682	Bacteria	GB_GCA_905197905.1	d__Bacteria;p__Pseudomonadota;c__Gammaproteobacteria;o__Burkholderiales;f__Burkholderiaceae;g__Sutterella;s__Sutterella sp905197905	99.7							1741	DB_00731	Rumen_Gateway	PhD_Theano	missing_maldi	USED	SH_0859	405	>IPO339_H4	>IPO339_58123394_H4	2024-01-03 00:00:00	11108725344-1	Plate		2024-04-29 00:00:00	11108886591	F	27F	1179	NS	Dilution_to_extinction		BHI+RF	2023	BHI+RF	small	white with transparent edges	glistening	In_process			HoloRuminant	NR	bovine	NR	37234	Conventional	28	IPO339_58123394_H4.ab1	/Users/nicholas/Library/CloudStorage/OneDrive-SharedLibraries-Queen'sUniversityBelfast/RUMEN Gateway QUB-Scientific_Consortium - Documents/03_Partners_sequences/QUB/ab1_files/IPO339_58123394_H4.ab1	TRUE	PRESENT	333274	2024-04-29T09:44:12	UNAVAILABLE	"PermissionError: [Errno 1] Operation not permitted: ""/Users/nicholas/Library/CloudStorage/OneDrive-SharedLibraries-Queen'sUniversityBelfast/RUMEN Gateway QUB-Scientific_Consortium - Documents/03_Partners_sequences/QUB/ab1_files"""
658	MATCHED_SH_PRIMER_BP	155	sh_id,primer,base_pairs,used_bc	1	1			QUB	SH_0860	SH_ID	SH_0860	QUB_0188	QUB_27F_0188	27F	1110	683	Bacteria	RS_GCF_011038845.1	d__Bacteria;p__Bacillota;c__Bacilli;o__Lactobacillales;f__Enterococcaceae;g__Enterococcus_B;s__Enterococcus_B sp011038845	99.4							1742	DB_00648	Rumen_Gateway	PhD_Theano	missing_maldi	USED	SH_0860	406	>IPO339_A5	>IPO339_58123394_A5	2024-01-03 00:00:00	11108725344-1	Plate		2024-04-29 00:00:00	11108886591	F	27F	1110	NS	Dilution_to_extinction		BHI+RF	2023	BHI+RF	small	brown cloody	smooth	In_process			HoloRuminant	NR	bovine	NR	37234	Conventional	49	IPO339_58123394_A5.ab1	/Users/nicholas/Library/CloudStorage/OneDrive-SharedLibraries-Queen'sUniversityBelfast/RUMEN Gateway QUB-Scientific_Consortium - Documents/03_Partners_sequences/QUB/ab1_files/IPO339_58123394_A5.ab1	TRUE	PRESENT	334637	2024-04-29T09:44:10	UNAVAILABLE	"PermissionError: [Errno 1] Operation not permitted: ""/Users/nicholas/Library/CloudStorage/OneDrive-SharedLibraries-Queen'sUniversityBelfast/RUMEN Gateway QUB-Scientific_Consortium - Documents/03_Partners_sequences/QUB/ab1_files"""
659	MATCHED_SH_PRIMER_BP	155	sh_id,primer,base_pairs,used_bc	1	1			QUB	SH_0862	SH_ID	SH_0862	QUB_0204	QUB_27F_0204	27F	1133	684	Bacteria	RS_GCF_011038845.1	d__Bacteria;p__Bacillota;c__Bacilli;o__Lactobacillales;f__Enterococcaceae;g__Enterococcus_B;s__Enterococcus_B sp011038845	99.5							1744	DB_00672	Rumen_Gateway	PhD_Theano	Dead	USED	SH_0862	408	>IPO339_C5	>IPO339_58123394_C5	2024-01-03 00:00:00	11108725344-1	Plate		2024-04-29 00:00:00	11108886591	F	27F	1133	Dead	Dilution_to_extinction		BHI+RF	2023	BHI+RF	small	yellow	smooth	Dead			HoloRuminant	NR	bovine	NR	37245	Conventional	49	IPO339_58123394_C5.ab1	/Users/nicholas/Library/CloudStorage/OneDrive-SharedLibraries-Queen'sUniversityBelfast/RUMEN Gateway QUB-Scientific_Consortium - Documents/03_Partners_sequences/QUB/ab1_files/IPO339_58123394_C5.ab1	TRUE	PRESENT	337183	2024-04-29T09:44:10	UNAVAILABLE	"PermissionError: [Errno 1] Operation not permitted: ""/Users/nicholas/Library/CloudStorage/OneDrive-SharedLibraries-Queen'sUniversityBelfast/RUMEN Gateway QUB-Scientific_Consortium - Documents/03_Partners_sequences/QUB/ab1_files"""
660	MATCHED_SH_PRIMER_BP	155	sh_id,primer,base_pairs,used_bc	1	1			QUB	SH_0867	SH_ID	SH_0867	QUB_0224	QUB_27F_0224	27F	1197	685	Bacteria	RS_GCF_000011645.1	d__Bacteria;p__Bacillota;c__Bacilli;o__Bacillales;f__Bacillaceae;g__Bacillus;s__Bacillus licheniformis	99							1749	DB_00713	Rumen_Gateway	PhD_Theano	missing_maldi	USED	SH_0867	413	>IPO339_F10	>IPO339_58123394_F10	2024-01-03 00:00:00	11108725344-1	Plate		2024-04-29 00:00:00	11108886591	F	27F	1197	NS	Direct_plating		M2	2023	M2	tiny	transparent		In_process			TEST_01_Fresh rumen fluid stored in the fridge overnight before culturing	NR	NR	NR				IPO339_58123394_F10.ab1	/Users/nicholas/Library/CloudStorage/OneDrive-SharedLibraries-Queen'sUniversityBelfast/RUMEN Gateway QUB-Scientific_Consortium - Documents/03_Partners_sequences/QUB/ab1_files/IPO339_58123394_F10.ab1	TRUE	PRESENT	332707	2024-04-29T09:44:12	UNAVAILABLE	"PermissionError: [Errno 1] Operation not permitted: ""/Users/nicholas/Library/CloudStorage/OneDrive-SharedLibraries-Queen'sUniversityBelfast/RUMEN Gateway QUB-Scientific_Consortium - Documents/03_Partners_sequences/QUB/ab1_files"""
661	MATCHED_SH_PRIMER_BP	155	sh_id,primer,base_pairs,used_bc	1	1			QUB	SH_0868	SH_ID	SH_0868	QUB_0206	QUB_27F_0206	27F	1167	686	Bacteria	RS_GCF_019355395.1	d__Bacteria;p__Bacillota;c__Clostridia;o__Lachnospirales;f__Lachnospiraceae;g__Chordicoccus;s__Chordicoccus furentiruminis	99.1							1750	DB_00675	Rumen_Gateway	PhD_Theano	missing_maldi	USED	SH_0868	414	>IPO339_C8	>IPO339_58123394_C8	2024-01-03 00:00:00	11108725344-1	Plate		2024-04-29 00:00:00	11108886591	F	27F	1167	NS	Direct_plating		M2	2023	M2	tiny	white		In_process			TEST_01_Fresh rumen fluid stored in the fridge overnight before culturing	NR	NR	NR				IPO339_58123394_C8.ab1	/Users/nicholas/Library/CloudStorage/OneDrive-SharedLibraries-Queen'sUniversityBelfast/RUMEN Gateway QUB-Scientific_Consortium - Documents/03_Partners_sequences/QUB/ab1_files/IPO339_58123394_C8.ab1	TRUE	PRESENT	336828	2024-04-29T09:44:10	UNAVAILABLE	"PermissionError: [Errno 1] Operation not permitted: ""/Users/nicholas/Library/CloudStorage/OneDrive-SharedLibraries-Queen'sUniversityBelfast/RUMEN Gateway QUB-Scientific_Consortium - Documents/03_Partners_sequences/QUB/ab1_files"""
662	MATCHED_SH_PRIMER_BP	155	sh_id,primer,base_pairs,used_bc	1	1			QUB	SH_0871	SH_ID	SH_0871	QUB_0233	QUB_27F_0233	27F	1193	687	Bacteria	RS_GCF_000160755.1	d__Bacteria;p__Pseudomonadota;c__Gammaproteobacteria;o__Enterobacterales;f__Enterobacteriaceae;g__Proteus;s__Proteus mirabilis	99.5							1753	DB_00725	Rumen_Gateway	PhD_Theano	missing_maldi	USED	SH_0871	417	>IPO339_G10	>IPO339_58123394_G10	2024-01-03 00:00:00	11108725344-1	Plate		2024-04-29 00:00:00	11108886591	F	27F	1193	NS	Direct_plating		M2	2023	M2	tiny	white		In_process			TEST_01_Fresh rumen fluid stored in the fridge overnight before culturing	NR	NR	NR				IPO339_58123394_G10.ab1	/Users/nicholas/Library/CloudStorage/OneDrive-SharedLibraries-Queen'sUniversityBelfast/RUMEN Gateway QUB-Scientific_Consortium - Documents/03_Partners_sequences/QUB/ab1_files/IPO339_58123394_G10.ab1	TRUE	PRESENT	330360	2024-04-29T09:44:12	UNAVAILABLE	"PermissionError: [Errno 1] Operation not permitted: ""/Users/nicholas/Library/CloudStorage/OneDrive-SharedLibraries-Queen'sUniversityBelfast/RUMEN Gateway QUB-Scientific_Consortium - Documents/03_Partners_sequences/QUB/ab1_files"""
663	MATCHED_SH_PRIMER_BP	155	sh_id,primer,base_pairs,used_bc	1	1			QUB	SH_0872	SH_ID	SH_0872	QUB_0213	QUB_27F_0213	27F	1137	688	Bacteria	RS_GCF_025567465.1	d__Bacteria;p__Bacillota;c__Clostridia;o__Lachnospirales;f__Lachnospiraceae;g__Roseburia_C;s__Roseburia_C amylophila	98.6							1754	DB_00687	Rumen_Gateway	PhD_Theano	missing_maldi	USED	SH_0872	418	>IPO339_D8	>IPO339_58123394_D8	2024-01-03 00:00:00	11108725344-1	Plate		2024-04-29 00:00:00	11108886591	F	27F	1137	NS	Direct_plating		M2	2023	M2	indefinite	transparent	mucoid	In_process			TEST_01_Fresh rumen fluid stored in the fridge overnight before culturing	NR	NR	NR				IPO339_58123394_D8.ab1	/Users/nicholas/Library/CloudStorage/OneDrive-SharedLibraries-Queen'sUniversityBelfast/RUMEN Gateway QUB-Scientific_Consortium - Documents/03_Partners_sequences/QUB/ab1_files/IPO339_58123394_D8.ab1	TRUE	PRESENT	337556	2024-04-29T09:44:10	UNAVAILABLE	"PermissionError: [Errno 1] Operation not permitted: ""/Users/nicholas/Library/CloudStorage/OneDrive-SharedLibraries-Queen'sUniversityBelfast/RUMEN Gateway QUB-Scientific_Consortium - Documents/03_Partners_sequences/QUB/ab1_files"""
664	MATCHED_SH_PRIMER_BP	155	sh_id,primer,base_pairs,used_bc	1	1			QUB	SH_0873	SH_ID	SH_0873	QUB_0241	QUB_27F_0241	27F	1219	689	Bacteria	GB_GCA_022482815.1	d__Bacteria;p__Bacillota;c__Negativicutes;o__Acidaminococcales;f__Acidaminococcaceae;g__Acidaminococcus;s__Acidaminococcus sp022482815	99.7							1755	DB_00737	Rumen_Gateway	PhD_Theano	missing_maldi	USED	SH_0873	419	>IPO339_H10	>IPO339_58123394_H10	2024-01-03 00:00:00	11108725344-1	Plate		2024-04-29 00:00:00	11108886591	F	27F	1219	NS	Direct_plating		M2	2023	M2	small	transparent with white edges		In_process			TEST_01_Fresh rumen fluid stored in the fridge overnight before culturing	NR	NR	NR				IPO339_58123394_H10.ab1	/Users/nicholas/Library/CloudStorage/OneDrive-SharedLibraries-Queen'sUniversityBelfast/RUMEN Gateway QUB-Scientific_Consortium - Documents/03_Partners_sequences/QUB/ab1_files/IPO339_58123394_H10.ab1	TRUE	PRESENT	324922	2024-04-29T09:44:12	UNAVAILABLE	"PermissionError: [Errno 1] Operation not permitted: ""/Users/nicholas/Library/CloudStorage/OneDrive-SharedLibraries-Queen'sUniversityBelfast/RUMEN Gateway QUB-Scientific_Consortium - Documents/03_Partners_sequences/QUB/ab1_files"""
665	MATCHED_SH_PRIMER_BP	155	sh_id,primer,base_pairs,used_bc	1	1			QUB	SH_0874	SH_ID	SH_0874	QUB_0248	QUB_27F_0248	27F	1212	690	Bacteria	RS_GCF_012844235.1	d__Bacteria;p__Actinomycetota;c__Coriobacteriia;o__Coriobacteriales;f__Atopobiaceae;g__Parafannyhessea;s__Parafannyhessea sp900538935	99.2							1756	DB_00736	Rumen_Gateway	PhD_Theano	missing_maldi	USED	SH_0874	420	>IPO339_H9	>IPO339_58123394_H9	2024-01-03 00:00:00	11108725344-1	Plate		2024-04-29 00:00:00	11108886591	F	27F	1212	NS	Direct_plating		BHI+RF	2023	BHI+RF	medium	cream with white centre		In_process			HoloRuminant	NR	bovine	NR			10	IPO339_58123394_H9.ab1	/Users/nicholas/Library/CloudStorage/OneDrive-SharedLibraries-Queen'sUniversityBelfast/RUMEN Gateway QUB-Scientific_Consortium - Documents/03_Partners_sequences/QUB/ab1_files/IPO339_58123394_H9.ab1	TRUE	PRESENT	329151	2024-04-29T09:44:12	UNAVAILABLE	"PermissionError: [Errno 1] Operation not permitted: ""/Users/nicholas/Library/CloudStorage/OneDrive-SharedLibraries-Queen'sUniversityBelfast/RUMEN Gateway QUB-Scientific_Consortium - Documents/03_Partners_sequences/QUB/ab1_files"""
666	MATCHED_SH_PRIMER_BP	155	sh_id,primer,base_pairs,used_bc	1	1			QUB	SH_0875	SH_ID	SH_0875	QUB_0220	QUB_27F_0220	27F	1127	691	Bacteria	RS_GCF_009697385.1	d__Bacteria;p__Bacillota;c__Negativicutes;o__Selenomonadales;f__Selenomonadaceae;g__Selenomonas_A;s__Selenomonas_A montiformis	95.1				MWL9			1757	DB_00698	Rumen_Gateway	PhD_Theano	missing_maldi	USED	SH_0875	421	>IPO339_E7	>IPO339_58123394_E7	2024-01-03 00:00:00	11108725344-1	Plate		2024-04-29 00:00:00	11108886591	F	27F	1127	D1.3 Box 3	Direct_plating		BHI+RF	2023	BHI+RF	small	white		In_process			HoloRuminant	NR	bovine	NR	NR	NR	10	IPO339_58123394_E7.ab1	/Users/nicholas/Library/CloudStorage/OneDrive-SharedLibraries-Queen'sUniversityBelfast/RUMEN Gateway QUB-Scientific_Consortium - Documents/03_Partners_sequences/QUB/ab1_files/IPO339_58123394_E7.ab1	TRUE	PRESENT	337474	2024-04-29T09:44:12	UNAVAILABLE	"PermissionError: [Errno 1] Operation not permitted: ""/Users/nicholas/Library/CloudStorage/OneDrive-SharedLibraries-Queen'sUniversityBelfast/RUMEN Gateway QUB-Scientific_Consortium - Documents/03_Partners_sequences/QUB/ab1_files"""
667	MATCHED_SH_PRIMER_BP	155	sh_id,primer,base_pairs,used_bc	3	1		row=1759|db=DB_01697|short=JTQ751|fasta=JTQ751_65947518_65947518|primer=27F|bp=1241|score=130|reasons=sh_id,primer,used_bc; row=1760|db=DB_01698|short=JTQ752|fasta=JTQ752_65947525_65947525|primer=1492R|bp=1271|score=105|reasons=sh_id,used_bc	QUB	SH_0876	SH_ID	SH_0876	QUB_0229	QUB_27F_0229	27F	1132	692	Bacteria	RS_GCF_000011645.1	d__Bacteria;p__Bacillota;c__Bacilli;o__Bacillales;f__Bacillaceae;g__Bacillus;s__Bacillus licheniformis	99.1				MWL9			1758	DB_00710	Rumen_Gateway	PhD_Theano	missing_maldi	USED	SH_0876	422	>IPO339_F7	>IPO339_58123394_F7	2024-01-03 00:00:00	11108725344-1	Plate		2024-04-29 00:00:00	11108886591	F	27F	1132	D1.3 Box 3	Direct_plating		BHI+RF	2023	BHI+RF	tiny	transparent		Unknown			HoloRuminant	NR	bovine	NR	NR	NR	10	IPO339_58123394_F7.ab1	/Users/nicholas/Library/CloudStorage/OneDrive-SharedLibraries-Queen'sUniversityBelfast/RUMEN Gateway QUB-Scientific_Consortium - Documents/03_Partners_sequences/QUB/ab1_files/IPO339_58123394_F7.ab1	TRUE	PRESENT	334851	2024-04-29T09:44:12	UNAVAILABLE	"PermissionError: [Errno 1] Operation not permitted: ""/Users/nicholas/Library/CloudStorage/OneDrive-SharedLibraries-Queen'sUniversityBelfast/RUMEN Gateway QUB-Scientific_Consortium - Documents/03_Partners_sequences/QUB/ab1_files"""
668	MATCHED_SH_PRIMER_BP	155	sh_id,primer,base_pairs,used_bc	5	1		row=1762|db=DB_01554|short=JDP761_G5|fasta=|primer=27F|bp=|score=130|reasons=sh_id,primer,used_bc; row=1764|db=DB_01636|short=JTQ690|fasta=JTQ690_65946900_65946900|primer=27F|bp=1241|score=130|reasons=sh_id,primer,used_bc; row=1763|db=DB_01555|short=JDP761_G6|fasta=|primer=1492R|bp=|score=105|reasons=sh_id,used_bc; row=1765|db=DB_01637|short=JTQ691|fasta=JTQ691_65946917_65946917|primer=1492R|bp=1203|score=105|reasons=sh_id,used_bc	QUB	SH_0877	SH_ID	SH_0877	QUB_0238	QUB_27F_0238	27F	1160	693	Bacteria	GB_GCA_022482495.1	d__Bacteria;p__Spirochaetota;c__Spirochaetia;o__Sphaerochaetales;f__Sphaerochaetaceae;g__RUG023;s__RUG023 sp022482495	89.7							1761	DB_00722	Rumen_Gateway	PhD_Theano	missing_maldi	USED	SH_0877	423	>IPO339_G7	>IPO339_58123394_G7	2024-01-03 00:00:00	11108725344-1	Plate		2024-04-29 00:00:00	11108886591	F	27F	1160	D1.3 Box 3	Direct_plating		BHI+RF	2023	BHI+RF	tiny	cream		In_process			HoloRuminant	NR	bovine	NR			10	IPO339_58123394_G7.ab1	/Users/nicholas/Library/CloudStorage/OneDrive-SharedLibraries-Queen'sUniversityBelfast/RUMEN Gateway QUB-Scientific_Consortium - Documents/03_Partners_sequences/QUB/ab1_files/IPO339_58123394_G7.ab1	TRUE	PRESENT	334688	2024-04-29T09:44:12	UNAVAILABLE	"PermissionError: [Errno 1] Operation not permitted: ""/Users/nicholas/Library/CloudStorage/OneDrive-SharedLibraries-Queen'sUniversityBelfast/RUMEN Gateway QUB-Scientific_Consortium - Documents/03_Partners_sequences/QUB/ab1_files"""
669	MATCHED_SH_PRIMER_BP	155	sh_id,primer,base_pairs,used_bc	5	1		row=1767|db=DB_01556|short=JDP761_G7|fasta=|primer=27F|bp=|score=130|reasons=sh_id,primer,used_bc; row=1769|db=DB_01699|short=JTQ753|fasta=JTQ753_65947532_65947532|primer=27F|bp=1235|score=130|reasons=sh_id,primer,used_bc; row=1768|db=DB_01557|short=JDP761_G8|fasta=|primer=1492R|bp=|score=105|reasons=sh_id,used_bc; row=1770|db=DB_01700|short=JTQ754|fasta=JTQ754_65947549_65947549|primer=1492R|bp=1201|score=105|reasons=sh_id,used_bc	QUB	SH_0878	SH_ID	SH_0878	QUB_0214	QUB_27F_0214	27F	1155	694	Bacteria	RS_GCF_040096415.1	d__Bacteria;p__Bacillota;c__Negativicutes;o__Veillonellales;f__Megasphaeraceae;g__Megasphaera;s__Megasphaera intestinihominis	98.1							1766	DB_00688	Rumen_Gateway	PhD_Theano	missing_maldi	USED	SH_0878	424	>IPO339_D9	>IPO339_58123394_D9	2024-01-03 00:00:00	11108725344-1	Plate		2024-04-29 00:00:00	11108886591	F	27F	1155	D1.3 Box 3	Direct_plating		BHI+RF	2023	BHI+RF	big	cream with darker centre		Unknown			HoloRuminant	NR	bovine	NR			10	IPO339_58123394_D9.ab1	/Users/nicholas/Library/CloudStorage/OneDrive-SharedLibraries-Queen'sUniversityBelfast/RUMEN Gateway QUB-Scientific_Consortium - Documents/03_Partners_sequences/QUB/ab1_files/IPO339_58123394_D9.ab1	TRUE	PRESENT	333026	2024-04-29T09:44:10	UNAVAILABLE	"PermissionError: [Errno 1] Operation not permitted: ""/Users/nicholas/Library/CloudStorage/OneDrive-SharedLibraries-Queen'sUniversityBelfast/RUMEN Gateway QUB-Scientific_Consortium - Documents/03_Partners_sequences/QUB/ab1_files"""
670	MATCHED_SH_PRIMER_BP	155	sh_id,primer,base_pairs,used_bc	1	1			QUB	SH_0879	SH_ID	SH_0879	QUB_0246	QUB_27F_0246	27F	1181	695	Bacteria	RS_GCF_012844235.1	d__Bacteria;p__Actinomycetota;c__Coriobacteriia;o__Coriobacteriales;f__Atopobiaceae;g__Parafannyhessea;s__Parafannyhessea sp900538935	99.6				MWL4			1771	DB_00734	Rumen_Gateway	PhD_Theano	missing_maldi	USED	SH_0879	425	>IPO339_H7	>IPO339_58123394_H7	2024-01-03 00:00:00	11108725344-1	Plate		2024-04-29 00:00:00	11108886591	F	27F	1181	NS	Direct_plating		BHI+RF	2023	BHI+RF	tiny	white		In_process			HoloRuminant	NR	bovine	NR	NR	NR	10	IPO339_58123394_H7.ab1	/Users/nicholas/Library/CloudStorage/OneDrive-SharedLibraries-Queen'sUniversityBelfast/RUMEN Gateway QUB-Scientific_Consortium - Documents/03_Partners_sequences/QUB/ab1_files/IPO339_58123394_H7.ab1	TRUE	PRESENT	335703	2024-04-29T09:44:12	UNAVAILABLE	"PermissionError: [Errno 1] Operation not permitted: ""/Users/nicholas/Library/CloudStorage/OneDrive-SharedLibraries-Queen'sUniversityBelfast/RUMEN Gateway QUB-Scientific_Consortium - Documents/03_Partners_sequences/QUB/ab1_files"""
671	MATCHED_SH_PRIMER_BP	155	sh_id,primer,base_pairs,used_bc	3	1		row=1825|db=DB_01558|short=JDP761_G9|fasta=|primer=27F|bp=|score=130|reasons=sh_id,primer,used_bc; row=1826|db=DB_01559|short=JDP761_G10|fasta=|primer=1492R|bp=|score=105|reasons=sh_id,used_bc	QUB	SH_0880	SH_ID	SH_0880	QUB_0190	QUB_27F_0190	27F	1170	696	Bacteria	RS_GCF_025567465.1	d__Bacteria;p__Bacillota;c__Clostridia;o__Lachnospirales;f__Lachnospiraceae;g__Roseburia_C;s__Roseburia_C amylophila	99.2							1772	DB_00651	Rumen_Gateway	PhD_Theano	missing_maldi	USED	SH_0880	426	>IPO339_A8	>IPO339_58123394_A8	2024-01-03 00:00:00	11108725344-1	Plate		2024-04-29 00:00:00	11108886591	F	27F	1170	D1.3 Box 3	Direct_plating		BHI+RF	2023	BHI+RF	tiny	white		SH_106			HoloRuminant	NR	bovine	NR	NR	NR	10	IPO339_58123394_A8.ab1	/Users/nicholas/Library/CloudStorage/OneDrive-SharedLibraries-Queen'sUniversityBelfast/RUMEN Gateway QUB-Scientific_Consortium - Documents/03_Partners_sequences/QUB/ab1_files/IPO339_58123394_A8.ab1	TRUE	PRESENT	334385	2024-04-29T09:44:10	UNAVAILABLE	"PermissionError: [Errno 1] Operation not permitted: ""/Users/nicholas/Library/CloudStorage/OneDrive-SharedLibraries-Queen'sUniversityBelfast/RUMEN Gateway QUB-Scientific_Consortium - Documents/03_Partners_sequences/QUB/ab1_files"""
672	MATCHED_SH_PRIMER_BP	155	sh_id,primer,base_pairs,used_bc	5	1		row=1828|db=DB_01560|short=JDP761_G11|fasta=|primer=27F|bp=|score=130|reasons=sh_id,primer,used_bc; row=1831|db=DB_01670|short=JTQ724|fasta=JTQ724_65947242_65947242|primer=27F|bp=1179|score=130|reasons=sh_id,primer,used_bc; row=1829|db=DB_01561|short=JDP761_G12|fasta=|primer=1492R|bp=|score=105|reasons=sh_id,used_bc; row=1830|db=DB_01639|short=JTQ693|fasta=JTQ693_65946931_65946931|primer=1492R|bp=1209|score=105|reasons=sh_id,used_bc	QUB	SH_0881	SH_ID	SH_0881	QUB_0198	QUB_27F_0198	27F	1161	697	Bacteria	RS_GCF_000160755.1	d__Bacteria;p__Pseudomonadota;c__Gammaproteobacteria;o__Enterobacterales;f__Enterobacteriaceae;g__Proteus;s__Proteus mirabilis	99				MWL6			1827	DB_00663	Rumen_Gateway	PhD_Theano	missing_maldi	USED	SH_0881	427	>IPO339_B8	>IPO339_58123394_B8	2024-01-03 00:00:00	11108725344-1	Plate		2024-04-29 00:00:00	11108886591	F	27F	1161	D1.3 Box 3	Direct_plating		BHI+RF	2023	BHI+RF	medium	transparent		In_process			HoloRuminant	NR	bovine	NR	NR	NR	10	IPO339_58123394_B8.ab1	/Users/nicholas/Library/CloudStorage/OneDrive-SharedLibraries-Queen'sUniversityBelfast/RUMEN Gateway QUB-Scientific_Consortium - Documents/03_Partners_sequences/QUB/ab1_files/IPO339_58123394_B8.ab1	TRUE	PRESENT	337730	2024-04-29T09:44:10	UNAVAILABLE	"PermissionError: [Errno 1] Operation not permitted: ""/Users/nicholas/Library/CloudStorage/OneDrive-SharedLibraries-Queen'sUniversityBelfast/RUMEN Gateway QUB-Scientific_Consortium - Documents/03_Partners_sequences/QUB/ab1_files"""
673	MATCHED_SH_PRIMER_BP	155	sh_id,primer,base_pairs,used_bc	1	1			QUB	SH_0883	SH_ID	SH_0883	QUB_0247	QUB_27F_0247	27F	1173	698	Bacteria	RS_GCF_009695655.1	d__Bacteria;p__Bacillota;c__Bacilli;o__Erysipelotrichales;f__Coprobacillaceae;g__Sharpea;s__Sharpea porci	97.8							1833	DB_00735	Rumen_Gateway	PhD_Theano	missing_maldi	USED	SH_0883	429	>IPO339_H8	>IPO339_58123394_H8	2024-01-03 00:00:00	11108725344-1	Plate		2024-04-29 00:00:00	11108886591	F	27F	1173	NS	Direct_plating		M2	2023	M2	medium	shinny white centre and cream edges, more dense centre	glistening	In_process			HoloRuminant	NR	bovine	NR	37352	Conventional	12	IPO339_58123394_H8.ab1	/Users/nicholas/Library/CloudStorage/OneDrive-SharedLibraries-Queen'sUniversityBelfast/RUMEN Gateway QUB-Scientific_Consortium - Documents/03_Partners_sequences/QUB/ab1_files/IPO339_58123394_H8.ab1	TRUE	PRESENT	333024	2024-04-29T09:44:12	UNAVAILABLE	"PermissionError: [Errno 1] Operation not permitted: ""/Users/nicholas/Library/CloudStorage/OneDrive-SharedLibraries-Queen'sUniversityBelfast/RUMEN Gateway QUB-Scientific_Consortium - Documents/03_Partners_sequences/QUB/ab1_files"""
