sh_id	all16s_row	all16s_db_control_seq	all16s_project	all16s_bc_status	all16s_short_sequence_code	original_fasta_id	original_fasta_id_raw	all16s_project_isolate_id	all16s_order_id	all16s_sequence_order_id	all16s_primer_direction	all16s_sequencing_primer	all16s_base_pairs	qub_ids_for_sh	sequence_identifiers_for_sh	overview_rows_for_sh	status
SH_0117_M3	33	DB_00031	Rumen_Gateway	USED	DYG740	DYG740_26587401_26587401	>DYG740_26587401_26587401	156	11107239059-1	11108500391	F	63F	1132	QUB_0001	QUB_63F_0001	127	OK
SH_0107_M2	34	DB_00032	Rumen_Gateway	USED	DYG741	DYG741_26587418_26587418	>DYG741_26587418_26587418	155	11107239059-1	11108500391	F	63F	1144	QUB_0002	QUB_63F_0002	116	OK
SH_0108	42	DB_00040	Rumen_Gateway	USED	DYG749	DYG749_26587494_26587494	>DYG749_26587494_26587494	42	11107239059-1	11108032820	F	63F	1147	QUB_0003	QUB_63F_0003	117	OK
SH_0112	43	DB_00041	Rumen_Gateway	USED	DYG750	DYG750_26587500_26587500	>DYG750_26587500_26587500	43	11107239059-1	11108032820	F	63F	1190	QUB_0004	QUB_63F_0004	122	OK
SH_0089	44	DB_00042	Rumen_Gateway	USED	DYG751	DYG751_26587517_26587517	>DYG751_26587517_26587517	44	11107239059-1	11108032820	F	63F	1189	QUB_0005	QUB_63F_0005	91	OK
SH_0146	45	DB_00043	Rumen_Gateway	USED	DYG752	DYG752_26587524_26587524	>DYG752_26587524_26587524	45	11107239059-1	11108032820	F	63F	1161	QUB_0006	QUB_63F_0006	167	OK
SH_0169	46	DB_00044	Rumen_Gateway	USED	DYG753	DYG753_26587531_26587531	>DYG753_26587531_26587531	46	11107239059-1	11108032820	F	63F	1186	QUB_0007	QUB_63F_0007	189	OK
SH_0079	47	DB_00045	Rumen_Gateway	USED	DYG754	DYG754_26587548_26587548	>DYG754_26587548_26587548	47	11107239059-1	11108032820	F	63F	1170	QUB_0008	QUB_63F_0008	80	OK
SH_0007	48	DB_00046	Rumen_Gateway	USED	DYG755	DYG755_26587555_26587555	>DYG755_26587555_26587555	RC48; 48	11107239059-1	11108032820	F	63F	1164	QUB_0009; QUB_0169	QUB_63F_0009; QUB_27F_0169	28; 29	OK
SH_0076	49	DB_00047	Rumen_Gateway	USED	DYG756	DYG756_26587562_26587562	>DYG756_26587562_26587562	49	11107239059-1	11108032820	F	63F	1171	QUB_0010; QUB_0174; QUB_0520	QUB_63F_0010; QUB_27F_0174; QUB_27F_0520	75; 76; 77	OK
SH_0124	50	DB_00048	Rumen_Gateway	USED	DYG757	DYG757_26587579_26587579	>DYG757_26587579_26587579	50	11107239059-1	11108032820	F	63F	1181	QUB_0011	QUB_63F_0011	136	OK
SH_0087	51	DB_00049	Rumen_Gateway	USED	DYG758	DYG758_26587586_26587586	>DYG758_26587586_26587586	51	11107239059-1	11108032820	F	63F	1160	QUB_0012	QUB_63F_0012	89	OK
SH_0088	52	DB_00050	Rumen_Gateway	USED	DYG759	DYG759_26587593_26587593	>DYG759_26587593_26587593	52	11107239059-1	11108032820	F	63F	1178	QUB_0013	QUB_63F_0013	90	OK
SH_0157	53	DB_00051	Rumen_Gateway	USED	DYG760	DYG760_26587609_26587609	>DYG760_26587609_26587609	53	11107239059-1	11108032820	F	63F	1183	QUB_0014; QUB_0584	QUB_63F_0014; QUB_27F_0584	175; 176	OK
SH_0134	54	DB_00052	Rumen_Gateway	USED	DYG761	DYG761_26587616_26587616	>DYG761_26587616_26587616	54	11107239059-1	11108032820	F	63F	1156	QUB_0015	QUB_63F_0015	152	OK
SH_0255	55	DB_00053	Rumen_Gateway	USED	DYG762	DYG762_26587623_26587623	>DYG762_26587623_26587623	55	11107239059-1	11108032820	F	63F	1159	QUB_0016	QUB_63F_0016	216	OK
SH_0256	56	DB_00054	Rumen_Gateway	USED	DYG763	DYG763_26587630_26587630	>DYG763_26587630_26587630	56	11107239059-1	11108032820	F	63F	1173	QUB_0017	QUB_63F_0017	217	OK
SH_0099	57	DB_00055	Rumen_Gateway	USED	DYG764	DYG764_26587647_26587647	>DYG764_26587647_26587647	57	11107239059-1	11108032820	F	63F	1198	QUB_0018; QUB_0590	QUB_63F_0018; QUB_27F_0590	105; 106	OK
SH_0110	60	DB_00058	Rumen_Gateway	USED	DYG767	DYG767_26587678_26587678	>DYG767_26587678_26587678	60	11107239059-1	11108032820	F	63F	1187	QUB_0019	QUB_63F_0019	119	OK
SH_0164	61	DB_00059	Rumen_Gateway	USED	DYG768	DYG768_26587685_26587685	>DYG768_26587685_26587685	61	11107239059-1	11108032820	F	63F	1158	QUB_0020	QUB_63F_0020	184	OK
SH_0008	62	DB_00060	Rumen_Gateway	USED	DYG769	DYG769_26587692_26587692	>DYG769_26587692_26587692	RC62	11107239059-1	11108032820	F	63F	1201	QUB_0021; QUB_0168	QUB_63F_0021; QUB_27F_0168	30; 31	OK
SH_0091	63	DB_00061	Rumen_Gateway	USED	DYG770	DYG770_26587708_26587708	>DYG770_26587708_26587708	63	11107239059-1	11108032820	F	63F	1206	QUB_0022; QUB_0176; QUB_0519	QUB_63F_0022; QUB_27F_0176; QUB_27F_0519	95; 96; 97	OK
SH_0103	64	DB_00062	Rumen_Gateway	USED	DYG771	DYG771_26587715_26587715	>DYG771_26587715_26587715	64	11107239059-1	11108032820	F	63F	1172	QUB_0023; QUB_0540	QUB_63F_0023; QUB_27F_0540	111; 112	OK
SH_0346	65	DB_00063	Rumen_Gateway	USED	DYG772	DYG772_26587722_26587722	>DYG772_26587722_26587722	RC65	11107239059-1	11108032820	F	63F	1180	QUB_0024	QUB_63F_0024	253	OK
SH_0062	66	DB_00064	Rumen_Gateway	USED	DYG773	DYG773_26587739_26587739	>DYG773_26587739_26587739	66	11107239059-1	11108032820	F	63F	1226	QUB_0025	QUB_63F_0025	58	OK
SH_0092	67	DB_00065	Rumen_Gateway	USED	DYG774	DYG774_26587746_26587746	>DYG774_26587746_26587746	67	11107239059-1	11108032820	F	63F	1210	QUB_0026	QUB_63F_0026	98	OK
SH_0097	68	DB_00066	Rumen_Gateway	USED	DYG775	DYG775_26587753_26587753	>DYG775_26587753_26587753	68	11107239059-1	11108032820	F	63F	1187	QUB_0027	QUB_63F_0027	103	OK
SH_0147	69	DB_00067	Rumen_Gateway	USED	DYG776	DYG776_26587760_26587760	>DYG776_26587760_26587760	69	11107239059-1	11108032820	F	63F	1196	QUB_0028	QUB_63F_0028	168	OK
SH_0113	70	DB_00068	Rumen_Gateway	USED	DYG777	DYG777_26587777_26587777	>DYG777_26587777_26587777	70	11107239059-1	11108032820	F	63F	1185	QUB_0029	QUB_63F_0029	123	OK
SH_0347	71	DB_00069	Rumen_Gateway	USED	DYG778	DYG778_26587784_26587784	>DYG778_26587784_26587784	RC71	11107239059-1	11108032820	F	63F	1207	QUB_0030	QUB_63F_0030	254	OK
SH_0074	72	DB_00070	Rumen_Gateway	USED	DYG779	DYG779_26587791_26587791	>DYG779_26587791_26587791	72	11107239059-1	11108032820	F	63F	1230	QUB_0031	QUB_63F_0031	73	OK
SH_0090	73	DB_00071	Rumen_Gateway	USED	DYG780	DYG780_26587807_26587807	>DYG780_26587807_26587807	73	11107239059-1	11108032820	F	63F	1204	QUB_0032; QUB_0177; QUB_0522	QUB_63F_0032; QUB_27F_0177; QUB_27F_0522	92; 93; 94	OK
SH_0080	74	DB_00072	Rumen_Gateway	USED	DYG781	DYG781_26587814_26587814	>DYG781_26587814_26587814	74	11107239059-1	11108032820	F	63F	1202	QUB_0033; QUB_0173; QUB_0521	QUB_63F_0033; QUB_27F_0173; QUB_27F_0521	81; 82; 83	OK
SH_0098	75	DB_00073	Rumen_Gateway	USED	DYG782	DYG782_26587821_26587821	>DYG782_26587821_26587821	75	11107239059-1	11108032820	F	63F	1194	QUB_0034	QUB_63F_0034	104	OK
SH_0122	76	DB_00074	Rumen_Gateway	USED	DYG783	DYG783_26587838_26587838	>DYG783_26587838_26587838	76	11107239059-1	11108032820	F	63F	1176	QUB_0035	QUB_63F_0035	132	OK
SH_0348	77	DB_00075	Rumen_Gateway	USED	DYG784	DYG784_26587845_26587845	>DYG784_26587845_26587845	RC77	11107239059-1	11108032820	F	63F	1202	QUB_0036	QUB_63F_0036	255	OK
SH_0163	78	DB_00076	Rumen_Gateway	USED	DYG785	DYG785_26587852_26587852	>DYG785_26587852_26587852	117	11107239059-1	11108081181	F	63F	1127	QUB_0037	QUB_63F_0037	183	OK
SH_0142	79	DB_00077	Rumen_Gateway	USED	DYG786	DYG786_26587869_26587869	>DYG786_26587869_26587869	118	11107239059-1	11108081181	F	63F	1136	QUB_0038; QUB_0538	QUB_63F_0038; QUB_27F_0538	162; 163	OK
SH_0104	80	DB_00078	Rumen_Gateway	USED	DYG787	DYG787_26587876_26587876	>DYG787_26587876_26587876	119	11107239059-1	11108081181	F	63F	1165	QUB_0039	QUB_63F_0039	113	OK
SH_0357	81	DB_00079	Rumen_Gateway	USED	DYG788	DYG788_26587883_26587883	>DYG788_26587883_26587883	120	11107239059-1	11108081181	F	63F	153				MISSING_QUB_ID
SH_0082	82	DB_00080	Rumen_Gateway	USED	DYG789	DYG789_26587890_26587890	>DYG789_26587890_26587890	121	11107239059-1	11108081181	F	63F	823	QUB_0040	QUB_63F_0040	84	OK
SH_0046	83	DB_00081	Rumen_Gateway	USED	DYG790	DYG790_26587906_26587906	>DYG790_26587906_26587906	122	11107239059-1	11108081181	F	63F	1151	QUB_0041	QUB_63F_0041	37	OK
SH_0097	84	DB_00082	Rumen_Gateway	USED	DYG791	DYG791_26587913_26587913	>DYG791_26587913_26587913	123	11107239059-1	11108081181	F	63F	22	QUB_0027	QUB_63F_0027	103	OK
SH_0170	85	DB_00083	Rumen_Gateway	USED	DYG792	DYG792_26587920_26587920	>DYG792_26587920_26587920	124	11107239059-1	11108081181	F	63F	1125	QUB_0042	QUB_63F_0042	190	OK
SH_0073	86	DB_00084	Rumen_Gateway	USED	DYG793	DYG793_26587937_26587937	>DYG793_26587937_26587937	125	11107239059-1	11108081181	F	63F	834	QUB_0043	QUB_63F_0043	72	OK
SH_0174	87	DB_00085	Rumen_Gateway	USED	DYG794	DYG794_26587944_26587944	>DYG794_26587944_26587944	126	11107239059-1	11108081181	F	63F	1112	QUB_0044	QUB_63F_0044	194	OK
SH_0125	88	DB_00086	Rumen_Gateway	USED	DYG795	DYG795_26587951_26587951	>DYG795_26587951_26587951	127	11107239059-1	11108081181	F	63F	1191	QUB_0045	QUB_63F_0045	137	OK
SH_0114	89	DB_00087	Rumen_Gateway	USED	DYG796	DYG796_26587968_26587968	>DYG796_26587968_26587968	128	11107239059-1	11108081181	F	63F	1196	QUB_0046	QUB_63F_0046	124	OK
SH_0359	90	DB_00088	Rumen_Gateway	USED	DYG797	DYG797_26587975_26587975	>DYG797_26587975_26587975	RC129	11107239059-1	11108081181	F	63F	1186	QUB_0047	QUB_63F_0047	269	OK
SH_0168	91	DB_00089	Rumen_Gateway	USED	ELX801	ELX801_30138019_30138019	>ELX801_30138019_30138019	1	11107492450-1	11107538579	F	63F	1137	QUB_0048	QUB_63F_0048	188	OK
SH_0168	92	DB_00090	Rumen_Gateway	USED	ELX802	ELX802_30138026_30138026	>ELX802_30138026_30138026	1	11107492450-1	11107538579	R	1387R	1122	QUB_0048	QUB_63F_0048	188	OK
SH_0249	93	DB_00091	Rumen_Gateway	USED	ELX803	ELX803_30138033_30138033	>ELX803_30138033_30138033	2	11107492450-1	11107538579	F	63F	18	QUB_0595	QUB_27F_0595	197	OK
SH_0249	94	DB_00092	Rumen_Gateway	USED	ELX804	ELX804_30138040_30138040	>ELX804_30138040_30138040	2	11107492450-1	11107538579	R	1387R	1	QUB_0595	QUB_27F_0595	197	OK
SH_0054	95	DB_00093	Rumen_Gateway	USED	ELX805	ELX805_30138057_30138057	>ELX805_30138057_30138057	3	11107492450-1	11107538579	F	63F	769	QUB_0049; QUB_0591	QUB_1387FC_0049; QUB_27F_0591	47; 48	OK
SH_0054	96	DB_00094	Rumen_Gateway	USED	ELX806	ELX806_30138064_30138064	>ELX806_30138064_30138064	3	11107492450-1	11107538579	R	1387R	899	QUB_0049; QUB_0591	QUB_1387FC_0049; QUB_27F_0591	47; 48	OK
SH_0054	97	DB_00095	Rumen_Gateway	USED	ELX806C	ELX806C_30138064_30138064	>ELX806C_30138064_30138064	3			F	1387FC	899	QUB_0049; QUB_0591	QUB_1387FC_0049; QUB_27F_0591	47; 48	OK
SH_0050	98	DB_00096	Rumen_Gateway	USED	ELX807	ELX807_30138071_30138071	>ELX807_30138071_30138071	4	11107492450-1	11107538579	F	63F	1102	QUB_0050; QUB_0170; QUB_0537	QUB_63F_0050; QUB_27F_0170; QUB_27F_0537	41; 42; 43	OK
SH_0050	99	DB_00097	Rumen_Gateway	USED	ELX808	ELX808_30138088_30138088	>ELX808_30138088_30138088	4	11107492450-1	11107538579	R	1387R	1143	QUB_0050; QUB_0170; QUB_0537	QUB_63F_0050; QUB_27F_0170; QUB_27F_0537	41; 42; 43	OK
SH_0056	100	DB_00098	Rumen_Gateway	USED	ELX809	ELX809_30138095_30138095	>ELX809_30138095_30138095	5	11107492450-1	11107538579	F	63F	1044	QUB_0051	QUB_63F_0051	51	OK
SH_0056	101	DB_00099	Rumen_Gateway	USED	ELX810	ELX810_30138101_30138101	>ELX810_30138101_30138101	5	11107492450-1	11107538579	R	1387R	1037	QUB_0051	QUB_63F_0051	51	OK
SH_0058	102	DB_00100	Rumen_Gateway	USED	ELX811	ELX811_30138118_30138118	>ELX811_30138118_30138118	6	11107492450-1	11107538579	F	63F	1095	QUB_0052	QUB_63F_0052	53	OK
SH_0058	103	DB_00101	Rumen_Gateway	USED	ELX812	ELX812_30138125_30138125	>ELX812_30138125_30138125	6	11107492450-1	11107538579	R	1387R	1104	QUB_0052	QUB_63F_0052	53	OK
SH_0048	104	DB_00102	Rumen_Gateway	USED	ELX813	ELX813_30138132_30138132	>ELX813_30138132_30138132	7	11107492450-1	11107538579	F	63F	1076	QUB_0053	QUB_63F_0053	39	OK
SH_0048	105	DB_00103	Rumen_Gateway	USED	ELX814	ELX814_30138149_30138149	>ELX814_30138149_30138149	7	11107492450-1	11107538579	R	1387R	1035	QUB_0053	QUB_63F_0053	39	OK
SH_0060	106	DB_00104	Rumen_Gateway	USED	ELX815	ELX815_30138156_30138156	>ELX815_30138156_30138156	8	11107492450-1	11107538579	F	63F	1124	QUB_0054	QUB_63F_0054	56	OK
SH_0060	107	DB_00105	Rumen_Gateway	USED	ELX816	ELX816_30138163_30138163	>ELX816_30138163_30138163	8	11107492450-1	11107538579	R	1387R	1073	QUB_0054	QUB_63F_0054	56	OK
SH_0253	108	DB_00106	Rumen_Gateway	USED	ELX817	ELX817_30138170_30138170	>ELX817_30138170_30138170	9	11107492450-1	11107538579	F	63F	165	QUB_0055	QUB_1387FC_0055	211	OK
SH_0253	109	DB_00107	Rumen_Gateway	USED	ELX818	ELX818_30138187_30138187	>ELX818_30138187_30138187	9	11107492450-1	11107538579	R	1387R	1096	QUB_0055	QUB_1387FC_0055	211	OK
SH_0253	110	DB_00108	Rumen_Gateway	USED	ELX818C	ELX818C_30138187_30138187	>ELX818C_30138187_30138187	9			F	1387FC	1096	QUB_0055	QUB_1387FC_0055	211	OK
SH_0045	111	DB_00109	Rumen_Gateway	USED	ELX819	ELX819_30138194_30138194	>ELX819_30138194_30138194	10	11107492450-1	11107538579	F	63F	1114	QUB_0056	QUB_63F_0056	36	OK
SH_0045	112	DB_00110	Rumen_Gateway	USED	ELX820	ELX820_30138200_30138200	>ELX820_30138200_30138200	10	11107492450-1	11107538579	R	1387R	1107	QUB_0056	QUB_63F_0056	36	OK
SH_0061	113	DB_00111	Rumen_Gateway	USED	ELX821	ELX821_30138217_30138217	>ELX821_30138217_30138217	11	11107492450-1	11107538579	F	63F	1096	QUB_0057	QUB_63F_0057	57	OK
SH_0061	114	DB_00112	Rumen_Gateway	USED	ELX822	ELX822_30138224_30138224	>ELX822_30138224_30138224	11	11107492450-1	11107538579	R	1387R	1051	QUB_0057	QUB_63F_0057	57	OK
SH_0064	115	DB_00113	Rumen_Gateway	USED	ELX823	ELX823_30138231_30138231	>ELX823_30138231_30138231	12	11107492450-1	11107538579	F	63F	1125	QUB_0058	QUB_63F_0058	60	OK
SH_0064	116	DB_00114	Rumen_Gateway	USED	ELX824	ELX824_30138248_30138248	>ELX824_30138248_30138248	12	11107492450-1	11107538579	R	1387R	1075	QUB_0058	QUB_63F_0058	60	OK
SH_0047	117	DB_00115	Rumen_Gateway	USED	ELX825	ELX825_30138255_30138255	>ELX825_30138255_30138255	13	11107492450-1	11107538579	F	63F	769	QUB_0059	QUB_63F_0059	38	OK
SH_0047	118	DB_00116	Rumen_Gateway	USED	ELX826	ELX826_30138262_30138262	>ELX826_30138262_30138262	13	11107492450-1	11107538579	R	1387R	542	QUB_0059	QUB_63F_0059	38	OK
SH_0067_M7	119	DB_00117	Rumen_Gateway	USED	ELX827	ELX827_30138279_30138279	>ELX827_30138279_30138279	160	11107492450-1	11108500399	F	63F	1184	QUB_0060	QUB_63F_0060	63	OK
SH_0151_M8	120	DB_00118	Rumen_Gateway	USED	ELX828	ELX828_30138286_30138286	>ELX828_30138286_30138286	161	11107492450-1	11108500399	F	63F	1143	QUB_0061	QUB_63F_0061	171	OK
SH_0059	121	DB_00119	Rumen_Gateway	USED	ELX829	ELX829_30138293_30138293	>ELX829_30138293_30138293	15	11107492450-1	11107538579	F	63F	1076	QUB_0062; QUB_0172	QUB_63F_0062; QUB_27F_0172	54; 55	OK
SH_0059	122	DB_00120	Rumen_Gateway	USED	ELX830	ELX830_30138309_30138309	>ELX830_30138309_30138309	15	11107492450-1	11107538579	R	1387R	1089	QUB_0062; QUB_0172	QUB_63F_0062; QUB_27F_0172	54; 55	OK
SH_0133_M10	123	DB_00121	Rumen_Gateway	USED	ELX831	ELX831_30138316_30138316	>ELX831_30138316_30138316	163	11107492450-1	11108500399	F	63F	1164	QUB_0063	QUB_63F_0063	151	OK
SH_0085_M9	124	DB_00122	Rumen_Gateway	USED	ELX832	ELX832_30138323_30138323	>ELX832_30138323_30138323	162	11107492450-1	11108500399	F	63F	1154	QUB_0064	QUB_63F_0064	87	OK
SH_0118	125	DB_00123	Rumen_Gateway	USED	ELX833	ELX833_30138330_30138330	>ELX833_30138330_30138330	17	11107492450-1	11107538579	F	63F	1118	QUB_0065	QUB_63F_0065	128	OK
SH_0118	126	DB_00124	Rumen_Gateway	USED	ELX834	ELX834_30138347_30138347	>ELX834_30138347_30138347	17	11107492450-1	11107538579	R	1387R	14	QUB_0065	QUB_63F_0065	128	OK
SH_0063	130	DB_00128	Rumen_Gateway	USED	ELX837	ELX837_30138378_30138378	>ELX837_30138378_30138378	19	11107492450-1	11107538579	F	63F	1161	QUB_0067	QUB_63F_0067	59	OK
SH_0063	131	DB_00129	Rumen_Gateway	USED	ELX838	ELX838_30138385_30138385	>ELX838_30138385_30138385	19	11107492450-1	11107538579	R	1387R	1147	QUB_0067	QUB_63F_0067	59	OK
SH_0053	132	DB_00130	Rumen_Gateway	USED	ELX839	ELX839_30138392_30138392	>ELX839_30138392_30138392	20	11107492450-1	11107538579	F	63F	1072	QUB_0068	QUB_63F_0068	46	OK
SH_0053	133	DB_00131	Rumen_Gateway	USED	ELX840	ELX840_30138408_30138408	>ELX840_30138408_30138408	20	11107492450-1	11107538579	R	1387R	1100	QUB_0068	QUB_63F_0068	46	OK
SH_0055	134	DB_00132	Rumen_Gateway	USED	ELX841	ELX841_30138415_30138415	>ELX841_30138415_30138415	21	11107492450-1	11107538579	F	63F	1143	QUB_0069; QUB_0534	QUB_63F_0069; QUB_27F_0534	49; 50	OK
SH_0055	135	DB_00133	Rumen_Gateway	USED	ELX842	ELX842_30138422_30138422	>ELX842_30138422_30138422	21	11107492450-1	11107538579	R	1387R	1093	QUB_0069; QUB_0534	QUB_63F_0069; QUB_27F_0534	49; 50	OK
SH_0044	136	DB_00134	Rumen_Gateway	USED	ELX843	ELX843_30138439_30138439	>ELX843_30138439_30138439	22	11107492450-1	11107538579	F	63F	162	QUB_0070; QUB_0582; QUB_0663	QUB_1387FC_0070; QUB_27F_0582; QUB_27F_0663	33; 34; 35	OK
SH_0044	137	DB_00135	Rumen_Gateway	USED	ELX844	ELX844_30138446_30138446	>ELX844_30138446_30138446	22	11107492450-1	11107538579	R	1387R	1097	QUB_0070; QUB_0582; QUB_0663	QUB_1387FC_0070; QUB_27F_0582; QUB_27F_0663	33; 34; 35	OK
SH_0044	138	DB_00136	Rumen_Gateway	USED	ELX844C	ELX844C_30138446_30138446	>ELX844C_30138446_30138446	22			F	1387FC	1097	QUB_0070; QUB_0582; QUB_0663	QUB_1387FC_0070; QUB_27F_0582; QUB_27F_0663	33; 34; 35	OK
SH_0052	139	DB_00137	Rumen_Gateway	USED	ELX845	ELX845_30138453_30138453	>ELX845_30138453_30138453	23	11107492450-1	11107538579	F	63F	1071	QUB_0071	QUB_63F_0071	45	OK
SH_0052	140	DB_00138	Rumen_Gateway	USED	ELX846	ELX846_30138460_30138460	>ELX846_30138460_30138460	23	11107492450-1	11107538579	R	1387R	1120	QUB_0071	QUB_63F_0071	45	OK
SH_0043	141	DB_00139	Rumen_Gateway	USED	ELX847	ELX847_30138477_30138477	>ELX847_30138477_30138477	24	11107492450-1	11107538579	F	63F	164	QUB_0072	QUB_1387FC_0072	32	OK
SH_0043	142	DB_00140	Rumen_Gateway	USED	ELX848	ELX848_30138484_30138484	>ELX848_30138484_30138484	24	11107492450-1	11107538579	R	1387R	1112	QUB_0072	QUB_1387FC_0072	32	OK
SH_0043	143	DB_00141	Rumen_Gateway	USED	ELX848C	ELX848C_30138484_30138484	>ELX848C_30138484_30138484	24			F	1387FC	1112	QUB_0072	QUB_1387FC_0072	32	OK
SH_0051	144	DB_00142	Rumen_Gateway	USED	ELX849	ELX849_30138491_30138491	>ELX849_30138491_30138491	25	11107492450-1	11107538579	F	63F	1077	QUB_0073	QUB_63F_0073	44	OK
SH_0051	145	DB_00143	Rumen_Gateway	USED	ELX850	ELX850_30138507_30138507	>ELX850_30138507_30138507	25	11107492450-1	11107538579	R	1387R	1079	QUB_0073	QUB_63F_0073	44	OK
SH_0057	146	DB_00144	Rumen_Gateway	USED	ELX851	ELX851_30138514_30138514	>ELX851_30138514_30138514	26	11107492450-1	11107538579	F	63F	1081	QUB_0074	QUB_63F_0074	52	OK
SH_0057	147	DB_00145	Rumen_Gateway	USED	ELX852	ELX852_30138521_30138521	>ELX852_30138521_30138521	26	11107492450-1	11107538579	R	1387R	1026	QUB_0074	QUB_63F_0074	52	OK
SH_0049	148	DB_00146	Rumen_Gateway	USED	ELX853	ELX853_30138538_30138538	>ELX853_30138538_30138538	27	11107492450-1	11107538579	F	63F	1058	QUB_0075	QUB_63F_0075	40	OK
SH_0049	149	DB_00147	Rumen_Gateway	USED	ELX854	ELX854_30138545_30138545	>ELX854_30138545_30138545	27	11107492450-1	11107538579	R	1387R	1103	QUB_0075	QUB_63F_0075	40	OK
SH_0251	150	DB_00148	Rumen_Gateway	USED	ELX855	ELX855_30138552_30138552	>ELX855_30138552_30138552	28	11107492450-1	11107538579	F	63F	18	QUB_0150; QUB_0587	QUB_63F_0150; QUB_27F_0587	204; 205	OK
SH_0251	151	DB_00149	Rumen_Gateway	USED	ELX856	ELX856_30138569_30138569	>ELX856_30138569_30138569	28	11107492450-1	11107538579	R	1387R	25	QUB_0150; QUB_0587	QUB_63F_0150; QUB_27F_0587	204; 205	OK
SH_0066	152	DB_00150	Rumen_Gateway	USED	ELX857	ELX857_30138576_30138576	>ELX857_30138576_30138576	29	11107492450-1	11107538579	F	63F	1161	QUB_0076	QUB_63F_0076	62	OK
SH_0066	153	DB_00151	Rumen_Gateway	USED	ELX858	ELX858_30138583_30138583	>ELX858_30138583_30138583	29	11107492450-1	11107538579	R	1387R	1177	QUB_0076	QUB_63F_0076	62	OK
SH_0078	154	DB_00152	Rumen_Gateway	USED	ELX859	ELX859_30138590_30138590	>ELX859_30138590_30138590	30	11107492450-1	11107538579	F	63F	1162	QUB_0077	QUB_63F_0077	79	OK
SH_0078	155	DB_00153	Rumen_Gateway	USED	ELX860	ELX860_30138606_30138606	>ELX860_30138606_30138606	30	11107492450-1	11107538579	R	1387R	1178	QUB_0077	QUB_63F_0077	79	OK
SH_0144_M12	157	DB_00155	Rumen_Gateway	UNK	ELX862	ELX862_30138620_30138620	>ELX862_30138620_30138620	165	11107492450-1	11108500399	F	63F	1157	QUB_0078	QUB_63F_0078	165	OK
SH_0123	158	DB_00156	Rumen_Gateway	UNK	ELX863	ELX863_30138637_30138637	>ELX863_30138637_30138637	164	11107492450-1	11108500399	F	63F	1192	QUB_0079; QUB_0178	QUB_63F_0079; QUB_27F_0178	133; 134	OK
SH_0367	166	DB_00164	Rumen_Gateway	UNK	ELX871	ELX871_30138712_30138712	>ELX871_30138712_30138712	19_Maria	11107492450-1	11107802789	F	63F	89	QUB_0546	QUB_27F_0546	282	OK
SH_0366	171	DB_00169	Rumen_Gateway	USED	ELX876	ELX876_30138767_30138767	>ELX876_30138767_30138767	14B_Jack	11107492450-1	11107802789	F	63F	1159	QUB_0080; QUB_0646	QUB_63F_0080; QUB_27F_0646	280; 281	OK
SH_0365	172	DB_00170	Rumen_Gateway	USED	ELX877	ELX877_30138774_30138774	>ELX877_30138774_30138774	14A_Jack	11107492450-1	11107802789	F	63F	1162	QUB_0081; QUB_0637	QUB_63F_0081; QUB_27F_0637	278; 279	OK
SH_0363	173	DB_00171	Rumen_Gateway	USED	ELX878	ELX878_30138781_30138781	>ELX878_30138781_30138781	13A_Jack	11107492450-1	11107802789	F	63F	1161	QUB_0082; QUB_0548	QUB_63F_0082; QUB_27F_0548	274; 275	OK
SH_0369	174	DB_00172	Rumen_Gateway	USED	ELX879	ELX879_30138798_30138798	>ELX879_30138798_30138798	21_Maria	11107492450-1	11107802789	F	63F	1145	QUB_0083; QUB_0550	QUB_63F_0083; QUB_27F_0550	285; 286	OK
SH_0141	175	DB_00173	Rumen_Gateway	USED	ELX880	ELX880_30138804_30138804	>ELX880_30138804_30138804	14_Maria	11107492450-1	11107802789	F	63F	1149	QUB_0180; QUB_0539; QUB_0593	QUB_27F_0180; QUB_27F_0539; QUB_27F_0593	159; 160; 161	OK
SH_0362	176	DB_00174	Rumen_Gateway	USED	ELX881	ELX881_30138811_30138811	>ELX881_30138811_30138811	13_Maria	11107492450-1	11107802789	F	63F	1011	QUB_0084; QUB_0544	QUB_63F_0084; QUB_27F_0544	272; 273	OK
SH_0382	178	DB_00176	Rumen_Gateway	USED	ELX883	ELX883_30138835_30138835	>ELX883_30138835_30138835	30_Maria	11107492450-1	11107802789	F	63F	1177	QUB_0085; QUB_0580	QUB_63F_0085; QUB_27F_0580	297; 298	OK
SH_0370/371	179	DB_00177	Rumen_Gateway	USED	ELX884	ELX884_30138842_30138842	>ELX884_30138842_30138842	25_Jack	11107492450-1	11107802789	F	63F	1128	QUB_0086	QUB_63F_0086	288	OK
SH_0368	180	DB_00178	Rumen_Gateway	USED	ELX885	ELX885_30138859_30138859	>ELX885_30138859_30138859	21_Jack	11107492450-1	11107802789	F	63F	1163	QUB_0087; QUB_0551	QUB_63F_0087; QUB_27F_0551	283; 284	OK
SH_0364	181	DB_00179	Rumen_Gateway	USED	ELX886	ELX886_30138866_30138866	>ELX886_30138866_30138866	13B _Jack	11107492450-1	11107802789	F	63F	1194	QUB_0088; QUB_0547	QUB_63F_0088; QUB_27F_0547	276; 277	OK
SH_0373	185	DB_00183	Rumen_Gateway	USED	ELX890	ELX890_30138903_30138903	>ELX890_30138903_30138903	25_Maria	11107492450-1	11107802789	F	63F	981	QUB_0089	QUB_63F_0089	291	OK
SH_0116	186	DB_00184	Rumen_Gateway	USED	ELX891	ELX891_30138910_30138910	>ELX891_30138910_30138910	130	11107492450-1	11108081195	F	63F	1080	QUB_0090	QUB_63F_0090	126	OK
SH_0143	187	DB_00185	Rumen_Gateway	USED	ELX892	ELX892_30138927_30138927	>ELX892_30138927_30138927	131	11107492450-1	11108081195	F	63F	1133	QUB_0091	QUB_63F_0091	164	OK
SH_0096	189	DB_00187	Rumen_Gateway	USED	ELX894	ELX894_30138941_30138941	>ELX894_30138941_30138941	132	11107492450-1	11108081195	F	63F	1158	QUB_0092	QUB_63F_0092	102	OK
SH_0360	190	DB_00188	Rumen_Gateway	USED	ELX895	ELX895_30138958_30138958	>ELX895_30138958_30138958	RC133	11107492450-1	11108081195	F	63F	1124	QUB_0093	QUB_63F_0093	270	OK
SH_0361	192	DB_00190	Rumen_Gateway	USED	ELX897	ELX897_30138972_30138972	>ELX897_30138972_30138972	RC134	11107492450-1	11108081195	F	63F	1141	QUB_0094	QUB_63F_0094	271	OK
SH_0139_M5	193	DB_00191	Rumen_Gateway	USED	ELX898	ELX898_30138989_30138989	>ELX898_30138989_30138989	158	11107492450-1	11108500399	F	63F	1143	QUB_0095	QUB_63F_0095	157	OK
SH_0132_M6	195	DB_00193	Rumen_Gateway	USED	ELX900	ELX900_30139009_30139009	>ELX900_30139009_30139009	159	11107492450-1	11108500399	F	63F	1146	QUB_0096	QUB_63F_0096	150	OK
SH_0383	255	DB_00253	Rumen_Gateway	USED	GBF579	GBF579_40875799_40875799	>GBF579_40875799_40875799	58	11108053228-1	11108075893	F	63F	156				MISSING_QUB_ID
SH_0345	256	DB_00254	Rumen_Gateway	USED	GBF580	GBF580_40875805_40875805	>GBF580_40875805_40875805	59	11108053228-1	11108075893	F	63F	132				MISSING_QUB_ID
SH_0100	257	DB_00255	Rumen_Gateway	USED	GBF581	GBF581_40875812_40875812	>GBF581_40875812_40875812	78	11108053228-1	11108075893	F	63F	1107	QUB_0097	QUB_63F_0097	107	OK
SH_0137	258	DB_00256	Rumen_Gateway	USED	GBF582	GBF582_40875829_40875829	>GBF582_40875829_40875829	79	11108053228-1	11108075893	F	63F	1117	QUB_0098	QUB_63F_0098	155	OK
SH_0106	259	DB_00257	Rumen_Gateway	USED	GBF583	GBF583_40875836_40875836	>GBF583_40875836_40875836	80	11108053228-1	11108075893	F	63F	1109	QUB_0099	QUB_63F_0099	115	OK
SH_0126	260	DB_00258	Rumen_Gateway	USED	GBF584	GBF584_40875843_40875843	>GBF584_40875843_40875843	81	11108053228-1	11108075893	F	63F	1120	QUB_0100	QUB_63F_0100	138	OK
SH_0105	261	DB_00259	Rumen_Gateway	USED	GBF585	GBF585_40875850_40875850	>GBF585_40875850_40875850	82	11108053228-1	11108075893	F	63F	1079	QUB_0101	QUB_63F_0101	114	OK
SH_0111	262	DB_00260	Rumen_Gateway	USED	GBF586	GBF586_40875867_40875867	>GBF586_40875867_40875867	83	11108053228-1	11108075893	F	63F	1175	QUB_0102; QUB_0523	QUB_63F_0102; QUB_27F_0523	120; 121	OK
SH_0065	263	DB_00261	Rumen_Gateway	USED	GBF587	GBF587_40875874_40875874	>GBF587_40875874_40875874	84	11108053228-1	11108075893	F	63F	1094	QUB_0103	QUB_63F_0103	61	OK
SH_0070	264	DB_00262	Rumen_Gateway	USED	GBF588	GBF588_40875881_40875881	>GBF588_40875881_40875881	85	11108053228-1	11108075893	F	63F	1122	QUB_0104	QUB_63F_0104	66	OK
SH_0349	265	DB_00263	Rumen_Gateway	USED	GBF589	GBF589_40875898_40875898	>GBF589_40875898_40875898	86	11108053228-1	11108075893	F	63F	52	QUB_0153; QUB_0542	QUB_63F_0153; QUB_27F_0542	256; 257	OK
SH_0101	266	DB_00264	Rumen_Gateway	USED	GBF590	GBF590_40875904_40875904	>GBF590_40875904_40875904	87	11108053228-1	11108075893	F	63F	1121	QUB_0105	QUB_63F_0105	108	OK
SH_0350	267	DB_00265	Rumen_Gateway	USED	GBF591	GBF591_40875911_40875911	>GBF591_40875911_40875911	88	11108053228-1	11108075893	F	63F	23	QUB_0154; QUB_0610	QUB_63F_0154; QUB_27F_0610	258; 259	OK
SH_0127	268	DB_00266	Rumen_Gateway	USED	GBF592	GBF592_40875928_40875928	>GBF592_40875928_40875928	89	11108053228-1	11108075893	F	63F	1105	QUB_0106; QUB_0182; QUB_0596	QUB_63F_0106; QUB_27F_0182; QUB_27F_0596	139; 140; 141	OK
SH_0129	269	DB_00267	Rumen_Gateway	USED	GBF593	GBF593_40875935_40875935	>GBF593_40875935_40875935	90	11108053228-1	11108075893	F	63F	1139	QUB_0107; QUB_0524	QUB_63F_0107; QUB_27F_0524	143; 144	OK
SH_0115	270	DB_00268	Rumen_Gateway	USED	GBF594	GBF594_40875942_40875942	>GBF594_40875942_40875942	91	11108053228-1	11108075893	F	63F	1070	QUB_0108	QUB_63F_0108	125	OK
SH_0128	271	DB_00269	Rumen_Gateway	USED	GBF595	GBF595_40875959_40875959	>GBF595_40875959_40875959	92	11108053228-1	11108075893	F	63F	1121	QUB_0109	QUB_63F_0109	142	OK
SH_0093	272	DB_00270	Rumen_Gateway	USED	GBF596	GBF596_40875966_40875966	>GBF596_40875966_40875966	93	11108053228-1	11108075893	F	63F	1116	QUB_0110	QUB_63F_0110	99	OK
SH_0159	273	DB_00271	Rumen_Gateway	USED	GBF597	GBF597_40875973_40875973	>GBF597_40875973_40875973	94	11108053228-1	11108077821	F	63F	993	QUB_0111	QUB_63F_0111	178	OK
SH_0162	274	DB_00272	Rumen_Gateway	USED	GBF598	GBF598_40875980_40875980	>GBF598_40875980_40875980	95	11108053228-1	11108077821	F	63F	1112	QUB_0112	QUB_63F_0112	182	OK
SH_0154	275	DB_00273	Rumen_Gateway	USED	GBF599	GBF599_40875997_40875997	>GBF599_40875997_40875997	96	11108053228-1	11108077821	F	63F	1146	QUB_0113	QUB_63F_0113	173	OK
SH_0068	276	DB_00274	Rumen_Gateway	USED	GBF600	GBF600_40876000_40876000	>GBF600_40876000_40876000	97	11108053228-1	11108077821	F	63F	1155	QUB_0114	QUB_63F_0114	64	OK
SH_0351	277	DB_00275	Rumen_Gateway	USED	GBF601	GBF601_40876017_40876017	>GBF601_40876017_40876017	RC98	11108053228-1	11108077821	F	63F	1133	QUB_0115	QUB_63F_0115	260	OK
SH_0083	278	DB_00276	Rumen_Gateway	USED	GBF602	GBF602_40876024_40876024	>GBF602_40876024_40876024	99	11108053228-1	11108077821	F	63F	1150	QUB_0116	QUB_63F_0116	85	OK
SH_0119	279	DB_00277	Rumen_Gateway	USED	GBF603	GBF603_40876031_40876031	>GBF603_40876031_40876031	100	11108053228-1	11108077821	F	63F	1132	QUB_0117	QUB_63F_0117	129	OK
SH_0084	280	DB_00278	Rumen_Gateway	USED	GBF604	GBF604_40876048_40876048	>GBF604_40876048_40876048	101	11108053228-1	11108077821	F	63F	1141	QUB_0118	QUB_63F_0118	86	OK
SH_0130	281	DB_00279	Rumen_Gateway	USED	GBF605	GBF605_40876055_40876055	>GBF605_40876055_40876055	102	11108053228-1	11108077821	F	63F	1126	QUB_0119; QUB_0525	QUB_63F_0119; QUB_27F_0525	147; 148	OK
SH_0131	282	DB_00280	Rumen_Gateway	USED	GBF606	GBF606_40876062_40876062	>GBF606_40876062_40876062	103	11108053228-1	11108077821	F	63F	1133	QUB_0120	QUB_63F_0120	149	OK
SH_0150	283	DB_00281	Rumen_Gateway	USED	GBF607	GBF607_40876079_40876079	>GBF607_40876079_40876079	104	11108053228-1	11108077821	F	63F	1112	QUB_0121	QUB_63F_0121	170	OK
SH_0352	284	DB_00282	Rumen_Gateway	USED	GBF608	GBF608_40876086_40876086	>GBF608_40876086_40876086	105	11108053228-1	11108077821	F	63F	158	QUB_0155; QUB_0541	QUB_63F_0155; QUB_27F_0541	261; 262	OK
SH_0353	285	DB_00283	Rumen_Gateway	USED	GBF609	GBF609_40876093_40876093	>GBF609_40876093_40876093	RC106	11108053228-1	11108077821	F	63F	966	QUB_0122	QUB_63F_0122	263	OK
SH_0138	286	DB_00284	Rumen_Gateway	USED	GBF610	GBF610_40876109_40876109	>GBF610_40876109_40876109	107	11108053228-1	11108077821	F	63F	1115	QUB_0123	QUB_63F_0123	156	OK
SH_0077	287	DB_00285	Rumen_Gateway	USED	GBF611	GBF611_40876116_40876116	>GBF611_40876116_40876116	108	11108053228-1	11108077821	F	63F	1085	QUB_0124	QUB_63F_0124	78	OK
SH_0354	289	DB_00287	Rumen_Gateway	USED	GBF613	GBF613_40876130_40876130	>GBF613_40876130_40876130	110	11108053228-1	11108077821	F	63F	132				MISSING_QUB_ID
SH_0121	290	DB_00288	Rumen_Gateway	USED	GBF614	GBF614_40876147_40876147	>GBF614_40876147_40876147	111	11108053228-1	11108077821	F	63F	1144	QUB_0125	QUB_63F_0125	131	OK
SH_0355	291	DB_00289	Rumen_Gateway	USED	GBF615	GBF615_40876154_40876154	>GBF615_40876154_40876154	RC112	11108053228-1	11108077821	F	63F	1151	QUB_0126; QUB_0627	QUB_63F_0126; QUB_27F_0627	264; 265	OK
SH_0072	292	DB_00290	Rumen_Gateway	USED	GBF616	GBF616_40876161_40876161	>GBF616_40876161_40876161	113	11108053228-1	11108077821	F	63F	1160	QUB_0127	QUB_63F_0127	71	OK
SH_0094	293	DB_00291	Rumen_Gateway	USED	GBF617	GBF617_40876178_40876178	>GBF617_40876178_40876178	114	11108053228-1	11108077821	F	63F	1107	QUB_0128	QUB_63F_0128	100	OK
SH_0109	294	DB_00292	Rumen_Gateway	USED	GBF618	GBF618_40876185_40876185	>GBF618_40876185_40876185	115	11108053228-1	11108077821	F	63F	1151	QUB_0129	QUB_63F_0129	118	OK
SH_0356	295	DB_00293	Rumen_Gateway	USED	GBF619	GBF619_40876192_40876192	>GBF619_40876192_40876192	RC116	11108053228-1	11108077821	F	63F	1139	QUB_0130	QUB_63F_0130	266	OK
SH_0375	374	DB_00372	Rumen_Gateway	USED	GEC595	GEC595_41625959_41625959	>GEC595_41625959_41625959	RC137	11108091547-1	11108264748	F	63F	483	QUB_0552	QUB_27F_0552	293	OK
SH_0135_E2	375	DB_00373	Rumen_Gateway	USED	GEC596	GEC596_41625966_41625966	>GEC596_41625966_41625966	136	11108091547-1	11108264748	F	63F	1215	QUB_0131	QUB_63F_0131	153	OK
SH_0165_E1	376	DB_00374	Rumen_Gateway	USED	GEC597	GEC597_41625973_41625973	>GEC597_41625973_41625973	135	11108091547-1	11108264748	F	63F	1213	QUB_0132	QUB_63F_0132	185	OK
SH_0158_E6	377	DB_00375	Rumen_Gateway	USED	GEC598	GEC598_41625980_41625980	>GEC598_41625980_41625980	140	11108091547-1	11108264748	F	63F	1204	QUB_0133	QUB_63F_0133	177	OK
SH_0376	378	DB_00376	Rumen_Gateway	USED	GEC599	GEC599_41625997_41625997	>GEC599_41625997_41625997	RC139	11108091547-1	11108264748	F	63F	24	QUB_0555	QUB_27F_0555	294	OK
SH_0149_E4	379	DB_00377	Rumen_Gateway	USED	GEC600	GEC600_41626000_41626000	>GEC600_41626000_41626000	138	11108091547-1	11108264748	F	63F	1210	QUB_0134	QUB_63F_0134	169	OK
SH_0372	380	DB_00378	Rumen_Gateway	USED	GEC601	GEC601_41626017_41626017	>GEC601_41626017_41626017	RC144	11108091547-1	11108264748	F	63F	1203	QUB_0135	QUB_63F_0135	290	OK
SH_0171_E9	381	DB_00379	Rumen_Gateway	USED	GEC602	GEC602_41626024_41626024	>GEC602_41626024_41626024	143	11108091547-1	11108264748	F	63F	1136	QUB_0136	QUB_63F_0136	191	OK
SH_0136_E7	382	DB_00380	Rumen_Gateway	USED	GEC603	GEC603_41626031_41626031	>GEC603_41626031_41626031	141	11108091547-1	11108264748	F	63F	1102	QUB_0137	QUB_63F_0137	154	OK
SH_0069_J9	383	DB_00381	Rumen_Gateway	USED	GEC604	GEC604_41626048_41626048	>GEC604_41626048_41626048	153	11108091547-1	11108264748	F	63F	957	QUB_0138	QUB_63F_0138	65	OK
SH_0377/378	384	DB_00382	Rumen_Gateway	USED	GEC605	GEC605_41626055_41626055	>GEC605_41626055_41626055	149	11108091547-1	11108264748	F	63F	308				MISSING_QUB_ID
SH_0358	385	DB_00383	Rumen_Gateway	USED	GEC606	GEC606_41626062_41626062	>GEC606_41626062_41626062	RC145	11108091547-1	11108264748	F	63F	1217	QUB_0139; QUB_0545	QUB_63F_0139; QUB_27F_0545	267; 268	OK
SH_0379	387	DB_00385	Rumen_Gateway	USED	GEC608	GEC608_41626086_41626086	>GEC608_41626086_41626086	RC150	11108091547-1	11108264748	F	63F	263				MISSING_QUB_ID
SH_0172_J2	388	DB_00386	Rumen_Gateway	USED	GEC609	GEC609_41626093_41626093	>GEC609_41626093_41626093	146	11108091547-1	11108264748	F	63F	1178	QUB_0140	QUB_63F_0140	192	OK
SH_0176_J7	390	DB_00388	Rumen_Gateway	USED	GEC611	GEC611_41626116_41626116	>GEC611_41626116_41626116	151	11108091547-1	11108264748	F	63F	1193	QUB_0141	QUB_63F_0141	196	OK
SH_0102_J3	391	DB_00389	Rumen_Gateway	USED	GEC612	GEC612_41626123_41626123	>GEC612_41626123_41626123	147	11108091547-1	11108264748	F	63F	258				MISSING_QUB_ID
SH_0166_J8	393	DB_00391	Rumen_Gateway	USED	GEC614	GEC614_41626147_41626147	>GEC614_41626147_41626147	152	11108091547-1	11108264748	F	63F	1223	QUB_0142	QUB_63F_0142	186	OK
SH_0075_J4	394	DB_00392	Rumen_Gateway	USED	GEC615	GEC615_41626154_41626154	>GEC615_41626154_41626154	148	11108091547-1	11108264748	F	63F	1217	QUB_0143	QUB_63F_0143	74	OK
SH_0160_M1	461	DB_00459	Rumen_Gateway	USED	GLE296	GLE296_43462965_43462965	>GLE296_43462965_43462965	154	11108143158-1	11108500492	F	63F	1123	QUB_0144	QUB_63F_0144	179	OK
SH_0249.1	464	DB_00462	Rumen_Gateway	USED	GLE299	GLE299_43462996_43462996	>GLE299_43462996_43462996	2	11108143158-1	11108424650	F	63F	1176	QUB_0145; QUB_0146; QUB_0594	QUB_63F_0145; QUB_63F_0146; QUB_27F_0594	198; 199; 200	OK
SH_0249.1	465	DB_00463	Rumen_Gateway	USED	GLE300	GLE300_43463009_43463009	>GLE300_43463009_43463009	2.1	11108143158-1	11108424650	F	63F	1214	QUB_0145; QUB_0146; QUB_0594	QUB_63F_0145; QUB_63F_0146; QUB_27F_0594	198; 199; 200	OK
SH_0254.1	466	DB_00464	Rumen_Gateway	USED	GLE301	GLE301_43463016_43463016	>GLE301_43463016_43463016	14.1	11108143158-1	11108424650	F	63F	1209	QUB_0147; QUB_0543	QUB_63F_0147; QUB_27F_0543	214; 215	OK
SH_0254	467	DB_00465	Rumen_Gateway	USED	GLE302	GLE302_43463023_43463023	>GLE302_43463023_43463023	14	11108143158-1	11108424650	F	63F	1140	QUB_0148; QUB_0592	QUB_63F_0148; QUB_27F_0592	212; 213	OK
SH_0250	468	DB_00466	Rumen_Gateway	USED	GLE303	GLE303_43463030_43463030	>GLE303_43463030_43463030	16	11108143158-1	11108424650	F	63F	1189	QUB_0149; QUB_0589	QUB_63F_0149; QUB_27F_0589	201; 202	OK
SH_0251	469	DB_00467	Rumen_Gateway	USED	GLE304	GLE304_43463047_43463047	>GLE304_43463047_43463047	28	11108143158-1	11108424650	F	63F	1173	QUB_0150; QUB_0587	QUB_63F_0150; QUB_27F_0587	204; 205	OK
SH_0252	470	DB_00468	Rumen_Gateway	USED	GLE305	GLE305_43463054_43463054	>GLE305_43463054_43463054	31	11108143158-1	11108424650	F	63F	1241	QUB_0151; QUB_0585	QUB_63F_0151; QUB_27F_0585	207; 208	OK
SH_0252.1	471	DB_00469	Rumen_Gateway	USED	GLE306	GLE306_43463061_43463061	>GLE306_43463061_43463061	31.1	11108143158-1	11108424650	F	63F	1156	QUB_0152; QUB_0583	QUB_63F_0152; QUB_27F_0583	209; 210	OK
SH_0383	472	DB_00470	Rumen_Gateway	USED	GLE307	GLE307_43463078_43463078	>GLE307_43463078_43463078	58	11108143158-1	11108424650	F	63F	153				MISSING_QUB_ID
SH_0384	473	DB_00471	Rumen_Gateway	USED	GLE308	GLE308_43463085_43463085	>GLE308_43463085_43463085	58.1	11108143158-1	11108424650	F	63F	158				MISSING_QUB_ID
SH_0345	474	DB_00472	Rumen_Gateway	USED	GLE309	GLE309_43463092_43463092	>GLE309_43463092_43463092	59	11108143158-1	11108424650	F	63F	160				MISSING_QUB_ID
SH_0349	475	DB_00473	Rumen_Gateway	USED	GLE310	GLE310_43463108_43463108	>GLE310_43463108_43463108	86	11108143158-1	11108424650	F	63F	1211	QUB_0153; QUB_0542	QUB_63F_0153; QUB_27F_0542	256; 257	OK
SH_0350	476	DB_00474	Rumen_Gateway	USED	GLE311	GLE311_43463115_43463115	>GLE311_43463115_43463115	88	11108143158-1	11108424650	F	63F	1195	QUB_0154; QUB_0610	QUB_63F_0154; QUB_27F_0610	258; 259	OK
SH_0352	477	DB_00475	Rumen_Gateway	USED	GLE312	GLE312_43463122_43463122	>GLE312_43463122_43463122	105	11108143158-1	11108424650	F	63F	1193	QUB_0155; QUB_0541	QUB_63F_0155; QUB_27F_0541	261; 262	OK
SH_0354	478	DB_00476	Rumen_Gateway	USED	GLE313	GLE313_43463139_43463139	>GLE313_43463139_43463139	110	11108143158-1	11108424650	F	63F	172				MISSING_QUB_ID
SH_0357	479	DB_00477	Rumen_Gateway	USED	GLE314	GLE314_43463146_43463146	>GLE314_43463146_43463146	120	11108143158-1	11108424650	F	63F	179				MISSING_QUB_ID
SH_0167_M15	482	DB_00480	Rumen_Gateway	USED	GLE317	GLE317_43463177_43463177	>GLE317_43463177_43463177	168	11108143158-1	11108500492	F	63F	989	QUB_0156	QUB_63F_0156	187	OK
SH_0152_M14	483	DB_00481	Rumen_Gateway	USED	GLE318	GLE318_43463184_43463184	>GLE318_43463184_43463184	167	11108143158-1	11108500492	F	63F	1163	QUB_0157	QUB_63F_0157	172	OK
SH_0071_M13	484	DB_00482	Rumen_Gateway	USED	GLE319	GLE319_43463191_43463191	>GLE319_43463191_43463191	166	11108143158-1	11108500492	F	63F	1068	QUB_0158	QUB_63F_0158	67	OK
SH_0161_M18	485	DB_00483	Rumen_Gateway	USED	GLE320	GLE320_43463207_43463207	>GLE320_43463207_43463207	171	11108143158-1	11108500492	F	63F	1116	QUB_0159	QUB_63F_0159	181	OK
SH_0175_M17	486	DB_00484	Rumen_Gateway	USED	GLE321	GLE321_43463214_43463214	>GLE321_43463214_43463214	170	11108143158-1	11108500492	F	63F	1162	QUB_0160	QUB_63F_0160	195	OK
SH_0145_M16	487	DB_00485	Rumen_Gateway	USED	GLE322	GLE322_43463221_43463221	>GLE322_43463221_43463221	169	11108143158-1	11108500492	F	63F	1154	QUB_0161	QUB_63F_0161	166	OK
SH_0156_M21	488	DB_00486	Rumen_Gateway	USED	GLE323	GLE323_43463238_43463238	>GLE323_43463238_43463238	174	11108143158-1	11108500492	F	63F	1169	QUB_0162	QUB_63F_0162	174	OK
SH_0155_M20	489	DB_00487	Rumen_Gateway	USED	GLE324	GLE324_43463245_43463245	>GLE324_43463245_43463245	173	11108143158-1	11108500492	F	63F	324				MISSING_QUB_ID
SH_0086_M19	490	DB_00488	Rumen_Gateway	USED	GLE325	GLE325_43463252_43463252	>GLE325_43463252_43463252	172	11108143158-1	11108500492	F	63F	1153	QUB_0163	QUB_63F_0163	88	OK
SH_0140_M24	491	DB_00489	Rumen_Gateway	USED	GLE326	GLE326_43463269_43463269	>GLE326_43463269_43463269	177	11108143158-1	11108500492	F	63F	1145	QUB_0164	QUB_63F_0164	158	OK
SH_0095_M23	492	DB_00490	Rumen_Gateway	USED	GLE327	GLE327_43463276_43463276	>GLE327_43463276_43463276	176	11108143158-1	11108500492	F	63F	1141	QUB_0165	QUB_63F_0165	101	OK
SH_0120_M22	493	DB_00491	Rumen_Gateway	USED	GLE328	GLE328_43463283_43463283	>GLE328_43463283_43463283	175	11108143158-1	11108500492	F	63F	1174	QUB_0166	QUB_63F_0166	130	OK
SH_0386	495	DB_00493	Rumen_Gateway	USED	GLE330	GLE330_43463306_43463306	>GLE330_43463306_43463306	RC178	11108143158-1	11108500492	F	63F	1142	QUB_0167; QUB_0532	QUB_63F_0167; QUB_27F_0532	299; 300	OK
SH_0008	553	DB_00551	Rumen_Gateway	USED	HOB487	HOB487_50974871_50974871	>HOB487_50974871_50974871	RC62	11108489641-1	11108696594	F	27F	1057	QUB_0021; QUB_0168	QUB_63F_0021; QUB_27F_0168	30; 31	OK
SH_0007	554	DB_00552	Rumen_Gateway	USED	HOB488	HOB488_50974888_50974888	>HOB488_50974888_50974888	RC48	11108489641-1	11108696594	F	27F	1156	QUB_0009; QUB_0169	QUB_63F_0009; QUB_27F_0169	28; 29	OK
SH_0050	579	DB_00577	Rumen_Gateway	USED	HOB513	HOB513_50975137_50975137	>HOB513_50975137_50975137	4	11108489641-1	11108696594	F	27F	1149	QUB_0050; QUB_0170; QUB_0537	QUB_63F_0050; QUB_27F_0170; QUB_27F_0537	41; 42; 43	OK
SH_0071.1.1	626	DB_00624	Rumen_Gateway	USED	IPO319	IPO319_58123196_58123196	>IPO319_58123196_58123196	166	11108725344-1	11108849829	F	27F	1186	QUB_0171	QUB_27F_0171	68	OK
SH_0059	627	DB_00625	Rumen_Gateway	USED	IPO320	IPO320_58123202_58123202	>IPO320_58123202_58123202	15	11108725344-1	11108850159	F	27F	1249	QUB_0062; QUB_0172	QUB_63F_0062; QUB_27F_0172	54; 55	OK
SH_0080	629	DB_00627	Rumen_Gateway	USED	IPO322	IPO322_58123226_58123226	>IPO322_58123226_58123226	74	11108725344-1	11108849829	F	27F	1141	QUB_0033; QUB_0173; QUB_0521	QUB_63F_0033; QUB_27F_0173; QUB_27F_0521	81; 82; 83	OK
SH_0076	630	DB_00628	Rumen_Gateway	USED	IPO323	IPO323_58123233_58123233	>IPO323_58123233_58123233	49	11108725344-1	11108849829	F	27F	1194	QUB_0010; QUB_0174; QUB_0520	QUB_63F_0010; QUB_27F_0174; QUB_27F_0520	75; 76; 77	OK
SH_0071.1.2	631	DB_00629	Rumen_Gateway	USED	IPO324	IPO324_58123240_58123240	>IPO324_58123240_58123240	166	11108725344-1	11108849829	F	27F	134				MISSING_QUB_ID
SH_0101.1	632	DB_00630	Rumen_Gateway	USED	IPO325	IPO325_58123257_58123257	>IPO325_58123257_58123257	87	11108725344-1	11108849829	F	27F	1238	QUB_0175	QUB_27F_0175	109	OK
SH_0091	633	DB_00631	Rumen_Gateway	USED	IPO326	IPO326_58123264_58123264	>IPO326_58123264_58123264	63	11108725344-1	11108849829	F	27F	1210	QUB_0022; QUB_0176; QUB_0519	QUB_63F_0022; QUB_27F_0176; QUB_27F_0519	95; 96; 97	OK
SH_0090	634	DB_00632	Rumen_Gateway	USED	IPO327	IPO327_58123271_58123271	>IPO327_58123271_58123271	73	11108725344-1	11108849829	F	27F	1128	QUB_0032; QUB_0177; QUB_0522	QUB_63F_0032; QUB_27F_0177; QUB_27F_0522	92; 93; 94	OK
SH_0123	635	DB_00633	Rumen_Gateway	USED	IPO328	IPO328_58123288_58123288	>IPO328_58123288_58123288	164	11108725344-1	11108849829	F	27F	1216	QUB_0079; QUB_0178	QUB_63F_0079; QUB_27F_0178	133; 134	OK
SH_0111.1	636	DB_00634	Rumen_Gateway	USED	IPO329	IPO329_58123295_58123295	>IPO329_58123295_58123295	83	11108725344-1	11108849829	F	27F	22				MISSING_QUB_ID
SH_0101.2	637	DB_00635	Rumen_Gateway	USED	IPO330	IPO330_58123301_58123301	>IPO330_58123301_58123301	87	11108725344-1	11108849829	F	27F	1273	QUB_0179	QUB_27F_0179	110	OK
SH_0141	638	DB_00636	Rumen_Gateway	USED	IPO331	IPO331_58123318_58123318	>IPO331_58123318_58123318	14_Maria	11108725344-1	11108849829	F	27F	1215	QUB_0180; QUB_0539; QUB_0593	QUB_27F_0180; QUB_27F_0539; QUB_27F_0593	159; 160; 161	OK
SH_0129.2	639	DB_00637	Rumen_Gateway	USED	IPO332	IPO332_58123325_58123325	>IPO332_58123325_58123325	90	11108725344-1	11108849829	F	27F	1129	QUB_0181; QUB_0498	QUB_27F_0181; QUB_27F_0498	145; 146	OK
SH_0127	640	DB_00638	Rumen_Gateway	USED	IPO333	IPO333_58123332_58123332	>IPO333_58123332_58123332	89	11108725344-1	11108849829	F	27F	1205	QUB_0106; QUB_0182; QUB_0596	QUB_63F_0106; QUB_27F_0182; QUB_27F_0596	139; 140; 141	OK
SH_0071.1.2	641	DB_00639	Rumen_Gateway	USED	IPO334	IPO334_58123349_58123349	>IPO334_58123349_58123349	166	11108725344-1	11108866550	F	27F	173				MISSING_QUB_ID
SH_0071.2.2	642	DB_00640	Rumen_Gateway	USED	IPO335	IPO335_58123356_58123356	>IPO335_58123356_58123356	166	11108725344-1	11108849829	F	27F	386	QUB_0535	QUB_27F_0535	69	OK
SH_0157	643	DB_00641	Rumen_Gateway	USED	IPO336	IPO336_58123363_58123363	>IPO336_58123363_58123363	53	11108725344-1	11108849829	F	27F	221	QUB_0014; QUB_0584	QUB_63F_0014; QUB_27F_0584	175; 176	OK
SH_0099	644	DB_00642	Rumen_Gateway	USED	IPO337	IPO337_58123370_58123370	>IPO337_58123370_58123370	57	11108725344-1	11108866550	F	27F	136	QUB_0018; QUB_0590	QUB_63F_0018; QUB_27F_0590	105; 106	OK
SH_0071.3	645	DB_00643	Rumen_Gateway	USED	IPO338	IPO338_58123387_58123387	>IPO338_58123387_58123387	166	11108725344-1	11108866550	F	27F	1036	QUB_0183	QUB_27F_0183	70	OK
SH_0826	646	DB_00644	Rumen_Gateway	USED	IPO339_A1	IPO339_58123394_A1	>IPO339_58123394_A1	372	11108725344-1	11108886591	F	27F	1217	QUB_0184	QUB_27F_0184	665	OK
SH_0763	647	DB_00645	Rumen_Gateway	USED	IPO339_A2	IPO339_58123394_A2	>IPO339_58123394_A2	309	11108725344-1	11108886591	F	27F	1150	QUB_0185	QUB_27F_0185	611	OK
SH_0772	648	DB_00646	Rumen_Gateway	USED	IPO339_A3	IPO339_58123394_A3	>IPO339_58123394_A3	318	11108725344-1	11108886591	F	27F	1172	QUB_0186	QUB_27F_0186	619	OK
SH_0852	649	DB_00647	Rumen_Gateway	USED	IPO339_A4	IPO339_58123394_A4	>IPO339_58123394_A4	398	11108725344-1	11108886591	F	27F	1124	QUB_0187	QUB_27F_0187	675	OK
SH_0860	650	DB_00648	Rumen_Gateway	USED	IPO339_A5	IPO339_58123394_A5	>IPO339_58123394_A5	406	11108725344-1	11108886591	F	27F	1110	QUB_0188	QUB_27F_0188	683	OK
SH_0564	651	DB_00649	Rumen_Gateway	USED	IPO339_A6	IPO339_58123394_A6	>IPO339_58123394_A6	110	11108725344-1	11108886591	F	27F	1140	QUB_0189	QUB_27F_0189	449	OK
SH_0739	652	DB_00650	Rumen_Gateway	USED	IPO339_A7	IPO339_58123394_A7	>IPO339_58123394_A7	285	11108725344-1	11108886591	F	27F	179				MISSING_QUB_ID
SH_0880	653	DB_00651	Rumen_Gateway	USED	IPO339_A8	IPO339_58123394_A8	>IPO339_58123394_A8	426	11108725344-1	11108886591	F	27F	1170	QUB_0190	QUB_27F_0190	696	OK
SH_0576	654	DB_00652	Rumen_Gateway	USED	IPO339_A9	IPO339_58123394_A9	>IPO339_58123394_A9	122	11108725344-1	11108886591	F	27F	1195	QUB_0191	QUB_27F_0191	460	OK
SH_0111.1	657	DB_00655	Rumen_Gateway	USED	IPO339_A12	IPO339_58123394_A12	>IPO339_58123394_A12	83	11108725344-1	11108886591	F	27F	22				MISSING_QUB_ID
SH_0827	658	DB_00656	Rumen_Gateway	USED	IPO339_B1	IPO339_58123394_B1	>IPO339_58123394_B1	373	11108725344-1	11108886591	F	27F	1167	QUB_0192	QUB_27F_0192	666	OK
SH_0764	659	DB_00657	Rumen_Gateway	USED	IPO339_B2	IPO339_58123394_B2	>IPO339_58123394_B2	310	11108725344-1	11108886591	F	27F	1087	QUB_0194	QUB_27F_0194	612	OK
SH_0773	660	DB_00658	Rumen_Gateway	USED	IPO339_B3	IPO339_58123394_B3	>IPO339_58123394_B3	319	11108725344-1	11108886591	F	27F	957	QUB_0195; QUB_0230	QUB_27F_0195; QUB_27F_0230	620; 621	OK
SH_0853	661	DB_00659	Rumen_Gateway	USED	IPO339_B4	IPO339_58123394_B4	>IPO339_58123394_B4	399	11108725344-1	11108886591	F	27F	1126	QUB_0196	QUB_27F_0196	676	OK
SH_0861	662	DB_00660	Rumen_Gateway	USED	IPO339_B5	IPO339_58123394_B5	>IPO339_58123394_B5	407	11108725344-1	11108886591	F	27F	56				MISSING_QUB_ID
SH_0565	663	DB_00661	Rumen_Gateway	USED	IPO339_B6	IPO339_58123394_B6	>IPO339_58123394_B6	111	11108725344-1	11108886591	F	27F	342				MISSING_QUB_ID
SH_0534	664	DB_00662	Rumen_Gateway	USED	IPO339_B7	IPO339_58123394_B7	>IPO339_58123394_B7	80	11108725344-1	11108886591	F	27F	1139	QUB_0197	QUB_27F_0197	428	OK
SH_0881	665	DB_00663	Rumen_Gateway	USED	IPO339_B8	IPO339_58123394_B8	>IPO339_58123394_B8	427	11108725344-1	11108886591	F	27F	1161	QUB_0198	QUB_27F_0198	697	OK
SH_0621	666	DB_00664	Rumen_Gateway	USED	IPO339_B9	IPO339_58123394_B9	>IPO339_58123394_B9	167	11108725344-1	11108886591	F	27F	1162	QUB_0199	QUB_27F_0199	499	OK
SH_0173	669	DB_00667	Rumen_Gateway	USED	IPO339_B12	IPO339_58123394_B12	>IPO339_58123394_B12	13	11108725344-1	11108886591	F	27F	799	QUB_0193	QUB_27F_0193	193	OK
SH_0558	670	DB_00668	Rumen_Gateway	USED	IPO339_C1	IPO339_58123394_C1	>IPO339_58123394_C1	104	11108725344-1	11108886591	F	27F	1126	QUB_0200	QUB_27F_0200	444	OK
SH_0765	671	DB_00669	Rumen_Gateway	USED	IPO339_C2	IPO339_58123394_C2	>IPO339_58123394_C2	311	11108725344-1	11108886591	F	27F	1143	QUB_0201	QUB_27F_0201	613	OK
SH_0774	672	DB_00670	Rumen_Gateway	USED	IPO339_C3	IPO339_58123394_C3	>IPO339_58123394_C3	320	11108725344-1	11108886591	F	27F	1155	QUB_0202	QUB_27F_0202	622	OK
SH_0854	673	DB_00671	Rumen_Gateway	USED	IPO339_C4	IPO339_58123394_C4	>IPO339_58123394_C4	400	11108725344-1	11108886591	F	27F	1153	QUB_0203	QUB_27F_0203	677	OK
SH_0862	674	DB_00672	Rumen_Gateway	USED	IPO339_C5	IPO339_58123394_C5	>IPO339_58123394_C5	408	11108725344-1	11108886591	F	27F	1133	QUB_0204	QUB_27F_0204	684	OK
SH_0586	675	DB_00673	Rumen_Gateway	USED	IPO339_C6	IPO339_58123394_C6	>IPO339_58123394_C6	132	11108725344-1	11108886591	F	27F	235				MISSING_QUB_ID
SH_0555	676	DB_00674	Rumen_Gateway	USED	IPO339_C7	IPO339_58123394_C7	>IPO339_58123394_C7	101	11108725344-1	11108886591	F	27F	1143	QUB_0205	QUB_27F_0205	442	OK
SH_0868	677	DB_00675	Rumen_Gateway	USED	IPO339_C8	IPO339_58123394_C8	>IPO339_58123394_C8	414	11108725344-1	11108886591	F	27F	1167	QUB_0206	QUB_27F_0206	686	OK
SH_0638	678	DB_00676	Rumen_Gateway	USED	IPO339_C9	IPO339_58123394_C9	>IPO339_58123394_C9	184	11108725344-1	11108886591	F	27F	1158	QUB_0207	QUB_27F_0207	510	OK
SH_0559	682	DB_00680	Rumen_Gateway	USED	IPO339_D1	IPO339_58123394_D1	>IPO339_58123394_D1	105	11108725344-1	11108886591	F	27F	1135	QUB_0208	QUB_27F_0208	445	OK
SH_0767	683	DB_00681	Rumen_Gateway	USED	IPO339_D2	IPO339_58123394_D2	>IPO339_58123394_D2	313	11108725344-1	11108886591	F	27F	1175	QUB_0209	QUB_27F_0209	614	OK
SH_0775	684	DB_00682	Rumen_Gateway	USED	IPO339_D3	IPO339_58123394_D3	>IPO339_58123394_D3	321	11108725344-1	11108886591	F	27F	1140	QUB_0210	QUB_27F_0210	623	OK
SH_0855	685	DB_00683	Rumen_Gateway	USED	IPO339_D4	IPO339_58123394_D4	>IPO339_58123394_D4	401	11108725344-1	11108886591	F	27F	1118	QUB_0211	QUB_27F_0211	678	OK
SH_0864	686	DB_00684	Rumen_Gateway	USED	IPO339_D5	IPO339_58123394_D5	>IPO339_58123394_D5	410	11108725344-1	11108886591	F	27F	45				MISSING_QUB_ID
SH_0615	687	DB_00685	Rumen_Gateway	USED	IPO339_D6	IPO339_58123394_D6	>IPO339_58123394_D6	161	11108725344-1	11108886591	F	27F	194				MISSING_QUB_ID
SH_0563	688	DB_00686	Rumen_Gateway	USED	IPO339_D7	IPO339_58123394_D7	>IPO339_58123394_D7	109	11108725344-1	11108886591	F	27F	1149	QUB_0212	QUB_27F_0212	448	OK
SH_0872	689	DB_00687	Rumen_Gateway	USED	IPO339_D8	IPO339_58123394_D8	>IPO339_58123394_D8	418	11108725344-1	11108886591	F	27F	1137	QUB_0213	QUB_27F_0213	688	OK
SH_0878	690	DB_00688	Rumen_Gateway	USED	IPO339_D9	IPO339_58123394_D9	>IPO339_58123394_D9	424	11108725344-1	11108886591	F	27F	1155	QUB_0214	QUB_27F_0214	694	OK
SH_0831	694	DB_00692	Rumen_Gateway	USED	IPO339_E1	IPO339_58123394_E1	>IPO339_58123394_E1	377	11108725344-1	11108886591	F	27F	1154	QUB_0215	QUB_27F_0215	668	OK
SH_0768	695	DB_00693	Rumen_Gateway	USED	IPO339_E2	IPO339_58123394_E2	>IPO339_58123394_E2	314	11108725344-1	11108886591	F	27F	1091	QUB_0216	QUB_27F_0216	615	OK
SH_0777	696	DB_00694	Rumen_Gateway	USED	IPO339_E3	IPO339_58123394_E3	>IPO339_58123394_E3	323	11108725344-1	11108886591	F	27F	1114	QUB_0217	QUB_27F_0217	625	OK
SH_0856	697	DB_00695	Rumen_Gateway	USED	IPO339_E4	IPO339_58123394_E4	>IPO339_58123394_E4	402	11108725344-1	11108886591	F	27F	1159	QUB_0218	QUB_27F_0218	679	OK
SH_0525	698	DB_00696	Rumen_Gateway	USED	IPO339_E5	IPO339_58123394_E5	>IPO339_58123394_E5	71	11108725344-1	11108886591	F	27F	146				MISSING_QUB_ID
SH_0668	699	DB_00697	Rumen_Gateway	USED	IPO339_E6	IPO339_58123394_E6	>IPO339_58123394_E6	214	11108725344-1	11108886591	F	27F	1173	QUB_0219	QUB_27F_0219	532	OK
SH_0875	700	DB_00698	Rumen_Gateway	USED	IPO339_E7	IPO339_58123394_E7	>IPO339_58123394_E7	421	11108725344-1	11108886591	F	27F	1127	QUB_0220	QUB_27F_0220	691	OK
SH_0761	701	DB_00699	Rumen_Gateway	USED	IPO339_E8	IPO339_58123394_E8	>IPO339_58123394_E8	307	11108725344-1	11108886591	F	27F	1134	QUB_0221; QUB_0232	QUB_27F_0221; QUB_27F_0232	608; 609	OK
SH_0829	702	DB_00700	Rumen_Gateway	USED	IPO339_E9	IPO339_58123394_E9	>IPO339_58123394_E9	375	11108725344-1	11108886591	F	27F	1171	QUB_0222	QUB_27F_0222	667	OK
SH_0835	706	DB_00704	Rumen_Gateway	USED	IPO339_F1	IPO339_58123394_F1	>IPO339_58123394_F1	381	11108725344-1	11108886591	F	27F	1142	QUB_0223	QUB_27F_0223	669	OK
SH_0769	707	DB_00705	Rumen_Gateway	USED	IPO339_F2	IPO339_58123394_F2	>IPO339_58123394_F2	315	11108725344-1	11108886591	F	27F	1148	QUB_0225	QUB_27F_0225	616	OK
SH_0845	708	DB_00706	Rumen_Gateway	USED	IPO339_F3	IPO339_58123394_F3	>IPO339_58123394_F3	391	11108725344-1	11108886591	F	27F	1161	QUB_0226	QUB_27F_0226	672	OK
SH_0857	709	DB_00707	Rumen_Gateway	USED	IPO339_F4	IPO339_58123394_F4	>IPO339_58123394_F4	403	11108725344-1	11108886591	F	27F	1127	QUB_0227	QUB_27F_0227	680	OK
SH_0547	710	DB_00708	Rumen_Gateway	USED	IPO339_F5	IPO339_58123394_F5	>IPO339_58123394_F5	93	11108725344-1	11108886591	F	27F	25				MISSING_QUB_ID
SH_0797	711	DB_00709	Rumen_Gateway	USED	IPO339_F6	IPO339_58123394_F6	>IPO339_58123394_F6	343	11108725344-1	11108886591	F	27F	1160	QUB_0228	QUB_27F_0228	640	OK
SH_0876	712	DB_00710	Rumen_Gateway	USED	IPO339_F7	IPO339_58123394_F7	>IPO339_58123394_F7	422	11108725344-1	11108886591	F	27F	1132	QUB_0229	QUB_27F_0229	692	OK
SH_0773	713	DB_00711	Rumen_Gateway	USED	IPO339_F8	IPO339_58123394_F8	>IPO339_58123394_F8	319	11108725344-1	11108886591	F	27F	1133	QUB_0195; QUB_0230	QUB_27F_0195; QUB_27F_0230	620; 621	OK
SH_0836	714	DB_00712	Rumen_Gateway	USED	IPO339_F9	IPO339_58123394_F9	>IPO339_58123394_F9	382	11108725344-1	11108886591	F	27F	1146	QUB_0231	QUB_27F_0231	670	OK
SH_0867	715	DB_00713	Rumen_Gateway	USED	IPO339_F10	IPO339_58123394_F10	>IPO339_58123394_F10	413	11108725344-1	11108886591	F	27F	1197	QUB_0224	QUB_27F_0224	685	OK
SH_0761	718	DB_00716	Rumen_Gateway	USED	IPO339_G1	IPO339_58123394_G1	>IPO339_58123394_G1	307	11108725344-1	11108886591	F	27F	1130	QUB_0221; QUB_0232	QUB_27F_0221; QUB_27F_0232	608; 609	OK
SH_0770	719	DB_00717	Rumen_Gateway	USED	IPO339_G2	IPO339_58123394_G2	>IPO339_58123394_G2	316	11108725344-1	11108886591	F	27F	1142	QUB_0234	QUB_27F_0234	617	OK
SH_0849	720	DB_00718	Rumen_Gateway	USED	IPO339_G3	IPO339_58123394_G3	>IPO339_58123394_G3	395	11108725344-1	11108886591	F	27F	1187	QUB_0235	QUB_27F_0235	673	OK
SH_0858	721	DB_00719	Rumen_Gateway	USED	IPO339_G4	IPO339_58123394_G4	>IPO339_58123394_G4	404	11108725344-1	11108886591	F	27F	1114	QUB_0236	QUB_27F_0236	681	OK
SH_0556	722	DB_00720	Rumen_Gateway	USED	IPO339_G5	IPO339_58123394_G5	>IPO339_58123394_G5	102	11108725344-1	11108886591	F	27F	207				MISSING_QUB_ID
SH_0785	723	DB_00721	Rumen_Gateway	USED	IPO339_G6	IPO339_58123394_G6	>IPO339_58123394_G6	331	11108725344-1	11108886591	F	27F	1094	QUB_0237	QUB_27F_0237	632	OK
SH_0877	724	DB_00722	Rumen_Gateway	USED	IPO339_G7	IPO339_58123394_G7	>IPO339_58123394_G7	423	11108725344-1	11108886591	F	27F	1160	QUB_0238	QUB_27F_0238	693	OK
SH_0882	725	DB_00723	Rumen_Gateway	USED	IPO339_G8	IPO339_58123394_G8	>IPO339_58123394_G8	428	11108725344-1	11108886591	F	27F	470				MISSING_QUB_ID
SH_0838	726	DB_00724	Rumen_Gateway	USED	IPO339_G9	IPO339_58123394_G9	>IPO339_58123394_G9	384	11108725344-1	11108886591	F	27F	1173	QUB_0239	QUB_27F_0239	671	OK
SH_0871	727	DB_00725	Rumen_Gateway	USED	IPO339_G10	IPO339_58123394_G10	>IPO339_58123394_G10	417	11108725344-1	11108886591	F	27F	1193	QUB_0233	QUB_27F_0233	687	OK
SH_0762	730	DB_00728	Rumen_Gateway	USED	IPO339_H1	IPO339_58123394_H1	>IPO339_58123394_H1	308	11108725344-1	11108886591	F	27F	1087	QUB_0240	QUB_27F_0240	610	OK
SH_0771	731	DB_00729	Rumen_Gateway	USED	IPO339_H2	IPO339_58123394_H2	>IPO339_58123394_H2	317	11108725344-1	11108886591	F	27F	1193	QUB_0242	QUB_27F_0242	618	OK
SH_0851	732	DB_00730	Rumen_Gateway	USED	IPO339_H3	IPO339_58123394_H3	>IPO339_58123394_H3	397	11108725344-1	11108886591	F	27F	1124	QUB_0243	QUB_27F_0243	674	OK
SH_0859	733	DB_00731	Rumen_Gateway	USED	IPO339_H4	IPO339_58123394_H4	>IPO339_58123394_H4	405	11108725344-1	11108886591	F	27F	1179	QUB_0244	QUB_27F_0244	682	OK
SH_0562	734	DB_00732	Rumen_Gateway	USED	IPO339_H5	IPO339_58123394_H5	>IPO339_58123394_H5	108	11108725344-1	11108886591	F	27F	1171	QUB_0245	QUB_27F_0245	447	OK
SH_0744	735	DB_00733	Rumen_Gateway	USED	IPO339_H6	IPO339_58123394_H6	>IPO339_58123394_H6	290	11108725344-1	11108886591	F	27F	174				MISSING_QUB_ID
SH_0879	736	DB_00734	Rumen_Gateway	USED	IPO339_H7	IPO339_58123394_H7	>IPO339_58123394_H7	425	11108725344-1	11108886591	F	27F	1181	QUB_0246	QUB_27F_0246	695	OK
SH_0883	737	DB_00735	Rumen_Gateway	USED	IPO339_H8	IPO339_58123394_H8	>IPO339_58123394_H8	429	11108725344-1	11108886591	F	27F	1173	QUB_0247	QUB_27F_0247	698	OK
SH_0874	738	DB_00736	Rumen_Gateway	USED	IPO339_H9	IPO339_58123394_H9	>IPO339_58123394_H9	420	11108725344-1	11108886591	F	27F	1212	QUB_0248	QUB_27F_0248	690	OK
SH_0873	739	DB_00737	Rumen_Gateway	USED	IPO339_H10	IPO339_58123394_H10	>IPO339_58123394_H10	419	11108725344-1	11108886591	F	27F	1219	QUB_0241	QUB_27F_0241	689	OK
SH_0674	742	DB_00740	Rumen_Gateway	USED	IPO340_A1	IPO340_58123400_A1	>IPO340_58123400_A1	220	11108725344-1	11108881734	F	27F	1188	QUB_0249	QUB_27F_0249	538	OK
SH_0683	743	DB_00741	Rumen_Gateway	USED	IPO340_A2	IPO340_58123400_A2	>IPO340_58123400_A2	229	11108725344-1	11108881734	F	27F	1207	QUB_0252	QUB_27F_0252	546	OK
SH_0692	744	DB_00742	Rumen_Gateway	USED	IPO340_A3	IPO340_58123400_A3	>IPO340_58123400_A3	238	11108725344-1	11108881734	F	27F	1171	QUB_0253; QUB_0264	QUB_27F_0253; QUB_27F_0264	554; 555	OK
SH_0703	745	DB_00743	Rumen_Gateway	USED	IPO340_A4	IPO340_58123400_A4	>IPO340_58123400_A4	249	11108725344-1	11108881734	F	27F	1191	QUB_0254	QUB_27F_0254	565	OK
SH_0720	746	DB_00744	Rumen_Gateway	USED	IPO340_A5	IPO340_58123400_A5	>IPO340_58123400_A5	266	11108725344-1	11108881734	F	27F	1200	QUB_0255	QUB_27F_0255	576	OK
SH_0740	747	DB_00745	Rumen_Gateway	USED	IPO340_A6	IPO340_58123400_A6	>IPO340_58123400_A6	286	11108725344-1	11108881734	F	27F	1164	QUB_0256	QUB_27F_0256	589	OK
SH_0748	748	DB_00746	Rumen_Gateway	USED	IPO340_A7	IPO340_58123400_A7	>IPO340_58123400_A7	294	11108725344-1	11108881734	F	27F	1116	QUB_0257	QUB_27F_0257	596	OK
SH_0760	749	DB_00747	Rumen_Gateway	USED	IPO340_A8	IPO340_58123400_A8	>IPO340_58123400_A8	306	11108725344-1	11108881734	F	27F	1181	QUB_0258	QUB_27F_0258	607	OK
SH_0785	750	DB_00748	Rumen_Gateway	USED	IPO340_A9	IPO340_58123400_A9	>IPO340_58123400_A9	331	11108725344-1	11108881734	F	27F	17	QUB_0237	QUB_27F_0237	632	OK
SH_0797	751	DB_00749	Rumen_Gateway	USED	IPO340_A10	IPO340_58123400_A10	>IPO340_58123400_A10	343	11108725344-1	11108881734	F	27F	15	QUB_0228	QUB_27F_0228	640	OK
SH_0805	752	DB_00750	Rumen_Gateway	USED	IPO340_A11	IPO340_58123400_A11	>IPO340_58123400_A11	351	11108725344-1	11108881734	F	27F	1213	QUB_0250	QUB_27F_0250	648	OK
SH_0815	753	DB_00751	Rumen_Gateway	USED	IPO340_A12	IPO340_58123400_A12	>IPO340_58123400_A12	361	11108725344-1	11108881734	F	27F	1156	QUB_0251	QUB_27F_0251	656	OK
SH_0675	754	DB_00752	Rumen_Gateway	USED	IPO340_B1	IPO340_58123400_B1	>IPO340_58123400_B1	221	11108725344-1	11108881734	F	27F	1240	QUB_0259	QUB_27F_0259	539	OK
SH_0684	755	DB_00753	Rumen_Gateway	USED	IPO340_B2	IPO340_58123400_B2	>IPO340_58123400_B2	230	11108725344-1	11108881734	F	27F	1098	QUB_0263	QUB_27F_0263	547	OK
SH_0692	756	DB_00754	Rumen_Gateway	USED	IPO340_B3	IPO340_58123400_B3	>IPO340_58123400_B3	238	11108725344-1	11108881734	F	27F	1107	QUB_0253; QUB_0264	QUB_27F_0253; QUB_27F_0264	554; 555	OK
SH_0704	757	DB_00755	Rumen_Gateway	USED	IPO340_B4	IPO340_58123400_B4	>IPO340_58123400_B4	250	11108725344-1	11108881734	F	27F	1173	QUB_0265	QUB_27F_0265	566	OK
SH_0723	758	DB_00756	Rumen_Gateway	USED	IPO340_B5	IPO340_58123400_B5	>IPO340_58123400_B5	269	11108725344-1	11108881734	F	27F	1149	QUB_0266	QUB_27F_0266	578	OK
SH_0741	759	DB_00757	Rumen_Gateway	USED	IPO340_B6	IPO340_58123400_B6	>IPO340_58123400_B6	287	11108725344-1	11108881734	F	27F	1111	QUB_0267	QUB_27F_0267	590	OK
SH_0750	760	DB_00758	Rumen_Gateway	USED	IPO340_B7	IPO340_58123400_B7	>IPO340_58123400_B7	296	11108725344-1	11108881734	F	27F	888	QUB_0268	QUB_27F_0268	597	OK
SH_0776	761	DB_00759	Rumen_Gateway	USED	IPO340_B8	IPO340_58123400_B8	>IPO340_58123400_B8	322	11108725344-1	11108881734	F	27F	1168	QUB_0269	QUB_27F_0269	624	OK
SH_0786	762	DB_00760	Rumen_Gateway	USED	IPO340_B9	IPO340_58123400_B9	>IPO340_58123400_B9	332	11108725344-1	11108881734	F	27F	1155	QUB_0270	QUB_27F_0270	633	OK
SH_0798	763	DB_00761	Rumen_Gateway	USED	IPO340_B10	IPO340_58123400_B10	>IPO340_58123400_B10	344	11108725344-1	11108881734	F	27F	1180	QUB_0260	QUB_27F_0260	641	OK
SH_0806	764	DB_00762	Rumen_Gateway	USED	IPO340_B11	IPO340_58123400_B11	>IPO340_58123400_B11	352	11108725344-1	11108881734	F	27F	1144	QUB_0261	QUB_27F_0261	649	OK
SH_0817	765	DB_00763	Rumen_Gateway	USED	IPO340_B12	IPO340_58123400_B12	>IPO340_58123400_B12	363	11108725344-1	11108881734	F	27F	1208	QUB_0262	QUB_27F_0262	657	OK
SH_0676	766	DB_00764	Rumen_Gateway	USED	IPO340_C1	IPO340_58123400_C1	>IPO340_58123400_C1	222	11108725344-1	11108881734	F	27F	1198	QUB_0271	QUB_27F_0271	540	OK
SH_0685	767	DB_00765	Rumen_Gateway	USED	IPO340_C2	IPO340_58123400_C2	>IPO340_58123400_C2	231	11108725344-1	11108881734	F	27F	1178	QUB_0275	QUB_27F_0275	548	OK
SH_0696	768	DB_00766	Rumen_Gateway	USED	IPO340_C3	IPO340_58123400_C3	>IPO340_58123400_C3	242	11108725344-1	11108881734	F	27F	1201	QUB_0276	QUB_27F_0276	558	OK
SH_0705	769	DB_00767	Rumen_Gateway	USED	IPO340_C4	IPO340_58123400_C4	>IPO340_58123400_C4	251	11108725344-1	11108881734	F	27F	1130	QUB_0277	QUB_27F_0277	567	OK
SH_0733	770	DB_00768	Rumen_Gateway	USED	IPO340_C5	IPO340_58123400_C5	>IPO340_58123400_C5	279	11108725344-1	11108881734	F	27F	1134	QUB_0278	QUB_27F_0278	584	OK
SH_0742	771	DB_00769	Rumen_Gateway	USED	IPO340_C6	IPO340_58123400_C6	>IPO340_58123400_C6	288	11108725344-1	11108881734	F	27F	1184	QUB_0279	QUB_27F_0279	591	OK
SH_0751	772	DB_00770	Rumen_Gateway	USED	IPO340_C7	IPO340_58123400_C7	>IPO340_58123400_C7	297	11108725344-1	11108881734	F	27F	1193	QUB_0280	QUB_27F_0280	598	OK
SH_0778	773	DB_00771	Rumen_Gateway	USED	IPO340_C8	IPO340_58123400_C8	>IPO340_58123400_C8	324	11108725344-1	11108881734	F	27F	1113	QUB_0281	QUB_27F_0281	626	OK
SH_0787	774	DB_00772	Rumen_Gateway	USED	IPO340_C9	IPO340_58123400_C9	>IPO340_58123400_C9	333	11108725344-1	11108881734	F	27F	1148	QUB_0282	QUB_27F_0282	634	OK
SH_0799	775	DB_00773	Rumen_Gateway	USED	IPO340_C10	IPO340_58123400_C10	>IPO340_58123400_C10	345	11108725344-1	11108881734	F	27F	1179	QUB_0272	QUB_27F_0272	642	OK
SH_0807	776	DB_00774	Rumen_Gateway	USED	IPO340_C11	IPO340_58123400_C11	>IPO340_58123400_C11	353	11108725344-1	11108881734	F	27F	1214	QUB_0273	QUB_27F_0273	650	OK
SH_0818	777	DB_00775	Rumen_Gateway	USED	IPO340_C12	IPO340_58123400_C12	>IPO340_58123400_C12	364	11108725344-1	11108881734	F	27F	1170	QUB_0274	QUB_27F_0274	658	OK
SH_0677	778	DB_00776	Rumen_Gateway	USED	IPO340_D1	IPO340_58123400_D1	>IPO340_58123400_D1	223	11108725344-1	11108881734	F	27F	1197	QUB_0283	QUB_27F_0283	541	OK
SH_0686	779	DB_00777	Rumen_Gateway	USED	IPO340_D2	IPO340_58123400_D2	>IPO340_58123400_D2	232	11108725344-1	11108881734	F	27F	1176	QUB_0287	QUB_27F_0287	549	OK
SH_0697	780	DB_00778	Rumen_Gateway	USED	IPO340_D3	IPO340_58123400_D3	>IPO340_58123400_D3	243	11108725344-1	11108881734	F	27F	1187	QUB_0288	QUB_27F_0288	559	OK
SH_0706	781	DB_00779	Rumen_Gateway	USED	IPO340_D4	IPO340_58123400_D4	>IPO340_58123400_D4	252	11108725344-1	11108881734	F	27F	1173	QUB_0289	QUB_27F_0289	568	OK
SH_0735	782	DB_00780	Rumen_Gateway	USED	IPO340_D5	IPO340_58123400_D5	>IPO340_58123400_D5	281	11108725344-1	11108881734	F	27F	1166	QUB_0290	QUB_27F_0290	585	OK
SH_0743	783	DB_00781	Rumen_Gateway	USED	IPO340_D6	IPO340_58123400_D6	>IPO340_58123400_D6	289	11108725344-1	11108881734	F	27F	1165	QUB_0291	QUB_27F_0291	592	OK
SH_0752	784	DB_00782	Rumen_Gateway	USED	IPO340_D7	IPO340_58123400_D7	>IPO340_58123400_D7	298	11108725344-1	11108881734	F	27F	866	QUB_0292	QUB_27F_0292	599	OK
SH_0779	785	DB_00783	Rumen_Gateway	USED	IPO340_D8	IPO340_58123400_D8	>IPO340_58123400_D8	325	11108725344-1	11108881734	F	27F	1122	QUB_0293	QUB_27F_0293	627	OK
SH_0788	786	DB_00784	Rumen_Gateway	USED	IPO340_D9	IPO340_58123400_D9	>IPO340_58123400_D9	334	11108725344-1	11108881734	F	27F	1180	QUB_0294	QUB_27F_0294	635	OK
SH_0800	787	DB_00785	Rumen_Gateway	USED	IPO340_D10	IPO340_58123400_D10	>IPO340_58123400_D10	346	11108725344-1	11108881734	F	27F	1192	QUB_0284	QUB_27F_0284	643	OK
SH_0809	788	DB_00786	Rumen_Gateway	USED	IPO340_D11	IPO340_58123400_D11	>IPO340_58123400_D11	355	11108725344-1	11108881734	F	27F	1172	QUB_0285	QUB_27F_0285	651	OK
SH_0819	789	DB_00787	Rumen_Gateway	USED	IPO340_D12	IPO340_58123400_D12	>IPO340_58123400_D12	365	11108725344-1	11108881734	F	27F	1180	QUB_0286	QUB_27F_0286	659	OK
SH_0678	790	DB_00788	Rumen_Gateway	USED	IPO340_E1	IPO340_58123400_E1	>IPO340_58123400_E1	224	11108725344-1	11108881734	F	27F	1148	QUB_0295	QUB_27F_0295	542	OK
SH_0687	791	DB_00789	Rumen_Gateway	USED	IPO340_E2	IPO340_58123400_E2	>IPO340_58123400_E2	233	11108725344-1	11108881734	F	27F	1181	QUB_0299	QUB_27F_0299	550	OK
SH_0698	792	DB_00790	Rumen_Gateway	USED	IPO340_E3	IPO340_58123400_E3	>IPO340_58123400_E3	244	11108725344-1	11108881734	F	27F	1176	QUB_0300	QUB_27F_0300	560	OK
SH_0707	793	DB_00791	Rumen_Gateway	USED	IPO340_E4	IPO340_58123400_E4	>IPO340_58123400_E4	253	11108725344-1	11108881734	F	27F	1180	QUB_0301	QUB_27F_0301	569	OK
SH_0736	794	DB_00792	Rumen_Gateway	USED	IPO340_E5	IPO340_58123400_E5	>IPO340_58123400_E5	282	11108725344-1	11108881734	F	27F	1156	QUB_0302	QUB_27F_0302	586	OK
SH_0744	795	DB_00793	Rumen_Gateway	USED	IPO340_E6	IPO340_58123400_E6	>IPO340_58123400_E6	290	11108725344-1	11108881734	F	27F	173				MISSING_QUB_ID
SH_0753	796	DB_00794	Rumen_Gateway	USED	IPO340_E7	IPO340_58123400_E7	>IPO340_58123400_E7	299	11108725344-1	11108881734	F	27F	1180	QUB_0303	QUB_27F_0303	600	OK
SH_0780	797	DB_00795	Rumen_Gateway	USED	IPO340_E8	IPO340_58123400_E8	>IPO340_58123400_E8	326	11108725344-1	11108881734	F	27F	1144	QUB_0304	QUB_27F_0304	628	OK
SH_0790	798	DB_00796	Rumen_Gateway	USED	IPO340_E9	IPO340_58123400_E9	>IPO340_58123400_E9	336	11108725344-1	11108881734	F	27F	1176	QUB_0305	QUB_27F_0305	636	OK
SH_0801	799	DB_00797	Rumen_Gateway	USED	IPO340_E10	IPO340_58123400_E10	>IPO340_58123400_E10	347	11108725344-1	11108881734	F	27F	1147	QUB_0296	QUB_27F_0296	644	OK
SH_0810	800	DB_00798	Rumen_Gateway	USED	IPO340_E11	IPO340_58123400_E11	>IPO340_58123400_E11	356	11108725344-1	11108881734	F	27F	1145	QUB_0297	QUB_27F_0297	652	OK
SH_0821	801	DB_00799	Rumen_Gateway	USED	IPO340_E12	IPO340_58123400_E12	>IPO340_58123400_E12	367	11108725344-1	11108881734	F	27F	1168	QUB_0298	QUB_27F_0298	661	OK
SH_0679	802	DB_00800	Rumen_Gateway	USED	IPO340_F1	IPO340_58123400_F1	>IPO340_58123400_F1	225	11108725344-1	11108881734	F	27F	1172	QUB_0306	QUB_27F_0306	543	OK
SH_0688	803	DB_00801	Rumen_Gateway	USED	IPO340_F2	IPO340_58123400_F2	>IPO340_58123400_F2	234	11108725344-1	11108881734	F	27F	1184	QUB_0310	QUB_27F_0310	551	OK
SH_0700	804	DB_00802	Rumen_Gateway	USED	IPO340_F3	IPO340_58123400_F3	>IPO340_58123400_F3	246	11108725344-1	11108881734	F	27F	1202	QUB_0311	QUB_27F_0311	562	OK
SH_0713	805	DB_00803	Rumen_Gateway	USED	IPO340_F4	IPO340_58123400_F4	>IPO340_58123400_F4	259	11108725344-1	11108881734	F	27F	1189	QUB_0312	QUB_27F_0312	572	OK
SH_0737	806	DB_00804	Rumen_Gateway	USED	IPO340_F5	IPO340_58123400_F5	>IPO340_58123400_F5	283	11108725344-1	11108881734	F	27F	868	QUB_0313	QUB_27F_0313	587	OK
SH_0745	807	DB_00805	Rumen_Gateway	USED	IPO340_F6	IPO340_58123400_F6	>IPO340_58123400_F6	291	11108725344-1	11108881734	F	27F	1190	QUB_0314	QUB_27F_0314	593	OK
SH_0755	808	DB_00806	Rumen_Gateway	USED	IPO340_F7	IPO340_58123400_F7	>IPO340_58123400_F7	301	11108725344-1	11108881734	F	27F	1192	QUB_0315	QUB_27F_0315	602	OK
SH_0781	809	DB_00807	Rumen_Gateway	USED	IPO340_F8	IPO340_58123400_F8	>IPO340_58123400_F8	327	11108725344-1	11108881734	F	27F	1130	QUB_0316	QUB_27F_0316	629	OK
SH_0792	810	DB_00808	Rumen_Gateway	USED	IPO340_F9	IPO340_58123400_F9	>IPO340_58123400_F9	338	11108725344-1	11108881734	F	27F	1147	QUB_0317	QUB_27F_0317	637	OK
SH_0802	811	DB_00809	Rumen_Gateway	USED	IPO340_F10	IPO340_58123400_F10	>IPO340_58123400_F10	348	11108725344-1	11108881734	F	27F	1145	QUB_0307	QUB_27F_0307	645	OK
SH_0811	812	DB_00810	Rumen_Gateway	USED	IPO340_F11	IPO340_58123400_F11	>IPO340_58123400_F11	357	11108725344-1	11108881734	F	27F	1181	QUB_0308	QUB_27F_0308	653	OK
SH_0822	813	DB_00811	Rumen_Gateway	USED	IPO340_F12	IPO340_58123400_F12	>IPO340_58123400_F12	368	11108725344-1	11108881734	F	27F	1161	QUB_0309	QUB_27F_0309	662	OK
SH_0680	814	DB_00812	Rumen_Gateway	USED	IPO340_G1	IPO340_58123400_G1	>IPO340_58123400_G1	226	11108725344-1	11108881734	F	27F	1130	QUB_0318	QUB_27F_0318	544	OK
SH_0690	815	DB_00813	Rumen_Gateway	USED	IPO340_G2	IPO340_58123400_G2	>IPO340_58123400_G2	236	11108725344-1	11108881734	F	27F	1185	QUB_0322	QUB_27F_0322	552	OK
SH_0701	816	DB_00814	Rumen_Gateway	USED	IPO340_G3	IPO340_58123400_G3	>IPO340_58123400_G3	247	11108725344-1	11108881734	F	27F	1187	QUB_0323	QUB_27F_0323	563	OK
SH_0718	817	DB_00815	Rumen_Gateway	USED	IPO340_G4	IPO340_58123400_G4	>IPO340_58123400_G4	264	11108725344-1	11108881734	F	27F	1169	QUB_0324	QUB_27F_0324	574	OK
SH_0738	818	DB_00816	Rumen_Gateway	USED	IPO340_G5	IPO340_58123400_G5	>IPO340_58123400_G5	284	11108725344-1	11108881734	F	27F	1132	QUB_0325	QUB_27F_0325	588	OK
SH_0746	819	DB_00817	Rumen_Gateway	USED	IPO340_G6	IPO340_58123400_G6	>IPO340_58123400_G6	292	11108725344-1	11108881734	F	27F	1152	QUB_0326	QUB_27F_0326	594	OK
SH_0756	820	DB_00818	Rumen_Gateway	USED	IPO340_G7	IPO340_58123400_G7	>IPO340_58123400_G7	302	11108725344-1	11108881734	F	27F	1155	QUB_0327	QUB_27F_0327	603	OK
SH_0782	821	DB_00819	Rumen_Gateway	USED	IPO340_G8	IPO340_58123400_G8	>IPO340_58123400_G8	328	11108725344-1	11108881734	F	27F	1120	QUB_0328	QUB_27F_0328	630	OK
SH_0794	822	DB_00820	Rumen_Gateway	USED	IPO340_G9	IPO340_58123400_G9	>IPO340_58123400_G9	340	11108725344-1	11108881734	F	27F	1145	QUB_0329	QUB_27F_0329	638	OK
SH_0803	823	DB_00821	Rumen_Gateway	USED	IPO340_G10	IPO340_58123400_G10	>IPO340_58123400_G10	349	11108725344-1	11108881734	F	27F	1180	QUB_0319	QUB_27F_0319	646	OK
SH_0812	824	DB_00822	Rumen_Gateway	USED	IPO340_G11	IPO340_58123400_G11	>IPO340_58123400_G11	358	11108725344-1	11108881734	F	27F	1247	QUB_0320	QUB_27F_0320	654	OK
SH_0824	825	DB_00823	Rumen_Gateway	USED	IPO340_G12	IPO340_58123400_G12	>IPO340_58123400_G12	370	11108725344-1	11108881734	F	27F	1178	QUB_0321	QUB_27F_0321	663	OK
SH_0682	826	DB_00824	Rumen_Gateway	USED	IPO340_H1	IPO340_58123400_H1	>IPO340_58123400_H1	228	11108725344-1	11108881734	F	27F	1173	QUB_0330	QUB_27F_0330	545	OK
SH_0691	827	DB_00825	Rumen_Gateway	USED	IPO340_H2	IPO340_58123400_H2	>IPO340_58123400_H2	237	11108725344-1	11108881734	F	27F	1177	QUB_0334	QUB_27F_0334	553	OK
SH_0702	828	DB_00826	Rumen_Gateway	USED	IPO340_H3	IPO340_58123400_H3	>IPO340_58123400_H3	248	11108725344-1	11108881734	F	27F	1200	QUB_0335	QUB_27F_0335	564	OK
SH_0719	829	DB_00827	Rumen_Gateway	USED	IPO340_H4	IPO340_58123400_H4	>IPO340_58123400_H4	265	11108725344-1	11108881734	F	27F	1086	QUB_0336	QUB_27F_0336	575	OK
SH_0739	830	DB_00828	Rumen_Gateway	USED	IPO340_H5	IPO340_58123400_H5	>IPO340_58123400_H5	285	11108725344-1	11108881734	F	27F	180				MISSING_QUB_ID
SH_0747	831	DB_00829	Rumen_Gateway	USED	IPO340_H6	IPO340_58123400_H6	>IPO340_58123400_H6	293	11108725344-1	11108881734	F	27F	1130	QUB_0337	QUB_27F_0337	595	OK
SH_0758	832	DB_00830	Rumen_Gateway	USED	IPO340_H7	IPO340_58123400_H7	>IPO340_58123400_H7	304	11108725344-1	11108881734	F	27F	1167	QUB_0338	QUB_27F_0338	605	OK
SH_0784	833	DB_00831	Rumen_Gateway	USED	IPO340_H8	IPO340_58123400_H8	>IPO340_58123400_H8	330	11108725344-1	11108881734	F	27F	1193	QUB_0339	QUB_27F_0339	631	OK
SH_0795	834	DB_00832	Rumen_Gateway	USED	IPO340_H9	IPO340_58123400_H9	>IPO340_58123400_H9	341	11108725344-1	11108881734	F	27F	1192	QUB_0340	QUB_27F_0340	639	OK
SH_0804	835	DB_00833	Rumen_Gateway	USED	IPO340_H10	IPO340_58123400_H10	>IPO340_58123400_H10	350	11108725344-1	11108881734	F	27F	1086	QUB_0331	QUB_27F_0331	647	OK
SH_0813	836	DB_00834	Rumen_Gateway	USED	IPO340_H11	IPO340_58123400_H11	>IPO340_58123400_H11	359	11108725344-1	11108881734	F	27F	1192	QUB_0332	QUB_27F_0332	655	OK
SH_0825	837	DB_00835	Rumen_Gateway	USED	IPO340_H12	IPO340_58123400_H12	>IPO340_58123400_H12	371	11108725344-1	11108881734	F	27F	1158	QUB_0333	QUB_27F_0333	664	OK
SH_0561	838	DB_00836	Rumen_Gateway	USED	IPO341_A1	IPO341_58123417_A1	>IPO341_58123417_A1	107	11108725344-1	11108871180	F	27F	1104	QUB_0341	QUB_27F_0341	446	OK
SH_0569	839	DB_00837	Rumen_Gateway	USED	IPO341_A2	IPO341_58123417_A2	>IPO341_58123417_A2	115	11108725344-1	11108871180	F	27F	1218	QUB_0345	QUB_27F_0345	453	OK
SH_0578	840	DB_00838	Rumen_Gateway	USED	IPO341_A3	IPO341_58123417_A3	>IPO341_58123417_A3	124	11108725344-1	11108871180	F	27F	1214	QUB_0346	QUB_27F_0346	462	OK
SH_0586	841	DB_00839	Rumen_Gateway	USED	IPO341_A4	IPO341_58123417_A4	>IPO341_58123417_A4	132	11108725344-1	11108871180	F	27F	179				MISSING_QUB_ID
SH_0596	842	DB_00840	Rumen_Gateway	USED	IPO341_A5	IPO341_58123417_A5	>IPO341_58123417_A5	142	11108725344-1	11108871180	F	27F	1085	QUB_0347	QUB_27F_0347	479	OK
SH_0605	843	DB_00841	Rumen_Gateway	USED	IPO341_A6	IPO341_58123417_A6	>IPO341_58123417_A6	151	11108725344-1	11108871180	F	27F	1151	QUB_0348	QUB_27F_0348	486	OK
SH_0617	844	DB_00842	Rumen_Gateway	USED	IPO341_A7	IPO341_58123417_A7	>IPO341_58123417_A7	163	11108725344-1	11108871180	F	27F	1209	QUB_0349	QUB_27F_0349	495	OK
SH_0626	845	DB_00843	Rumen_Gateway	USED	IPO341_A8	IPO341_58123417_A8	>IPO341_58123417_A8	172	11108725344-1	11108871180	F	27F	1219	QUB_0350	QUB_27F_0350	504	OK
SH_0636	846	DB_00844	Rumen_Gateway	USED	IPO341_A9	IPO341_58123417_A9	>IPO341_58123417_A9	182	11108725344-1	11108871180	F	27F	581				MISSING_QUB_ID
SH_0645	847	DB_00845	Rumen_Gateway	USED	IPO341_A10	IPO341_58123417_A10	>IPO341_58123417_A10	191	11108725344-1	11108871180	F	27F	1181	QUB_0342	QUB_27F_0342	517	OK
SH_0653	848	DB_00846	Rumen_Gateway	USED	IPO341_A11	IPO341_58123417_A11	>IPO341_58123417_A11	199	11108725344-1	11108871180	F	27F	1146	QUB_0343	QUB_27F_0343	525	OK
SH_0666	849	DB_00847	Rumen_Gateway	USED	IPO341_A12	IPO341_58123417_A12	>IPO341_58123417_A12	212	11108725344-1	11108871180	F	27F	1200	QUB_0344	QUB_27F_0344	530	OK
SH_0562	850	DB_00848	Rumen_Gateway	USED	IPO341_B1	IPO341_58123417_B1	>IPO341_58123417_B1	108	11108725344-1	11108871180	F	27F	19	QUB_0245	QUB_27F_0245	447	OK
SH_0570	851	DB_00849	Rumen_Gateway	USED	IPO341_B2	IPO341_58123417_B2	>IPO341_58123417_B2	116	11108725344-1	11108871180	F	27F	1170	QUB_0354	QUB_27F_0354	454	OK
SH_0579	852	DB_00850	Rumen_Gateway	USED	IPO341_B3	IPO341_58123417_B3	>IPO341_58123417_B3	125	11108725344-1	11108871180	F	27F	1182	QUB_0355	QUB_27F_0355	463	OK
SH_0587	853	DB_00851	Rumen_Gateway	USED	IPO341_B4	IPO341_58123417_B4	>IPO341_58123417_B4	133	11108725344-1	11108871180	F	27F	1215	QUB_0356	QUB_27F_0356	470	OK
SH_0598	854	DB_00852	Rumen_Gateway	USED	IPO341_B5	IPO341_58123417_B5	>IPO341_58123417_B5	144	11108725344-1	11108871180	F	27F	1188	QUB_0357	QUB_27F_0357	480	OK
SH_0606	855	DB_00853	Rumen_Gateway	USED	IPO341_B6	IPO341_58123417_B6	>IPO341_58123417_B6	152	11108725344-1	11108871180	F	27F	1198	QUB_0358	QUB_27F_0358	487	OK
SH_0618	856	DB_00854	Rumen_Gateway	USED	IPO341_B7	IPO341_58123417_B7	>IPO341_58123417_B7	164	11108725344-1	11108871180	F	27F	1233	QUB_0359	QUB_27F_0359	496	OK
SH_0627	857	DB_00855	Rumen_Gateway	USED	IPO341_B8	IPO341_58123417_B8	>IPO341_58123417_B8	173	11108725344-1	11108871180	F	27F	1192	QUB_0360	QUB_27F_0360	505	OK
SH_0637	858	DB_00856	Rumen_Gateway	USED	IPO341_B9	IPO341_58123417_B9	>IPO341_58123417_B9	183	11108725344-1	11108871180	F	27F	580				MISSING_QUB_ID
SH_0646	859	DB_00857	Rumen_Gateway	USED	IPO341_B10	IPO341_58123417_B10	>IPO341_58123417_B10	192	11108725344-1	11108871180	F	27F	1211	QUB_0351	QUB_27F_0351	518	OK
SH_0654	860	DB_00858	Rumen_Gateway	USED	IPO341_B11	IPO341_58123417_B11	>IPO341_58123417_B11	200	11108725344-1	11108871180	F	27F	1224	QUB_0352	QUB_27F_0352	526	OK
SH_0667	861	DB_00859	Rumen_Gateway	USED	IPO341_B12	IPO341_58123417_B12	>IPO341_58123417_B12	213	11108725344-1	11108871180	F	27F	1205	QUB_0353	QUB_27F_0353	531	OK
SH_0563	862	DB_00860	Rumen_Gateway	USED	IPO341_C1	IPO341_58123417_C1	>IPO341_58123417_C1	109	11108725344-1	11108871180	F	27F	223	QUB_0212	QUB_27F_0212	448	OK
SH_0571	863	DB_00861	Rumen_Gateway	USED	IPO341_C2	IPO341_58123417_C2	>IPO341_58123417_C2	117	11108725344-1	11108871180	F	27F	1166	QUB_0363	QUB_27F_0363	455	OK
SH_0580	864	DB_00862	Rumen_Gateway	USED	IPO341_C3	IPO341_58123417_C3	>IPO341_58123417_C3	126	11108725344-1	11108871180	F	27F	1207	QUB_0364	QUB_27F_0364	464	OK
SH_0588	865	DB_00863	Rumen_Gateway	USED	IPO341_C4	IPO341_58123417_C4	>IPO341_58123417_C4	134	11108725344-1	11108871180	F	27F	1219	QUB_0365	QUB_27F_0365	471	OK
SH_0599	866	DB_00864	Rumen_Gateway	USED	IPO341_C5	IPO341_58123417_C5	>IPO341_58123417_C5	145	11108725344-1	11108871180	F	27F	1187	QUB_0366	QUB_27F_0366	481	OK
SH_0607	867	DB_00865	Rumen_Gateway	USED	IPO341_C6	IPO341_58123417_C6	>IPO341_58123417_C6	153	11108725344-1	11108871180	F	27F	1221	QUB_0367	QUB_27F_0367	488	OK
SH_0619	868	DB_00866	Rumen_Gateway	USED	IPO341_C7	IPO341_58123417_C7	>IPO341_58123417_C7	165	11108725344-1	11108871180	F	27F	1236	QUB_0368	QUB_27F_0368	497	OK
SH_0628	869	DB_00867	Rumen_Gateway	USED	IPO341_C8	IPO341_58123417_C8	>IPO341_58123417_C8	174	11108725344-1	11108871180	F	27F	1206	QUB_0369	QUB_27F_0369	506	OK
SH_0639	870	DB_00868	Rumen_Gateway	USED	IPO341_C9	IPO341_58123417_C9	>IPO341_58123417_C9	185	11108725344-1	11108871180	F	27F	1186	QUB_0370	QUB_27F_0370	511	OK
SH_0647	871	DB_00869	Rumen_Gateway	USED	IPO341_C10	IPO341_58123417_C10	>IPO341_58123417_C10	193	11108725344-1	11108871180	F	27F	1250	QUB_0361	QUB_27F_0361	519	OK
SH_0655	872	DB_00870	Rumen_Gateway	USED	IPO341_C11	IPO341_58123417_C11	>IPO341_58123417_C11	201	11108725344-1	11108871180	F	27F	1224	QUB_0362	QUB_27F_0362	527	OK
SH_0668	873	DB_00871	Rumen_Gateway	USED	IPO341_C12	IPO341_58123417_C12	>IPO341_58123417_C12	214	11108725344-1	11108871180	F	27F	34	QUB_0219	QUB_27F_0219	532	OK
SH_0564	874	DB_00872	Rumen_Gateway	USED	IPO341_D1	IPO341_58123417_D1	>IPO341_58123417_D1	110	11108725344-1	11108871180	F	27F	123	QUB_0189	QUB_27F_0189	449	OK
SH_0572	875	DB_00873	Rumen_Gateway	USED	IPO341_D2	IPO341_58123417_D2	>IPO341_58123417_D2	118	11108725344-1	11108871180	F	27F	1219	QUB_0374	QUB_27F_0374	456	OK
SH_0581	876	DB_00874	Rumen_Gateway	USED	IPO341_D3	IPO341_58123417_D3	>IPO341_58123417_D3	127	11108725344-1	11108871180	F	27F	1174	QUB_0375	QUB_27F_0375	465	OK
SH_0589	877	DB_00875	Rumen_Gateway	USED	IPO341_D4	IPO341_58123417_D4	>IPO341_58123417_D4	135	11108725344-1	11108871180	F	27F	1200	QUB_0376	QUB_27F_0376	472	OK
SH_0600	878	DB_00876	Rumen_Gateway	USED	IPO341_D5	IPO341_58123417_D5	>IPO341_58123417_D5	146	11108725344-1	11108871180	F	27F	1117	QUB_0377	QUB_27F_0377	482	OK
SH_0608	879	DB_00877	Rumen_Gateway	USED	IPO341_D6	IPO341_58123417_D6	>IPO341_58123417_D6	154	11108725344-1	11108871180	F	27F	1208	QUB_0378	QUB_27F_0378	489	OK
SH_0620	880	DB_00878	Rumen_Gateway	USED	IPO341_D7	IPO341_58123417_D7	>IPO341_58123417_D7	166	11108725344-1	11108871180	F	27F	1206	QUB_0379	QUB_27F_0379	498	OK
SH_0629	881	DB_00879	Rumen_Gateway	USED	IPO341_D8	IPO341_58123417_D8	>IPO341_58123417_D8	175	11108725344-1	11108871180	F	27F	1189	QUB_0380	QUB_27F_0380	507	OK
SH_0640	882	DB_00880	Rumen_Gateway	USED	IPO341_D9	IPO341_58123417_D9	>IPO341_58123417_D9	186	11108725344-1	11108871180	F	27F	1220	QUB_0381	QUB_27F_0381	512	OK
SH_0648	883	DB_00881	Rumen_Gateway	USED	IPO341_D10	IPO341_58123417_D10	>IPO341_58123417_D10	194	11108725344-1	11108871180	F	27F	1245	QUB_0371	QUB_27F_0371	520	OK
SH_0664	884	DB_00882	Rumen_Gateway	USED	IPO341_D11	IPO341_58123417_D11	>IPO341_58123417_D11	210	11108725344-1	11108871180	F	27F	1184	QUB_0372	QUB_27F_0372	528	OK
SH_0669	885	DB_00883	Rumen_Gateway	USED	IPO341_D12	IPO341_58123417_D12	>IPO341_58123417_D12	215	11108725344-1	11108871180	F	27F	1149	QUB_0373	QUB_27F_0373	533	OK
SH_0565	886	DB_00884	Rumen_Gateway	USED	IPO341_E1	IPO341_58123417_E1	>IPO341_58123417_E1	111	11108725344-1	11108871180	F	27F	14				MISSING_QUB_ID
SH_0573	887	DB_00885	Rumen_Gateway	USED	IPO341_E2	IPO341_58123417_E2	>IPO341_58123417_E2	119	11108725344-1	11108871180	F	27F	1159	QUB_0385	QUB_27F_0385	457	OK
SH_0582	888	DB_00886	Rumen_Gateway	USED	IPO341_E3	IPO341_58123417_E3	>IPO341_58123417_E3	128	11108725344-1	11108871180	F	27F	1198	QUB_0386	QUB_27F_0386	466	OK
SH_0590	889	DB_00887	Rumen_Gateway	USED	IPO341_E4	IPO341_58123417_E4	>IPO341_58123417_E4	136	11108725344-1	11108871180	F	27F	1201	QUB_0387	QUB_27F_0387	473	OK
SH_0601	890	DB_00888	Rumen_Gateway	USED	IPO341_E5	IPO341_58123417_E5	>IPO341_58123417_E5	147	11108725344-1	11108871180	F	27F	1184	QUB_0388	QUB_27F_0388	483	OK
SH_0610	891	DB_00889	Rumen_Gateway	USED	IPO341_E6	IPO341_58123417_E6	>IPO341_58123417_E6	156	11108725344-1	11108871180	F	27F	1214	QUB_0389	QUB_27F_0389	490	OK
SH_0622	892	DB_00890	Rumen_Gateway	USED	IPO341_E7	IPO341_58123417_E7	>IPO341_58123417_E7	168	11108725344-1	11108871180	F	27F	1094	QUB_0390	QUB_27F_0390	500	OK
SH_0630	893	DB_00891	Rumen_Gateway	USED	IPO341_E8	IPO341_58123417_E8	>IPO341_58123417_E8	176	11108725344-1	11108871180	F	27F	1212	QUB_0391	QUB_27F_0391	508	OK
SH_0641	894	DB_00892	Rumen_Gateway	USED	IPO341_E9	IPO341_58123417_E9	>IPO341_58123417_E9	187	11108725344-1	11108871180	F	27F	1222	QUB_0392	QUB_27F_0392	513	OK
SH_0649	895	DB_00893	Rumen_Gateway	USED	IPO341_E10	IPO341_58123417_E10	>IPO341_58123417_E10	195	11108725344-1	11108871180	F	27F	1128	QUB_0382	QUB_27F_0382	521	OK
SH_0665	896	DB_00894	Rumen_Gateway	USED	IPO341_E11	IPO341_58123417_E11	>IPO341_58123417_E11	211	11108725344-1	11108871180	F	27F	1181	QUB_0383	QUB_27F_0383	529	OK
SH_0670	897	DB_00895	Rumen_Gateway	USED	IPO341_E12	IPO341_58123417_E12	>IPO341_58123417_E12	216	11108725344-1	11108871180	F	27F	1185	QUB_0384	QUB_27F_0384	534	OK
SH_0566	898	DB_00896	Rumen_Gateway	USED	IPO341_F1	IPO341_58123417_F1	>IPO341_58123417_F1	112	11108725344-1	11108871180	F	27F	647	QUB_0393	QUB_27F_0393	450	OK
SH_0574	899	DB_00897	Rumen_Gateway	USED	IPO341_F2	IPO341_58123417_F2	>IPO341_58123417_F2	120	11108725344-1	11108871180	F	27F	1182	QUB_0397	QUB_27F_0397	458	OK
SH_0583	900	DB_00898	Rumen_Gateway	USED	IPO341_F3	IPO341_58123417_F3	>IPO341_58123417_F3	129	11108725344-1	11108871180	F	27F	1174	QUB_0398	QUB_27F_0398	467	OK
SH_0593	901	DB_00899	Rumen_Gateway	USED	IPO341_F4	IPO341_58123417_F4	>IPO341_58123417_F4	139	11108725344-1	11108871180	F	27F	1209	QUB_0399	QUB_27F_0399	476	OK
SH_0602	902	DB_00900	Rumen_Gateway	USED	IPO341_F5	IPO341_58123417_F5	>IPO341_58123417_F5	148	11108725344-1	11108871180	F	27F	461				MISSING_QUB_ID
SH_0611	903	DB_00901	Rumen_Gateway	USED	IPO341_F6	IPO341_58123417_F6	>IPO341_58123417_F6	157	11108725344-1	11108871180	F	27F	1184	QUB_0400	QUB_27F_0400	491	OK
SH_0623	904	DB_00902	Rumen_Gateway	USED	IPO341_F7	IPO341_58123417_F7	>IPO341_58123417_F7	169	11108725344-1	11108871180	F	27F	1181	QUB_0401	QUB_27F_0401	501	OK
SH_0631	905	DB_00903	Rumen_Gateway	USED	IPO341_F8	IPO341_58123417_F8	>IPO341_58123417_F8	177	11108725344-1	11108871180	F	27F	1240	QUB_0402	QUB_27F_0402	509	OK
SH_0642	906	DB_00904	Rumen_Gateway	USED	IPO341_F9	IPO341_58123417_F9	>IPO341_58123417_F9	188	11108725344-1	11108871180	F	27F	1202	QUB_0403	QUB_27F_0403	514	OK
SH_0650	907	DB_00905	Rumen_Gateway	USED	IPO341_F10	IPO341_58123417_F10	>IPO341_58123417_F10	196	11108725344-1	11108871180	F	27F	1206	QUB_0394	QUB_27F_0394	522	OK
SH_0613	908	DB_00906	Rumen_Gateway	USED	IPO341_F11	IPO341_58123417_F11	>IPO341_58123417_F11	159	11108725344-1	11108871180	F	27F	1214	QUB_0395	QUB_27F_0395	493	OK
SH_0671	909	DB_00907	Rumen_Gateway	USED	IPO341_F12	IPO341_58123417_F12	>IPO341_58123417_F12	217	11108725344-1	11108871180	F	27F	1185	QUB_0396	QUB_27F_0396	535	OK
SH_0567	910	DB_00908	Rumen_Gateway	USED	IPO341_G1	IPO341_58123417_G1	>IPO341_58123417_G1	113	11108725344-1	11108871180	F	27F	1172	QUB_0404	QUB_27F_0404	451	OK
SH_0575	911	DB_00909	Rumen_Gateway	USED	IPO341_G2	IPO341_58123417_G2	>IPO341_58123417_G2	121	11108725344-1	11108871180	F	27F	1219	QUB_0407	QUB_27F_0407	459	OK
SH_0584	912	DB_00910	Rumen_Gateway	USED	IPO341_G3	IPO341_58123417_G3	>IPO341_58123417_G3	130	11108725344-1	11108871180	F	27F	1178	QUB_0408	QUB_27F_0408	468	OK
SH_0594	913	DB_00911	Rumen_Gateway	USED	IPO341_G4	IPO341_58123417_G4	>IPO341_58123417_G4	140	11108725344-1	11108871180	F	27F	1241	QUB_0409	QUB_27F_0409	477	OK
SH_0603	914	DB_00912	Rumen_Gateway	USED	IPO341_G5	IPO341_58123417_G5	>IPO341_58123417_G5	149	11108725344-1	11108871180	F	27F	1175	QUB_0410	QUB_27F_0410	484	OK
SH_0612	915	DB_00913	Rumen_Gateway	USED	IPO341_G6	IPO341_58123417_G6	>IPO341_58123417_G6	158	11108725344-1	11108871180	F	27F	1195	QUB_0411	QUB_27F_0411	492	OK
SH_0624	916	DB_00914	Rumen_Gateway	USED	IPO341_G7	IPO341_58123417_G7	>IPO341_58123417_G7	170	11108725344-1	11108871180	F	27F	1175	QUB_0412	QUB_27F_0412	502	OK
SH_0634	917	DB_00915	Rumen_Gateway	USED	IPO341_G8	IPO341_58123417_G8	>IPO341_58123417_G8	180	11108725344-1	11108871180	F	27F	576				MISSING_QUB_ID
SH_0643	918	DB_00916	Rumen_Gateway	USED	IPO341_G9	IPO341_58123417_G9	>IPO341_58123417_G9	189	11108725344-1	11108871180	F	27F	1217	QUB_0413	QUB_27F_0413	515	OK
SH_0651	919	DB_00917	Rumen_Gateway	USED	IPO341_G10	IPO341_58123417_G10	>IPO341_58123417_G10	197	11108725344-1	11108871180	F	27F	1215	QUB_0405	QUB_27F_0405	523	OK
SH_0615	920	DB_00918	Rumen_Gateway	USED	IPO341_G11	IPO341_58123417_G11	>IPO341_58123417_G11	161	11108725344-1	11108871180	F	27F	192				MISSING_QUB_ID
SH_0672	921	DB_00919	Rumen_Gateway	USED	IPO341_G12	IPO341_58123417_G12	>IPO341_58123417_G12	218	11108725344-1	11108871180	F	27F	1212	QUB_0406	QUB_27F_0406	536	OK
SH_0568	922	DB_00920	Rumen_Gateway	USED	IPO341_H1	IPO341_58123417_H1	>IPO341_58123417_H1	114	11108725344-1	11108871180	F	27F	1191	QUB_0414	QUB_27F_0414	452	OK
SH_0577	923	DB_00921	Rumen_Gateway	USED	IPO341_H2	IPO341_58123417_H2	>IPO341_58123417_H2	123	11108725344-1	11108871180	F	27F	1209	QUB_0417	QUB_27F_0417	461	OK
SH_0585	924	DB_00922	Rumen_Gateway	USED	IPO341_H3	IPO341_58123417_H3	>IPO341_58123417_H3	131	11108725344-1	11108871180	F	27F	1128	QUB_0418	QUB_27F_0418	469	OK
SH_0595	925	DB_00923	Rumen_Gateway	USED	IPO341_H4	IPO341_58123417_H4	>IPO341_58123417_H4	141	11108725344-1	11108871180	F	27F	1197	QUB_0419	QUB_27F_0419	478	OK
SH_0604	926	DB_00924	Rumen_Gateway	USED	IPO341_H5	IPO341_58123417_H5	>IPO341_58123417_H5	150	11108725344-1	11108871180	F	27F	1171	QUB_0420	QUB_27F_0420	485	OK
SH_0616	927	DB_00925	Rumen_Gateway	USED	IPO341_H6	IPO341_58123417_H6	>IPO341_58123417_H6	162	11108725344-1	11108871180	F	27F	1196	QUB_0421	QUB_27F_0421	494	OK
SH_0625	928	DB_00926	Rumen_Gateway	USED	IPO341_H7	IPO341_58123417_H7	>IPO341_58123417_H7	171	11108725344-1	11108871180	F	27F	1196	QUB_0422	QUB_27F_0422	503	OK
SH_0635	929	DB_00927	Rumen_Gateway	USED	IPO341_H8	IPO341_58123417_H8	>IPO341_58123417_H8	181	11108725344-1	11108871180	F	27F	348				MISSING_QUB_ID
SH_0644	930	DB_00928	Rumen_Gateway	USED	IPO341_H9	IPO341_58123417_H9	>IPO341_58123417_H9	190	11108725344-1	11108871180	F	27F	1232	QUB_0423	QUB_27F_0423	516	OK
SH_0652	931	DB_00929	Rumen_Gateway	USED	IPO341_H10	IPO341_58123417_H10	>IPO341_58123417_H10	198	11108725344-1	11108871180	F	27F	1229	QUB_0415	QUB_27F_0415	524	OK
SH_0656	932	DB_00930	Rumen_Gateway	USED	IPO341_H11	IPO341_58123417_H11	>IPO341_58123417_H11	202	11108725344-1	11108871180	F	27F	573				MISSING_QUB_ID
SH_0673	933	DB_00931	Rumen_Gateway	USED	IPO341_H12	IPO341_58123417_H12	>IPO341_58123417_H12	219	11108725344-1	11108871180	F	27F	1084	QUB_0416	QUB_27F_0416	537	OK
SH_0455	934	DB_00932	Rumen_Gateway	USED	IVY966_A1	IVY966_59789667_A1	>IVY966_59789667_A1	1	11108856911-1	11108869201	F	27F	1135	QUB_0424	QUB_27F_0424	368	OK
SH_0456	935	DB_00933	Rumen_Gateway	USED	IVY966_A2	IVY966_59789667_A2	>IVY966_59789667_A2	2	11108856911-1	11108869201	F	27F	1142	QUB_0428	QUB_27F_0428	369	OK
SH_0457	936	DB_00934	Rumen_Gateway	USED	IVY966_A3	IVY966_59789667_A3	>IVY966_59789667_A3	3	11108856911-1	11108869201	F	27F	1168	QUB_0429	QUB_27F_0429	370	OK
SH_0458	937	DB_00935	Rumen_Gateway	USED	IVY966_A4	IVY966_59789667_A4	>IVY966_59789667_A4	4	11108856911-1	11108869201	F	27F	1175	QUB_0430	QUB_27F_0430	371	OK
SH_0459	938	DB_00936	Rumen_Gateway	USED	IVY966_A5	IVY966_59789667_A5	>IVY966_59789667_A5	5	11108856911-1	11108869201	F	27F	1144	QUB_0431	QUB_27F_0431	372	OK
SH_0460	939	DB_00937	Rumen_Gateway	USED	IVY966_A6	IVY966_59789667_A6	>IVY966_59789667_A6	6	11108856911-1	11108869201	F	27F	1158	QUB_0432	QUB_27F_0432	373	OK
SH_0461	940	DB_00938	Rumen_Gateway	USED	IVY966_A7	IVY966_59789667_A7	>IVY966_59789667_A7	7	11108856911-1	11108869201	F	27F	1155	QUB_0433	QUB_27F_0433	374	OK
SH_0462	941	DB_00939	Rumen_Gateway	USED	IVY966_A8	IVY966_59789667_A8	>IVY966_59789667_A8	8	11108856911-1	11108869201	F	27F	1169	QUB_0434	QUB_27F_0434	375	OK
SH_0463	942	DB_00940	Rumen_Gateway	USED	IVY966_A9	IVY966_59789667_A9	>IVY966_59789667_A9	9	11108856911-1	11108869201	F	27F	917	QUB_0435	QUB_27F_0435	376	OK
SH_0464	943	DB_00941	Rumen_Gateway	USED	IVY966_A10	IVY966_59789667_A10	>IVY966_59789667_A10	10	11108856911-1	11108869201	F	27F	1154	QUB_0425	QUB_27F_0425	377	OK
SH_0466	944	DB_00942	Rumen_Gateway	USED	IVY966_A11	IVY966_59789667_A11	>IVY966_59789667_A11	12	11108856911-1	11108869201	F	27F	846	QUB_0426	QUB_27F_0426	378	OK
SH_0468	945	DB_00943	Rumen_Gateway	USED	IVY966_A12	IVY966_59789667_A12	>IVY966_59789667_A12	14	11108856911-1	11108869201	F	27F	1149	QUB_0427	QUB_27F_0427	379	OK
SH_0469	946	DB_00944	Rumen_Gateway	USED	IVY966_B1	IVY966_59789667_B1	>IVY966_59789667_B1	15	11108856911-1	11108869201	F	27F	1141	QUB_0436	QUB_27F_0436	380	OK
SH_0470	947	DB_00945	Rumen_Gateway	USED	IVY966_B2	IVY966_59789667_B2	>IVY966_59789667_B2	16	11108856911-1	11108869201	F	27F	1131	QUB_0440	QUB_27F_0440	381	OK
SH_0471	948	DB_00946	Rumen_Gateway	USED	IVY966_B3	IVY966_59789667_B3	>IVY966_59789667_B3	17	11108856911-1	11108869201	F	27F	1166	QUB_0441	QUB_27F_0441	382	OK
SH_0473	949	DB_00947	Rumen_Gateway	USED	IVY966_B4	IVY966_59789667_B4	>IVY966_59789667_B4	19	11108856911-1	11108869201	F	27F	1139	QUB_0442	QUB_27F_0442	383	OK
SH_0474	950	DB_00948	Rumen_Gateway	USED	IVY966_B5	IVY966_59789667_B5	>IVY966_59789667_B5	20	11108856911-1	11108869201	F	27F	1143	QUB_0443	QUB_27F_0443	384	OK
SH_0475	951	DB_00949	Rumen_Gateway	USED	IVY966_B6	IVY966_59789667_B6	>IVY966_59789667_B6	21	11108856911-1	11108869201	F	27F	1169	QUB_0444	QUB_27F_0444	385	OK
SH_0476	952	DB_00950	Rumen_Gateway	USED	IVY966_B7	IVY966_59789667_B7	>IVY966_59789667_B7	22	11108856911-1	11108869201	F	27F	1154	QUB_0445	QUB_27F_0445	386	OK
SH_0477	953	DB_00951	Rumen_Gateway	USED	IVY966_B8	IVY966_59789667_B8	>IVY966_59789667_B8	23	11108856911-1	11108869201	F	27F	1210	QUB_0446	QUB_27F_0446	387	OK
SH_0478	954	DB_00952	Rumen_Gateway	USED	IVY966_B9	IVY966_59789667_B9	>IVY966_59789667_B9	24	11108856911-1	11108869201	F	27F	998	QUB_0447	QUB_27F_0447	388	OK
SH_0479	955	DB_00953	Rumen_Gateway	USED	IVY966_B10	IVY966_59789667_B10	>IVY966_59789667_B10	25	11108856911-1	11108869201	F	27F	1177	QUB_0437	QUB_27F_0437	389	OK
SH_0480	956	DB_00954	Rumen_Gateway	USED	IVY966_B11	IVY966_59789667_B11	>IVY966_59789667_B11	26	11108856911-1	11108869201	F	27F	912	QUB_0438	QUB_27F_0438	390	OK
SH_0481	957	DB_00955	Rumen_Gateway	USED	IVY966_B12	IVY966_59789667_B12	>IVY966_59789667_B12	27	11108856911-1	11108869201	F	27F	1176	QUB_0439	QUB_27F_0439	391	OK
SH_0482	958	DB_00956	Rumen_Gateway	USED	IVY966_C1	IVY966_59789667_C1	>IVY966_59789667_C1	28	11108856911-1	11108869201	F	27F	1169	QUB_0448	QUB_27F_0448	392	OK
SH_0483	959	DB_00957	Rumen_Gateway	USED	IVY966_C2	IVY966_59789667_C2	>IVY966_59789667_C2	29	11108856911-1	11108869201	F	27F	1172	QUB_0449	QUB_27F_0449	393	OK
SH_0484	960	DB_00958	Rumen_Gateway	USED	IVY966_C3	IVY966_59789667_C3	>IVY966_59789667_C3	30	11108856911-1	11108869201	F	27F	1142	QUB_0450	QUB_27F_0450	394	OK
SH_0485	961	DB_00959	Rumen_Gateway	USED	IVY966_C4	IVY966_59789667_C4	>IVY966_59789667_C4	31	11108856911-1	11108869201	F	27F	1149	QUB_0451	QUB_27F_0451	395	OK
SH_0486	962	DB_00960	Rumen_Gateway	USED	IVY966_C5	IVY966_59789667_C5	>IVY966_59789667_C5	32	11108856911-1	11108869201	F	27F	1222	QUB_0452	QUB_27F_0452	396	OK
SH_0487	963	DB_00961	Rumen_Gateway	USED	IVY966_C6	IVY966_59789667_C6	>IVY966_59789667_C6	33	11108856911-1	11108869201	F	27F	1142	QUB_0453	QUB_27F_0453	397	OK
SH_0488	964	DB_00962	Rumen_Gateway	USED	IVY966_C7	IVY966_59789667_C7	>IVY966_59789667_C7	34	11108856911-1	11108869201	F	27F	1111	QUB_0454	QUB_27F_0454	398	OK
SH_0489	965	DB_00963	Rumen_Gateway	USED	IVY966_C8	IVY966_59789667_C8	>IVY966_59789667_C8	35	11108856911-1	11108869201	F	27F	1111	QUB_0455	QUB_27F_0455	399	OK
SH_0490	966	DB_00964	Rumen_Gateway	USED	IVY966_C9	IVY966_59789667_C9	>IVY966_59789667_C9	36	11108856911-1	11108869201	F	27F	450				MISSING_QUB_ID
SH_0491	967	DB_00965	Rumen_Gateway	USED	IVY966_C10	IVY966_59789667_C10	>IVY966_59789667_C10	37	11108856911-1	11108869201	F	27F	582				MISSING_QUB_ID
SH_0492	968	DB_00966	Rumen_Gateway	USED	IVY966_C11	IVY966_59789667_C11	>IVY966_59789667_C11	38	11108856911-1	11108869201	F	27F	583				MISSING_QUB_ID
SH_0493	969	DB_00967	Rumen_Gateway	USED	IVY966_C12	IVY966_59789667_C12	>IVY966_59789667_C12	39	11108856911-1	11108869201	F	27F	588				MISSING_QUB_ID
SH_0494	970	DB_00968	Rumen_Gateway	USED	IVY966_D1	IVY966_59789667_D1	>IVY966_59789667_D1	40	11108856911-1	11108869201	F	27F	629	QUB_0456	QUB_27F_0456	400	OK
SH_0495	971	DB_00969	Rumen_Gateway	USED	IVY966_D2	IVY966_59789667_D2	>IVY966_59789667_D2	41	11108856911-1	11108869201	F	27F	535				MISSING_QUB_ID
SH_0496	972	DB_00970	Rumen_Gateway	USED	IVY966_D3	IVY966_59789667_D3	>IVY966_59789667_D3	42	11108856911-1	11108869201	F	27F	651	QUB_0460	QUB_27F_0460	401	OK
SH_0497	973	DB_00971	Rumen_Gateway	USED	IVY966_D4	IVY966_59789667_D4	>IVY966_59789667_D4	43	11108856911-1	11108869201	F	27F	359				MISSING_QUB_ID
SH_0498	974	DB_00972	Rumen_Gateway	USED	IVY966_D5	IVY966_59789667_D5	>IVY966_59789667_D5	44	11108856911-1	11108869201	F	27F	582				MISSING_QUB_ID
SH_0499	975	DB_00973	Rumen_Gateway	USED	IVY966_D6	IVY966_59789667_D6	>IVY966_59789667_D6	45	11108856911-1	11108869201	F	27F	1129	QUB_0461	QUB_27F_0461	402	OK
SH_0500	976	DB_00974	Rumen_Gateway	USED	IVY966_D7	IVY966_59789667_D7	>IVY966_59789667_D7	46	11108856911-1	11108869201	F	27F	996	QUB_0462	QUB_27F_0462	403	OK
SH_0501	977	DB_00975	Rumen_Gateway	USED	IVY966_D8	IVY966_59789667_D8	>IVY966_59789667_D8	47	11108856911-1	11108869201	F	27F	1183	QUB_0463	QUB_27F_0463	404	OK
SH_0502	978	DB_00976	Rumen_Gateway	USED	IVY966_D9	IVY966_59789667_D9	>IVY966_59789667_D9	48	11108856911-1	11108869201	F	27F	626	QUB_0464	QUB_27F_0464	405	OK
SH_0503	979	DB_00977	Rumen_Gateway	USED	IVY966_D10	IVY966_59789667_D10	>IVY966_59789667_D10	49	11108856911-1	11108869201	F	27F	1180	QUB_0457	QUB_27F_0457	406	OK
SH_0504	980	DB_00978	Rumen_Gateway	USED	IVY966_D11	IVY966_59789667_D11	>IVY966_59789667_D11	50	11108856911-1	11108869201	F	27F	1133	QUB_0458	QUB_27F_0458	407	OK
SH_0505	981	DB_00979	Rumen_Gateway	USED	IVY966_D12	IVY966_59789667_D12	>IVY966_59789667_D12	51	11108856911-1	11108869201	F	27F	1189	QUB_0459	QUB_27F_0459	408	OK
SH_0506	982	DB_00980	Rumen_Gateway	USED	IVY966_E1	IVY966_59789667_E1	>IVY966_59789667_E1	52	11108856911-1	11108869201	F	27F	1164	QUB_0465	QUB_27F_0465	409	OK
SH_0509	983	DB_00981	Rumen_Gateway	USED	IVY966_E2	IVY966_59789667_E2	>IVY966_59789667_E2	55	11108856911-1	11108869201	F	27F	1191	QUB_0468	QUB_27F_0468	410	OK
SH_0510	984	DB_00982	Rumen_Gateway	USED	IVY966_E3	IVY966_59789667_E3	>IVY966_59789667_E3	56	11108856911-1	11108869201	F	27F	1199	QUB_0469	QUB_27F_0469	411	OK
SH_0511	985	DB_00983	Rumen_Gateway	USED	IVY966_E4	IVY966_59789667_E4	>IVY966_59789667_E4	57	11108856911-1	11108869201	F	27F	655	QUB_0470	QUB_27F_0470	412	OK
SH_0512	986	DB_00984	Rumen_Gateway	USED	IVY966_E5	IVY966_59789667_E5	>IVY966_59789667_E5	58	11108856911-1	11108869201	F	27F	336				MISSING_QUB_ID
SH_0514	987	DB_00985	Rumen_Gateway	USED	IVY966_E6	IVY966_59789667_E6	>IVY966_59789667_E6	60	11108856911-1	11108869201	F	27F	652	QUB_0471	QUB_27F_0471	413	OK
SH_0515	988	DB_00986	Rumen_Gateway	USED	IVY966_E7	IVY966_59789667_E7	>IVY966_59789667_E7	61	11108856911-1	11108869201	F	27F	581				MISSING_QUB_ID
SH_0516	989	DB_00987	Rumen_Gateway	USED	IVY966_E8	IVY966_59789667_E8	>IVY966_59789667_E8	62	11108856911-1	11108869201	F	27F	1004	QUB_0472	QUB_27F_0472	414	OK
SH_0517	990	DB_00988	Rumen_Gateway	USED	IVY966_E9	IVY966_59789667_E9	>IVY966_59789667_E9	63	11108856911-1	11108869201	F	27F	1000	QUB_0473	QUB_27F_0473	415	OK
SH_0518	991	DB_00989	Rumen_Gateway	USED	IVY966_E10	IVY966_59789667_E10	>IVY966_59789667_E10	64	11108856911-1	11108869201	F	27F	1024	QUB_0466	QUB_27F_0466	416	OK
SH_0519	992	DB_00990	Rumen_Gateway	USED	IVY966_E11	IVY966_59789667_E11	>IVY966_59789667_E11	65	11108856911-1	11108869201	F	27F	582				MISSING_QUB_ID
SH_0520	993	DB_00991	Rumen_Gateway	USED	IVY966_E12	IVY966_59789667_E12	>IVY966_59789667_E12	66	11108856911-1	11108869201	F	27F	675	QUB_0467	QUB_27F_0467	417	OK
SH_0521	994	DB_00992	Rumen_Gateway	USED	IVY966_F1	IVY966_59789667_F1	>IVY966_59789667_F1	67	11108856911-1	11108869201	F	27F	1164	QUB_0474	QUB_27F_0474	418	OK
SH_0523	995	DB_00993	Rumen_Gateway	USED	IVY966_F2	IVY966_59789667_F2	>IVY966_59789667_F2	69	11108856911-1	11108869201	F	27F	1170	QUB_0477	QUB_27F_0477	419	OK
SH_0524	996	DB_00994	Rumen_Gateway	USED	IVY966_F3	IVY966_59789667_F3	>IVY966_59789667_F3	70	11108856911-1	11108869201	F	27F	1186	QUB_0478	QUB_27F_0478	420	OK
SH_0525	997	DB_00995	Rumen_Gateway	USED	IVY966_F4	IVY966_59789667_F4	>IVY966_59789667_F4	71	11108856911-1	11108869201	F	27F	150				MISSING_QUB_ID
SH_0527	998	DB_00996	Rumen_Gateway	USED	IVY966_F5	IVY966_59789667_F5	>IVY966_59789667_F5	73	11108856911-1	11108869201	F	27F	1090	QUB_0479	QUB_27F_0479	421	OK
SH_0528	999	DB_00997	Rumen_Gateway	USED	IVY966_F6	IVY966_59789667_F6	>IVY966_59789667_F6	74	11108856911-1	11108869201	F	27F	654	QUB_0480	QUB_27F_0480	422	OK
SH_0529	1000	DB_00998	Rumen_Gateway	USED	IVY966_F7	IVY966_59789667_F7	>IVY966_59789667_F7	75	11108856911-1	11108869201	F	27F	1179	QUB_0481	QUB_27F_0481	423	OK
SH_0530	1001	DB_00999	Rumen_Gateway	USED	IVY966_F8	IVY966_59789667_F8	>IVY966_59789667_F8	76	11108856911-1	11108869201	F	27F	605	QUB_0482	QUB_27F_0482	424	OK
SH_0531	1002	DB_01000	Rumen_Gateway	USED	IVY966_F9	IVY966_59789667_F9	>IVY966_59789667_F9	77	11108856911-1	11108869201	F	27F	1171	QUB_0483	QUB_27F_0483	425	OK
SH_0532	1003	DB_01001	Rumen_Gateway	USED	IVY966_F10	IVY966_59789667_F10	>IVY966_59789667_F10	78	11108856911-1	11108869201	F	27F	1126	QUB_0475	QUB_27F_0475	426	OK
SH_0533	1004	DB_01002	Rumen_Gateway	USED	IVY966_F11	IVY966_59789667_F11	>IVY966_59789667_F11	79	11108856911-1	11108869201	F	27F	977	QUB_0476	QUB_27F_0476	427	OK
SH_0534	1005	DB_01003	Rumen_Gateway	USED	IVY966_F12	IVY966_59789667_F12	>IVY966_59789667_F12	80	11108856911-1	11108869201	F	27F	277	QUB_0197	QUB_27F_0197	428	OK
SH_0535	1006	DB_01004	Rumen_Gateway	USED	IVY966_G1	IVY966_59789667_G1	>IVY966_59789667_G1	81	11108856911-1	11108869201	F	27F	1163	QUB_0484	QUB_27F_0484	429	OK
SH_0536	1007	DB_01005	Rumen_Gateway	USED	IVY966_G2	IVY966_59789667_G2	>IVY966_59789667_G2	82	11108856911-1	11108869201	F	27F	1162	QUB_0485	QUB_27F_0485	430	OK
SH_0537	1008	DB_01006	Rumen_Gateway	USED	IVY966_G3	IVY966_59789667_G3	>IVY966_59789667_G3	83	11108856911-1	11108869201	F	27F	1201	QUB_0486	QUB_27F_0486	431	OK
SH_0538	1009	DB_01007	Rumen_Gateway	USED	IVY966_G4	IVY966_59789667_G4	>IVY966_59789667_G4	84	11108856911-1	11108869201	F	27F	1000	QUB_0487	QUB_27F_0487	432	OK
SH_0539	1010	DB_01008	Rumen_Gateway	USED	IVY966_G5	IVY966_59789667_G5	>IVY966_59789667_G5	85	11108856911-1	11108869201	F	27F	316				MISSING_QUB_ID
SH_0540	1011	DB_01009	Rumen_Gateway	USED	IVY966_G6	IVY966_59789667_G6	>IVY966_59789667_G6	86	11108856911-1	11108869201	F	27F	528				MISSING_QUB_ID
SH_0541	1012	DB_01010	Rumen_Gateway	USED	IVY966_G7	IVY966_59789667_G7	>IVY966_59789667_G7	87	11108856911-1	11108869201	F	27F	571				MISSING_QUB_ID
SH_0543	1013	DB_01011	Rumen_Gateway	USED	IVY966_G8	IVY966_59789667_G8	>IVY966_59789667_G8	89	11108856911-1	11108869201	F	27F	654	QUB_0488	QUB_27F_0488	434	OK
SH_0545	1014	DB_01012	Rumen_Gateway	USED	IVY966_G9	IVY966_59789667_G9	>IVY966_59789667_G9	91	11108856911-1	11108869201	F	27F	443				MISSING_QUB_ID
SH_0544	1015	DB_01013	Rumen_Gateway	USED	IVY966_G10	IVY966_59789667_G10	>IVY966_59789667_G10	90	11108856911-1	11108869201	F	27F	462				MISSING_QUB_ID
SH_0546	1016	DB_01014	Rumen_Gateway	USED	IVY966_G11	IVY966_59789667_G11	>IVY966_59789667_G11	92	11108856911-1	11108869201	F	27F	343				MISSING_QUB_ID
SH_0547	1017	DB_01015	Rumen_Gateway	USED	IVY966_G12	IVY966_59789667_G12	>IVY966_59789667_G12	93	11108856911-1	11108869201	F	27F	25				MISSING_QUB_ID
SH_0549	1018	DB_01016	Rumen_Gateway	USED	IVY966_H1	IVY966_59789667_H1	>IVY966_59789667_H1	95	11108856911-1	11108869201	F	27F	1177	QUB_0489	QUB_27F_0489	436	OK
SH_0550	1019	DB_01017	Rumen_Gateway	USED	IVY966_H2	IVY966_59789667_H2	>IVY966_59789667_H2	96	11108856911-1	11108869201	F	27F	1165	QUB_0492	QUB_27F_0492	437	OK
SH_0551	1020	DB_01018	Rumen_Gateway	USED	IVY966_H3	IVY966_59789667_H3	>IVY966_59789667_H3	97	11108856911-1	11108869201	F	27F	913	QUB_0493	QUB_27F_0493	438	OK
SH_0552	1021	DB_01019	Rumen_Gateway	USED	IVY966_H4	IVY966_59789667_H4	>IVY966_59789667_H4	98	11108856911-1	11108869201	F	27F	1010	QUB_0494	QUB_27F_0494	439	OK
SH_0553	1022	DB_01020	Rumen_Gateway	USED	IVY966_H5	IVY966_59789667_H5	>IVY966_59789667_H5	99	11108856911-1	11108869201	F	27F	1057	QUB_0495	QUB_27F_0495	440	OK
SH_0554	1023	DB_01021	Rumen_Gateway	USED	IVY966_H6	IVY966_59789667_H6	>IVY966_59789667_H6	100	11108856911-1	11108869201	F	27F	1136	QUB_0496	QUB_27F_0496	441	OK
SH_0555	1024	DB_01022	Rumen_Gateway	USED	IVY966_H7	IVY966_59789667_H7	>IVY966_59789667_H7	101	11108856911-1	11108869201	F	27F	212	QUB_0205	QUB_27F_0205	442	OK
SH_0556	1025	DB_01023	Rumen_Gateway	USED	IVY966_H8	IVY966_59789667_H8	>IVY966_59789667_H8	102	11108856911-1	11108869201	F	27F	177				MISSING_QUB_ID
SH_0557	1026	DB_01024	Rumen_Gateway	USED	IVY966_H9	IVY966_59789667_H9	>IVY966_59789667_H9	103	11108856911-1	11108869201	F	27F	782	QUB_0497	QUB_27F_0497	443	OK
SH_0542	1027	DB_01025	Rumen_Gateway	USED	IVY966_H10	IVY966_59789667_H10	>IVY966_59789667_H10	88	11108856911-1	11108869201	F	27F	1117	QUB_0490	QUB_27F_0490	433	OK
SH_0548	1028	DB_01026	Rumen_Gateway	USED	IVY966_H11	IVY966_59789667_H11	>IVY966_59789667_H11	94	11108856911-1	11108869201	F	27F	1160	QUB_0491	QUB_27F_0491	435	OK
SH_0157	1031	DB_01029	Rumen_Gateway	USED	IVY968	IVY968_59789681_59789681	>IVY968_59789681_59789681	53	11108856911-1	11108866570	F	27F	187	QUB_0014; QUB_0584	QUB_63F_0014; QUB_27F_0584	175; 176	OK
SH_0129.2	1032	DB_01030	Rumen_Gateway	USED	IVY969	IVY969_59789698_59789698	>IVY969_59789698_59789698	90	11108856911-1	11108867296	F	27F	1180	QUB_0181; QUB_0498	QUB_27F_0181; QUB_27F_0498	145; 146	OK
SH_0592	1057	DB_01055	Rumen_Gateway	USED	IVY994	IVY994_59789940_59789940	>IVY994_59789940_59789940	138	11108856911-1	11108877446	F	27F	1197	QUB_0499	QUB_27F_0499	475	OK
SH_0694	1060	DB_01058	Rumen_Gateway	USED	IVY997	IVY997_59789971_59789971	>IVY997_59789971_59789971	240	11108856911-1	11108877446	F	27F	1144	QUB_0500	QUB_27F_0500	556	OK
SH_0695	1061	DB_01059	Rumen_Gateway	USED	IVY998	IVY998_59789988_59789988	>IVY998_59789988_59789988	241	11108856911-1	11108877446	F	27F	1217	QUB_0501	QUB_27F_0501	557	OK
SH_0591	1062	DB_01060	Rumen_Gateway	USED	IVY999	IVY999_59789995_59789995	>IVY999_59789995_59789995	137	11108856911-1	11108877446	F	27F	1167	QUB_0502	QUB_27F_0502	474	OK
SH_0699	1063	DB_01061	Rumen_Gateway	USED	IVZ000	IVZ000_59790007_59790007	>IVZ000_59790007_59790007	245	11108856911-1	11108877446	F	27F	1177	QUB_0503	QUB_27F_0503	561	OK
SH_0708	1064	DB_01062	Rumen_Gateway	USED	IVZ001	IVZ001_59790014_59790014	>IVZ001_59790014_59790014	254	11108856911-1	11108877446	F	27F	1201	QUB_0504	QUB_27F_0504	570	OK
SH_0709	1065	DB_01063	Rumen_Gateway	USED	IVZ002	IVZ002_59790021_59790021	>IVZ002_59790021_59790021	255	11108856911-1	11108877446	F	27F	1188	QUB_0505	QUB_27F_0505	571	OK
SH_0717	1066	DB_01064	Rumen_Gateway	USED	IVZ003	IVZ003_59790038_59790038	>IVZ003_59790038_59790038	263	11108856911-1	11108877446	F	27F	1186	QUB_0506	QUB_27F_0506	573	OK
SH_0722	1067	DB_01065	Rumen_Gateway	USED	IVZ004	IVZ004_59790045_59790045	>IVZ004_59790045_59790045	268	11108856911-1	11108877446	F	27F	1181	QUB_0507	QUB_27F_0507	577	OK
SH_0726	1068	DB_01066	Rumen_Gateway	USED	IVZ005	IVZ005_59790052_59790052	>IVZ005_59790052_59790052	272	11108856911-1	11108877446	F	27F	1200	QUB_0508	QUB_27F_0508	579	OK
SH_0727	1069	DB_01067	Rumen_Gateway	USED	IVZ006	IVZ006_59790069_59790069	>IVZ006_59790069_59790069	273	11108856911-1	11108877446	F	27F	1178	QUB_0509	QUB_27F_0509	580	OK
SH_0728	1070	DB_01068	Rumen_Gateway	USED	IVZ007	IVZ007_59790076_59790076	>IVZ007_59790076_59790076	274	11108856911-1	11108877446	F	27F	1122	QUB_0510	QUB_27F_0510	581	OK
SH_0730	1071	DB_01069	Rumen_Gateway	USED	IVZ008	IVZ008_59790083_59790083	>IVZ008_59790083_59790083	276	11108856911-1	11108877446	F	27F	1191	QUB_0511	QUB_27F_0511	582	OK
SH_0731	1072	DB_01070	Rumen_Gateway	USED	IVZ009	IVZ009_59790090_59790090	>IVZ009_59790090_59790090	277	11108856911-1	11108877446	F	27F	1182	QUB_0512	QUB_27F_0512	583	OK
SH_0754	1073	DB_01071	Rumen_Gateway	USED	IVZ010	IVZ010_59790106_59790106	>IVZ010_59790106_59790106	300	11108856911-1	11108877446	F	27F	1203	QUB_0513	QUB_27F_0513	601	OK
SH_0757	1074	DB_01072	Rumen_Gateway	USED	IVZ011	IVZ011_59790113_59790113	>IVZ011_59790113_59790113	303	11108856911-1	11108877446	F	27F	1180	QUB_0514	QUB_27F_0514	604	OK
SH_0759	1075	DB_01073	Rumen_Gateway	USED	IVZ012	IVZ012_59790120_59790120	>IVZ012_59790120_59790120	305	11108856911-1	11108877446	F	27F	1231	QUB_0515	QUB_27F_0515	606	OK
SH_0071.2.2	1077	DB_01075	Rumen_Gateway	USED	IVZ014	IVZ014_59790144_59790144	>IVZ014_59790144_59790144	166	11108856911-1	11108877446	F	27F	155	QUB_0535	QUB_27F_0535	69	OK
SH_0390	1080	DB_01078	Rumen_Gateway	USED	IWS760	IWS760_59987605_59987605	>IWS760_59987605_59987605	NYO_004	11108875297-1	11109010505	F	27F	1213	QUB_0516	QUB_27F_0516	303	OK
SH_0392	1081	DB_01079	Rumen_Gateway	USED	IWS761	IWS761_59987612_59987612	>IWS761_59987612_59987612	NYO_006	11108875297-1	11109010505	F	27F	1213	QUB_0517	QUB_27F_0517	305	OK
SH_0820	1082	DB_01080	Rumen_Gateway	USED	IWS762	IWS762_59987629_59987629	>IWS762_59987629_59987629	366	11108875297-1	11108887360	F	27F	1191	QUB_0518	QUB_27F_0518	660	OK
SH_0091	1083	DB_01081	Rumen_Gateway	USED	IWS763	IWS763_59987636_59987636	>IWS763_59987636_59987636	63	11108875297-1	11108977476	F	27F	1269	QUB_0022; QUB_0176; QUB_0519	QUB_63F_0022; QUB_27F_0176; QUB_27F_0519	95; 96; 97	OK
SH_0099	1084	DB_01082	Rumen_Gateway	USED	IWS764	IWS764_59987643_59987643	>IWS764_59987643_59987643	57	11108875297-1	11108977476	F	27F	152	QUB_0018; QUB_0590	QUB_63F_0018; QUB_27F_0590	105; 106	OK
SH_0076	1085	DB_01083	Rumen_Gateway	USED	IWS765	IWS765_59987650_59987650	>IWS765_59987650_59987650	49	11108875297-1	11108977476	F	27F	1231	QUB_0010; QUB_0174; QUB_0520	QUB_63F_0010; QUB_27F_0174; QUB_27F_0520	75; 76; 77	OK
SH_0080	1086	DB_01084	Rumen_Gateway	USED	IWS766	IWS766_59987667_59987667	>IWS766_59987667_59987667	74	11108875297-1	11108977476	F	27F	1174	QUB_0033; QUB_0173; QUB_0521	QUB_63F_0033; QUB_27F_0173; QUB_27F_0521	81; 82; 83	OK
SH_0090	1087	DB_01085	Rumen_Gateway	USED	IWS767	IWS767_59987674_59987674	>IWS767_59987674_59987674	73	11108875297-1	11108977476	F	27F	1173	QUB_0032; QUB_0177; QUB_0522	QUB_63F_0032; QUB_27F_0177; QUB_27F_0522	92; 93; 94	OK
SH_0111	1088	DB_01086	Rumen_Gateway	USED	IWS768	IWS768_59987681_59987681	>IWS768_59987681_59987681	83	11108875297-1	11108899554	F	27F	1180	QUB_0102; QUB_0523	QUB_63F_0102; QUB_27F_0523	120; 121	OK
SH_0129	1089	DB_01087	Rumen_Gateway	USED	IWS769	IWS769_59987698_59987698	>IWS769_59987698_59987698	90	11108875297-1	11108899554	F	27F	1047	QUB_0107; QUB_0524	QUB_63F_0107; QUB_27F_0524	143; 144	OK
SH_0130	1090	DB_01088	Rumen_Gateway	USED	IWS770	IWS770_59987704_59987704	>IWS770_59987704_59987704	102	11108875297-1	11108899554	F	27F	1186	QUB_0119; QUB_0525	QUB_63F_0119; QUB_27F_0525	147; 148	OK
SH_0410	1091	DB_01089	Rumen_Gateway	USED	IWS771	IWS771_59987711_59987711	>IWS771_59987711_59987711	NYO_024	11108875297-1	11109010505	F	27F	1201	QUB_0526	QUB_27F_0526	320	OK
SH_0426	1092	DB_01090	Rumen_Gateway	USED	IWS772	IWS772_59987728_59987728	>IWS772_59987728_59987728	NYO_040	11108875297-1	11109010505	F	27F	1241	QUB_0527	QUB_27F_0527	338	OK
SH_0430	1093	DB_01091	Rumen_Gateway	USED	IWS773	IWS773_59987735_59987735	>IWS773_59987735_59987735	NYO_044	11108875297-1	11109010505	F	27F	1182	QUB_0528	QUB_27F_0528	342	OK
SH_0436	1094	DB_01092	Rumen_Gateway	USED	IWS774	IWS774_59987742_59987742	>IWS774_59987742_59987742	NYO_050	11108875297-1	11109010505	F	27F	1196	QUB_0529	QUB_27F_0529	348	OK
SH_0442	1095	DB_01093	Rumen_Gateway	USED	IWS775	IWS775_59987759_59987759	>IWS775_59987759_59987759	NYO_056	11108875297-1	11109010505	F	27F	98				MISSING_QUB_ID
SH_0445	1096	DB_01094	Rumen_Gateway	USED	IWS776	IWS776_59987766_59987766	>IWS776_59987766_59987766	NYO_059	11108875297-1	11109010505	F	27F	1207	QUB_0530	QUB_27F_0530	356	OK
SH_0447	1097	DB_01095	Rumen_Gateway	USED	IWS777	IWS777_59987773_59987773	>IWS777_59987773_59987773	NYO_061	11108875297-1	11109010505	F	27F	1198	QUB_0531	QUB_27F_0531	358	OK
SH_0386	1098	DB_01096	Rumen_Gateway	USED	IWS778	IWS778_59987780_59987780	>IWS778_59987780_59987780	178	11108875297-1	11109029894	F	27F	1201	QUB_0167; QUB_0532	QUB_63F_0167; QUB_27F_0532	299; 300	OK
SH_0161	1099	DB_01097	Rumen_Gateway	USED	IWS779	IWS779_59987797_59987797	>IWS779_59987797_59987797	171	11108875297-1	11109029894	F	27F	1195	QUB_0533	QUB_27F_0533	180	OK
SH_0055	1100	DB_01098	Rumen_Gateway	USED	IWS780	IWS780_59987803_59987803	>IWS780_59987803_59987803	21	11108875297-1	11109030325	F	27F	656	QUB_0069; QUB_0534	QUB_63F_0069; QUB_27F_0534	49; 50	OK
SH_0071.2.2	1101	DB_01099	Rumen_Gateway	USED	IWS781	IWS781_59987810_59987810	>IWS781_59987810_59987810	166	11108875297-1	11109029894	F	27F	1275	QUB_0535	QUB_27F_0535	69	OK
SH_0123_M11	1102	DB_01100	Rumen_Gateway	USED	IWS782	IWS782_59987827_59987827	>IWS782_59987827_59987827	164	11108875297-1	11109030325	F	27F	1217	QUB_0536	QUB_27F_0536	135	OK
SH_0050	1103	DB_01101	Rumen_Gateway	USED	IWS783	IWS783_59987834_59987834	>IWS783_59987834_59987834	4	11108875297-1	11109029894	F	27F	1249	QUB_0050; QUB_0170; QUB_0537	QUB_63F_0050; QUB_27F_0170; QUB_27F_0537	41; 42; 43	OK
SH_0142	1104	DB_01102	Rumen_Gateway	USED	IWS784	IWS784_59987841_59987841	>IWS784_59987841_59987841	118	11108875297-1	11109029894	F	27F	1189	QUB_0038; QUB_0538	QUB_63F_0038; QUB_27F_0538	162; 163	OK
SH_0141	1105	DB_01103	Rumen_Gateway	USED	IWS785	IWS785_59987858_59987858	>IWS785_59987858_59987858	14_Maria	11108875297-1	11109030325	F	27F	1241	QUB_0180; QUB_0539; QUB_0593	QUB_27F_0180; QUB_27F_0539; QUB_27F_0593	159; 160; 161	OK
SH_0103	1106	DB_01104	Rumen_Gateway	USED	IWS786	IWS786_59987865_59987865	>IWS786_59987865_59987865	64	11108875297-1	11109029894	F	27F	1219	QUB_0023; QUB_0540	QUB_63F_0023; QUB_27F_0540	111; 112	OK
SH_0352	1107	DB_01105	Rumen_Gateway	USED	IWS787	IWS787_59987872_59987872	>IWS787_59987872_59987872	RC105	11108875297-1	11109030325	F	27F	1208	QUB_0155; QUB_0541	QUB_63F_0155; QUB_27F_0541	261; 262	OK
SH_0349	1108	DB_01106	Rumen_Gateway	USED	IWS788	IWS788_59987889_59987889	>IWS788_59987889_59987889	RC86	11108875297-1	11109029894	F	27F	1217	QUB_0153; QUB_0542	QUB_63F_0153; QUB_27F_0542	256; 257	OK
SH_0254.1	1109	DB_01107	Rumen_Gateway	USED	IWS789	IWS789_59987896_59987896	>IWS789_59987896_59987896	14.1	11108875297-1	11109030325	F	27F	1214	QUB_0147; QUB_0543	QUB_63F_0147; QUB_27F_0543	214; 215	OK
SH_0362	1110	DB_01108	Rumen_Gateway	USED	IWS790	IWS790_59987902_59987902	>IWS790_59987902_59987902	13_Maria	11108875297-1	11109029894	F	27F	1215	QUB_0084; QUB_0544	QUB_63F_0084; QUB_27F_0544	272; 273	OK
SH_0358	1111	DB_01109	Rumen_Gateway	USED	IWS791	IWS791_59987919_59987919	>IWS791_59987919_59987919	145	11108875297-1	11109030325	F	27F	1211	QUB_0139; QUB_0545	QUB_63F_0139; QUB_27F_0545	267; 268	OK
SH_0357	1112	DB_01110	Rumen_Gateway	USED	IWS792	IWS792_59987926_59987926	>IWS792_59987926_59987926	RC120	11108875297-1	11109029894	F	27F	171				MISSING_QUB_ID
SH_0367	1113	DB_01111	Rumen_Gateway	USED	IWS793	IWS793_59987933_59987933	>IWS793_59987933_59987933	19_Maria	11108875297-1	11109030325	F	27F	1205	QUB_0546	QUB_27F_0546	282	OK
SH_0364	1114	DB_01112	Rumen_Gateway	USED	IWS794	IWS794_59987940_59987940	>IWS794_59987940_59987940	13B _Jack	11108875297-1	11109029894	F	27F	1253	QUB_0088; QUB_0547	QUB_63F_0088; QUB_27F_0547	276; 277	OK
SH_0363	1115	DB_01113	Rumen_Gateway	USED	IWS795	IWS795_59987957_59987957	>IWS795_59987957_59987957	13A_Jack	11108875297-1	11109030325	F	27F	1210	QUB_0082; QUB_0548	QUB_63F_0082; QUB_27F_0548	274; 275	OK
SH_0370	1116	DB_01114	Rumen_Gateway	USED	IWS796	IWS796_59987964_59987964	>IWS796_59987964_59987964	25_Jack.1	11108875297-1	11109030325	F	27F	1192	QUB_0549	QUB_27F_0549	287	OK
SH_0369	1117	DB_01115	Rumen_Gateway	USED	IWS797	IWS797_59987971_59987971	>IWS797_59987971_59987971	21_Maria	11108875297-1	11109029894	F	27F	1240	QUB_0083; QUB_0550	QUB_63F_0083; QUB_27F_0550	285; 286	OK
SH_0368	1118	DB_01116	Rumen_Gateway	USED	IWS798	IWS798_59987988_59987988	>IWS798_59987988_59987988	21_Jack	11108875297-1	11109029894	F	27F	916	QUB_0087; QUB_0551	QUB_63F_0087; QUB_27F_0551	283; 284	OK
SH_0375	1119	DB_01117	Rumen_Gateway	USED	IWS799	IWS799_59987995_59987995	>IWS799_59987995_59987995	137	11108875297-1	11109029894	F	27F	1205	QUB_0552	QUB_27F_0552	293	OK
SH_0374	1120	DB_01118	Rumen_Gateway	USED	IWS800	IWS800_59988008_59988008	>IWS800_59988008_59988008	RC142	11108875297-1	11109030325	F	27F	1192	QUB_0553	QUB_27F_0553	292	OK
SH_0371	1121	DB_01119	Rumen_Gateway	USED	IWS801	IWS801_59988015_59988015	>IWS801_59988015_59988015	25_Jack.2	11108875297-1	11109029894	F	27F	1191	QUB_0554	QUB_27F_0554	289	OK
SH_0378	1122	DB_01120	Rumen_Gateway	USED	IWS802	IWS802_59988022_59988022	>IWS802_59988022_59988022	RC149.2	11108875297-1	11109030325	F	27F	172				MISSING_QUB_ID
SH_0377	1123	DB_01121	Rumen_Gateway	USED	IWS803	IWS803_59988039_59988039	>IWS803_59988039_59988039	RC149.1	11108875297-1	11109030325	F	27F	176				MISSING_QUB_ID
SH_0376	1124	DB_01122	Rumen_Gateway	USED	IWS804	IWS804_59988046_59988046	>IWS804_59988046_59988046	139	11108875297-1	11109030325	F	27F	1197	QUB_0555	QUB_27F_0555	294	OK
SH_0384	1125	DB_01123	Rumen_Gateway	USED	IWS805	IWS805_59988053_59988053	>IWS805_59988053_59988053	RC58.1	11108875297-1	11109030325	F	27F	178				MISSING_QUB_ID
SH_0380	1126	DB_01124	Rumen_Gateway	USED	IWS806	IWS806_59988060_59988060	>IWS806_59988060_59988060	RC157.1	11108875297-1	11109030325	F	27F	656	QUB_0556	QUB_27F_0556	295	OK
SH_0379	1127	DB_01125	Rumen_Gateway	USED	IWS807	IWS807_59988077_59988077	>IWS807_59988077_59988077	150	11108875297-1	11109030325	F	27F	179				MISSING_QUB_ID
SH_0385	1128	DB_01126	Rumen_Gateway	USED	IWS808	IWS808_59988084_59988084	>IWS808_59988084_59988084	RC58.2	11108875297-1	11109029894	F	27F	183				MISSING_QUB_ID
SH_0301	1129	DB_01127	Rumen_Gateway	USED	IWS809	IWS809_59988091_59988091	>IWS809_59988091_59988091	62	11108875297-1	11109033104	F	27F	18	QUB_0579	QUB_27F_0579	236	OK
SH_0344	1130	DB_01128	Rumen_Gateway	USED	IWS810	IWS810_59988107_59988107	>IWS810_59988107_59988107	105	11108875297-1	11109033104	F	27F	1212	QUB_0557	QUB_27F_0557	252	OK
SH_0289	1131	DB_01129	Rumen_Gateway	USED	IWS811	IWS811_59988114_59988114	>IWS811_59988114_59988114	50	11108875297-1	11109033104	F	27F	32	QUB_0577	QUB_27F_0577	233	OK
SH_0277	1132	DB_01130	Rumen_Gateway	USED	IWS812	IWS812_59988121_59988121	>IWS812_59988121_59988121	38	11108875297-1	11109033104	F	27F	1	QUB_0573	QUB_27F_0573	228	OK
SH_0286	1133	DB_01131	Rumen_Gateway	USED	IWS813	IWS813_59988138_59988138	>IWS813_59988138_59988138	47	11108875297-1	11109033104	F	27F	71	QUB_0576	QUB_27F_0576	232	OK
SH_0283	1134	DB_01132	Rumen_Gateway	USED	IWS814	IWS814_59988145_59988145	>IWS814_59988145_59988145	44	11108875297-1	11109033104	F	27F	22	QUB_0574	QUB_27F_0574	230	OK
SH_0290	1135	DB_01133	Rumen_Gateway	USED	IWS815	IWS815_59988152_59988152	>IWS815_59988152_59988152	51	11108875297-1	11109033104	F	27F	11	QUB_0578	QUB_27F_0578	234	OK
SH_0262	1136	DB_01134	Rumen_Gateway	USED	IWS816	IWS816_59988169_59988169	>IWS816_59988169_59988169	23	11108875297-1	11109033104	F	27F	1244	QUB_0558	QUB_27F_0558	221	OK
SH_0261	1137	DB_01135	Rumen_Gateway	USED	IWS817	IWS817_59988176_59988176	>IWS817_59988176_59988176	22	11108875297-1	11109033104	F	27F	283	QUB_0568	QUB_27F_0568	220	OK
SH_0257	1138	DB_01136	Rumen_Gateway	USED	IWS818	IWS818_59988183_59988183	>IWS818_59988183_59988183	18	11108875297-1	11109033104	F	27F	1248	QUB_0559	QUB_27F_0559	218	OK
SH_0264	1139	DB_01137	Rumen_Gateway	USED	IWS819	IWS819_59988190_59988190	>IWS819_59988190_59988190	25	11108875297-1	11109033104	F	27F	1268	QUB_0560	QUB_27F_0560	223	OK
SH_0420.1	1140	DB_01138	Rumen_Gateway	USED	IWS820	IWS820_59988206_59988206	>IWS820_59988206_59988206	NYO_034.1	11108875297-1	11109050478	F	27F	1030	QUB_0561	QUB_27F_0561	331	OK
SH_0420.2	1141	DB_01139	Rumen_Gateway	USED	IWS821	IWS821_59988213_59988213	>IWS821_59988213_59988213	NYO_034.2	11108875297-1	11109050478	F	27F	1236	QUB_0562	QUB_27F_0562	332	OK
SH_0452.1	1142	DB_01140	Rumen_Gateway	USED	IWS822	IWS822_59988220_59988220	>IWS822_59988220_59988220	NYO_066.1	11108875297-1	11109050478	F	27F	1203	QUB_0563	QUB_27F_0563	363	OK
SH_0452.2	1143	DB_01141	Rumen_Gateway	USED	IWS823	IWS823_59988237_59988237	>IWS823_59988237_59988237	NYO_066.2	11108875297-1	11109053815	F	27F	1138	QUB_0564	QUB_27F_0564	364	OK
SH_0452.3	1144	DB_01142	Rumen_Gateway	USED	IWS824	IWS824_59988244_59988244	>IWS824_59988244_59988244	NYO_066.3	11108875297-1	11109053815	F	27F	1148	QUB_0565	QUB_27F_0565	365	OK
SH_0422	1145	DB_01143	Rumen_Gateway	USED	IWS825	IWS825_59988251_59988251	>IWS825_59988251_59988251	NYO_036	11108875297-1	11109053815	F	27F	1180	QUB_0566	QUB_27F_0566	334	OK
SH_0263	1146	DB_01144	Rumen_Gateway	USED	IWS826	IWS826_59988268_59988268	>IWS826_59988268_59988268	24	11108875297-1	11109053815	F	27F	1141	QUB_0567	QUB_27F_0567	222	OK
SH_0261	1147	DB_01145	Rumen_Gateway	USED	IWS827	IWS827_59988275_59988275	>IWS827_59988275_59988275	22	11108875297-1	11109053815	F	27F	1148	QUB_0568	QUB_27F_0568	220	OK
SH_0259	1148	DB_01146	Rumen_Gateway	USED	IWS828	IWS828_59988282_59988282	>IWS828_59988282_59988282	20	11108875297-1	11109054630	F	27F	1183	QUB_0569	QUB_27F_0569	219	OK
SH_0275	1149	DB_01147	Rumen_Gateway	USED	IWS829	IWS829_59988299_59988299	>IWS829_59988299_59988299	36	11108875297-1	11109053815	F	27F	1183	QUB_0570	QUB_27F_0570	227	OK
SH_0269	1150	DB_01148	Rumen_Gateway	USED	IWS830	IWS830_59988305_59988305	>IWS830_59988305_59988305	30	11108875297-1	11109053815	F	27F	1180	QUB_0571	QUB_27F_0571	226	OK
SH_0265	1151	DB_01149	Rumen_Gateway	USED	IWS831	IWS831_59988312_59988312	>IWS831_59988312_59988312	26	11108875297-1	11109053815	F	27F	1160	QUB_0572	QUB_27F_0572	224	OK
SH_0277	1152	DB_01150	Rumen_Gateway	USED	IWS832	IWS832_59988329_59988329	>IWS832_59988329_59988329	38	11108875297-1	11109053815	F	27F	1175	QUB_0573	QUB_27F_0573	228	OK
SH_0283	1153	DB_01151	Rumen_Gateway	USED	IWS833	IWS833_59988336_59988336	>IWS833_59988336_59988336	44	11108875297-1	11109053815	F	27F	1163	QUB_0574	QUB_27F_0574	230	OK
SH_0285	1154	DB_01152	Rumen_Gateway	USED	IWS834	IWS834_59988343_59988343	>IWS834_59988343_59988343	46	11108875297-1	11109053815	F	27F	1117	QUB_0575	QUB_27F_0575	231	OK
SH_0286	1155	DB_01153	Rumen_Gateway	USED	IWS835	IWS835_59988350_59988350	>IWS835_59988350_59988350	47	11108875297-1	11109053815	F	27F	1159	QUB_0576	QUB_27F_0576	232	OK
SH_0289	1156	DB_01154	Rumen_Gateway	USED	IWS836	IWS836_59988367_59988367	>IWS836_59988367_59988367	50	11108875297-1	11109053815	F	27F	1158	QUB_0577	QUB_27F_0577	233	OK
SH_0290	1157	DB_01155	Rumen_Gateway	USED	IWS837	IWS837_59988374_59988374	>IWS837_59988374_59988374	51	11108875297-1	11109053815	F	27F	1173	QUB_0578	QUB_27F_0578	234	OK
SH_0301	1158	DB_01156	Rumen_Gateway	USED	IWS838	IWS838_59988381_59988381	>IWS838_59988381_59988381	62	11108875297-1	11109053815	F	27F	1108	QUB_0579	QUB_27F_0579	236	OK
SH_0385	1159	DB_01157	Rumen_Gateway	USED	IWS839	IWS839_59988398_59988398	>IWS839_59988398_59988398	RC58.2	11108875297-1	11109037792	F	27F	263				MISSING_QUB_ID
SH_0382	1160	DB_01158	Rumen_Gateway	USED	IWS840	IWS840_59988404_59988404	>IWS840_59988404_59988404	30_Maria	11108875297-1	11109037792	F	27F	1174	QUB_0085; QUB_0580	QUB_63F_0085; QUB_27F_0580	297; 298	OK
SH_0381	1161	DB_01159	Rumen_Gateway	USED	IWS841	IWS841_59988411_59988411	>IWS841_59988411_59988411	RC157.2	11108875297-1	11109037792	F	27F	650	QUB_0581	QUB_27F_0581	296	OK
SH_0345	1162	DB_01160	Rumen_Gateway	USED	IWS842	IWS842_59988428_59988428	>IWS842_59988428_59988428	RC59	11108875297-1	11109037792	F	27f	193				MISSING_QUB_ID
SH_0055	1163	DB_01161	Rumen_Gateway	USED	IWS843	IWS843_59988435_59988435	>IWS843_59988435_59988435	21	11108875297-1	11109037792	F	27F	66	QUB_0069; QUB_0534	QUB_63F_0069; QUB_27F_0534	49; 50	OK
SH_0044	1164	DB_01162	Rumen_Gateway	USED	IWS844	IWS844_59988442_59988442	>IWS844_59988442_59988442	22	11108875297-1	11109037792	F	27F	690	QUB_0070; QUB_0582; QUB_0663	QUB_1387FC_0070; QUB_27F_0582; QUB_27F_0663	33; 34; 35	OK
SH_0252.1	1165	DB_01163	Rumen_Gateway	USED	IWS845	IWS845_59988459_59988459	>IWS845_59988459_59988459	31.1	11108875297-1	11108986368	F	27F	1179	QUB_0152; QUB_0583	QUB_63F_0152; QUB_27F_0583	209; 210	OK
SH_0157	1166	DB_01164	Rumen_Gateway	USED	IWS846	IWS846_59988466_59988466	>IWS846_59988466_59988466	53	11108875297-1	11108986368	F	27F	1189	QUB_0014; QUB_0584	QUB_63F_0014; QUB_27F_0584	175; 176	OK
SH_0252	1167	DB_01165	Rumen_Gateway	USED	IWS847	IWS847_59988473_59988473	>IWS847_59988473_59988473	31	11108875297-1	11108986368	F	27F	1193	QUB_0151; QUB_0585	QUB_63F_0151; QUB_27F_0585	207; 208	OK
SH_0251.1	1168	DB_01166	Rumen_Gateway	USED	IWS848	IWS848_59988480_59988480	>IWS848_59988480_59988480	28.1	11108875297-1	11108986368	F	27F	1261	QUB_0586	QUB_27F_0586	206	OK
SH_0251	1169	DB_01167	Rumen_Gateway	USED	IWS849	IWS849_59988497_59988497	>IWS849_59988497_59988497	28	11108875297-1	11108986368	F	27F	1191	QUB_0150; QUB_0587	QUB_63F_0150; QUB_27F_0587	204; 205	OK
SH_0250.1	1170	DB_01168	Rumen_Gateway	USED	IWS850	IWS850_59988503_59988503	>IWS850_59988503_59988503	16.1	11108875297-1	11108986368	F	27F	1212	QUB_0588	QUB_27F_0588	203	OK
SH_0250	1171	DB_01169	Rumen_Gateway	USED	IWS851	IWS851_59988510_59988510	>IWS851_59988510_59988510	16	11108875297-1	11108986368	F	27F	1187	QUB_0149; QUB_0589	QUB_63F_0149; QUB_27F_0589	201; 202	OK
SH_0099	1172	DB_01170	Rumen_Gateway	USED	IWS852	IWS852_59988527_59988527	>IWS852_59988527_59988527	57	11108875297-1	11108986368	F	27F	1211	QUB_0018; QUB_0590	QUB_63F_0018; QUB_27F_0590	105; 106	OK
SH_0054	1173	DB_01171	Rumen_Gateway	USED	IWS853	IWS853_59988534_59988534	>IWS853_59988534_59988534	3	11108875297-1	11108986368	F	27F	1175	QUB_0049; QUB_0591	QUB_1387FC_0049; QUB_27F_0591	47; 48	OK
SH_0045	1174	DB_01172	Rumen_Gateway	USED	IWS854	IWS854_59988541_59988541	>IWS854_59988541_59988541	10	11108875297-1	11108986368	F	27F	88	QUB_0056	QUB_63F_0056	36	OK
SH_0254	1175	DB_01173	Rumen_Gateway	USED	IWS855	IWS855_59988558_59988558	>IWS855_59988558_59988558	14	11108875297-1	11108986368	F	27F	1211	QUB_0148; QUB_0592	QUB_63F_0148; QUB_27F_0592	212; 213	OK
SH_0141	1176	DB_01174	Rumen_Gateway	USED	IWS856	IWS856_59988565_59988565	>IWS856_59988565_59988565	14_Maria	11108875297-1	11108977476	F	27F	822	QUB_0180; QUB_0539; QUB_0593	QUB_27F_0180; QUB_27F_0539; QUB_27F_0593	159; 160; 161	OK
SH_0249.1	1177	DB_01175	Rumen_Gateway	USED	IWS857	IWS857_59988572_59988572	>IWS857_59988572_59988572	2.1	11108875297-1	11108986368	F	27F	1165	QUB_0145; QUB_0146; QUB_0594	QUB_63F_0145; QUB_63F_0146; QUB_27F_0594	198; 199; 200	OK
SH_0249	1178	DB_01176	Rumen_Gateway	USED	IWS858	IWS858_59988589_59988589	>IWS858_59988589_59988589	2	11108875297-1	11108986368	F	27F	1190	QUB_0595	QUB_27F_0595	197	OK
SH_0127	1179	DB_01177	Rumen_Gateway	USED	IWS859	IWS859_59988596_59988596	>IWS859_59988596_59988596	89	11108875297-1	11108977476	F	27F	1161	QUB_0106; QUB_0182; QUB_0596	QUB_63F_0106; QUB_27F_0182; QUB_27F_0596	139; 140; 141	OK
SH_0387	1180	DB_01178	Rumen_Gateway	USED	JDP762_A1	JDP762_61777621_A1	>JDP762_61777621_A1	NYO_001	11109010182-1	11109029784	F	27F	20				MISSING_QUB_ID
SH_0388	1181	DB_01179	Rumen_Gateway	USED	JDP762_A2	JDP762_61777621_A2	>JDP762_61777621_A2	NYO_002	11109010182-1	11109029784	F	27F	1176	QUB_0599	QUB_27F_0599	301	OK
SH_0389	1182	DB_01180	Rumen_Gateway	USED	JDP762_A3	JDP762_61777621_A3	>JDP762_61777621_A3	NYO_003	11109010182-1	11109029784	F	27F	1212	QUB_0600	QUB_27F_0600	302	OK
SH_0391	1183	DB_01181	Rumen_Gateway	USED	JDP762_A4	JDP762_61777621_A4	>JDP762_61777621_A4	NYO_005	11109010182-1	11109029784	F	27F	1195	QUB_0601	QUB_27F_0601	304	OK
SH_0393	1184	DB_01182	Rumen_Gateway	USED	JDP762_A5	JDP762_61777621_A5	>JDP762_61777621_A5	NYO_007	11109010182-1	11109029784	F	27F	1235	QUB_0602	QUB_27F_0602	306	OK
SH_0394	1185	DB_01183	Rumen_Gateway	USED	JDP762_A6	JDP762_61777621_A6	>JDP762_61777621_A6	NYO_008	11109010182-1	11109029784	F	27F	1187	QUB_0603	QUB_27F_0603	307	OK
SH_0395	1186	DB_01184	Rumen_Gateway	USED	JDP762_A7	JDP762_61777621_A7	>JDP762_61777621_A7	NYO_009	11109010182-1	11109029784	F	27F	782	QUB_0604	QUB_27F_0604	308	OK
SH_0396	1187	DB_01185	Rumen_Gateway	USED	JDP762_A8	JDP762_61777621_A8	>JDP762_61777621_A8	NYO_010	11109010182-1	11109029784	F	27F	1173	QUB_0605	QUB_27F_0605	309	OK
SH_0306	1188	DB_01186	Rumen_Gateway	USED	JDP762_A9	JDP762_61777621_A9	>JDP762_61777621_A9	67	11109010182-1	11109029784	F	27F	1190	QUB_0606	QUB_27F_0606	241	OK
SH_0311	1189	DB_01187	Rumen_Gateway	USED	JDP762_A10	JDP762_61777621_A10	>JDP762_61777621_A10	72	11109010182-1	11109029784	F	27F	1168	QUB_0597	QUB_27F_0597	246	OK
SH_0315	1190	DB_01188	Rumen_Gateway	USED	JDP762_A11	JDP762_61777621_A11	>JDP762_61777621_A11	76	11109010182-1	11109029784	F	27F	1157	QUB_0598	QUB_27F_0598	250	OK
SH_0345	1191	DB_01189	Rumen_Gateway	USED	JDP762_A12	JDP762_61777621_A12	>JDP762_61777621_A12	RC59	11109010182-1	11109029784	F	27F	160				MISSING_QUB_ID
SH_0397	1192	DB_01190	Rumen_Gateway	USED	JDP762_B1	JDP762_61777621_B1	>JDP762_61777621_B1	NYO_011	11109010182-1	11109029784	F	27F	1181	QUB_0607	QUB_27F_0607	310	OK
SH_0398	1193	DB_01191	Rumen_Gateway	USED	JDP762_B2	JDP762_61777621_B2	>JDP762_61777621_B2	NYO_012	11109010182-1	11109029784	F	27F	1176	QUB_0611	QUB_27F_0611	311	OK
SH_0399	1194	DB_01192	Rumen_Gateway	USED	JDP762_B3	JDP762_61777621_B3	>JDP762_61777621_B3	NYO_013	11109010182-1	11109029784	F	27F	1184	QUB_0612	QUB_27F_0612	312	OK
SH_0400	1195	DB_01193	Rumen_Gateway	USED	JDP762_B4	JDP762_61777621_B4	>JDP762_61777621_B4	NYO_014	11109010182-1	11109029784	F	27F	1189	QUB_0613	QUB_27F_0613	313	OK
SH_0401	1196	DB_01194	Rumen_Gateway	USED	JDP762_B5	JDP762_61777621_B5	>JDP762_61777621_B5	NYO_015	11109010182-1	11109029784	F	27F	12				MISSING_QUB_ID
SH_0402	1197	DB_01195	Rumen_Gateway	USED	JDP762_B6	JDP762_61777621_B6	>JDP762_61777621_B6	NYO_016	11109010182-1	11109029784	F	27F	1222	QUB_0614	QUB_27F_0614	314	OK
SH_0403	1198	DB_01196	Rumen_Gateway	USED	JDP762_B7	JDP762_61777621_B7	>JDP762_61777621_B7	NYO_017	11109010182-1	11109029784	F	27F	1165	QUB_0615	QUB_27F_0615	315	OK
SH_0404	1199	DB_01197	Rumen_Gateway	USED	JDP762_B8	JDP762_61777621_B8	>JDP762_61777621_B8	NYO_018	11109010182-1	11109029784	F	27F	1155	QUB_0616	QUB_27F_0616	316	OK
SH_0304	1200	DB_01198	Rumen_Gateway	USED	JDP762_B9	JDP762_61777621_B9	>JDP762_61777621_B9	65	11109010182-1	11109029784	F	27F	1152	QUB_0617	QUB_27F_0617	239	OK
SH_0303	1201	DB_01199	Rumen_Gateway	USED	JDP762_B10	JDP762_61777621_B10	>JDP762_61777621_B10	64	11109010182-1	11109029784	F	27F	1176	QUB_0608	QUB_27F_0608	238	OK
SH_0278	1202	DB_01200	Rumen_Gateway	USED	JDP762_B11	JDP762_61777621_B11	>JDP762_61777621_B11	39	11109010182-1	11109029784	F	27F	1145	QUB_0609	QUB_27F_0609	229	OK
SH_0350	1203	DB_01201	Rumen_Gateway	USED	JDP762_B12	JDP762_61777621_B12	>JDP762_61777621_B12	RC88	11109010182-1	11109029784	F	27F	1189	QUB_0154; QUB_0610	QUB_63F_0154; QUB_27F_0610	258; 259	OK
SH_0405	1204	DB_01202	Rumen_Gateway	USED	JDP762_C1	JDP762_61777621_C1	>JDP762_61777621_C1	NYO_019	11109010182-1	11109029784	F	27F	161				MISSING_QUB_ID
SH_0406	1205	DB_01203	Rumen_Gateway	USED	JDP762_C2	JDP762_61777621_C2	>JDP762_61777621_C2	NYO_020	11109010182-1	11109029784	F	27F	1186	QUB_0619	QUB_27F_0619	317	OK
SH_0407	1206	DB_01204	Rumen_Gateway	USED	JDP762_C3	JDP762_61777621_C3	>JDP762_61777621_C3	NYO_021	11109010182-1	11109029784	F	27F	1219	QUB_0620	QUB_27F_0620	318	OK
SH_0408	1207	DB_01205	Rumen_Gateway	USED	JDP762_C4	JDP762_61777621_C4	>JDP762_61777621_C4	NYO_022	11109010182-1	11109029784	F	27F	1205	QUB_0621	QUB_27F_0621	319	OK
SH_0409	1208	DB_01206	Rumen_Gateway	USED	JDP762_C5	JDP762_61777621_C5	>JDP762_61777621_C5	NYO_023	11109010182-1	11109029784	F	27F	500				MISSING_QUB_ID
SH_0411	1209	DB_01207	Rumen_Gateway	USED	JDP762_C6	JDP762_61777621_C6	>JDP762_61777621_C6	NYO_025	11109010182-1	11109029784	F	27F	1193	QUB_0622	QUB_27F_0622	321	OK
SH_0412	1210	DB_01208	Rumen_Gateway	USED	JDP762_C7	JDP762_61777621_C7	>JDP762_61777621_C7	NYO_026	11109010182-1	11109029784	F	27F	1188	QUB_0623	QUB_27F_0623	322	OK
SH_0307	1212	DB_01210	Rumen_Gateway	USED	JDP762_C9	JDP762_61777621_C9	>JDP762_61777621_C9	68	11109010182-1	11109029784	F	27F	1277	QUB_0624	QUB_27F_0624	242	OK
SH_0310	1213	DB_01211	Rumen_Gateway	USED	JDP762_C10	JDP762_61777621_C10	>JDP762_61777621_C10	71	11109010182-1	11109029784	F	27F	1153	QUB_0618	QUB_27F_0618	245	OK
SH_0263	1214	DB_01212	Rumen_Gateway	USED	JDP762_C11	JDP762_61777621_C11	>JDP762_61777621_C11	24	11109010182-1	11109029784	F	27F	77	QUB_0567	QUB_27F_0567	222	OK
SH_0354	1215	DB_01213	Rumen_Gateway	USED	JDP762_C12	JDP762_61777621_C12	>JDP762_61777621_C12	RC110	11109010182-1	11109029784	F	27F	175				MISSING_QUB_ID
SH_0413	1216	DB_01214	Rumen_Gateway	USED	JDP762_D1	JDP762_61777621_D1	>JDP762_61777621_D1	NYO_027	11109010182-1	11109029784	F	27F	1221	QUB_0625	QUB_27F_0625	323	OK
SH_0414	1217	DB_01215	Rumen_Gateway	USED	JDP762_D2	JDP762_61777621_D2	>JDP762_61777621_D2	NYO_028	11109010182-1	11109029784	F	27F	1169	QUB_0628	QUB_27F_0628	324	OK
SH_0415	1218	DB_01216	Rumen_Gateway	USED	JDP762_D3	JDP762_61777621_D3	>JDP762_61777621_D3	NYO_029	11109010182-1	11109029784	F	27F	1201	QUB_0629	QUB_27F_0629	325	OK
SH_0416	1219	DB_01217	Rumen_Gateway	USED	JDP762_D4	JDP762_61777621_D4	>JDP762_61777621_D4	NYO_030	11109010182-1	11109029784	F	27F	1190	QUB_0630	QUB_27F_0630	326	OK
SH_0417	1220	DB_01218	Rumen_Gateway	USED	JDP762_D5	JDP762_61777621_D5	>JDP762_61777621_D5	NYO_031	11109010182-1	11109029784	F	27F	1220	QUB_0631	QUB_27F_0631	327	OK
SH_0418	1221	DB_01219	Rumen_Gateway	USED	JDP762_D6	JDP762_61777621_D6	>JDP762_61777621_D6	NYO_032	11109010182-1	11109029784	F	27F	1189	QUB_0632	QUB_27F_0632	328	OK
SH_0419	1222	DB_01220	Rumen_Gateway	USED	JDP762_D7	JDP762_61777621_D7	>JDP762_61777621_D7	NYO_033	11109010182-1	11109029784	F	27F	1189	QUB_0633	QUB_27F_0633	329	OK
SH_0285	1223	DB_01221	Rumen_Gateway	USED	JDP762_D8	JDP762_61777621_D8	>JDP762_61777621_D8	46	11109010182-1	11109029784	F	27F	44	QUB_0575	QUB_27F_0575	231	OK
SH_0302	1224	DB_01222	Rumen_Gateway	USED	JDP762_D9	JDP762_61777621_D9	>JDP762_61777621_D9	63	11109010182-1	11109029784	F	27F	1291	QUB_0634	QUB_27F_0634	237	OK
SH_0316	1225	DB_01223	Rumen_Gateway	USED	JDP762_D10	JDP762_61777621_D10	>JDP762_61777621_D10	77	11109010182-1	11109029784	F	27F	84				MISSING_QUB_ID
SH_0314	1226	DB_01224	Rumen_Gateway	USED	JDP762_D11	JDP762_61777621_D11	>JDP762_61777621_D11	75	11109010182-1	11109029784	F	27F	1168	QUB_0626	QUB_27F_0626	249	OK
SH_0355	1227	DB_01225	Rumen_Gateway	USED	JDP762_D12	JDP762_61777621_D12	>JDP762_61777621_D12	112	11109010182-1	11109029784	F	27F	1187	QUB_0126; QUB_0627	QUB_63F_0126; QUB_27F_0627	264; 265	OK
SH_0420	1228	DB_01226	Rumen_Gateway	USED	JDP762_E1	JDP762_61777621_E1	>JDP762_61777621_E1	NYO_034	11109010182-1	11109029784	F	27F	1205	QUB_0635	QUB_27F_0635	330	OK
SH_0421	1229	DB_01227	Rumen_Gateway	USED	JDP762_E2	JDP762_61777621_E2	>JDP762_61777621_E2	NYO_035	11109010182-1	11109029784	F	27F	1193	QUB_0638	QUB_27F_0638	333	OK
SH_0423	1230	DB_01228	Rumen_Gateway	USED	JDP762_E3	JDP762_61777621_E3	>JDP762_61777621_E3	NYO_037	11109010182-1	11109029784	F	27F	1184	QUB_0639	QUB_27F_0639	335	OK
SH_0424	1231	DB_01229	Rumen_Gateway	USED	JDP762_E4	JDP762_61777621_E4	>JDP762_61777621_E4	NYO_038	11109010182-1	11109029784	F	27F	1220	QUB_0640	QUB_27F_0640	336	OK
SH_0425	1232	DB_01230	Rumen_Gateway	USED	JDP762_E5	JDP762_61777621_E5	>JDP762_61777621_E5	NYO_039	11109010182-1	11109029784	F	27F	1192	QUB_0641	QUB_27F_0641	337	OK
SH_0427	1233	DB_01231	Rumen_Gateway	USED	JDP762_E6	JDP762_61777621_E6	>JDP762_61777621_E6	NYO_041	11109010182-1	11109029784	F	27F	1193	QUB_0642	QUB_27F_0642	339	OK
SH_0428	1234	DB_01232	Rumen_Gateway	USED	JDP762_E7	JDP762_61777621_E7	>JDP762_61777621_E7	NYO_042	11109010182-1	11109029784	F	27F	943	QUB_0643	QUB_27F_0643	340	OK
SH_0275	1235	DB_01233	Rumen_Gateway	USED	JDP762_E8	JDP762_61777621_E8	>JDP762_61777621_E8	36	11109010182-1	11109029784	F	27F	12	QUB_0570	QUB_27F_0570	227	OK
SH_0312	1237	DB_01235	Rumen_Gateway	USED	JDP762_E10	JDP762_61777621_E10	>JDP762_61777621_E10	73	11109010182-1	11109029784	F	27F	76	QUB_0671	QUB_27F_0671	247	OK
SH_0293	1238	DB_01236	Rumen_Gateway	USED	JDP762_E11	JDP762_61777621_E11	>JDP762_61777621_E11	54	11109010182-1	11109029784	F	27F	1120	QUB_0636	QUB_27F_0636	235	OK
SH_0365	1239	DB_01237	Rumen_Gateway	USED	JDP762_E12	JDP762_61777621_E12	>JDP762_61777621_E12	14A_Jack	11109010182-1	11109029784	F	27F	979	QUB_0081; QUB_0637	QUB_63F_0081; QUB_27F_0637	278; 279	OK
SH_0429	1240	DB_01238	Rumen_Gateway	USED	JDP762_F1	JDP762_61777621_F1	>JDP762_61777621_F1	NYO_043	11109010182-1	11109029784	F	27F	1205	QUB_0644	QUB_27F_0644	341	OK
SH_0431	1241	DB_01239	Rumen_Gateway	USED	JDP762_F2	JDP762_61777621_F2	>JDP762_61777621_F2	NYO_045	11109010182-1	11109029784	F	27F	1191	QUB_0647	QUB_27F_0647	343	OK
SH_0432	1242	DB_01240	Rumen_Gateway	USED	JDP762_F3	JDP762_61777621_F3	>JDP762_61777621_F3	NYO_046	11109010182-1	11109029784	F	27F	1185	QUB_0648	QUB_27F_0648	344	OK
SH_0433	1243	DB_01241	Rumen_Gateway	USED	JDP762_F4	JDP762_61777621_F4	>JDP762_61777621_F4	NYO_047	11109010182-1	11109029784	F	27F	1202	QUB_0649	QUB_27F_0649	345	OK
SH_0434	1244	DB_01242	Rumen_Gateway	USED	JDP762_F5	JDP762_61777621_F5	>JDP762_61777621_F5	NYO_048	11109010182-1	11109029784	F	27F	1192	QUB_0650	QUB_27F_0650	346	OK
SH_0435	1245	DB_01243	Rumen_Gateway	USED	JDP762_F6	JDP762_61777621_F6	>JDP762_61777621_F6	NYO_049	11109010182-1	11109029784	F	27F	1192	QUB_0651	QUB_27F_0651	347	OK
SH_0437	1246	DB_01244	Rumen_Gateway	USED	JDP762_F7	JDP762_61777621_F7	>JDP762_61777621_F7	NYO_051	11109010182-1	11109029784	F	27F	1178	QUB_0652	QUB_27F_0652	349	OK
SH_0259	1247	DB_01245	Rumen_Gateway	USED	JDP762_F8	JDP762_61777621_F8	>JDP762_61777621_F8	20	11109010182-1	11109029784	F	27F	1	QUB_0569	QUB_27F_0569	219	OK
SH_0269	1249	DB_01247	Rumen_Gateway	USED	JDP762_F10	JDP762_61777621_F10	>JDP762_61777621_F10	30	11109010182-1	11109029784	F	27F	19	QUB_0571	QUB_27F_0571	226	OK
SH_0266	1250	DB_01248	Rumen_Gateway	USED	JDP762_F11	JDP762_61777621_F11	>JDP762_61777621_F11	27	11109010182-1	11109029784	F	27F	945	QUB_0645	QUB_27F_0645	225	OK
SH_0366	1251	DB_01249	Rumen_Gateway	USED	JDP762_F12	JDP762_61777621_F12	>JDP762_61777621_F12	14B_Jack	11109010182-1	11109029784	F	27F	1189	QUB_0080; QUB_0646	QUB_63F_0080; QUB_27F_0646	280; 281	OK
SH_0438	1252	DB_01250	Rumen_Gateway	USED	JDP762_G1	JDP762_61777621_G1	>JDP762_61777621_G1	NYO_052	11109010182-1	11109029784	F	27F	1190	QUB_0654	QUB_27F_0654	350	OK
SH_0439	1253	DB_01251	Rumen_Gateway	USED	JDP762_G2	JDP762_61777621_G2	>JDP762_61777621_G2	NYO_053	11109010182-1	11109029784	F	27F	1172	QUB_0655	QUB_27F_0655	351	OK
SH_0440	1254	DB_01252	Rumen_Gateway	USED	JDP762_G3	JDP762_61777621_G3	>JDP762_61777621_G3	NYO_054	11109010182-1	11109029784	F	27F	1189	QUB_0656	QUB_27F_0656	352	OK
SH_0441	1255	DB_01253	Rumen_Gateway	USED	JDP762_G4	JDP762_61777621_G4	>JDP762_61777621_G4	NYO_055	11109010182-1	11109029784	F	27F	1191	QUB_0657	QUB_27F_0657	353	OK
SH_0443	1256	DB_01254	Rumen_Gateway	USED	JDP762_G5	JDP762_61777621_G5	>JDP762_61777621_G5	NYO_057	11109010182-1	11109029784	F	27F	1203	QUB_0658	QUB_27F_0658	354	OK
SH_0444	1257	DB_01255	Rumen_Gateway	USED	JDP762_G6	JDP762_61777621_G6	>JDP762_61777621_G6	NYO_058	11109010182-1	11109029784	F	27F	1184	QUB_0659	QUB_27F_0659	355	OK
SH_0446	1258	DB_01256	Rumen_Gateway	USED	JDP762_G7	JDP762_61777621_G7	>JDP762_61777621_G7	NYO_060	11109010182-1	11109029784	F	27F	1188	QUB_0660	QUB_27F_0660	357	OK
SH_0313	1259	DB_01257	Rumen_Gateway	USED	JDP762_G8	JDP762_61777621_G8	>JDP762_61777621_G8	74	11109010182-1	11109029784	F	27F	19	QUB_0672	QUB_27F_0672	248	OK
SH_0308	1260	DB_01258	Rumen_Gateway	USED	JDP762_G9	JDP762_61777621_G9	>JDP762_61777621_G9	69	11109010182-1	11109029784	F	27F	1200	QUB_0661	QUB_27F_0661	243	OK
SH_0317	1261	DB_01259	Rumen_Gateway	USED	JDP762_G10	JDP762_61777621_G10	>JDP762_61777621_G10	78	11109010182-1	11109029784	F	27F	1	QUB_0673	QUB_27F_0673	251	OK
SH_0383	1262	DB_01260	Rumen_Gateway	USED	JDP762_G11	JDP762_61777621_G11	>JDP762_61777621_G11	RC58	11109010182-1	11109029784	F	27F	179				MISSING_QUB_ID
SH_0381	1263	DB_01261	Rumen_Gateway	USED	JDP762_G12	JDP762_61777621_G12	>JDP762_61777621_G12	RC157.2	11109010182-1	11109029784	F	27F	16	QUB_0581	QUB_27F_0581	296	OK
SH_0144	1264	DB_01262	Rumen_Gateway					165									MISSING_FASTA_AND_QUB_ID
SH_0448	1265	DB_01263	Rumen_Gateway	USED	JDP762_H1	JDP762_61777621_H1	>JDP762_61777621_H1	NYO_062	11109010182-1	11109029784	F	27F	1159	QUB_0662	QUB_27F_0662	359	OK
SH_0449	1266	DB_01264	Rumen_Gateway	USED	JDP762_H2	JDP762_61777621_H2	>JDP762_61777621_H2	NYO_063	11109010182-1	11109029784	F	27F	306				MISSING_QUB_ID
SH_0450	1267	DB_01265	Rumen_Gateway	USED	JDP762_H3	JDP762_61777621_H3	>JDP762_61777621_H3	NYO_064	11109010182-1	11109029784	F	27F	1152	QUB_0664	QUB_27F_0664	360	OK
SH_0451	1268	DB_01266	Rumen_Gateway	USED	JDP762_H4	JDP762_61777621_H4	>JDP762_61777621_H4	NYO_065	11109010182-1	11109029784	F	27F	1179	QUB_0665	QUB_27F_0665	361	OK
SH_0452	1269	DB_01267	Rumen_Gateway	USED	JDP762_H5	JDP762_61777621_H5	>JDP762_61777621_H5	NYO_066	11109010182-1	11109029784	F	27F	1174	QUB_0666	QUB_27F_0666	362	OK
SH_0453	1270	DB_01268	Rumen_Gateway	USED	JDP762_H6	JDP762_61777621_H6	>JDP762_61777621_H6	NYO_067	11109010182-1	11109029784	F	27F	1168	QUB_0667	QUB_27F_0667	366	OK
SH_0454	1271	DB_01269	Rumen_Gateway	USED	JDP762_H7	JDP762_61777621_H7	>JDP762_61777621_H7	NYO_068	11109010182-1	11109029784	F	27F	1178	QUB_0668	QUB_27F_0668	367	OK
SH_0305	1272	DB_01270	Rumen_Gateway	USED	JDP762_H8	JDP762_61777621_H8	>JDP762_61777621_H8	66	11109010182-1	11109029784	F	27F	1187	QUB_0669	QUB_27F_0669	240	OK
SH_0309	1273	DB_01271	Rumen_Gateway	USED	JDP762_H9	JDP762_61777621_H9	>JDP762_61777621_H9	70	11109010182-1	11109029784	F	27F	958	QUB_0670	QUB_27F_0670	244	OK
SH_0265	1274	DB_01272	Rumen_Gateway	USED	JDP762_H10	JDP762_61777621_H10	>JDP762_61777621_H10	26	11109010182-1	11109029784	F	27F	1	QUB_0572	QUB_27F_0572	224	OK
SH_0044	1275	DB_01273	Rumen_Gateway	USED	JDP762_H11	JDP762_61777621_H11	>JDP762_61777621_H11	22	11109010182-1	11109029784	F	27F	668	QUB_0070; QUB_0582; QUB_0663	QUB_1387FC_0070; QUB_27F_0582; QUB_27F_0663	33; 34; 35	OK
SH_0382	1276	DB_01274	Rumen_Gateway	USED	JDP762_H12	JDP762_61777621_H12	>JDP762_61777621_H12	30_Maria	11109010182-1	11109029784	F	27F	25	QUB_0085; QUB_0580	QUB_63F_0085; QUB_27F_0580	297; 298	OK
SH_0312	1277	DB_01275	Rumen_Gateway	USED	JDP763	JDP763_61777638_61777638	>JDP763_61777638_61777638	73	11109010182-1	11109054640	F	27F	1154	QUB_0671	QUB_27F_0671	247	OK
SH_0313	1278	DB_01276	Rumen_Gateway	USED	JDP764	JDP764_61777645_61777645	>JDP764_61777645_61777645	74	11109010182-1	11109053858	F	27F	1161	QUB_0672	QUB_27F_0672	248	OK
SH_0317	1279	DB_01277	Rumen_Gateway	USED	JDP765	JDP765_61777652_61777652	>JDP765_61777652_61777652	78	11109010182-1	11109053858	F	27F	1142	QUB_0673	QUB_27F_0673	251	OK
SH_0148	1295	DB_01293	Rumen_Gateway					25									MISSING_FASTA_AND_QUB_ID
SH_0153	1296	DB_01294	Rumen_Gateway					21									MISSING_FASTA_AND_QUB_ID
SH_0129.1	1310	DB_01308	Rumen_Gateway					90									MISSING_FASTA_AND_QUB_ID
SH_0111.2	1311	DB_01309	Rumen_Gateway					83									MISSING_FASTA_AND_QUB_ID
SH_0138.1	1312	DB_01310	Rumen_Gateway					107									MISSING_FASTA_AND_QUB_ID
SH_0138.2	1313	DB_01311	Rumen_Gateway					107									MISSING_FASTA_AND_QUB_ID
SH_0232	1314	DB_01312	Rumen_Gateway					Z1									MISSING_FASTA_AND_QUB_ID
SH_0233	1315	DB_01313	Rumen_Gateway					Z2									MISSING_FASTA_AND_QUB_ID
SH_0234	1316	DB_01314	Rumen_Gateway					Z3									MISSING_FASTA_AND_QUB_ID
SH_0235	1317	DB_01315	Rumen_Gateway					Z4									MISSING_FASTA_AND_QUB_ID
SH_0236	1318	DB_01316	Rumen_Gateway					Z5									MISSING_FASTA_AND_QUB_ID
SH_0237	1319	DB_01317	Rumen_Gateway					Z6									MISSING_FASTA_AND_QUB_ID
SH_0238	1320	DB_01318	Rumen_Gateway					Z7									MISSING_FASTA_AND_QUB_ID
SH_0239	1321	DB_01319	Rumen_Gateway					Z8									MISSING_FASTA_AND_QUB_ID
SH_0240	1322	DB_01320	Rumen_Gateway					Z9									MISSING_FASTA_AND_QUB_ID
SH_0241	1323	DB_01321	Rumen_Gateway					Z10									MISSING_FASTA_AND_QUB_ID
SH_0242	1324	DB_01322	Rumen_Gateway					Z11									MISSING_FASTA_AND_QUB_ID
SH_0243	1325	DB_01323	Rumen_Gateway					Z12									MISSING_FASTA_AND_QUB_ID
SH_0244	1326	DB_01324	Rumen_Gateway					Z13									MISSING_FASTA_AND_QUB_ID
SH_0245	1327	DB_01325	Rumen_Gateway					Z14									MISSING_FASTA_AND_QUB_ID
SH_0246	1328	DB_01326	Rumen_Gateway					Z15									MISSING_FASTA_AND_QUB_ID
SH_0247	1329	DB_01327	Rumen_Gateway					Z16									MISSING_FASTA_AND_QUB_ID
SH_0248	1330	DB_01328	Rumen_Gateway					Z17									MISSING_FASTA_AND_QUB_ID
SH_0258	1331	DB_01329	Rumen_Gateway					19									MISSING_FASTA_AND_QUB_ID
SH_0260	1332	DB_01330	Rumen_Gateway					21									MISSING_FASTA_AND_QUB_ID
SH_0267	1333	DB_01331	Rumen_Gateway					28									MISSING_FASTA_AND_QUB_ID
SH_0268	1334	DB_01332	Rumen_Gateway					29									MISSING_FASTA_AND_QUB_ID
SH_0270	1335	DB_01333	Rumen_Gateway					31									MISSING_FASTA_AND_QUB_ID
SH_0271	1336	DB_01334	Rumen_Gateway					32									MISSING_FASTA_AND_QUB_ID
SH_0272	1337	DB_01335	Rumen_Gateway					33									MISSING_FASTA_AND_QUB_ID
SH_0273	1338	DB_01336	Rumen_Gateway					34									MISSING_FASTA_AND_QUB_ID
SH_0274	1339	DB_01337	Rumen_Gateway					35									MISSING_FASTA_AND_QUB_ID
SH_0276	1340	DB_01338	Rumen_Gateway					37									MISSING_FASTA_AND_QUB_ID
SH_0279	1341	DB_01339	Rumen_Gateway					40									MISSING_FASTA_AND_QUB_ID
SH_0280	1342	DB_01340	Rumen_Gateway					41									MISSING_FASTA_AND_QUB_ID
SH_0281	1343	DB_01341	Rumen_Gateway					42									MISSING_FASTA_AND_QUB_ID
SH_0282	1344	DB_01342	Rumen_Gateway					43									MISSING_FASTA_AND_QUB_ID
SH_0284	1345	DB_01343	Rumen_Gateway					45									MISSING_FASTA_AND_QUB_ID
SH_0287	1346	DB_01344	Rumen_Gateway					48									MISSING_FASTA_AND_QUB_ID
SH_0288	1347	DB_01345	Rumen_Gateway					49									MISSING_FASTA_AND_QUB_ID
SH_0291	1348	DB_01346	Rumen_Gateway					52									MISSING_FASTA_AND_QUB_ID
SH_0292	1349	DB_01347	Rumen_Gateway					53									MISSING_FASTA_AND_QUB_ID
SH_0294	1350	DB_01348	Rumen_Gateway					55									MISSING_FASTA_AND_QUB_ID
SH_0295	1351	DB_01349	Rumen_Gateway					56									MISSING_FASTA_AND_QUB_ID
SH_0296	1352	DB_01350	Rumen_Gateway					57									MISSING_FASTA_AND_QUB_ID
SH_0297	1353	DB_01351	Rumen_Gateway					58									MISSING_FASTA_AND_QUB_ID
SH_0298	1354	DB_01352	Rumen_Gateway					59									MISSING_FASTA_AND_QUB_ID
SH_0299	1355	DB_01353	Rumen_Gateway					60									MISSING_FASTA_AND_QUB_ID
SH_0300	1356	DB_01354	Rumen_Gateway					61									MISSING_FASTA_AND_QUB_ID
SH_0318	1357	DB_01355	Rumen_Gateway					79									MISSING_FASTA_AND_QUB_ID
SH_0319	1358	DB_01356	Rumen_Gateway					80									MISSING_FASTA_AND_QUB_ID
SH_0320	1359	DB_01357	Rumen_Gateway					81									MISSING_FASTA_AND_QUB_ID
SH_0321	1360	DB_01358	Rumen_Gateway					82									MISSING_FASTA_AND_QUB_ID
SH_0322	1361	DB_01359	Rumen_Gateway					83									MISSING_FASTA_AND_QUB_ID
SH_0323	1362	DB_01360	Rumen_Gateway					84									MISSING_FASTA_AND_QUB_ID
SH_0324	1363	DB_01361	Rumen_Gateway					85									MISSING_FASTA_AND_QUB_ID
SH_0325	1364	DB_01362	Rumen_Gateway					86									MISSING_FASTA_AND_QUB_ID
SH_0326	1365	DB_01363	Rumen_Gateway					87									MISSING_FASTA_AND_QUB_ID
SH_0327	1366	DB_01364	Rumen_Gateway					88									MISSING_FASTA_AND_QUB_ID
SH_0328	1367	DB_01365	Rumen_Gateway					89									MISSING_FASTA_AND_QUB_ID
SH_0329	1368	DB_01366	Rumen_Gateway					90									MISSING_FASTA_AND_QUB_ID
SH_0330	1369	DB_01367	Rumen_Gateway					91									MISSING_FASTA_AND_QUB_ID
SH_0331	1370	DB_01368	Rumen_Gateway					91									MISSING_FASTA_AND_QUB_ID
SH_0332	1371	DB_01369	Rumen_Gateway					93									MISSING_FASTA_AND_QUB_ID
SH_0333	1372	DB_01370	Rumen_Gateway					94									MISSING_FASTA_AND_QUB_ID
SH_0334	1373	DB_01371	Rumen_Gateway					95									MISSING_FASTA_AND_QUB_ID
SH_0335	1374	DB_01372	Rumen_Gateway					96									MISSING_FASTA_AND_QUB_ID
SH_0336	1375	DB_01373	Rumen_Gateway					97									MISSING_FASTA_AND_QUB_ID
SH_0337	1376	DB_01374	Rumen_Gateway					98									MISSING_FASTA_AND_QUB_ID
SH_0338	1377	DB_01375	Rumen_Gateway					99									MISSING_FASTA_AND_QUB_ID
SH_0339	1378	DB_01376	Rumen_Gateway					100									MISSING_FASTA_AND_QUB_ID
SH_0340	1379	DB_01377	Rumen_Gateway					101									MISSING_FASTA_AND_QUB_ID
SH_0341	1380	DB_01378	Rumen_Gateway					102									MISSING_FASTA_AND_QUB_ID
SH_0342	1381	DB_01379	Rumen_Gateway					103									MISSING_FASTA_AND_QUB_ID
SH_0343	1382	DB_01380	Rumen_Gateway					104									MISSING_FASTA_AND_QUB_ID
SH_0260	1383	DB_01381	Rumen_Gateway	USED	JDP766	NR	NR	21	11109010182-1	11109102029	F	27F	NR				MISSING_FASTA_AND_QUB_ID
SH_0422	1384	DB_01382	Rumen_Gateway	USED	JDP767			NYO_36	11109010182-1	11109070700	F	27F		QUB_0566	QUB_27F_0566	334	OK
SH_0422	1385	DB_01383	Rumen_Gateway	USED	JDP768			NYO_36	11109010182-1	11109070700	F	27F		QUB_0566	QUB_27F_0566	334	OK
SH_0287	1386	DB_01384	Rumen_Gateway	USED	JDP769	NR	NR	48	11109010182-1	11109102029	F	27F	NR				MISSING_FASTA_AND_QUB_ID
SH_0316	1387	DB_01385	Rumen_Gateway	USED	JDP770	NR	NR	77	11109010182-1	11109102029	F	27F	NR				MISSING_QUB_ID
SH_0327	1388	DB_01386	Rumen_Gateway	USED	JDP771	NR	NR	88	11109010182-1	11109102029	F	27F	NR				MISSING_FASTA_AND_QUB_ID
SH_0328	1389	DB_01387	Rumen_Gateway	USED	JDP772	NR	NR	89	11109010182-1	11109102029	F	27F	NR				MISSING_FASTA_AND_QUB_ID
SH_0329	1390	DB_01388	Rumen_Gateway	USED	JDP773	NR	NR	90	11109010182-1	11109102029	F	27F	NR				MISSING_FASTA_AND_QUB_ID
SH_0343	1391	DB_01389	Rumen_Gateway	USED	JDP774	NR	NR	104	11109010182-1	11109102029	F	27F	NR				MISSING_FASTA_AND_QUB_ID
SH_0345	1392	DB_01390	Rumen_Gateway	USED	JDP775			R.C.59	11109010182-1								MISSING_QUB_ID
SH_0055	1393	DB_01391	Rumen_Gateway	USED	JDP776			R.C.21	11109010182-1					QUB_0069; QUB_0534	QUB_63F_0069; QUB_27F_0534	49; 50	OK
SH_0044	1394	DB_01392	Rumen_Gateway	USED	JDP777			R.C.22	11109010182-1					QUB_0070; QUB_0582; QUB_0663	QUB_1387FC_0070; QUB_27F_0582; QUB_27F_0663	33; 34; 35	OK
SH_0378	1395	DB_01393	Rumen_Gateway	USED	JDP778			R.C.149.2	11109010182-1								MISSING_QUB_ID
SH_0377	1396	DB_01394	Rumen_Gateway	USED	JDP779			R.C.149.1	11109010182-1								MISSING_QUB_ID
SH_0357	1397	DB_01395	Rumen_Gateway	USED	JDP780			R.C.120	11109010182-1								MISSING_QUB_ID
SH_0379	1398	DB_01396	Rumen_Gateway	USED	JDP781			R.C.150	11109010182-1								MISSING_QUB_ID
SH_0373	1399	DB_01397	Rumen_Gateway	USED	JDP782			R.C.25_Maria	11109010182-1					QUB_0089	QUB_63F_0089	291	OK
SH_0045	1400	DB_01398	Rumen_Gateway	USED	JDP783			R.C.10	11109010182-1					QUB_0056	QUB_63F_0056	36	OK
SH_0383	1401	DB_01399	Rumen_Gateway	USED	JDP784			R.C.58	11109010182-1								MISSING_QUB_ID
SH_0381	1402	DB_01400	Rumen_Gateway	USED	JDP785			R.C.157.2	11109010182-1					QUB_0581	QUB_27F_0581	296	OK
SH_0380	1403	DB_01401	Rumen_Gateway	USED	JDP786			R.C.157.1	11109010182-1					QUB_0556	QUB_27F_0556	295	OK
SH_0385	1405	DB_01403	Rumen_Gateway	USED	JDP788			R.C.58.2	11109010182-1								MISSING_QUB_ID
SH_0384	1406	DB_01404	Rumen_Gateway	USED	JDP789			R.C.58.1	11109010182-1								MISSING_QUB_ID
SH_0007	1480	DB_01478	Rumen_Gateway	USED	JDP761_A1			RC48	11109010182-1		F	27F		QUB_0009; QUB_0169	QUB_63F_0009; QUB_27F_0169	28; 29	OK
SH_0007	1481	DB_01479	Rumen_Gateway	USED	JDP761_A2			RC48	11109010182-1		R	1492R		QUB_0009; QUB_0169	QUB_63F_0009; QUB_27F_0169	28; 29	OK
SH_0044	1482	DB_01480	Rumen_Gateway	USED	JDP761_A3			R.C.22	11109010182-1		F	27F		QUB_0070; QUB_0582; QUB_0663	QUB_1387FC_0070; QUB_27F_0582; QUB_27F_0663	33; 34; 35	OK
SH_0044	1483	DB_01481	Rumen_Gateway	USED	JDP761_A4			R.C.22	11109010182-1		R	1492R		QUB_0070; QUB_0582; QUB_0663	QUB_1387FC_0070; QUB_27F_0582; QUB_27F_0663	33; 34; 35	OK
SH_0051	1485	DB_01483	Rumen_Gateway	USED	JDP761_A6			25	11109010182-1		R	1492R		QUB_0073	QUB_63F_0073	44	OK
SH_0067	1486	DB_01484	Rumen_Gateway	USED	JDP761_A7			160	11109010182-1		F	27F					MISSING_QUB_ID
SH_0067	1487	DB_01485	Rumen_Gateway	USED	JDP761_A8			160	11109010182-1		R	1492R					MISSING_QUB_ID
SH_0092	1488	DB_01486	Rumen_Gateway	USED	JDP761_A9			67	11109010182-1		F	27F		QUB_0026	QUB_63F_0026	98	OK
SH_0092	1489	DB_01487	Rumen_Gateway	USED	JDP761_A10			67	11109010182-1		R	1492R		QUB_0026	QUB_63F_0026	98	OK
SH_0311	1490	DB_01488	Rumen_Gateway	USED	JDP761_A11			72	11109010182-1		F	27F		QUB_0597	QUB_27F_0597	246	OK
SH_0311	1491	DB_01489	Rumen_Gateway	USED	JDP761_A12			72	11109010182-1		R	1492R		QUB_0597	QUB_27F_0597	246	OK
SH_0391	1492	DB_01490	Rumen_Gateway	USED	JDP761_B1			NYO_005	11109010182-1		F	27F		QUB_0601	QUB_27F_0601	304	OK
SH_0391	1493	DB_01491	Rumen_Gateway	USED	JDP761_B2			NYO_005	11109010182-1		R	1492R		QUB_0601	QUB_27F_0601	304	OK
SH_0393	1494	DB_01492	Rumen_Gateway	USED	JDP761_B3			NYO_007	11109010182-1		F	27F		QUB_0602	QUB_27F_0602	306	OK
SH_0393	1495	DB_01493	Rumen_Gateway	USED	JDP761_B4			NYO_007	11109010182-1		R	1492R		QUB_0602	QUB_27F_0602	306	OK
SH_0397	1496	DB_01494	Rumen_Gateway	USED	JDP761_B5			NYO_011	11109010182-1		F	27F		QUB_0607	QUB_27F_0607	310	OK
SH_0397	1497	DB_01495	Rumen_Gateway	USED	JDP761_B6			NYO_011	11109010182-1		R	1492R		QUB_0607	QUB_27F_0607	310	OK
SH_0408	1498	DB_01496	Rumen_Gateway	USED	JDP761_B7			NYO_022	11109010182-1		F	27F		QUB_0621	QUB_27F_0621	319	OK
SH_0408	1499	DB_01497	Rumen_Gateway	USED	JDP761_B8			NYO_022	11109010182-1		R	1492R		QUB_0621	QUB_27F_0621	319	OK
SH_0425	1500	DB_01498	Rumen_Gateway	USED	JDP761_B9			NYO_039	11109010182-1		F	27F		QUB_0641	QUB_27F_0641	337	OK
SH_0425	1501	DB_01499	Rumen_Gateway	USED	JDP761_B10			NYO_039	11109010182-1		R	1492R		QUB_0641	QUB_27F_0641	337	OK
SH_0427	1502	DB_01500	Rumen_Gateway	USED	JDP761_B11			NYO_041	11109010182-1		F	27F		QUB_0642	QUB_27F_0642	339	OK
SH_0427	1503	DB_01501	Rumen_Gateway	USED	JDP761_B12			NYO_041	11109010182-1		R	1492R		QUB_0642	QUB_27F_0642	339	OK
SH_0429	1504	DB_01502	Rumen_Gateway	USED	JDP761_C1			NYO_043	11109010182-1		F	27F		QUB_0644	QUB_27F_0644	341	OK
SH_0429	1505	DB_01503	Rumen_Gateway	USED	JDP761_C2			NYO_043	11109010182-1		R	1492R		QUB_0644	QUB_27F_0644	341	OK
SH_0453	1506	DB_01504	Rumen_Gateway	USED	JDP761_C3			NYO_067	11109010182-1		F	27F		QUB_0667	QUB_27F_0667	366	OK
SH_0453	1507	DB_01505	Rumen_Gateway	USED	JDP761_C4			NYO_067	11109010182-1		R	1492R		QUB_0667	QUB_27F_0667	366	OK
SH_0518	1508	DB_01506	Rumen_Gateway	USED	JDP761_C5			64	11109010182-1		F	27F		QUB_0466	QUB_27F_0466	416	OK
SH_0518	1509	DB_01507	Rumen_Gateway	USED	JDP761_C6			64	11109010182-1		R	1492R		QUB_0466	QUB_27F_0466	416	OK
SH_0536	1510	DB_01508	Rumen_Gateway	USED	JDP761_C7			82	11109010182-1		F	27F		QUB_0485	QUB_27F_0485	430	OK
SH_0536	1511	DB_01509	Rumen_Gateway	USED	JDP761_C8			82	11109010182-1		R	1492R		QUB_0485	QUB_27F_0485	430	OK
SH_0537	1512	DB_01510	Rumen_Gateway	USED	JDP761_C9			83	11109010182-1		F	27F		QUB_0486	QUB_27F_0486	431	OK
SH_0537	1513	DB_01511	Rumen_Gateway	USED	JDP761_C10			83	11109010182-1		R	1492R		QUB_0486	QUB_27F_0486	431	OK
SH_0548	1514	DB_01512	Rumen_Gateway	USED	JDP761_C11			94	11109010182-1		F	27F		QUB_0491	QUB_27F_0491	435	OK
SH_0548	1515	DB_01513	Rumen_Gateway	USED	JDP761_C12			94	11109010182-1		R	1492R		QUB_0491	QUB_27F_0491	435	OK
SH_0549	1516	DB_01514	Rumen_Gateway	USED	JDP761_D1			95	11109010182-1		F	27F		QUB_0489	QUB_27F_0489	436	OK
SH_0549	1517	DB_01515	Rumen_Gateway	USED	JDP761_D2			95	11109010182-1		R	1492R		QUB_0489	QUB_27F_0489	436	OK
SH_0557	1518	DB_01516	Rumen_Gateway	USED	JDP761_D3			103	11109010182-1		F	27F		QUB_0497	QUB_27F_0497	443	OK
SH_0557	1519	DB_01517	Rumen_Gateway	USED	JDP761_D4			103	11109010182-1		R	1492R		QUB_0497	QUB_27F_0497	443	OK
SH_0564	1520	DB_01518	Rumen_Gateway	USED	JDP761_D5			110	11109010182-1		F	27F		QUB_0189	QUB_27F_0189	449	OK
SH_0564	1521	DB_01519	Rumen_Gateway	USED	JDP761_D6			110	11109010182-1		R	1492R		QUB_0189	QUB_27F_0189	449	OK
SH_0568	1522	DB_01520	Rumen_Gateway	USED	JDP761_D7			114	11109010182-1		F	27F		QUB_0414	QUB_27F_0414	452	OK
SH_0568	1523	DB_01521	Rumen_Gateway	USED	JDP761_D8			114	11109010182-1		R	1492R		QUB_0414	QUB_27F_0414	452	OK
SH_0595	1524	DB_01522	Rumen_Gateway	USED	JDP761_D9			141	11109010182-1		F	27F		QUB_0419	QUB_27F_0419	478	OK
SH_0595	1525	DB_01523	Rumen_Gateway	USED	JDP761_D10			141	11109010182-1		R	1492R		QUB_0419	QUB_27F_0419	478	OK
SH_0600	1526	DB_01524	Rumen_Gateway	USED	JDP761_D11			146	11109010182-1		F	27F		QUB_0377	QUB_27F_0377	482	OK
SH_0600	1527	DB_01525	Rumen_Gateway	USED	JDP761_D12			146	11109010182-1		R	1492R		QUB_0377	QUB_27F_0377	482	OK
SH_0638	1528	DB_01526	Rumen_Gateway	USED	JDP761_E1			184	11109010182-1		F	27F		QUB_0207	QUB_27F_0207	510	OK
SH_0638	1529	DB_01527	Rumen_Gateway	USED	JDP761_E2			184	11109010182-1		R	1492R		QUB_0207	QUB_27F_0207	510	OK
SH_0639	1530	DB_01528	Rumen_Gateway	USED	JDP761_E3			185	11109010182-1		F	27F		QUB_0370	QUB_27F_0370	511	OK
SH_0639	1531	DB_01529	Rumen_Gateway	USED	JDP761_E4			185	11109010182-1		R	1492R		QUB_0370	QUB_27F_0370	511	OK
SH_0664	1532	DB_01530	Rumen_Gateway	USED	JDP761_E5			210	11109010182-1		F	27F		QUB_0372	QUB_27F_0372	528	OK
SH_0664	1533	DB_01531	Rumen_Gateway	USED	JDP761_E6			210	11109010182-1		R	1492R		QUB_0372	QUB_27F_0372	528	OK
SH_0669	1534	DB_01532	Rumen_Gateway	USED	JDP761_E7			215	11109010182-1		F	27F		QUB_0373	QUB_27F_0373	533	OK
SH_0669	1535	DB_01533	Rumen_Gateway	USED	JDP761_E8			215	11109010182-1		R	1492R		QUB_0373	QUB_27F_0373	533	OK
SH_0670	1536	DB_01534	Rumen_Gateway	USED	JDP761_E9			216	11109010182-1		F	27F		QUB_0384	QUB_27F_0384	534	OK
SH_0670	1537	DB_01535	Rumen_Gateway	USED	JDP761_E10			216	11109010182-1		R	1492R		QUB_0384	QUB_27F_0384	534	OK
SH_0671	1538	DB_01536	Rumen_Gateway	USED	JDP761_E11			217	11109010182-1		F	27F		QUB_0396	QUB_27F_0396	535	OK
SH_0671	1539	DB_01537	Rumen_Gateway	USED	JDP761_E12			217	11109010182-1		R	1492R		QUB_0396	QUB_27F_0396	535	OK
SH_0678	1540	DB_01538	Rumen_Gateway	USED	JDP761_F1			224	11109010182-1		F	27F		QUB_0295	QUB_27F_0295	542	OK
SH_0678	1541	DB_01539	Rumen_Gateway	USED	JDP761_F2			224	11109010182-1		R	1492R		QUB_0295	QUB_27F_0295	542	OK
SH_0684	1542	DB_01540	Rumen_Gateway	USED	JDP761_F3			230	11109010182-1		F	27F		QUB_0263	QUB_27F_0263	547	OK
SH_0684	1543	DB_01541	Rumen_Gateway	USED	JDP761_F4			230	11109010182-1		R	1492R		QUB_0263	QUB_27F_0263	547	OK
SH_0685	1544	DB_01542	Rumen_Gateway	USED	JDP761_F5			231	11109010182-1		F	27F		QUB_0275	QUB_27F_0275	548	OK
SH_0685	1545	DB_01543	Rumen_Gateway	USED	JDP761_F6			231	11109010182-1		R	1492R		QUB_0275	QUB_27F_0275	548	OK
SH_0705	1546	DB_01544	Rumen_Gateway	USED	JDP761_F7			251	11109010182-1		F	27F		QUB_0277	QUB_27F_0277	567	OK
SH_0705	1547	DB_01545	Rumen_Gateway	USED	JDP761_F8			251	11109010182-1		R	1492R		QUB_0277	QUB_27F_0277	567	OK
SH_0707	1548	DB_01546	Rumen_Gateway	USED	JDP761_F9			253	11109010182-1		F	27F		QUB_0301	QUB_27F_0301	569	OK
SH_0707	1549	DB_01547	Rumen_Gateway	USED	JDP761_F10			253	11109010182-1		R	1492R		QUB_0301	QUB_27F_0301	569	OK
SH_0719	1550	DB_01548	Rumen_Gateway	USED	JDP761_F11			265	11109010182-1		F	27F		QUB_0336	QUB_27F_0336	575	OK
SH_0719	1551	DB_01549	Rumen_Gateway	USED	JDP761_F12			265	11109010182-1		R	1492R		QUB_0336	QUB_27F_0336	575	OK
SH_0728	1552	DB_01550	Rumen_Gateway	USED	JDP761_G1			274	11109010182-1		F	27F		QUB_0510	QUB_27F_0510	581	OK
SH_0728	1553	DB_01551	Rumen_Gateway	USED	JDP761_G2			274	11109010182-1		R	1492R		QUB_0510	QUB_27F_0510	581	OK
SH_0730	1554	DB_01552	Rumen_Gateway	USED	JDP761_G3			276	11109010182-1		F	27F		QUB_0511	QUB_27F_0511	582	OK
SH_0730	1555	DB_01553	Rumen_Gateway	USED	JDP761_G4			276	11109010182-1		R	1492R		QUB_0511	QUB_27F_0511	582	OK
SH_0877	1556	DB_01554	Rumen_Gateway	USED	JDP761_G5			423	11109010182-1		F	27F		QUB_0238	QUB_27F_0238	693	OK
SH_0877	1557	DB_01555	Rumen_Gateway	USED	JDP761_G6			423	11109010182-1		R	1492R		QUB_0238	QUB_27F_0238	693	OK
SH_0878	1558	DB_01556	Rumen_Gateway	USED	JDP761_G7			424	11109010182-1		F	27F		QUB_0214	QUB_27F_0214	694	OK
SH_0878	1559	DB_01557	Rumen_Gateway	USED	JDP761_G8			424	11109010182-1		R	1492R		QUB_0214	QUB_27F_0214	694	OK
SH_0880	1560	DB_01558	Rumen_Gateway	USED	JDP761_G9			426	11109010182-1		F	27F		QUB_0190	QUB_27F_0190	696	OK
SH_0880	1561	DB_01559	Rumen_Gateway	USED	JDP761_G10			426	11109010182-1		R	1492R		QUB_0190	QUB_27F_0190	696	OK
SH_0881	1562	DB_01560	Rumen_Gateway	USED	JDP761_G11			427	11109010182-1		F	27F		QUB_0198	QUB_27F_0198	697	OK
SH_0881	1563	DB_01561	Rumen_Gateway	USED	JDP761_G12			427	11109010182-1		R	1492R		QUB_0198	QUB_27F_0198	697	OK
SH_0051	1564	DB_01562	Rumen_Gateway	USED	JDP761_H1			25	11109010182-1		F	27F		QUB_0073	QUB_63F_0073	44	OK
SH_0638	1626	DB_01624	Rumen_Gateway	USED	JTQ678	JTQ678_65946788_65946788	>JTQ678_65946788_65946788	184	11109237829-1	11109302106-1	F	27F	1196	QUB_0207	QUB_27F_0207	510	OK
SH_0638	1627	DB_01625	Rumen_Gateway	USED	JTQ679	JTQ679_65946795_65946795	>JTQ679_65946795_65946795	184	11109237829-1	11109302106-1	R	1492R	1240	QUB_0207	QUB_27F_0207	510	OK
SH_0595	1628	DB_01626	Rumen_Gateway	USED	JTQ680	JTQ680_65946801_65946801	>JTQ680_65946801_65946801	141	11109237829-1	11109302106-1	F	27F	1197	QUB_0419	QUB_27F_0419	478	OK
SH_0595	1629	DB_01627	Rumen_Gateway	USED	JTQ681	JTQ681_65946818_65946818	>JTQ681_65946818_65946818	141	11109237829-1	11109302106-1	R	1492R	1246	QUB_0419	QUB_27F_0419	478	OK
SH_0751	1630	DB_01628	Rumen_Gateway	USED	JTQ682	JTQ682_65946825_65946825	>JTQ682_65946825_65946825	297	11109237829-1	11109302106-1	F	27F	1201	QUB_0280	QUB_27F_0280	598	OK
SH_0751	1631	DB_01629	Rumen_Gateway	USED	JTQ683	JTQ683_65946832_65946832	>JTQ683_65946832_65946832	297	11109237829-1	11109302106-1	R	1492R	1159	QUB_0280	QUB_27F_0280	598	OK
SH_0676	1632	DB_01630	Rumen_Gateway	USED	JTQ684	JTQ684_65946849_65946849	>JTQ684_65946849_65946849	222	11109237829-1	11109302106-1	F	27F	1104	QUB_0271	QUB_27F_0271	540	OK
SH_0676	1633	DB_01631	Rumen_Gateway	USED	JTQ685	JTQ685_65946856_65946856	>JTQ685_65946856_65946856	222	11109237829-1	11109302106-1	R	1492R	1169	QUB_0271	QUB_27F_0271	540	OK
SH_0817	1634	DB_01632	Rumen_Gateway	USED	JTQ686	JTQ686_65946863_65946863	>JTQ686_65946863_65946863	363	11109237829-1	11109302106-1	F	27F	1197	QUB_0262	QUB_27F_0262	657	OK
SH_0817	1635	DB_01633	Rumen_Gateway	USED	JTQ687	JTQ687_65946870_65946870	>JTQ687_65946870_65946870	363	11109237829-1	11109302106-1	R	1492R	1254	QUB_0262	QUB_27F_0262	657	OK
SH_0767	1636	DB_01634	Rumen_Gateway	USED	JTQ688	JTQ688_65946887_65946887	>JTQ688_65946887_65946887	313	11109237829-1	11109302106-1	F	27F	1198	QUB_0209	QUB_27F_0209	614	OK
SH_0767	1637	DB_01635	Rumen_Gateway	USED	JTQ689	JTQ689_65946894_65946894	>JTQ689_65946894_65946894	313	11109237829-1	11109302106-1	R	1492R	1225	QUB_0209	QUB_27F_0209	614	OK
SH_0877	1638	DB_01636	Rumen_Gateway	USED	JTQ690	JTQ690_65946900_65946900	>JTQ690_65946900_65946900	423	11109237829-1	11109302106-1	F	27F	1241	QUB_0238	QUB_27F_0238	693	OK
SH_0877	1639	DB_01637	Rumen_Gateway	USED	JTQ691	JTQ691_65946917_65946917	>JTQ691_65946917_65946917	423	11109237829-1	11109302106-1	R	1492R	1203	QUB_0238	QUB_27F_0238	693	OK
SH_0881	1641	DB_01639	Rumen_Gateway	USED	JTQ693	JTQ693_65946931_65946931	>JTQ693_65946931_65946931	427	11109237829-1	11109302106-1	R	1492R	1209	QUB_0198	QUB_27F_0198	697	OK
SH_0707	1642	DB_01640	Rumen_Gateway	USED	JTQ694	JTQ694_65946948_65946948	>JTQ694_65946948_65946948	253	11109237829-1	11109311948-1	F	27F	1155	QUB_0301	QUB_27F_0301	569	OK
SH_0707	1643	DB_01641	Rumen_Gateway	USED	JTQ695	JTQ695_65946955_65946955	>JTQ695_65946955_65946955	253	11109237829-1	11109311948-1	R	1492R	1202	QUB_0301	QUB_27F_0301	569	OK
SH_0408	1644	DB_01642	Rumen_Gateway	USED	JTQ696	JTQ696_65946962_65946962	>JTQ696_65946962_65946962	NYO_022	11109237829-1	11109311948-1	F	27F	1207	QUB_0621	QUB_27F_0621	319	OK
SH_0408	1645	DB_01643	Rumen_Gateway	USED	JTQ697	JTQ697_65946979_65946979	>JTQ697_65946979_65946979	NYO_022	11109237829-1	11109311948-1	R	1492R	1230	QUB_0621	QUB_27F_0621	319	OK
SH_0726	1646	DB_01644	Rumen_Gateway	USED	JTQ698	JTQ698_65946986_65946986	>JTQ698_65946986_65946986	272	11109237829-1	11109311948-1	F	27F	1185	QUB_0508	QUB_27F_0508	579	OK
SH_0726	1647	DB_01645	Rumen_Gateway	USED	JTQ699	JTQ699_65946993_65946993	>JTQ699_65946993_65946993	272	11109237829-1	11109311948-1	R	1492R	1159	QUB_0508	QUB_27F_0508	579	OK
SH_0605	1648	DB_01646	Rumen_Gateway	USED	JTQ700	JTQ700_65947006_65947006	>JTQ700_65947006_65947006	151	11109237829-1	11109311948-1	F	27F	1115	QUB_0348	QUB_27F_0348	486	OK
SH_0605	1649	DB_01647	Rumen_Gateway	USED	JTQ701	JTQ701_65947013_65947013	>JTQ701_65947013_65947013	151	11109237829-1	11109311948-1	R	1492R	1231	QUB_0348	QUB_27F_0348	486	OK
SH_0717	1650	DB_01648	Rumen_Gateway	USED	JTQ702	JTQ702_65947020_65947020	>JTQ702_65947020_65947020	263	11109237829-1	11109311948-1	F	27F	1121	QUB_0506	QUB_27F_0506	573	OK
SH_0717	1651	DB_01649	Rumen_Gateway	USED	JTQ703	JTQ703_65947037_65947037	>JTQ703_65947037_65947037	263	11109237829-1	11109311948-1	R	1492R	1185	QUB_0506	QUB_27F_0506	573	OK
SH_0369	1652	DB_01650	Rumen_Gateway	USED	JTQ704	JTQ704_65947044_65947044	>JTQ704_65947044_65947044	21_Maria	11109237829-1	11109311948-1	F	27F	1234	QUB_0083; QUB_0550	QUB_63F_0083; QUB_27F_0550	285; 286	OK
SH_0369	1653	DB_01651	Rumen_Gateway	USED	JTQ705	JTQ705_65947051_65947051	>JTQ705_65947051_65947051	21_Maria	11109237829-1	11109311948-1	R	1492R	1195	QUB_0083; QUB_0550	QUB_63F_0083; QUB_27F_0550	285; 286	OK
SH_0436	1654	DB_01652	Rumen_Gateway	USED	JTQ706	JTQ706_65947068_65947068	>JTQ706_65947068_65947068	NYO_050	11109237829-1	11109311948-1	F	27F	1221	QUB_0529	QUB_27F_0529	348	OK
SH_0436	1655	DB_01653	Rumen_Gateway	USED	JTQ707	JTQ707_65947075_65947075	>JTQ707_65947075_65947075	NYO_050	11109237829-1	11109311948-1	R	1492R	1154	QUB_0529	QUB_27F_0529	348	OK
SH_0510	1656	DB_01654	Rumen_Gateway	USED	JTQ708	JTQ708_65947082_65947082	>JTQ708_65947082_65947082	56	11109237829-1	11109311948-1	F	27F	1110	QUB_0469	QUB_27F_0469	411	OK
SH_0510	1657	DB_01655	Rumen_Gateway	USED	JTQ709	JTQ709_65947099_65947099	>JTQ709_65947099_65947099	56	11109237829-1	11109311948-1	R	1492R	1229	QUB_0469	QUB_27F_0469	411	OK
SH_0518	1658	DB_01656	Rumen_Gateway	USED	JTQ710	JTQ710_65947105_65947105	>JTQ710_65947105_65947105	64	11109237829-1	11109311948-1	F	27F	1188	QUB_0466	QUB_27F_0466	416	OK
SH_0518	1659	DB_01657	Rumen_Gateway	USED	JTQ711	JTQ711_65947112_65947112	>JTQ711_65947112_65947112	64	11109237829-1	11109311948-1	R	1492R	1175	QUB_0466	QUB_27F_0466	416	OK
SH_0670	1660	DB_01658	Rumen_Gateway	USED	JTQ712	JTQ712_65947129_65947129	>JTQ712_65947129_65947129	216	11109237829-1	11109311948-1	F	27F	1200	QUB_0384	QUB_27F_0384	534	OK
SH_0670	1661	DB_01659	Rumen_Gateway	USED	JTQ713	JTQ713_65947136_65947136	>JTQ713_65947136_65947136	216	11109237829-1	11109311948-1	R	1492R	1229	QUB_0384	QUB_27F_0384	534	OK
SH_0719	1662	DB_01660	Rumen_Gateway	USED	JTQ714	JTQ714_65947143_65947143	>JTQ714_65947143_65947143	265	11109237829-1	11109311948-1	F	27F	1099	QUB_0336	QUB_27F_0336	575	OK
SH_0719	1663	DB_01661	Rumen_Gateway	USED	JTQ715	JTQ715_65947150_65947150	>JTQ715_65947150_65947150	265	11109237829-1	11109311948-1	R	1492R	1146	QUB_0336	QUB_27F_0336	575	OK
SH_0685	1664	DB_01662	Rumen_Gateway	USED	JTQ716	JTQ716_65947167_65947167	>JTQ716_65947167_65947167	231	11109237829-1	11109311948-1	F	27F	1130	QUB_0275	QUB_27F_0275	548	OK
SH_0685	1665	DB_01663	Rumen_Gateway	USED	JTQ717	JTQ717_65947174_65947174	>JTQ717_65947174_65947174	231	11109237829-1	11109311948-1	R	1492R	1123	QUB_0275	QUB_27F_0275	548	OK
SH_0695	1666	DB_01664	Rumen_Gateway	USED	JTQ718	JTQ718_65947181_65947181	>JTQ718_65947181_65947181	241	11109237829-1	11109311948-1	F	27F	1196	QUB_0501	QUB_27F_0501	557	OK
SH_0695	1667	DB_01665	Rumen_Gateway	USED	JTQ719	JTQ719_65947198_65947198	>JTQ719_65947198_65947198	241	11109237829-1	11109311948-1	R	1492R	1235	QUB_0501	QUB_27F_0501	557	OK
SH_0543	1668	DB_01666	Rumen_Gateway	USED	JTQ720	JTQ720_65947204_65947204	>JTQ720_65947204_65947204	89	11109237829-1	11109311948-1	F	27F	1191	QUB_0488	QUB_27F_0488	434	OK
SH_0543	1669	DB_01667	Rumen_Gateway	USED	JTQ721	JTQ721_65947211_65947211	>JTQ721_65947211_65947211	89	11109237829-1	11109311948-1	R	1492R	1164	QUB_0488	QUB_27F_0488	434	OK
SH_0067	1670	DB_01668	Rumen_Gateway	USED	JTQ722	JTQ722_65947228_65947228	>JTQ722_65947228_65947228	160	11109237829-1	11109311948-1	F	27F	1183				MISSING_QUB_ID
SH_0067	1671	DB_01669	Rumen_Gateway	USED	JTQ723	JTQ723_65947235_65947235	>JTQ723_65947235_65947235	160	11109237829-1	11109311948-1	R	1492R	1232				MISSING_QUB_ID
SH_0881	1672	DB_01670	Rumen_Gateway	USED	JTQ724	JTQ724_65947242_65947242	>JTQ724_65947242_65947242	427	11109237829-1	11109311948-1	F	27F	1179	QUB_0198	QUB_27F_0198	697	OK
SH_0046	1673	DB_01671	Rumen_Gateway	USED	JTQ725	JTQ725_65947259_65947259	>JTQ725_65947259_65947259	122	11109237829-1	11109331855-1	F	27F	1254	QUB_0041	QUB_63F_0041	37	OK
SH_0046	1674	DB_01672	Rumen_Gateway	USED	JTQ726	JTQ726_65947266_65947266	>JTQ726_65947266_65947266	122	11109237829-1	11109331855-1	R	1492R	1242	QUB_0041	QUB_63F_0041	37	OK
SH_0092	1675	DB_01673	Rumen_Gateway	USED	JTQ727	JTQ727_65947273_65947273	>JTQ727_65947273_65947273	67	11109237829-1	11109331855-1	F	27F	1143	QUB_0026	QUB_63F_0026	98	OK
SH_0092	1676	DB_01674	Rumen_Gateway	USED	JTQ728	JTQ728_65947280_65947280	>JTQ728_65947280_65947280	67	11109237829-1	11109331855-1	R	1492R	1167	QUB_0026	QUB_63F_0026	98	OK
SH_0289	1677	DB_01675	Rumen_Gateway	USED	JTQ729	JTQ729_65947297_65947297	>JTQ729_65947297_65947297	50	11109237829-1	11109331855-1	F	27F	1186	QUB_0577	QUB_27F_0577	233	OK
SH_0289	1678	DB_01676	Rumen_Gateway	USED	JTQ730	JTQ730_65947303_65947303	>JTQ730_65947303_65947303	50	11109237829-1	11109331855-1	R	1492R	1228	QUB_0577	QUB_27F_0577	233	OK
SH_0362	1679	DB_01677	Rumen_Gateway	USED	JTQ731	JTQ731_65947310_65947310	>JTQ731_65947310_65947310	13_Maria	11109237829-1	11109331855-1	F	27F	1185	QUB_0084; QUB_0544	QUB_63F_0084; QUB_27F_0544	272; 273	OK
SH_0362	1680	DB_01678	Rumen_Gateway	USED	JTQ732	JTQ732_65947327_65947327	>JTQ732_65947327_65947327	13_Maria	11109237829-1	11109331855-1	R	1492R	1260	QUB_0084; QUB_0544	QUB_63F_0084; QUB_27F_0544	272; 273	OK
SH_0390	1681	DB_01679	Rumen_Gateway	USED	JTQ733	JTQ733_65947334_65947334	>JTQ733_65947334_65947334	NYO_004	11109237829-1	11109331855-1	F	27F	1213	QUB_0516	QUB_27F_0516	303	OK
SH_0390	1682	DB_01680	Rumen_Gateway	USED	JTQ734	JTQ734_65947341_65947341	>JTQ734_65947341_65947341	NYO_004	11109237829-1	11109331855-1	R	1492R	1141	QUB_0516	QUB_27F_0516	303	OK
SH_0399	1683	DB_01681	Rumen_Gateway	USED	JTQ735	JTQ735_65947358_65947358	>JTQ735_65947358_65947358	NYO_013	11109237829-1	11109331855-1	F	27F	1132	QUB_0612	QUB_27F_0612	312	OK
SH_0399	1684	DB_01682	Rumen_Gateway	USED	JTQ736	JTQ736_65947365_65947365	>JTQ736_65947365_65947365	NYO_013	11109237829-1	11109331855-1	R	1492R	1112	QUB_0612	QUB_27F_0612	312	OK
SH_0520	1685	DB_01683	Rumen_Gateway	USED	JTQ737	JTQ737_65947372_65947372	>JTQ737_65947372_65947372	66	11109237829-1	11109331855-1	F	27F	787	QUB_0467	QUB_27F_0467	417	OK
SH_0520	1686	DB_01684	Rumen_Gateway	USED	JTQ738	JTQ738_65947389_65947389	>JTQ738_65947389_65947389	66	11109237829-1	11109331855-1	R	1492R	659	QUB_0467	QUB_27F_0467	417	OK
SH_0575	1687	DB_01685	Rumen_Gateway	USED	JTQ739	JTQ739_65947396_65947396	>JTQ739_65947396_65947396	121	11109237829-1	11109331855-1	F	27F	1192	QUB_0407	QUB_27F_0407	459	OK
SH_0575	1688	DB_01686	Rumen_Gateway	USED	JTQ740	JTQ740_65947402_65947402	>JTQ740_65947402_65947402	121	11109237829-1	11109331855-1	R	1492R	1154	QUB_0407	QUB_27F_0407	459	OK
SH_0582	1689	DB_01687	Rumen_Gateway	USED	JTQ741	JTQ741_65947419_65947419	>JTQ741_65947419_65947419	128	11109237829-1	11109331855-1	F	27F	1200	QUB_0386	QUB_27F_0386	466	OK
SH_0582	1690	DB_01688	Rumen_Gateway	USED	JTQ742	JTQ742_65947426_65947426	>JTQ742_65947426_65947426	128	11109237829-1	11109331855-1	R	1492R	1162	QUB_0386	QUB_27F_0386	466	OK
SH_0672	1691	DB_01689	Rumen_Gateway	USED	JTQ743	JTQ743_65947433_65947433	>JTQ743_65947433_65947433	218	11109237829-1	11109331855-1	F	27F	1045	QUB_0406	QUB_27F_0406	536	OK
SH_0672	1692	DB_01690	Rumen_Gateway	USED	JTQ744	JTQ744_65947440_65947440	>JTQ744_65947440_65947440	218	11109237829-1	11109331855-1	R	1492R	1143	QUB_0406	QUB_27F_0406	536	OK
SH_0678	1693	DB_01691	Rumen_Gateway	USED	JTQ745	JTQ745_65947457_65947457	>JTQ745_65947457_65947457	224	11109237829-1	11109331855-1	F	27F	1176	QUB_0295	QUB_27F_0295	542	OK
SH_0678	1694	DB_01692	Rumen_Gateway	USED	JTQ746	JTQ746_65947464_65947464	>JTQ746_65947464_65947464	224	11109237829-1	11109331855-1	R	1492R	1179	QUB_0295	QUB_27F_0295	542	OK
SH_0728	1695	DB_01693	Rumen_Gateway	USED	JTQ747	JTQ747_65947471_65947471	>JTQ747_65947471_65947471	274	11109237829-1	11109331855-1	F	27F	1028	QUB_0510	QUB_27F_0510	581	OK
SH_0728	1696	DB_01694	Rumen_Gateway	USED	JTQ748	JTQ748_65947488_65947488	>JTQ748_65947488_65947488	274	11109237829-1	11109331855-1	R	1492R	1137	QUB_0510	QUB_27F_0510	581	OK
SH_0008	1697	DB_01695	Rumen_Gateway	USED	JTQ749	JTQ749_65947495_65947495	>JTQ749_65947495_65947495	RC62	11109237829-1	11109404102-1	F	27F	1191	QUB_0021; QUB_0168	QUB_63F_0021; QUB_27F_0168	30; 31	OK
SH_0008	1698	DB_01696	Rumen_Gateway	USED	JTQ750	JTQ750_65947501_65947501	>JTQ750_65947501_65947501	RC62	11109237829-1	11109404102-1	R	1492R	1257	QUB_0021; QUB_0168	QUB_63F_0021; QUB_27F_0168	30; 31	OK
SH_0876	1699	DB_01697	Rumen_Gateway	USED	JTQ751	JTQ751_65947518_65947518	>JTQ751_65947518_65947518	422	11109237829-1	11109404102-1	F	27F	1241	QUB_0229	QUB_27F_0229	692	OK
SH_0876	1700	DB_01698	Rumen_Gateway	USED	JTQ752	JTQ752_65947525_65947525	>JTQ752_65947525_65947525	422	11109237829-1	11109404102-1	R	1492R	1271	QUB_0229	QUB_27F_0229	692	OK
SH_0878	1701	DB_01699	Rumen_Gateway	USED	JTQ753	JTQ753_65947532_65947532	>JTQ753_65947532_65947532	424	11109237829-1	11109404102-1	F	27F	1235	QUB_0214	QUB_27F_0214	694	OK
SH_0878	1702	DB_01700	Rumen_Gateway	USED	JTQ754	JTQ754_65947549_65947549	>JTQ754_65947549_65947549	424	11109237829-1	11109404102-1	R	1492R	1201	QUB_0214	QUB_27F_0214	694	OK
SH_0702	1703	DB_01701	Rumen_Gateway	USED	JTQ755	JTQ755_65947556_65947556	>JTQ755_65947556_65947556	248	11109237829-1	11109404102-1	F	27F	1255	QUB_0335	QUB_27F_0335	564	OK
SH_0702	1704	DB_01702	Rumen_Gateway	USED	JTQ756	JTQ756_65947563_65947563	>JTQ756_65947563_65947563	248	11109237829-1	11109404102-1	R	1492R	1227	QUB_0335	QUB_27F_0335	564	OK
SH_0168	1705	DB_01703	Rumen_Gateway	USED	JTQ757	JTQ757_65947570_65947570	>JTQ757_65947570_65947570	1	11109237829-1	11109417122-1	F	27F	1198	QUB_0048	QUB_63F_0048	188	OK
SH_0168	1706	DB_01704	Rumen_Gateway	USED	JTQ758	JTQ758_65947587_65947587	>JTQ758_65947587_65947587	1	11109237829-1	11109417122-1	R	1492R	1180	QUB_0048	QUB_63F_0048	188	OK
SH_0264	1707	DB_01705	Rumen_Gateway	USED	JTQ759	JTQ759_65947594_65947594	>JTQ759_65947594_65947594	25	11109237829-1	11109417122-1	F	27F	1191	QUB_0560	QUB_27F_0560	223	OK
SH_0264	1708	DB_01706	Rumen_Gateway	USED	JTQ760	JTQ760_65947600_65947600	>JTQ760_65947600_65947600	25	11109237829-1	11109417122-1	R	1492R	1155	QUB_0560	QUB_27F_0560	223	OK
SH_0390	1709	DB_01707	Rumen_Gateway	USED	JTQ761	JTQ761_65947617_65947617	>JTQ761_65947617_65947617	NYO_004	11109237829-1	11109417122-1	F	27F	1191	QUB_0516	QUB_27F_0516	303	OK
SH_0390	1710	DB_01708	Rumen_Gateway	USED	JTQ762	JTQ762_65947624_65947624	>JTQ762_65947624_65947624	NYO_004	11109237829-1	11109417122-1	R	1492R	1252	QUB_0516	QUB_27F_0516	303	OK
SH_0362	1711	DB_01709	Rumen_Gateway	USED	JTQ763	JTQ763_65947631_65947631	>JTQ763_65947631_65947631	13_Maria	11109237829-1	11109422824-1	R	1492R	1066	QUB_0084; QUB_0544	QUB_63F_0084; QUB_27F_0544	272; 273	OK
SH_0362	1712	DB_01710	Rumen_Gateway	USED	JTQ764	JTQ764_65947648_65947648	>JTQ764_65947648_65947648	13_Maria	11109237829-1	11109422824-1	F	27F	950	QUB_0084; QUB_0544	QUB_63F_0084; QUB_27F_0544	272; 273	OK
SH_0289	1713	DB_01711	Rumen_Gateway	USED	JTQ765	JTQ765_65947655_65947655	>JTQ765_65947655_65947655	50	11109237829-1	11109422824-1	F	27F	991	QUB_0577	QUB_27F_0577	233	OK
SH_0289	1714	DB_01712	Rumen_Gateway	USED	JTQ766	JTQ766_65947662_65947662	>JTQ766_65947662_65947662	50	11109237829-1	11109422824-1	R	1492R	1069	QUB_0577	QUB_27F_0577	233	OK
SH_0559	1715	DB_01713	Rumen_Gateway	USED	JTQ767	JTQ767_65947679_65947679	>JTQ767_65947679_65947679	105	11109237829-1	11109422824-1	F	27F	1000	QUB_0208	QUB_27F_0208	445	OK
SH_0559	1716	DB_01714	Rumen_Gateway	USED	JTQ768	JTQ768_65947686_65947686	>JTQ768_65947686_65947686	105	11109237829-1	11109422824-1	R	1492R	1014	QUB_0208	QUB_27F_0208	445	OK
SH_0542	1717	DB_01715	Rumen_Gateway	USED	JTQ769	JTQ769_65947693_65947693	>JTQ769_65947693_65947693	88	11109237829-1	11109422824-1	F	27F	981	QUB_0490	QUB_27F_0490	433	OK
SH_0542	1718	DB_01716	Rumen_Gateway	USED	JTQ770	JTQ770_65947709_65947709	>JTQ770_65947709_65947709	88	11109237829-1	11109422824-1	R	1492R	1023	QUB_0490	QUB_27F_0490	433	OK
SH_0382	1719	DB_01717	Rumen_Gateway	USED	JTQ771	JTQ771_65947716_65947716	>JTQ771_65947716_65947716	30_Maria	11109237829-1	11109422824-1	F	27F	1010	QUB_0085; QUB_0580	QUB_63F_0085; QUB_27F_0580	297; 298	OK
SH_0382	1720	DB_01718	Rumen_Gateway	USED	JTQ772	JTQ772_65947723_65947723	>JTQ772_65947723_65947723	30_Maria	11109237829-1	11109422824-1	R	1492R	995	QUB_0085; QUB_0580	QUB_63F_0085; QUB_27F_0580	297; 298	OK
SH_0044	1721	DB_01719	Rumen_Gateway	USED	JTQ773	JTQ773_65947730_65947730	>JTQ773_65947730_65947730	22	11109237829-1	11109422824-1	F	27F	227	QUB_0070; QUB_0582; QUB_0663	QUB_1387FC_0070; QUB_27F_0582; QUB_27F_0663	33; 34; 35	OK
SH_0044	1722	DB_01720	Rumen_Gateway	USED	JTQ774	JTQ774_65947747_65947747	>JTQ774_65947747_65947747	22	11109237829-1	11109422824-1	R	1492R	990	QUB_0070; QUB_0582; QUB_0663	QUB_1387FC_0070; QUB_27F_0582; QUB_27F_0663	33; 34; 35	OK
SH_0427	1723	DB_01721	Rumen_Gateway	USED	JTQ775	JTQ775_65947754_65947754	>JTQ775_65947754_65947754	NYO_041	11109237829-1	11109422824-1	F	27F	468	QUB_0642	QUB_27F_0642	339	OK
SH_0494	1724	DB_01722	Rumen_Gateway	USED	JTQ776	JTQ776_65947761_65947761	>JTQ776_65947761_65947761	40	11109237829-1	11109422824-1	R	1492R	980	QUB_0456	QUB_27F_0456	400	OK
SH_0824	1725	DB_01723	Rumen_Gateway	USED	KCX841	KCX841_68358410_68358410	>KCX841_68358410_68358410	370	11109427814-1	11109435439-1	F	27F	1134	QUB_0321	QUB_27F_0321	663	OK
SH_0824	1726	DB_01724	Rumen_Gateway	USED	KCX842	KCX842_68358427_68358427	>KCX842_68358427_68358427	370	11109427814-1	11109435439-1	R	1492R	1256	QUB_0321	QUB_27F_0321	663	OK
SH_0782	1727	DB_01725	Rumen_Gateway	USED	KCX843	KCX843_68358434_68358434	>KCX843_68358434_68358434	328	11109427814-1	11109435439-1	F	27F	1208	QUB_0328	QUB_27F_0328	630	OK
SH_0782	1728	DB_01726	Rumen_Gateway	USED	KCX844	KCX844_68358441_68358441	>KCX844_68358441_68358441	328	11109427814-1	11109435439-1	R	1492R	1284	QUB_0328	QUB_27F_0328	630	OK
SH_0676	1729	DB_01727	Rumen_Gateway	USED	KCX845	KCX845_68358458_68358458	>KCX845_68358458_68358458	222	11109427814-1	11109435439-1	F	27F	1226	QUB_0271	QUB_27F_0271	540	OK
SH_0676	1730	DB_01728	Rumen_Gateway	USED	KCX846	KCX846_68358465_68358465	>KCX846_68358465_68358465	222	11109427814-1	11109435439-1	R	1492R	1248	QUB_0271	QUB_27F_0271	540	OK
SH_0695	1731	DB_01729	Rumen_Gateway	USED	KCX847	KCX847_68358472_68358472	>KCX847_68358472_68358472	241	11109427814-1	11109435439-1	F	27F	1257	QUB_0501	QUB_27F_0501	557	OK
SH_0695	1732	DB_01730	Rumen_Gateway	USED	KCX848	KCX848_68358489_68358489	>KCX848_68358489_68358489	241	11109427814-1	11109435439-1	R	1492R	1273	QUB_0501	QUB_27F_0501	557	OK
SH_0046	1733	DB_01731	Rumen_Gateway	USED	KCX849	KCX849_68358496_68358496	>KCX849_68358496_68358496	122	11109427814-1	11109435439-1	F	27F	1275	QUB_0041	QUB_63F_0041	37	OK
SH_0046	1734	DB_01732	Rumen_Gateway	USED	KCX850	KCX850_68358502_68358502	>KCX850_68358502_68358502	122	11109427814-1	11109435439-1	R	1492R	1264	QUB_0041	QUB_63F_0041	37	OK
SH_0494	1735	DB_01733	Rumen_Gateway	USED	KCX851	KCX851_68358519_68358519	>KCX851_68358519_68358519	40	11109427814-1	11109435439-1	F	27F	467	QUB_0456	QUB_27F_0456	400	OK
SH_0044	1736	DB_01734	Rumen_Gateway	USED	KCX852	KCX852_68358526_68358526	>KCX852_68358526_68358526	22	11109427814-1	11109435439-1	F	27F	724	QUB_0070; QUB_0582; QUB_0663	QUB_1387FC_0070; QUB_27F_0582; QUB_27F_0663	33; 34; 35	OK
SH_0717	1737	DB_01735	Rumen_Gateway	USED	KCX853	KCX853_68358533_68358533	>KCX853_68358533_68358533	263	11109427814-1	11109445888-1	F	27F	1237	QUB_0506	QUB_27F_0506	573	OK
SH_0717	1738	DB_01736	Rumen_Gateway	USED	KCX854	KCX854_68358540_68358540	>KCX854_68358540_68358540	263	11109427814-1	11109445888-1	R	1492R	1263	QUB_0506	QUB_27F_0506	573	OK
SH_0095	1739	DB_01737	Rumen_Gateway	USED	KCX855	KCX855_68358557_68358557	>KCX855_68358557_68358557	176	11109427814-1	11109445888-1	F	27F	1202				MISSING_QUB_ID
SH_0095	1740	DB_01738	Rumen_Gateway	USED	KCX856	KCX856_68358564_68358564	>KCX856_68358564_68358564	176	11109427814-1	11109445888-1	R	1492R	1269				MISSING_QUB_ID
SH_0369	1741	DB_01739	Rumen_Gateway	USED	KCX857	KCX857_68358571_68358571	>KCX857_68358571_68358571	21_Maria	11109427814-1	11109445888-1	F	27F	1234	QUB_0083; QUB_0550	QUB_63F_0083; QUB_27F_0550	285; 286	OK
SH_0369	1742	DB_01740	Rumen_Gateway	USED	KCX858	KCX858_68358588_68358588	>KCX858_68358588_68358588	21_Maria	11109427814-1	11109445888-1	R	1492R	1275	QUB_0083; QUB_0550	QUB_63F_0083; QUB_27F_0550	285; 286	OK
SH_0760	1743	DB_01741	Rumen_Gateway	USED	KCX859	KCX859_68358595_68358595	>KCX859_68358595_68358595	306	11109427814-1	11109445888-1	F	27F	1070	QUB_0258	QUB_27F_0258	607	OK
SH_0760	1744	DB_01742	Rumen_Gateway	USED	KCX860	KCX860_68358601_68358601	>KCX860_68358601_68358601	306	11109427814-1	11109445888-1	R	1492R	1298	QUB_0258	QUB_27F_0258	607	OK
SH_0262	1745	DB_01743	Rumen_Gateway	USED	KCX861	KCX861_68358618_68358618	>KCX861_68358618_68358618	23	11109427814-1	11109445888-1	F	27F	1227	QUB_0558	QUB_27F_0558	221	OK
SH_0262	1746	DB_01744	Rumen_Gateway	USED	KCX862	KCX862_68358625_68358625	>KCX862_68358625_68358625	23	11109427814-1	11109445888-1	R	1492R	1225	QUB_0558	QUB_27F_0558	221	OK
SH_0825	1747	DB_01745	Rumen_Gateway	USED	KCX863	KCX863_68358632_68358632	>KCX863_68358632_68358632	371	11109427814-1	11109445888-1	F	27F	1206	QUB_0333	QUB_27F_0333	664	OK
SH_0825	1748	DB_01746	Rumen_Gateway	USED	KCX864	KCX864_68358649_68358649	>KCX864_68358649_68358649	371	11109427814-1	11109445888-1	R	1492R	1253	QUB_0333	QUB_27F_0333	664	OK
SH_0624	1749	DB_01747	Rumen_Gateway	USED	KCX865	KCX865_68358656_68358656	>KCX865_68358656_68358656	170	11109427814-1	11109445888-1	F	27F	1242	QUB_0412	QUB_27F_0412	502	OK
SH_0624	1750	DB_01748	Rumen_Gateway	USED	KCX866	KCX866_68358663_68358663	>KCX866_68358663_68358663	170	11109427814-1	11109445888-1	R	1492R	1242	QUB_0412	QUB_27F_0412	502	OK
SH_0520	1751	DB_01749	Rumen_Gateway	USED	KCX867	KCX867_68358670_68358670	>KCX867_68358670_68358670	66	11109427814-1	11109477746-1	F	27F	1206	QUB_0467	QUB_27F_0467	417	OK
SH_0520	1752	DB_01750	Rumen_Gateway	USED	KCX868	KCX868_68358687_68358687	>KCX868_68358687_68358687	66	11109427814-1	11109477746-1	R	1492R	1217	QUB_0467	QUB_27F_0467	417	OK
SH_0672	1753	DB_01751	Rumen_Gateway	USED	KCX869	KCX869_68358694_68358694	>KCX869_68358694_68358694	218	11109427814-1	11109477746-1	F	27F	1222	QUB_0406	QUB_27F_0406	536	OK
SH_0672	1754	DB_01752	Rumen_Gateway	USED	KCX870	KCX870_68358700_68358700	>KCX870_68358700_68358700	218	11109427814-1	11109477746-1	R	1492R	1155	QUB_0406	QUB_27F_0406	536	OK
SH_0817	1755	DB_01753	Rumen_Gateway	USED	KCX871	KCX871_68358717_68358717	>KCX871_68358717_68358717	363	11109427814-1	11109477746-1	F	27F	1204	QUB_0262	QUB_27F_0262	657	OK
SH_0817	1756	DB_01754	Rumen_Gateway	USED	KCX872	KCX872_68358724_68358724	>KCX872_68358724_68358724	363	11109427814-1	11109477746-1	R	1492R	1234	QUB_0262	QUB_27F_0262	657	OK
SH_0582	1757	DB_01755	Rumen_Gateway	USED	KCX873	KCX873_68358731_68358731	>KCX873_68358731_68358731	128	11109427814-1	11109477746-1	F	27F	1220	QUB_0386	QUB_27F_0386	466	OK
SH_0582	1758	DB_01756	Rumen_Gateway	USED	KCX874	KCX874_68358748_68358748	>KCX874_68358748_68358748	128	11109427814-1	11109477746-1	R	1492R	1222	QUB_0386	QUB_27F_0386	466	OK
SH_0543	1759	DB_01757	Rumen_Gateway	USED	KCX875	KCX875_68358755_68358755	>KCX875_68358755_68358755	89	11109427814-1	11109477746-1	F	27F	1213	QUB_0488	QUB_27F_0488	434	OK
SH_0543	1760	DB_01758	Rumen_Gateway	USED	KCX876	KCX876_68358762_68358762	>KCX876_68358762_68358762	89	11109427814-1	11109477746-1	R	1492R	1222	QUB_0488	QUB_27F_0488	434	OK
SH_0510	1761	DB_01759	Rumen_Gateway	USED	KCX877	KCX877_68358779_68358779	>KCX877_68358779_68358779	56	11109427814-1	11109500805-1	F	27F	1223	QUB_0469	QUB_27F_0469	411	OK
SH_0510	1762	DB_01760	Rumen_Gateway	USED	KCX878	KCX878_68358786_68358786	>KCX878_68358786_68358786	56	11109427814-1	11109500805-1	R	1492R	1228	QUB_0469	QUB_27F_0469	411	OK
SH_0436	1763	DB_01761	Rumen_Gateway	USED	KCX879	KCX879_68358793_68358793	>KCX879_68358793_68358793	NYO_050	11109427814-1	11109500805-1	F	27F	1249	QUB_0529	QUB_27F_0529	348	OK
SH_0436	1764	DB_01762	Rumen_Gateway	USED	KCX880	KCX880_68358809_68358809	>KCX880_68358809_68358809	NYO_050	11109427814-1	11109500805-1	R	1492R	1256	QUB_0529	QUB_27F_0529	348	OK
SH_0465	1825	DB_01823	Rumen_Gateway					11									MISSING_FASTA_AND_QUB_ID
SH_0467	1826	DB_01824	Rumen_Gateway					13									MISSING_FASTA_AND_QUB_ID
SH_0472	1827	DB_01825	Rumen_Gateway					18									MISSING_FASTA_AND_QUB_ID
SH_0507	1828	DB_01826	Rumen_Gateway					53									MISSING_FASTA_AND_QUB_ID
SH_0508	1829	DB_01827	Rumen_Gateway					54									MISSING_FASTA_AND_QUB_ID
SH_0513	1830	DB_01828	Rumen_Gateway					59									MISSING_FASTA_AND_QUB_ID
SH_0522	1831	DB_01829	Rumen_Gateway					68									MISSING_FASTA_AND_QUB_ID
SH_0526	1832	DB_01830	Rumen_Gateway					72									MISSING_FASTA_AND_QUB_ID
SH_0560	1833	DB_01831	Rumen_Gateway					106									MISSING_FASTA_AND_QUB_ID
SH_0597	1834	DB_01832	Rumen_Gateway					143									MISSING_FASTA_AND_QUB_ID
SH_0609	1835	DB_01833	Rumen_Gateway					155									MISSING_FASTA_AND_QUB_ID
SH_0614	1836	DB_01834	Rumen_Gateway					160									MISSING_FASTA_AND_QUB_ID
SH_0632	1837	DB_01835	Rumen_Gateway					178									MISSING_FASTA_AND_QUB_ID
SH_0633	1838	DB_01836	Rumen_Gateway					179									MISSING_FASTA_AND_QUB_ID
SH_0657	1839	DB_01837	Rumen_Gateway					203									MISSING_FASTA_AND_QUB_ID
SH_0658	1840	DB_01838	Rumen_Gateway					204									MISSING_FASTA_AND_QUB_ID
SH_0659	1841	DB_01839	Rumen_Gateway					205									MISSING_FASTA_AND_QUB_ID
SH_0660	1842	DB_01840	Rumen_Gateway					206									MISSING_FASTA_AND_QUB_ID
SH_0661	1843	DB_01841	Rumen_Gateway					207									MISSING_FASTA_AND_QUB_ID
SH_0662	1844	DB_01842	Rumen_Gateway					208									MISSING_FASTA_AND_QUB_ID
SH_0663	1845	DB_01843	Rumen_Gateway					209									MISSING_FASTA_AND_QUB_ID
SH_0681	1846	DB_01844	Rumen_Gateway					227									MISSING_FASTA_AND_QUB_ID
SH_0689	1847	DB_01845	Rumen_Gateway					235									MISSING_FASTA_AND_QUB_ID
SH_0693	1848	DB_01846	Rumen_Gateway					239									MISSING_FASTA_AND_QUB_ID
SH_0710	1849	DB_01847	Rumen_Gateway					256									MISSING_FASTA_AND_QUB_ID
SH_0711	1850	DB_01848	Rumen_Gateway					257									MISSING_FASTA_AND_QUB_ID
SH_0712	1851	DB_01849	Rumen_Gateway					258									MISSING_FASTA_AND_QUB_ID
SH_0714	1852	DB_01850	Rumen_Gateway					260									MISSING_FASTA_AND_QUB_ID
SH_0715	1853	DB_01851	Rumen_Gateway					261									MISSING_FASTA_AND_QUB_ID
SH_0716	1854	DB_01852	Rumen_Gateway					262									MISSING_FASTA_AND_QUB_ID
SH_0721	1855	DB_01853	Rumen_Gateway					267									MISSING_FASTA_AND_QUB_ID
SH_0724	1856	DB_01854	Rumen_Gateway					270									MISSING_FASTA_AND_QUB_ID
SH_0725	1857	DB_01855	Rumen_Gateway					271									MISSING_FASTA_AND_QUB_ID
SH_0729	1858	DB_01856	Rumen_Gateway					275									MISSING_FASTA_AND_QUB_ID
SH_0732	1859	DB_01857	Rumen_Gateway					278									MISSING_FASTA_AND_QUB_ID
SH_0734	1860	DB_01858	Rumen_Gateway					280									MISSING_FASTA_AND_QUB_ID
SH_0749	1861	DB_01859	Rumen_Gateway					295									MISSING_FASTA_AND_QUB_ID
SH_0766	1862	DB_01860	Rumen_Gateway					312									MISSING_FASTA_AND_QUB_ID
SH_0783	1863	DB_01861	Rumen_Gateway					329									MISSING_FASTA_AND_QUB_ID
SH_0789	1864	DB_01862	Rumen_Gateway					335									MISSING_FASTA_AND_QUB_ID
SH_0791	1865	DB_01863	Rumen_Gateway					337									MISSING_FASTA_AND_QUB_ID
SH_0793	1866	DB_01864	Rumen_Gateway					339									MISSING_FASTA_AND_QUB_ID
SH_0796	1867	DB_01865	Rumen_Gateway					342									MISSING_FASTA_AND_QUB_ID
SH_0808	1868	DB_01866	Rumen_Gateway					354									MISSING_FASTA_AND_QUB_ID
SH_0814	1869	DB_01867	Rumen_Gateway					360									MISSING_FASTA_AND_QUB_ID
SH_0816	1870	DB_01868	Rumen_Gateway					362									MISSING_FASTA_AND_QUB_ID
SH_0823	1871	DB_01869	Rumen_Gateway					369									MISSING_FASTA_AND_QUB_ID
SH_0828	1872	DB_01870	Rumen_Gateway					374									MISSING_FASTA_AND_QUB_ID
SH_0830	1873	DB_01871	Rumen_Gateway					376									MISSING_FASTA_AND_QUB_ID
SH_0832	1874	DB_01872	Rumen_Gateway					378									MISSING_FASTA_AND_QUB_ID
SH_0833	1875	DB_01873	Rumen_Gateway					379									MISSING_FASTA_AND_QUB_ID
SH_0834	1876	DB_01874	Rumen_Gateway					380									MISSING_FASTA_AND_QUB_ID
SH_0837	1877	DB_01875	Rumen_Gateway					383									MISSING_FASTA_AND_QUB_ID
SH_0839	1878	DB_01876	Rumen_Gateway					385									MISSING_FASTA_AND_QUB_ID
SH_0840	1879	DB_01877	Rumen_Gateway					386									MISSING_FASTA_AND_QUB_ID
SH_0841	1880	DB_01878	Rumen_Gateway					387									MISSING_FASTA_AND_QUB_ID
SH_0842	1881	DB_01879	Rumen_Gateway					388									MISSING_FASTA_AND_QUB_ID
SH_0843	1882	DB_01880	Rumen_Gateway					389									MISSING_FASTA_AND_QUB_ID
SH_0844	1883	DB_01881	Rumen_Gateway					390									MISSING_FASTA_AND_QUB_ID
SH_0846	1884	DB_01882	Rumen_Gateway					392									MISSING_FASTA_AND_QUB_ID
SH_0847	1885	DB_01883	Rumen_Gateway					393									MISSING_FASTA_AND_QUB_ID
SH_0848	1886	DB_01884	Rumen_Gateway					394									MISSING_FASTA_AND_QUB_ID
SH_0850	1887	DB_01885	Rumen_Gateway					396									MISSING_FASTA_AND_QUB_ID
SH_0863	1888	DB_01886	Rumen_Gateway					409									MISSING_FASTA_AND_QUB_ID
SH_0865	1889	DB_01887	Rumen_Gateway					411									MISSING_FASTA_AND_QUB_ID
SH_0866	1890	DB_01888	Rumen_Gateway					412									MISSING_FASTA_AND_QUB_ID
SH_0869	1891	DB_01889	Rumen_Gateway					415									MISSING_FASTA_AND_QUB_ID
SH_0870	1892	DB_01890	Rumen_Gateway					416									MISSING_FASTA_AND_QUB_ID
SH_0884	1893	DB_01891	Rumen_Gateway					430									MISSING_FASTA_AND_QUB_ID
SH_0885	1894	DB_01892	Rumen_Gateway					431									MISSING_FASTA_AND_QUB_ID
SH_0886	1895	DB_01893	Rumen_Gateway					432									MISSING_FASTA_AND_QUB_ID
SH_0887	1896	DB_01894	Rumen_Gateway					433									MISSING_FASTA_AND_QUB_ID
SH_0888	1897	DB_01895	Rumen_Gateway					434									MISSING_FASTA_AND_QUB_ID
SH_0889	1898	DB_01896	Rumen_Gateway					435									MISSING_FASTA_AND_QUB_ID
SH_0890	1899	DB_01897	Rumen_Gateway					436									MISSING_FASTA_AND_QUB_ID
SH_0891	1900	DB_01898	Rumen_Gateway					437									MISSING_FASTA_AND_QUB_ID
SH_0892	1901	DB_01899	Rumen_Gateway					438									MISSING_FASTA_AND_QUB_ID
SH_0893	1902	DB_01900	Rumen_Gateway					439									MISSING_FASTA_AND_QUB_ID
SH_0894	1903	DB_01901	Rumen_Gateway					440									MISSING_FASTA_AND_QUB_ID
SH_0895	1904	DB_01902	Rumen_Gateway					441									MISSING_FASTA_AND_QUB_ID
SH_0896	1905	DB_01903	Rumen_Gateway					442									MISSING_FASTA_AND_QUB_ID
SH_0897	1906	DB_01904	Rumen_Gateway					443									MISSING_FASTA_AND_QUB_ID
SH_0898	1907	DB_01905	Rumen_Gateway					444									MISSING_FASTA_AND_QUB_ID
SH_0899	1908	DB_01906	Rumen_Gateway					445									MISSING_FASTA_AND_QUB_ID
SH_0900	1909	DB_01907	Rumen_Gateway					446									MISSING_FASTA_AND_QUB_ID
SH_0901	1910	DB_01908	Rumen_Gateway					447									MISSING_FASTA_AND_QUB_ID
SH_0902	1911	DB_01909	Rumen_Gateway					448									MISSING_FASTA_AND_QUB_ID
SH_0903	1912	DB_01910	Rumen_Gateway					449									MISSING_FASTA_AND_QUB_ID
SH_0904	1913	DB_01911	Rumen_Gateway					450									MISSING_FASTA_AND_QUB_ID
SH_0905	1914	DB_01912	Rumen_Gateway					451									MISSING_FASTA_AND_QUB_ID
SH_0906	1915	DB_01913	Rumen_Gateway					452									MISSING_FASTA_AND_QUB_ID
SH_0907	1916	DB_01914	Rumen_Gateway					453									MISSING_FASTA_AND_QUB_ID
SH_0908	1917	DB_01915	Rumen_Gateway					454									MISSING_FASTA_AND_QUB_ID
SH_0909	1918	DB_01916	Rumen_Gateway					455									MISSING_FASTA_AND_QUB_ID
SH_0910	1919	DB_01917	Rumen_Gateway					456									MISSING_FASTA_AND_QUB_ID
SH_0911	1920	DB_01918	Rumen_Gateway					457									MISSING_FASTA_AND_QUB_ID
SH_0912	1921	DB_01919	Rumen_Gateway					458									MISSING_FASTA_AND_QUB_ID
SH_0913	1922	DB_01920	Rumen_Gateway					459									MISSING_FASTA_AND_QUB_ID
SH_0914	1923	DB_01921	Rumen_Gateway					460									MISSING_FASTA_AND_QUB_ID
SH_0915	1924	DB_01922	Rumen_Gateway					461									MISSING_FASTA_AND_QUB_ID
SH_0916	1925	DB_01923	Rumen_Gateway					462									MISSING_FASTA_AND_QUB_ID
SH_0917	1926		Rumen_Gateway					I1									MISSING_FASTA_AND_QUB_ID
SH_0917	1927		Rumen_Gateway					G1									MISSING_FASTA_AND_QUB_ID
SH_0918	1928		Rumen_Gateway					I2									MISSING_FASTA_AND_QUB_ID
SH_0918	1929		Rumen_Gateway					G2									MISSING_FASTA_AND_QUB_ID
SH_0919	1930		Rumen_Gateway					I3									MISSING_FASTA_AND_QUB_ID
SH_0919	1931		Rumen_Gateway					G3									MISSING_FASTA_AND_QUB_ID
SH_0920	1932		Rumen_Gateway					I4									MISSING_FASTA_AND_QUB_ID
SH_0920	1933		Rumen_Gateway					G4									MISSING_FASTA_AND_QUB_ID
SH_0921	1934		Rumen_Gateway					I5									MISSING_FASTA_AND_QUB_ID
SH_0921	1935		Rumen_Gateway					G5									MISSING_FASTA_AND_QUB_ID
SH_0922	1936		Rumen_Gateway					I6									MISSING_FASTA_AND_QUB_ID
SH_0922	1937		Rumen_Gateway					G6									MISSING_FASTA_AND_QUB_ID
SH_0923	1938		Rumen_Gateway					I7									MISSING_FASTA_AND_QUB_ID
SH_0923	1939		Rumen_Gateway					G7									MISSING_FASTA_AND_QUB_ID
SH_0924	1940		Rumen_Gateway					I8									MISSING_FASTA_AND_QUB_ID
SH_0924	1941		Rumen_Gateway					G8									MISSING_FASTA_AND_QUB_ID
SH_0925	1942		Rumen_Gateway					I9									MISSING_FASTA_AND_QUB_ID
SH_0925	1943		Rumen_Gateway					G9									MISSING_FASTA_AND_QUB_ID
SH_0926	1944		Rumen_Gateway					I10									MISSING_FASTA_AND_QUB_ID
SH_0926	1945		Rumen_Gateway					G10									MISSING_FASTA_AND_QUB_ID
SH_0927	1946		Rumen_Gateway					I11									MISSING_FASTA_AND_QUB_ID
SH_0928	1948		Rumen_Gateway					I12									MISSING_FASTA_AND_QUB_ID
SH_0929	1950		Rumen_Gateway					I13									MISSING_FASTA_AND_QUB_ID
SH_0930	1952		Rumen_Gateway					I14									MISSING_FASTA_AND_QUB_ID
SH_0931	1954		Rumen_Gateway					I15									MISSING_FASTA_AND_QUB_ID
SH_0932	1956		Rumen_Gateway					I16									MISSING_FASTA_AND_QUB_ID
SH_0933	1958		Rumen_Gateway					I17									MISSING_FASTA_AND_QUB_ID
SH_0934	1960		Rumen_Gateway					I18									MISSING_FASTA_AND_QUB_ID
SH_0935	1962		Rumen_Gateway					I19									MISSING_FASTA_AND_QUB_ID
SH_0936	1964		Rumen_Gateway					I20									MISSING_FASTA_AND_QUB_ID
SH_0937	1966		Rumen_Gateway					I21									MISSING_FASTA_AND_QUB_ID
SH_0938	1968		Rumen_Gateway					I22									MISSING_FASTA_AND_QUB_ID
SH_0939	1970		Rumen_Gateway					I23									MISSING_FASTA_AND_QUB_ID
SH_0940	1972		Rumen_Gateway					I24									MISSING_FASTA_AND_QUB_ID
SH_0941	1974		Rumen_Gateway					I25									MISSING_FASTA_AND_QUB_ID
SH_0942	1976		Rumen_Gateway					I26									MISSING_FASTA_AND_QUB_ID
SH_0943	1978		Rumen_Gateway					I27									MISSING_FASTA_AND_QUB_ID
SH_0944	1980		Rumen_Gateway					I28									MISSING_FASTA_AND_QUB_ID
SH_0945	1982		Rumen_Gateway					I29									MISSING_FASTA_AND_QUB_ID
SH_0946	1984		Rumen_Gateway					I30									MISSING_FASTA_AND_QUB_ID
SH_0947	1986		Rumen_Gateway					I31									MISSING_FASTA_AND_QUB_ID
SH_0948	1988		Rumen_Gateway					I32									MISSING_FASTA_AND_QUB_ID
SH_0949	1990		Rumen_Gateway					I33									MISSING_FASTA_AND_QUB_ID
SH_0950	1992		Rumen_Gateway					I34									MISSING_FASTA_AND_QUB_ID
SH_0951	1994		Rumen_Gateway					I35									MISSING_FASTA_AND_QUB_ID
SH_0952	1996		Rumen_Gateway					I36									MISSING_FASTA_AND_QUB_ID
SH_0953	1998		Rumen_Gateway					I37									MISSING_FASTA_AND_QUB_ID
SH_0954	2000		Rumen_Gateway					I38									MISSING_FASTA_AND_QUB_ID
SH_0955	2002		Rumen_Gateway					I39									MISSING_FASTA_AND_QUB_ID
SH_0956	2004		Rumen_Gateway					I40									MISSING_FASTA_AND_QUB_ID
SH_0957	2006		Rumen_Gateway					I41									MISSING_FASTA_AND_QUB_ID
SH_0958	2008		Rumen_Gateway					I42									MISSING_FASTA_AND_QUB_ID
SH_0959	2010		Rumen_Gateway					I43									MISSING_FASTA_AND_QUB_ID
SH_0960	2012		Rumen_Gateway					I44									MISSING_FASTA_AND_QUB_ID
SH_0961	2014		Rumen_Gateway					I45									MISSING_FASTA_AND_QUB_ID
SH_0962	2016		Rumen_Gateway					I46									MISSING_FASTA_AND_QUB_ID
SH_0963	2018		Rumen_Gateway					I47									MISSING_FASTA_AND_QUB_ID
SH_0964	2020		Rumen_Gateway					I48									MISSING_FASTA_AND_QUB_ID
SH_0965	2022		Rumen_Gateway					I49									MISSING_FASTA_AND_QUB_ID
SH_0966	2024		Rumen_Gateway					I50									MISSING_FASTA_AND_QUB_ID
SH_0967	2026		Rumen_Gateway					I51									MISSING_FASTA_AND_QUB_ID
SH_0968	2028		Rumen_Gateway					I52									MISSING_FASTA_AND_QUB_ID
SH_0969	2030		Rumen_Gateway					I53									MISSING_FASTA_AND_QUB_ID
SH_0970	2032		Rumen_Gateway					I54									MISSING_FASTA_AND_QUB_ID
SH_0971	2034		Rumen_Gateway					I55									MISSING_FASTA_AND_QUB_ID
SH_0972	2036		Rumen_Gateway					I56									MISSING_FASTA_AND_QUB_ID
SH_0973	2038		Rumen_Gateway					I57									MISSING_FASTA_AND_QUB_ID
SH_0974	2040		Rumen_Gateway					I58									MISSING_FASTA_AND_QUB_ID
SH_0975	2042		Rumen_Gateway					I59									MISSING_FASTA_AND_QUB_ID
SH_0976	2044		Rumen_Gateway					I60									MISSING_FASTA_AND_QUB_ID
SH_0977	2046		Rumen_Gateway					I61									MISSING_FASTA_AND_QUB_ID
SH_0978	2048		Rumen_Gateway					I62									MISSING_FASTA_AND_QUB_ID
SH_0979	2050		Rumen_Gateway					I63									MISSING_FASTA_AND_QUB_ID
SH_0980	2052		Rumen_Gateway					I64									MISSING_FASTA_AND_QUB_ID
SH_0981	2054		Rumen_Gateway					I65									MISSING_FASTA_AND_QUB_ID
SH_0982	2056		Rumen_Gateway					I66									MISSING_FASTA_AND_QUB_ID
SH_0983	2058		Rumen_Gateway					I67									MISSING_FASTA_AND_QUB_ID
SH_0984	2060		Rumen_Gateway					I68									MISSING_FASTA_AND_QUB_ID
SH_0985	2062		Rumen_Gateway					I69									MISSING_FASTA_AND_QUB_ID
SH_0986	2064		Rumen_Gateway					I70									MISSING_FASTA_AND_QUB_ID
SH_0987	2066		Rumen_Gateway					I71									MISSING_FASTA_AND_QUB_ID
SH_0988	2068		Rumen_Gateway					I72									MISSING_FASTA_AND_QUB_ID
SH_0989	2070		Rumen_Gateway					I73									MISSING_FASTA_AND_QUB_ID
SH_0990	2072		Rumen_Gateway					I74									MISSING_FASTA_AND_QUB_ID
SH_0991	2074		Rumen_Gateway					I75									MISSING_FASTA_AND_QUB_ID
SH_0992	2076		Rumen_Gateway					I76									MISSING_FASTA_AND_QUB_ID
SH_0993	2078		Rumen_Gateway					I77									MISSING_FASTA_AND_QUB_ID
SH_0994	2080		Rumen_Gateway					I78									MISSING_FASTA_AND_QUB_ID
SH_0995	2082		Rumen_Gateway					I79									MISSING_FASTA_AND_QUB_ID
SH_0996	2084		Rumen_Gateway					I80									MISSING_FASTA_AND_QUB_ID
SH_0997	2086		Rumen_Gateway					I81									MISSING_FASTA_AND_QUB_ID
SH_0998	2088		Rumen_Gateway					I82									MISSING_FASTA_AND_QUB_ID
SH_0999	2090		Rumen_Gateway					I83									MISSING_FASTA_AND_QUB_ID
SH_1000	2092		Rumen_Gateway					I84									MISSING_FASTA_AND_QUB_ID
SH_1001	2094		Rumen_Gateway					I85									MISSING_FASTA_AND_QUB_ID
SH_1002	2096		Rumen_Gateway					I86									MISSING_FASTA_AND_QUB_ID
SH_1003	2098		Rumen_Gateway					I87									MISSING_FASTA_AND_QUB_ID
SH_1004	2100		Rumen_Gateway					I88									MISSING_FASTA_AND_QUB_ID
SH_1005	2102		Rumen_Gateway					I89									MISSING_FASTA_AND_QUB_ID
SH_1006	2104		Rumen_Gateway					I90									MISSING_FASTA_AND_QUB_ID
SH_1007	2106		Rumen_Gateway					I91									MISSING_FASTA_AND_QUB_ID
