"Phenotype","# Genes*","Gene Symbols"
"Hemizygous - Lethal","3","Kdm5c","Phf6","Prps1"
"Hemizygous - Viable","1","Kdm5d"
"Homozygous - Lethal","660","1110037F02Rik","1700067K01Rik","4932438A13Rik","4933427D14Rik","9130011E15Rik","Aars2","Abca1","Acat2","Acbd3","Ace","Ackr3","Actr6","Actr8","Acvr1","Acvr1b","Adam23","Adamts3","Adar","Adgra1","Adsl","Ahcy","Aim1","Alg10b","Alg2","Anapc13","Anapc15","Anapc4","Ankrd11","Anks6","Arf4","Arhgef7","Arid3a","Arih2","Arpc3","Ascc2","Asf1a","Ash1l","Atad3a","Atg3","Atl2","Atp11a","Atp1a3","Atp2a1","Atp2a2","Atp5b","Atp5e","Atp5f1","Atp5l","Atp6v0a1","Atp6v0a4","Atp6v1b2","Atp6v1d","Atr","Atrip","Atxn10","Atxn7l3","Aurka","Avp","Axin2","B4gat1","B9d2","BC053393","BC055324","Bag3","Bap1","Bbs10","Bcl7a","Bclaf1","Bloc1s2","Bmp10","Bms1","Cacna1s","Carm1","Casq2","Casz1","Cbx2","Cbx4","Ccdc94","Ccnb1","Cdc123","Cdc20","Cdc26","Cdc7","Cdca5","Cdipt","Cdk5rap3","Cdk8","Cdk9","Cdkn1c","Celf4","Cenpe","Cenph","Cenpl","Cenpo","Cep164","Cep97","Cgn","Chd1","Chd4","Chmp3","Chmp6","Chrna1","Chst11","Chtop","Cinp","Cir1","Clcf1","Cldn1","Clspn","Cmip","Cnbp","Cnnm2","Cnot4","Coa5","Cog3","Commd10","Commd9","Coq2","Coq4","Coq6","Cox15","Cox19","Cox4i1","Cox5b","Cox7c","Cpsf3","Cr1l","Crb2","Cript","Crispld2","Cs","Cst3","Ctla2b","Ctr9","Cxcl12","Cyfip2","D930028M14Rik","Daam1","Dach1","Dars2","Dbf4","Dbn1","Dcc","Dcp2","Dcps","Dctn1","Dctn2","Ddost","Ddrgk1","Ddx1","Ddx41","Ddx42","Ddx51","Ddx54","Ddx55","Ddx59","Dennd4c","Denr","Depdc5","Derl2","Dhdds","Dhfr","Dhodh","Dhps","Dhx29","Dhx30","Dhx33","Dhx35","Diaph3","Dicer1","Dis3","Dlg5","Dmap1","Dmxl2","Dnaaf2","Dnajc17","Dnajc8","Dnajc9","Dnal1","Dnm1l","Dok7","Dolk","Dph2","Dpm1","Dpm2","Dpm3","Dpp9","Dppa1","Dpy30","Dst","Dtl","Dynll1","Dynlrb1","Eaf1","Ect2","Edc4","Edn2","Eftud2","Ehbp1l1","Ehmt2","Eif2b3","Eif2b4","Eif2s2","Eif3h","Eif4g2","Elac2","Elof1","Emc4","Eomes","Epas1","Epc2","Eprs","Ercc3","Erg","Etfdh","Ewsr1","Exoc3l2","Exoc4","Exoc8","Exosc8","Exosc9","Eya4","Ezr","F10","Fadd","Fam20c","Fam210a","Fam46c","Fam58b","Farsa","Fbxo16","Fdft1","Fdx1","Fermt3","Fgf10","Fgf3","Fgf8","Fgf9","Fgfr1","Fgfr1op","Fitm2","Flii","Flnb","Fnta","Fntb","Folr1","Foxj3","Frs2","Fth1","Furin","Fus","Fxn","Fyn","Fzd2","Fzr1","G3bp2","Gabarapl2","Gart","Gbf1","Gdi2","Gfi1b","Gfpt1","Ggps1","Gldc","Gle1","Gnao1","Gnaz","Gnpda1","Golga7","Gosr2","Gpr107","Gps1","Gpx3","Gtf2a1","Gtf2b","Gtf2e2","Gtf3c5","Gyg","Hapln1","Hectd1","Hells","Hspa5","Htr2b","Ift140","Ift88","Ilk","Ino80","Ino80b","Inpp5e","Ints12","Ints2","Ipo11","Irx1","Isca1","Ivd","Jag2","Jmjd6","Jtb","Jup","Kars","Katnb1","Kcnj10","Kctd15","Kdm1a","Kdm8","Kif1b","Kif1bp","Kif20a","Kif26b","Kif3b","Kif3c","Kifap3","Klf7","Klhdc2","Krit1","Krt8","L3mbtl2","Lama1","Lama5","Lamtor5","Lars","Leo1","Lgi4","Lifr","Lmbrd1","Lmna","Lrp1","Lss","Lum","Lztr1","Maea","Map2k7","Map3k7","Mapkap1","Mat2a","Mau2","Mbd6","Mcm4","Mcrs1","Mcu","Med11","Med16","Med20","Med22","Med25","Med28","Memo1","Mepce","Mettl16","Mir141","Mir143","Mir145a","Mir200a","Mir320","Mir429","Mllt3","Mob2","Mocs2","Mogs","Mrpl47","Mrpl51","Mrps21","Mrps25","Mrps5","Msx1","Mtch2","Mtf1","Mtfmt","Mthfd1","Mybbp1a","Myh10","Myo18a","Myo1h","Nabp2","Nadk2","Nae1","Nampt","Nat10","Ndufa8","Ndufb8","Ndufs1","Ndufs7","Nek7","Nek9","Nemf","Nepro","Nfatc3","Ngrn","Nhlrc2","Nhp2","Nme6","Nol8","Notch1","Npat","Nr6a1","Nrbp1","Nrde2","Nsf","Ntrk1","Nubpl","Nup85","Nutf2","Nxn","Oas1g","Odc1","Ogdh","Orc1","Orc3","Orc6","Otub1","Oxsm","Palb2","Pam16","Pard3","Parg","Patz1","Pax4","Pbx3","Pccb","Pcgf1","Pcgf2","Pcsk5","Pcx","Pdcd2","Pde12","Pdgfrb","Pdss2","Pdxk","Pex26","Pfn1","Pgap2","Pgs1","Phf11a","Pibf1","Piezo1","Pigf","Pigh","Pigl","Pigm","Pigu","Pik3c2a","Pip5k1c","Pitrm1","Pitx2","Pld1","Plk1","Plpp3","Pnn","Pola2","Polb","Pold2","Pold3","Polr2h","Polr3f","Polr3g","Pop4","Pparg","Ppp1r35","Ppp4r2","Ppp6c","Prdm10","Prep","Prpf18","Prpf31","Prpf38b","Prune","Psen1","Psmd14","Psmf1","Psph","Pth1r","Pthlh","Ptma","Ptpa","Ptpmt1","Ptpn12","Ptpn23","Pwp1","Pyroxd1","Rab11a","Rab23","Rab34","Rab35","Rab5c","Rabggta","Rad1","Rad9a","Raf1","Ralgapb","Ranbp2","Rapsn","Rasa1","Rasa3","Rbpj","Rbsn","Recql4","Rest","Rexo2","Rfc1","Rfx6","Rgp1","Ric8a","Ric8b","Rint1","Rnaseh2c","Rnasek","Rnf20","Rnmt","Rnmtl1","Rpa1","Rpgrip1l","Rpia","Rpl7l1","Rps19bp1","Rptor","Rrm2","Rsbn1","Rsf1","Rtf1","Rufy3","Rundc1","Rwdd3","Ryr2","Sacm1l","Sap130","Satb1","Scn4a","Scnn1b","Scrib","Scx","Sdha","Sdhb","Sdhc","Sec22b","Seh1l","Sel1l","Setd5","Sgpl1","Sh3pxd2a","Shh","Ska2","Skiv2l","Slc25a20","Slc25a3","Slc2a2","Slc35b4","Slc39a4","Slc39a7","Slc39a8","Slc40a1","Slc52a2","Slc5a7","Slc6a5","Slu7","Smc5","Smdt1","Smo","Snapin","Snrnp200","Snrnp27","Snx3","Socs1","Spata5","Speg","Spi1","Spop","Sptssa","Sqle","Srd5a3","Srp9","Srsf7","Ssbp1","Ssr2","St14","Strn3","Stx18","Stx3","Sufu","Sugt1","Sumf1","Supt3","Supt4a","Supt5","Svep1","Synj1","Synpo2","Taf6","Tango6","Tardbp","Tbx4","Tcf7l2","Tead1","Tfeb","Tgfb3","Tgif2","Thbd","Timm22","Timm50","Tmed10","Tmem100","Tmem132a","Tmem30a","Tmem63b","Tnni2","Toe1","Tpr","Traf2","Traf6","Trib1","Trim71","Trp53bp2","Trpc3","Trub2","Tsfm","Tulp3","Ube2c","Ube2h","Ube2m","Uchl5","Unc45a","Uqcrb","Usp10","Usp14","Usp16","Usp22","Usp36","Usp39","Usp5","Usp50","Vezt","Vps13d","Vps25","Vps33b","Vps37d","Vps4a","Vps51","Vps53","Vps72","Wars","Wars2","Wdr12","Wdr36","Wdr59","Wee1","Wnt3","Wnt6","Wrap53","Xbp1","Xrcc3","Yars","Yipf5","Zbtb24","Zfp148","Zfp207","Zfp36","Zfp536","Zfp609","Zkscan17","Zmiz2","Zwilch"
"Homozygous - Subviable","276","1700003F12Rik","5330417C22Rik","AU021092","Abcb11","Abi3bp","Acsl4","Actn4","Acvr2a","Acvr2b","Adad1","Adamts9","Adcy9","Adcyap1r1","Agap1","Agl","Agpat1","Ahnak","Akap10","Aldh3b1","Aldob","Alpk3","Ampd1","Apbb2","App","Arhgap33","Arhgef1","Arhgef15","Arl8b","Armc7","Arpc5l","Atf6b","Atp2b1","Atp5g2","Atp8b2","Bach1","Baiap2","Barx2","Bbox1","Bbs4","Bbs7","Bmi1","Brms1","Cant1","Cap2","Car4","Casc3","Caskin1","Cbl","Cbx5","Ccdc134","Ccdc39","Ccdc64","Ccl22","Ccnt2","Cdan1","Cdc34","Cdk4","Chic2","Chn1","Chrnb2","Chtf18","Ckap4","Cnot6","Cnr1","Col4a3bp","Cpsf3","Cpt2","Crtc3","Csf3r","Ctdsp2","Ctdspl2","Ctnnbip1","Ctsd","Cwc27","Cyp2u1","D1Ertd622e","D630023F18Rik","Dbn1","Dclk1","Dennd2d","Dnah5","Dnaja1","Dnajb12","Dnajc16","Dnajc21","Dnal4","Dnmt3a","Dynlrb2","Ecm1","Edar","Egr1","Elf3","Elovl6","Emb","Epb41","Erp44","Ethe1","Exosc3","F2","F7","Fam13b","Fam49b","Fanci","Fbp2","Fbxl16","Fbxw8","Fbxw9","Fcer1g","Fkbp5","Fmc1","Fmnl3","Frrs1","Frrs1l","Fscn1","Fzd3","Fzd4","Gbgt1","Ggnbp2","Glg1","Glt8d2","Gm5544","Gnb5","Gng13","Gpc2","Gpsm2","Grcc10","Gtpbp2","Hace1","Hecw2","Heg1","Hipk2","Hmga1","Hsf1","Htr1b","Ifi204","Ifnar1","Ift80","Ino80","Itga8","Itm2c","Jam3","Jmjd1c","Klhl21","Klhl29","Kntc1","Krt2","Krt5","Lhx6","Lima1","Lor","Lrat","Lsm1","Lsm14a","Lypd3","Lypd6","Mad1l1","Map3k1","Mboat7","Mdk","Mfsd2a","Mrm1","Mybphl","Ncoa3","Ncoa6","Ncs1","Nedd4l","Nfat5","Ngfr","Nme7","Nobox","Npc1","Nr1d1","Ntrk2","Otud6b","Ovol1","P4hb","Pacsin2","Padi2","Parp1","Patl1","Pawr","Pax7","Pcsk1","Pdpn","Peli1","Pfdn6","Phf24","Phkg2","Pnpla1","Ppp6r2","Prkab1","Prkab2","Prkg1","Ptms","Ptpn14","Rab32","Rab40c","Rala","Rassf8","Rdx","Rfx7","Rhbdl1","Rhbdl3","Riiad1","Rnf10","Rnf38","Robo4","Rock1","Rora","Rrp8","Rsad1","Rsph9","Rundc1","S100a14","S100a6","Satb1","Satb2","Sema3f","Sept10","Sept3","Sept5","Setbp1","Sirt1","Skida1","Slc1a3","Slc20a2","Slc24a4","Slc38a2","Slc6a2","Smarcd2","Smoc1","Smpd4","Smurf2","Snai2","Snph","Snx22","Snx27","Sort1","Sostdc1","Spef1","Srrm4","Sumo1","Syt1","Tcf4","Tex40","Thra","Tmbim7","Tmem184b","Tnfrsf9","Tox3","Trmt1","Twist2","Ube2b","Ube2o","Ublcp1","Ubr2","Uhrf2","Unc13b","Usf3","Usp3","Vsir","Wdr3","Whsc1l1","Wtip","Xpnpep1","Xpot","Zbed4","Zbtb46","Zfp266","Zfp346","Zfp60","Zfp689","Zhx3","Zranb1","Zscan10","Zswim5"
"Homozygous - Viable","1795","1110032A03Rik","1110059G10Rik","1500011B03Rik","1700001C02Rik","1700006E09Rik","1700007G11Rik","1700008O03Rik","1700010I14Rik","1700016K19Rik","1700019B03Rik","1700024P04Rik","1700029H14Rik","1700034J05Rik","1700112E06Rik","1700123O20Rik","1700125H20Rik","2010300C02Rik","2210010C04Rik","2210016L21Rik","2510002D24Rik","2610318N02Rik","2700097O09Rik","2810417H13Rik","3110035E14Rik","3110043O21Rik","3110082I17Rik","3300002A11Rik","3830406C13Rik","3830417A13Rik","4921509C19Rik","4921536K21Rik","4930402H24Rik","4930449E01Rik","4930505A04Rik","4930563E22Rik","4930591A17Rik","4931406C07Rik","4931429L15Rik","4932414N04Rik","4932438H23Rik","4933402N03Rik","4933406M09Rik","4933430I17Rik","5730559C18Rik","5830411N06Rik","9530077C05Rik","9930012K11Rik","A1cf","A2m","A430005L14Rik","A730017C20Rik","A830005F24Rik","A830019P07Rik","AB124611","AI464131","Aard","Abca13","Abca14","Abca16","Abca4","Abca6","Abca7","Abca8b","Abcb6","Abcb9","Abcc2","Abcg2","Abhd14a","Abhd17a","Abhd8","Abo","Abtb2","Acaa1a","Acap1","Acbd5","Acer1","Acot4","Acot5","Acsf2","Acsl5","Acsm2","Actl10","Actrt3","Adad2","Adam11","Adam32","Adamts13","Adamts18","Adamts19","Adamtsl5","Adap1","Adck2","Adck5","Adcy2","Adgrb1","Adgrb2","Adgrd1","Adgrf5","Adgrl3","Adgrv1","Adh5","Adig","Adipor1","Adm2","Adora2b","Adpgk","Adra2a","Afap1l2","Aff3","Afmid","Ago3","Agpat4","Ahcyl1","Ahrr","Ahsa2","Ahsg","Aif1","Aif1l","Ajap1","Akap11","Akip1","Akr1b8","Akr1c12","Akr1c14","Akr1d1","Aktip","Aldh16a1","Aldh1b1","Aldh1l1","Aldh3a1","Aldh9a1","Aldoc","Alg13","Alox12e","Alpk1","Amigo3","Amz2","Ang","Ang6","Angptl4","Ankib1","Ankrd1","Ankrd13d","Ankrd27","Ankrd53","Ankrd6","Ankrd9","Anks1b","Ankub1","Anxa3","Anxa9","Aoc1","Ap2a2","Ap3s1","Ap3s2","Ap4e1","Ap4m1","Ap5z1","Apeh","Aph1c","Apip","Apln","Aplp2","Apoc4","Apof","Apol7a","Apol9b","Apom","Apoo","Apool","Aqp1","Aqp11","Aqp3","Aqp6","Arap1","Areg","Arf2","Arf3","Arhgap17","Arhgap22","Arhgap23","Arhgef10","Arhgef11","Arhgef28","Arhgef38","Arhgef5","Arl10","Arl5c","Arl6ip1","Arl9","Arpc1b","Arrb1","Arrb2","Arrdc1","Arsg","Arsk","Art4","Arvcf","Asb10","Asb15","Asic4","Asic5","Aspm","Aspn","Atad2b","Atf3","Atg16l2","Atg4d","Atn1","Atp13a2","Atp1a4","Atp5s","Atrn","Atxn3","Avpi1","B020004J07Rik","B3gnt7","BC030499","BC049715","BC089597","BC100451","Bach2","Baiap2l2","Baz1a","Bbox1","Bbs5","Bcl7b","Bex2","Bex4","Bex6","Bhlha9","Bhlhe40","Bhmt","Blk","Blvrb","Bmx","Bnip2","Boc","Bok","Bola2","Bpgm","Bpifb1","Bpifb3","Bpifb5","Btbd16","Btbd9","Btg2","Btnl1","Btrc","Bves","Bzw2","C1qa","C1qb","C1qtnf2","C1qtnf5","C1qtnf7","C1rl","C3","C8a","C8b","C9","Cab39l","Cabp1","Cabp4","Cacna1b","Cacna1f","Cacna1i","Cacna2d3","Calcoco2","Calhm1","Camk1","Camkmt","Cand2","Capn12","Capn8","Car12","Car7","Card9","Carf","Casc4","Caskin2","Casp12","Casp4","Casq1","Cast","Catip","Catsper3","Cbln3","Cbx6","Ccdc109b","Ccdc116","Ccdc120","Ccdc122","Ccdc127","Ccdc159","Ccdc160","Ccdc18","Ccdc181","Ccdc24","Ccdc28a","Ccdc33","Ccdc50","Ccdc67","Ccdc69","Ccdc77","Ccdc78","Ccdc88c","Ccdc92","Cck","Ccl26","Ccl8","Ccl9","Ccr6","Cd109","Cd300e","Cd300lg","Cd33","Cd5","Cd55b","Cd5l","Cd83","Cd84","Cdh10","Cdh13","Cdh19","Cdh26","Cdh4","Cdk14","Cdk15","Cdk19","Cdkal1","Cdkl2","Cdkn1a","Cdkn2aipnl","Ceacam16","Celf6","Cep41","Cep76","Cers5","Ces4a","Cfap61","Cfap69","Cfb","Cfi","Cgrrf1","Chchd1","Chd2","Chd9","Chek2","Chmp4c","Chn1","Chp2","Chrac1","Chrna7","Chst8","Cib2","Cilp","Cited4","Ckb","Cldn13","Cldn19","Cldn34b2","Clk1","Clmn","Cln6","Clpp","Clrn1","Clstn1","Clstn3","Clu","Clvs1","Cmbl","Cmtm4","Cmtm5","Cmtm6","Cnbd1","Cnih2","Cntf","Col14a1","Col18a1","Col1a2","Col24a1","Col4a3","Col6a2","Col9a2","Comt","Coro1a","Coro1c","Coro6","Cotl1","Cox7a1","Cp","Cpa2","Cpb1","Cpe","Cpne5","Crbn","Creb3l1","Creld2","Crlf3","Crybb3","Crym","Csnk1g2","Csnk1g3","Cspg4","Ctdsp1","Ctdspl","Cth","Cts6","Ctsk","Ctso","Cttn","Cttnbp2","Cutal","Cxcl17","Cxcl9","Cxcr1","Cxcr2","Cyb561","Cyb561a3","Cyb5d1","Cyb5d2","Cyb5r2","Cyba","Cybb","Cybrd1","Cyp17a1","Cyp20a1","Cyp27b1","Cyp2ab1","Cyp2b13","Cyp2e1","Cyp2r1","Cyp3a11","Cyp4b1","Cyp4f14","Cyp4f16","Cyp7b1","Cystm1","Cytip","D17Wsu92e","D1Pas1","D630045J12Rik","D6Wsu163e","D7Ertd443e","D930020B18Rik","Daam2","Dact2","Dact3","Dagla","Dap","Dapk1","Dapk2","Dbndd2","Dcaf10","Dcaf11","Dcbld2","Dcdc2b","Dcdc2c","Dct","Dctd","Dcx","Ddah1","Ddhd1","Ddit3","Def6","Defb14","Defb22","Defb30","Defb43","Dennd1b","Dennd1c","Dgcr2","Dhrs2","Dhx40","Dip2a","Dixdc1","Dkk4","Dlec1","Dlg2","Dlg3","Dlg4","Dmgdh","Dnaja4","Dnajb3","Dnajb7","Dnajc14","Dnajc15","Dnajc27","Dnajc28","Dnajc5b","Dnajc5g","Dnajc7","Dnase1l2","Dnmt3a","Dnpep","Dntt","Dock11","Dock2","Dopey2","Doxl2","Dpf1","Dph6","Dpp10","Dppa1","Dpyd","Dsc2","Dsg1b","Dspp","Dtnbp1","Duoxa2","Dusp11","Dusp13","Dusp3","Dusp5","Dusp7","Dzank1","Eci3","Ecscr","Eef1akmt1","Eef2kmt","Efcab11","Efemp1","Efna4","Efna5","Egfl8","Eif1b","Eif4ebp3","Elfn1","Elfn2","Elk1","Ell2","Elmo1","Elmo3","Elmod1","Elmod2","Emc10","Eme1","Eml2","Emx1","Enc1","Endog","Enho","Enox1","Enthd2","Entpd1","Entpd6","Entpd8","Epb41l4a","Epb41l4b","Epdr1","Epgn","Epha10","Epha6","Epn3","Eps8l1","Erlin2","Ermp1","Espnl","Esrra","Esyt2","Esyt3","Etnk1","Evi2b","Evi5","Evl","Exoc3l2","Ezh1","F13a1","F2rl1","Fabp1","Fads1","Fam122c","Fam134c","Fam151a","Fam151b","Fam161a","Fam163a","Fam175b","Fam186b","Fam209","Fam20a","Fam210b","Fam212b","Fam216a","Fam217b","Fam53b","Fam63a","Fam69a","Fam72a","Fam73a","Fam92a","Fam96a","Fan1","Fancl","Far2","Fastk","Fastkd5","Fbf1","Fbln7","Fbxl15","Fbxl21","Fbxl22","Fbxl7","Fbxl8","Fbxo2","Fbxo31","Fbxo33","Fbxo36","Fbxo41","Fbxo44","Fbxo47","Fbxo7","Fbxo8","Fbxo9","Fbxw2","Fbxw26","Fbxw9","Fcgbp","Fcmr","Fcrl6","Fcrla","Fdxacb1","Ffar1","Ffar2","Fgf2","Fgf22","Fgf7","Fgfbp3","Fgfr4","Fggy","Fjx1","Fkbp6","Fkbp7","Fkbpl","Flywch2","Fnbp1l","Fndc4","Fndc7","Fndc9","Fnip2","Folh1","Fosb","Foxi2","Foxj3","Foxo3","Foxred2","Fpr1","Fpr3","Frmd4b","Frmd5","Frmd7","Fscn2","Fshr","Fstl1","Fstl3","Ftsj1","Fundc1","Fxyd3","Fyb","Fzd6","Gabrr2","Gad2","Galc","Galnt12","Galnt18","Galntl5","Galp","Gas2l1","Gata5","Gatm","Gbp2","Gbx1","Gc","Gda","Gdap1","Gdf10","Gdf15","Gdf2","Gdpd5","Gfod1","Gfod2","Gfpt2","Gga1","Ggnbp1","Gh","Ghr","Ghrhr","Ghsr","Gimap6","Gimap8","Gipc3","Gja8","Gjb3","Gjb4","Gjc3","Gjd4","Gkap1","Gkn1","Gkn2","Glo1","Glp1r","Glycam1","Gm12258","Gm13119","Gm13125","Gm13547","Gm16432","Gm17359","Gm648","Gm684","Gmds","Gmnc","Gna11","Gnai1","Gnb3","Gnpda2","Golga3","Gp1bb","Gp6","Gp9","Gpank1","Gpbar1","Gpc5","Gpld1","Gpnmb","Gpr1","Gpr119","Gpr137b","Gpr139","Gpr142","Gpr15","Gpr152","Gpr156","Gpr158","Gpr17","Gpr173","Gpr182","Gpr183","Gpr19","Gpr20","Gpr22","Gpr25","Gpr33","Gpr34","Gpr39","Gpr50","Gpr61","Gpr63","Gpr65","Gpr84","Gprc5b","Gprc5d","Gpsm1","Gpsm3","Gpx1","Gramd1c","Grb7","Greb1","Grin3a","Grk5","Grm3","Grm6","Grm8","Grtp1","Gsta4","Gstcd","Gstm4","Gsto2","Gtpbp10","Gucy2c","Gzmk","H1foo","H1fx","H2-Eb1","Haao","Hacl1","Has1","Havcr2","Hbs1l","Hc","Hcrt","Hcst","Hdac10","Hddc3","Hectd2","Hectd3","Hemgn","Herc6","Heyl","Hfe2","Hhipl1","Hibadh","Hip1r","Hipk4","Hirip3","Homez","Hoxa10","Hoxc12","Hpcal4","Hpse","Hsd17b1","Hsd17b11","Hsf2","Hsf2bp","Hsf4","Hsp90aa1","Hspb1","Hspb2","Hspb3","Htr1a","Htr1d","Htr1f","Htr3b","Htr4","Htr7","Htra2","Htra4","Hyal3","Hyal4","Iah1","Ick","Idh1","Idh2","Ido2","Ifi27","Ifi44","Ifnk","Ifnl3","Ifnlr1","Ift22","Igfbp3","Igfbp7","Igsf11","Ikzf3","Ikzf5","Il10rb","Il12a","Il12rb1","Il12rb2","Il13","Il15","Il17rd","Il18","Il18bp","Il1r2","Il20","Il20ra","Il23r","Il24","Il31ra","Il33","Il6ra","Il6st","Ildr1","Inf2","Inpp1","Ipp","Iqce","Iqcj","Iqgap2","Iqsec3","Iqub","Irak1","Irak2","Irf5","Irf7","Irf8","Isg20","Ism2","Itch","Itga2","Itgae","Itsn2","Ivl","Izumo1r","Jam2","Jazf1","Jmjd8","Kcna1","Kcnab3","Kcnb1","Kcnc2","Kcnd1","Kcng2","Kcnh3","Kcnh4","Kcnh6","Kcnip4","Kcnj11","Kcnj14","Kcnj3","Kcnj9","Kcnk18","Kcnv2","Kdm4d","Kdm7a","Khdrbs3","Kif13b","Kif24","Kiss1r","Klc2","Klf14","Klf17","Klhl18","Klhl3","Klhl30","Klhl8","Klk14","Klk4","Klk9","Klkb1","Klra7","Kmo","Kng2","Knop1","Knstrn","Krt14","Krt17","Krt31","Krt7","Krt74","Krt76","Krt77","Krt83","Krt88","Krt9","Lama4","Lamb3","Lamc3","Lancl2","Laptm4a","Lbp","Lce1f","Lce1m","Lce3c","Lcn2","Ldah","Ldhb","Ldlrad4","Lepr","Leprot","Leprotl1","Lgals3","Lgals7","Lgmn","Lhcgr","Lin28b","Lipe","Lipn","Lman1l","Lonrf3","Loxl1","Lpar6","Lpin2","Lpin3","Lpo","Lrch1","Lrfn2","Lrfn3","Lrrc15","Lrrc2","Lrrc20","Lrrc23","Lrrc51","Lrrk1","Lrrtm3","Lst1","Lta","Lta4h","Ltbp2","Lypd6b","Lyplal1","Lyrm9","Lyst","Macrod2","Mag","Mamstr","Man2b2","Map3k10","Map3k8","Mapk10","Mapk11","Mapkapk2","Mapkbp1","Mapt","Marveld2","Mas1","Masp1","Mast2","Mc1r","Mcam","Mcf2l","Mdp1","Medag","Metrnl","Mettl20","Mettl21c","Mettl24","Mettl26","Mettl7b","Mfap4","Mfsd10","Mfsd8","Mgat4c","Mgat4d","Mgl2","Mgst3","Mid1ip1","Mid2","Mipol1","Mir146","Mir204","Mir28a","Mir350","Mkrn2","Mlc1","Mlec","Mlh1","Mlx","Mmd2","Mmp15","Mmp16","Mmp23","Mmp8","Mmp9","Mmrn1","Mos","Mospd1","Moxd1","Mpdz","Mpg","Mplkip","Mpo","Mpzl1","Mrap2","Mrgpre","Mroh4","Ms4a3","Msantd1","Msmb","Mthfd2l","Mthfsl","Mtmr12","Mtmr3","Mtnr1b","Mtss1l","Mturn","Muc5ac","Mxra7","Myh1","Myh14","Mylip","Myo10","Myo15","Myo3a","Myo3b","Myo7a","Myo7b","Myo9a","Myoz1","Myrfl","Myt1l","N4bp3","Naaa","Nab2","Nacad","Nacc2","Nadsyn1","Naga","Nagk","Nanos2","Nat1","Nat8f2","Nat8f5","Natd1","Nbeal2","Nbr1","Ncald","Ncf4","Ncoa1","Ncoa7","Ndfip2","Ndrg4","Ndufc2","Nefh","Negr1","Neil1","Nek10","Nek11","Nek2","Nek3","Nepn","Nes","Neurl2","Nfatc4","Nfkbil1","Nhlh2","Nin","Ninj2","Nipsnap3a","Nisch","Nkg7","Nlrp9b","Nmb","Nme2","Nme4","Nmral1","Nmrk1","Nmrk2","Nmur1","Nos1ap","Notch3","Notch4","Npc2","Npff","Npffr2","Nphp1","Npm3","Npr3","Nptn","Nr1d1","Nr1h3","Nrcam","Nrn1l","Nrsn1","Nrxn1","Nsg1","Nsun7","Nt5c","Nt5c1b","Ntf5","Ntn4","Nudt12","Nudt14","Nudt19","Nutm2","Oaf","Oard1","Oas1g","Obp2a","Ocm","Ocstamp","Odf3l2","Odf4","Ogfod3","Ogn","Olah","Olfml2b","Oog2","Os9","Osbpl3","Osm","Otoa","Otud6a","Ovch2","Ovgp1","Oxgr1","Oxr1","Oxtr","P2rx4","P2rx6","P2rx7","P2ry13","P3h3","Pabpc4","Pabpn1l","Pacsin3","Padi6","Pak1","Pan2","Panx1","Panx2","Panx3","Paqr6","Paqr7","Pard3b","Pard6a","Parp11","Parp12","Parp16","Parp8","Pate2","Pate4","Pbdc1","Pcdh12","Pcdh18","Pced1a","Pcnx3","Pcsk1n","Pcsk4","Pde1b","Pde8a","Pdia4","Pdk1","Pdk3","Pdk4","Pdzd3","Pear1","Pef1","Penk","Pfkfb1","Pfkfb2","Pfkfb4","Pfn4","Pgam5","Phf1","Phf3","Phpt1","Phtf1","Phtf2","Phyh","Pias2","Pink1","Pip4k2c","Pipox","Pitx3","Pja2","Pkd1l2","Pkd2l2","Pkia","Pkn1","Pkn3","Pkp4","Pla2g10","Pla2g2d","Pla2g2e","Pla2g6","Pla2g7","Plac9a","Plat","Plau","Plbd1","Plcb2","Pld3","Pld5","Plekha3","Plekha8","Plekhg3","Plekhm1","Plin4","Plk5","Plod1","Plpp6","Pls3","Plscr1","Plscr2","Plxna2","Plxnb3","Pmpcb","Pnck","Pnmt","Poc1a","Poc1b","Podn","Podxl2","Poln","Popdc3","Postn","Pou2f3","Ppbp","Ppdpf","Ppfia2","Ppm1a","Ppm1j","Ppp1r14a","Ppp1r26","Ppp1r32","Ppp1r42","Ppp1r9b","Ppp2r1b","Ppp2r2b","Ppp2r3a","Ppp2r5d","Ppp3cc","Ppp3r2","Ppp4r1","Ppt2","Pqlc3","Praf2","Pram1","Prame","Prdm14","Prdm4","Prelid2","Prelp","Prf1","Prg3","Primpol","Prkaa2","Prkab1","Prkcdbp","Prl7b1","Prodh","Prokr1","Prom2","Prr15l","Prrg2","Prrt2","Prss1","Prss40","Prss56","Psca","Psg16","Ptafr","Ptchd1","Ptdss1","Ptgdr","Ptger2","Ptgr1","Pth","Pth2r","Ptk6","Ptpdc1","Ptpn20","Ptpn5","Ptpru","Ptprv","Pxdc1","Pycr1","R3hcc1l","Rab11fip4","Rab11fip5","Rab15","Rab19","Rab20","Rab24","Rab27b","Rab36","Rab39","Rab3c","Rab3gap2","Rab3ip","Rab43","Rab5a","Rabac1","Rabl2","Rabl6","Rad21l","Raet1c","Ralb","Ralgps2","Ramp1","Ranbp10","Rap2b","Rasal2","Rasd1","Rasgrp4","Rbm14","Rbm47","Rbm4b","Rbmx","Rbp4","Rbpjl","Rcc2","Reg2","Reg3d","Reg3g","Rel","Repin1","Resp18","Retsat","Rexo4","Rgcc","Rgs22","Rgs5","Rhbdf1","Rhbdf2","Rhbdl2","Rhox13","Rhpn1","Rilp","Rilpl1","Rilpl2","Rimklb","Rims3","Rin3","Ripk3","Rlbp1","Rln1","Rln3","Rltpr","Rnaset2b","Rnd3","Rnf10","Rnf112","Rnf13","Rnf133","Rnf144b","Rnf157","Rnf183","Rnf216","Rnf225","Rnf25","Ropn1l","Rps6kl1","Rrad","Rsad1","Rspo1","Rspo4","Rtbdn","Rtn1","Rufy2","Rwdd1","Rxfp2","Rxfp4","Saa3","Sag","Samd9l","Sapcd1","Sbk2","Scarb1","Scarf2","Scg2","Scn3b","Sdc2","Sdc4","Sdsl","Sec1","Secisbp2","Selenbp1","Selk","Sell","Sema4d","Senp7","Sepw1","Serinc3","Serpina1f","Serpina3c","Serpina3n","Serpina7","Serpinb12","Serpinb5","Serpinf1","Setd2","Setd4","Setd6","Setx","Sez6l","Sez6l2","Sfxn3","Sfxn4","Sgip1","Sgms1","Sgsm1","Sgta","Sh2d5","Sh3bp2","Sh3bp5","Sh3gl2","Sh3tc2","Shmt1","Sidt1","Siglec1","Sik1","Sipa1","Sipa1l1","Sirpa","Sirt3","Sirt4","Siva1","Slc13a3","Slc15a3","Slc16a3","Slc16a6","Slc17a3","Slc17a9","Slc1a1","Slc1a4","Slc20a2","Slc22a8","Slc24a5","Slc25a21","Slc25a28","Slc25a30","Slc25a35","Slc25a4","Slc29a1","Slc2a5","Slc38a10","Slc39a5","Slc3a1","Slc41a1","Slc44a1","Slc45a3","Slc46a1","Slc46a3","Slc47a1","Slc47a2","Slc5a2","Slc5a5","Slc6a3","Slc7a11","Slc7a13","Slc8a3","Slc8b1","Slc9a3","Slc9a3r2","Slc9a4","Slc9b2","Slfn1","Slfn4","Slit1","Slitrk1","Slx4ip","Smco2","Smoc2","Smurf1","Smyd5","Snap47","Sncb","Snx15","Snx29","Snx31","Sorbs2","Sox18","Sox30","Sp5","Spag17","Spag4","Spast","Spata2","Spata22","Spata25","Spata6","Spats1","Spdye4b","Spg20","Spice1","Spidr","Spink10","Spink12","Spink14","Spink2","Spns2","Spo11","Spock2","Spopl","Spp1","Sprr1a","Sprr1b","Sprr3","Sptbn2","Sptssb","Sra1","Srcin1","Srpk3","Ssbp2","Sst","Stag3","Stard10","Stard8","Stat1","Stat5b","Stk16","Stk31","Stk32c","Stk36","Stra6l","Stx16","Stx19","Stxbp4","Stxbp5l","Sult1b1","Sult1c1","Svs2","Syce1","Syce1l","Sycp3","Syn3","Syndig1l","Syne3","Synm","Sypl","Syt16","Syt17","Taar2","Taar6","Taf9b","Tas2r102","Tas2r131","Tas2r138","Tatdn3","Tbc1d22a","Tbc1d4","Tbccd1","Tbkbp1","Tbx10","Tbx22","Tcaim","Tceal5","Tcf19","Tchp","Tcp11","Tcte1","Tctex1d2","Tdrkh","Tdrp","Tep1","Terb1","Tet1","Tex101","Tex29","Tex37","Tex38","Tfec","Tff1","Tgm3","Tgm6","Thada","Thbs1","Theg","Thegl","Thpo","Thsd1","Thsd7a","Timp3","Tlk1","Tlr2","Tlr4","Tm4sf4","Tm9sf4","Tmc3","Tmc6","Tmem106b","Tmem108","Tmem110","Tmem119","Tmem126a","Tmem127","Tmem136","Tmem151b","Tmem173","Tmem181a","Tmem185a","Tmem189","Tmem241","Tmem248","Tmem254b","Tmem256","Tmem30b","Tmem42","Tmem43","Tmem63a","Tmem79","Tmem97","Tmod2","Tnfrsf17","Tnfrsf18","Tnfsf18","Tnik","Tnks2","Tnpo2","Tnxb","Tomm20l","Toporsl","Tpcn1","Tpcn2","Tpd52l2","Tpgs2","Tppp","Tprn","Tram2","Trappc10","Trappc2","Trappc9","Trem1","Treml1","Trim17","Trim29","Trim56","Trim65","Trip13","Trmt2a","Trp53rkb","Trpc5","Trpc6","Trpm1","Try4","Tslp","Tspan18","Tspo","Tspyl2","Tssk5","Tst","Ttc28","Ttc30a2","Ttll10","Ttll11","Ttll6","Tuba3a","Tubb4a","Tuft1","Txndc5","Txnip","Ubash3a","Ube2e2","Ube2g1","Ube2j1","Ube2u","Ube3c","Ubn1","Ubox5","Ucn3","Ucp1","Uevld","Unc119","Unc119b","Uri1","Ush1c","Ushbp1","Usmg5","Usp11","Usp12","Usp2","Usp21","Usp24","Usp38","Usp45","Usp47","Usp54","Uts2b","Vcpkmt","Vegfb","Vps13a","Vps13c","Vsig4","Vsig8","Vti1a","Vwa3a","Vwa8","Wbp5","Wbscr17","Wdr17","Wdr37","Wdr89","Wdtc1","Wee2","Wfdc1","Wfdc18","Whamm","Wisp2","Wnt10a","Wnt10b","Wnt11","Wnt16","Wnt2b","Wnt5b","Wsb2","Wscd1","Xk","Xkrx","Xndc1","Xxylt1","Ydjc","Yipf7","Ypel1","Ypel3","Ypel4","Zbed5","Zbtb32","Zbtb4","Zcchc14","Zdhhc11","Zdhhc2","Zdhhc23","Zdhhc24","Zdhhc3","Zfp111","Zfp119a","Zfp14","Zfp142","Zfp182","Zfp219","Zfp239","Zfp260","Zfp287","Zfp365","Zfp40","Zfp408","Zfp42","Zfp459","Zfp616","Zfp658","Zfp719","Zfp791","Zfp84","Zfp961","Zfpl1","Zfyve26","Zfyve28","Zgpat","Zranb1","Zscan2","Zzef1"
""
"* includes conflicting data. Conflicting data are genes that appear in more than one viability category."
"Conflicting data","19","Bbox1","Chn1","Cpsf3","Dbn1","Dnmt3a","Dppa1","Exoc3l2","Fbxw9","Foxj3","Ino80","Nr1d1","Oas1g","Prkab1","Rnf10","Rsad1","Rundc1","Satb1","Slc20a2","Zranb1"
""
""
""
"List of genes that result in a lethal, subviable or viable phenotype. A gene may appear more than once if there are results for different colonies or for different alleles."
"Gene Symbol","Gene Accession Id","Allele Symbol","Allele Accession Id","Phenotyping Centre","Colony Id","Sex","Zygosity","Phenotype","Comment"
"1110032A03Rik","MGI:1915971","1110032A03Rik<tm1.1(KOMP)Vlcg>","MGI:5603350","UC Davis","BL5062","both","Homozygous "," Viable",""
"1110037F02Rik","MGI:1913435","1110037F02Rik<tm1a(KOMP)Wtsi>","MGI:4880937","WTSI","MEYX","both","Homozygous "," Lethal",""
"1110059G10Rik","MGI:1913452","1110059G10Rik<tm1a(KOMP)Wtsi>","MGI:4419470","WTSI","MEYZ","both","Homozygous "," Viable",""
"1500011B03Rik","MGI:1913486","1500011B03Rik<tm2(KOMP)Wtsi>","MGI:4419497","WTSI","MCMM","both","Homozygous "," Viable",""
"1700001C02Rik","MGI:1922684","1700001C02Rik<tm1a(EUCOMM)Wtsi>","MGI:4432273","WTSI","MGBV","both","Homozygous "," Viable",""
"1700003F12Rik","MGI:1922730","1700003F12Rik<tm1.1(KOMP)Vlcg>","MGI:5548659","TCP","UCD-10243A-E8-2-1","both","Homozygous "," Subviable",""
"1700006E09Rik","MGI:1922687","1700006E09Rik<tm1b(KOMP)Wtsi>","MGI:5548656","BCM","RICMB","both","Homozygous "," Viable",""
"1700007G11Rik","MGI:1916571","1700007G11Rik<tm1b(EUCOMM)Wtsi>","MGI:5548582","BCM","1700007G11Rik <EPD0546_8_E04>-1","both","Homozygous "," Viable",""
"1700008O03Rik","MGI:1916599","1700008O03Rik<tm1a(KOMP)Wtsi>","MGI:4451336","WTSI","MFDF","both","Homozygous "," Viable",""
"1700010I14Rik","MGI:1914181","1700010I14Rik<tm2b(KOMP)Wtsi>","MGI:5548527","UC Davis","BL3688","both","Homozygous "," Viable",""
"1700016K19Rik","MGI:1921480","1700016K19Rik<tm1.1(KOMP)Vlcg>","MGI:5634509","JAX","JR24901","both","Homozygous "," Viable",""
"1700019B03Rik","MGI:1923656","1700019B03Rik<tm3b(KOMP)Wtsi>","MGI:5548667","BCM","RICOB","both","Homozygous "," Viable",""
"1700024P04Rik","MGI:1916632","1700024P04Rik<tm1b(EUCOMM)Wtsi>","MGI:5637040","WTSI","MUHJ","both","Homozygous "," Viable",""
"1700029H14Rik","MGI:1913751","1700029H14Rik<tm2b(KOMP)Wtsi>","MGI:5637012","WTSI","MUGN","both","Homozygous "," Viable",""
"1700034J05Rik","MGI:1920594","1700034J05Rik<tm1a(KOMP)Wtsi>","MGI:4849971","WTSI","MGFB","both","Homozygous "," Viable",""
"1700067K01Rik","MGI:1920703","1700067K01Rik<tm2a(KOMP)Wtsi>","MGI:5289829","WTSI","MFLD","both","Homozygous "," Lethal",""
"1700112E06Rik","MGI:1923883","1700112E06Rik<tm1e(EUCOMM)Wtsi>","MGI:5006791","WTSI","MGGQ","both","Homozygous "," Viable",""
"1700123O20Rik","MGI:1920893","1700123O20Rik<tm1a(EUCOMM)Wtsi>","MGI:4434270","WTSI","MGBX","both","Homozygous "," Viable",""
"1700125H20Rik","MGI:1920884","1700125H20Rik<tm1b(EUCOMM)Wtsi>","MGI:5548635","BCM","1700125H20Rik <EPD0473_3_E11>-1","both","Homozygous "," Viable",""
"2010300C02Rik","MGI:1919347","2010300C02Rik<tm1b(KOMP)Wtsi>","MGI:5637062","WTSI","MUEO","both","Homozygous "," Viable",""
"2210010C04Rik","MGI:1914623","2210010C04Rik<tm1b(KOMP)Wtsi>","MGI:5548539","BCM","2210010C04Rik <EPD0709_4_E11>-1","both","Homozygous "," Viable",""
"2210016L21Rik","MGI:1919607","2210016L21Rik<tm1a(KOMP)Wtsi>","MGI:4419127","WTSI","MCLV","both","Homozygous "," Viable",""
"2510002D24Rik","MGI:1919557","2510002D24Rik<tm1.1(KOMP)Vlcg>","MGI:5583064","UC Davis","BL3747","both","Homozygous "," Viable",""
"2610318N02Rik","MGI:1917708","2610318N02Rik<tm1b(EUCOMM)Wtsi>","MGI:5548598","WTSI","MUBP","both","Homozygous "," Viable",""
"2700097O09Rik","MGI:1919908","2700097O09Rik<tm1.1(KOMP)Vlcg>","MGI:5569054","UC Davis","ET8306","both","Homozygous "," Viable",""
"2810417H13Rik","MGI:1915276","2810417H13Rik<tm1a(EUCOMM)Wtsi>","MGI:4461695","WTSI","MGRK","both","Homozygous "," Viable",""
"3110035E14Rik","MGI:1924232","3110035E14Rik<tm1a(KOMP)Wtsi>","MGI:4843828","UC Davis","TCPA0050Cre","both","Homozygous "," Viable",""
"3110035E14Rik","MGI:1924232","3110035E14Rik<tm1a(KOMP)Wtsi>","MGI:4843828","WTSI","MELP","both","Homozygous "," Viable",""
"3110035E14Rik","MGI:1924232","3110035E14Rik<tm1b(KOMP)Wtsi>","MGI:5548679","WTSI","MUAH","both","Homozygous "," Viable",""
"3110043O21Rik","MGI:1920455","3110043O21Rik<tm1b(KOMP)Mbp>","-","UC Davis","BL3210","both","Homozygous "," Viable",""
"3110082I17Rik","MGI:1920462","3110082I17Rik<tm1b(EUCOMM)Wtsi>","MGI:5700043","BCM","ZOOUB","both","Homozygous "," Viable",""
"3300002A11Rik","MGI:1919073","3300002A11Rik<tm1a(KOMP)Wtsi>","MGI:4887592","WTSI","MFBX","both","Homozygous "," Viable",""
"3830406C13Rik","MGI:1917937","3830406C13Rik<tm1b(KOMP)Wtsi>","MGI:5637049","WTSI","MUGV","both","Homozygous "," Viable",""
"3830417A13Rik","MGI:1917946","3830417A13Rik<tm1a(KOMP)Wtsi>","MGI:4841046","WTSI","MECY","both","Homozygous "," Viable",""
"4921509C19Rik","MGI:2685851","4921509C19Rik<tm1.1(KOMP)Vlcg>","MGI:5523316","JAX","JR24333","both","Homozygous "," Viable",""
"4921536K21Rik","MGI:1914680","4921536K21Rik<tm1a(KOMP)Wtsi>","MGI:4363036","WTSI","MFCN","both","Homozygous "," Viable",""
"4930402H24Rik","MGI:1923029","4930402H24Rik<tm1b(EUCOMM)Hmgu>","MGI:5605794","TCP","TCPA0563Cre","both","Homozygous "," Viable",""
"4930449E01Rik","MGI:1922114","4930449E01Rik<tm1a(KOMP)Wtsi>","MGI:4841164","WTSI","MFCS","both","Homozygous "," Viable",""
"4930505A04Rik","MGI:1922337","4930505A04Rik<tm1b(KOMP)Wtsi>","MGI:5581734","BCM","MAODB","both","Homozygous "," Viable",""
"4930563E22Rik","MGI:1922554","4930563E22Rik<tm1.1(KOMP)Vlcg>","MGI:5630071","JAX","JR26509","both","Homozygous "," Viable",""
"4930591A17Rik","MGI:1915425","4930591A17Rik<tm1a(KOMP)Wtsi>","MGI:4944391","WTSI","MFCL","both","Homozygous "," Viable",""
"4931406C07Rik","MGI:1918234","4931406C07Rik<tm1b(EUCOMM)Wtsi>","MGI:5637051","BCM","UDANB","both","Homozygous "," Viable",""
"4931429L15Rik","MGI:1921611","4931429L15Rik<tm1a(EUCOMM)Wtsi>","MGI:4460419","WTSI","MGNZ","both","Homozygous "," Viable",""
"4932414N04Rik","MGI:1922971","4932414N04Rik<tm1a(KOMP)Wtsi>","MGI:4364741","WTSI","MCPJ","both","Homozygous "," Viable",""
"4932438A13Rik","MGI:2444631","4932438A13Rik<tm1b(EUCOMM)Hmgu>","MGI:5613665","JAX","JR26878","both","Homozygous "," Lethal",""
"4932438A13Rik","MGI:2444631","4932438A13Rik<tm1b(EUCOMM)Hmgu>","MGI:5613665","HMGU","H4732-HEPD0678_2_H07-1","both","Homozygous "," Lethal",""
"4932438H23Rik","MGI:1921637","4932438H23Rik<tm1a(EUCOMM)Wtsi>","MGI:4433980","WTSI","MDUU","both","Homozygous "," Viable",""
"4933402N03Rik","MGI:1914681","4933402N03Rik<tm2a(KOMP)Wtsi>","MGI:4820121","WTSI","MFAX","both","Homozygous "," Viable",""
"4933406M09Rik","MGI:3045320","4933406M09Rik<tm1b(EUCOMM)Hmgu>","MGI:5609361","BCM","MAZZB","both","Homozygous "," Viable",""
"4933427D14Rik","MGI:1921727","4933427D14Rik<tm1.1(KOMP)Vlcg>","MGI:5515778","JAX","JR24041","both","Homozygous "," Lethal",""
"4933430I17Rik","MGI:3045314","4933430I17Rik<tm1a(EUCOMM)Wtsi>","MGI:4432117","ICS","IP00004326a","both","Homozygous "," Viable",""
"4933430I17Rik","MGI:3045314","4933430I17Rik<tm1b(EUCOMM)Wtsi>","MGI:5548894","ICS","E112JM8N4-2","both","Homozygous "," Viable",""
"5330417C22Rik","MGI:1923930","5330417C22Rik<tm1b(EUCOMM)Hmgu>","MGI:5548671","ICS","IP00005273a","both","Homozygous "," Subviable",""
"5730559C18Rik","MGI:1921579","5730559C18Rik<tm2a(EUCOMM)Wtsi>","MGI:5527587","WTSI","MGHU","both","Homozygous "," Viable",""
"5830411N06Rik","MGI:2443685","5830411N06Rik<tm1b(KOMP)Wtsi>","MGI:5548819","UC Davis","BL3037","both","Homozygous "," Viable",""
"9130011E15Rik","MGI:1918867","9130011E15Rik<tm1a(EUCOMM)Wtsi>","MGI:4455980","WTSI","MFTJ","both","Homozygous "," Lethal",""
"9530077C05Rik","MGI:1915533","9530077C05Rik<tm1.1(KOMP)Vlcg>","MGI:5569951","UC Davis","BL4802","both","Homozygous "," Viable",""
"9930012K11Rik","MGI:2145726","9930012K11Rik<tm2b(EUCOMM)Hmgu>","MGI:5613660","BCM","MAWLB","both","Homozygous "," Viable",""
"A1cf","MGI:1917115","A1cf<tm1b(EUCOMM)Hmgu>","MGI:5523232","JAX","JR24325","both","Homozygous "," Viable",""
"A2m","MGI:2449119","A2m<tm1b(NCOM)Mfgc>","MGI:5766179","TCP","TCPA0687Cre","both","Homozygous "," Viable",""
"A430005L14Rik","MGI:2140680","A430005L14Rik<tm1a(KOMP)Wtsi>","MGI:4419175","WTSI","MEVK","both","Homozygous "," Viable",""
"A730017C20Rik","MGI:2442934","A730017C20Rik<tm1b(KOMP)Wtsi>","MGI:5637144","WTSI","MUFO","both","Homozygous "," Viable",""
"A830005F24Rik","MGI:3045249","A830005F24Rik<tm1.1(KOMP)Mbp>","MGI:5569077","UC Davis","ET8308","both","Homozygous "," Viable",""
"A830019P07Rik","MGI:3028035","A830019P07Rik<tm1a(KOMP)Wtsi>","MGI:4820036","WTSI","MENG","both","Homozygous "," Viable",""
"AB124611","MGI:3043001","AB124611<tm1.1(KOMP)Vlcg>","MGI:5695961","UC Davis","BL3477","both","Homozygous "," Viable",""
"AI464131","MGI:2140300","AI464131<tm1b(KOMP)Wtsi>","MGI:5471224","JAX","JR21488","both","Homozygous "," Viable",""
"AU021092","MGI:2146559","AU021092<tm1b(KOMP)Wtsi>","MGI:5582437","UC Davis","BL4448","both","Homozygous "," Subviable",""
"Aard","MGI:2181621","Aard<tm1.1(KOMP)Vlcg>","MGI:5569071","UC Davis","ET8309","both","Homozygous "," Viable",""
"Aars2","MGI:2681839","Aars2<tm1(KOMP)Wtsi>","MGI:4419134","NING","Aars2_EPD0406_3_A04-1","both","Homozygous "," Lethal",""
"Abca1","MGI:99607","Abca1<tm1b(EUCOMM)Hmgu>","MGI:5548975","BCM","ABCCB","both","Homozygous "," Lethal",""
"Abca13","MGI:2388707","Abca13<tm1b(EUCOMM)Wtsi>","MGI:5603352","BCM","ABCNB","both","Homozygous "," Viable",""
"Abca14","MGI:2388708","Abca14<tm1.1(NCOM)Mfgc>","MGI:5766135","TCP","TCPA0775Cre","both","Homozygous "," Viable",""
"Abca16","MGI:2388711","Abca16<em1J>","MGI:5659623","JAX","JR27607","both","Homozygous "," Viable",""
"Abca4","MGI:109424","Abca4<tm1a(EUCOMM)Wtsi>","MGI:4441732","WTSI","MCZT","both","Homozygous "," Viable",""
"Abca6","MGI:1923434","Abca6<tm2b(KOMP)Wtsi>","MGI:5513737","TCP","TCPM0226Cre","both","Homozygous "," Viable",""
"Abca7","MGI:1351646","Abca7<tm2b(EUCOMM)Hmgu>","MGI:5605763","JAX","JR24980","both","Homozygous "," Viable",""
"Abca8b","MGI:1351668","Abca8b<tm1b(EUCOMM)Wtsi>","MGI:5548477","UC Davis","BL2226","both","Homozygous "," Viable",""
"Abcb11","MGI:1351619","Abcb11<tm1b(EUCOMM)Hmgu>","MGI:5548476","HMGU","GSF-HEPD0507_7_B05-1-3","both","Homozygous "," Subviable",""
"Abcb6","MGI:1921354","Abcb6<tm1a(KOMP)Wtsi>","MGI:4362220","WTSI","MEUK","both","Homozygous "," Viable",""
"Abcb9","MGI:1861729","Abcb9<tm1b(KOMP)Wtsi>","MGI:5513738","TCP","TCPM0210Cre","both","Homozygous "," Viable",""
"Abcc2","MGI:1352447","Abcc2<tm2b(KOMP)Wtsi>","MGI:5548478","MRC Harwell","H-ABCC2-B03-TM1B","both","Homozygous "," Viable",""
"Abcg2","MGI:1347061","Abcg2<tm1.1(KOMP)Vlcg>","MGI:5505632","JAX","JR23411","both","Homozygous "," Viable",""
"Abhd14a","MGI:1915894","Abhd14a<tm2a(EUCOMM)Wtsi>","MGI:4842383","WTSI","MGNJ","both","Homozygous "," Viable",""
"Abhd17a","MGI:106388","Abhd17a<tm1a(KOMP)Wtsi>","MGI:5013744","WTSI","MFTD","both","Homozygous "," Viable",""
"Abhd8","MGI:1918946","Abhd8<tm1b(EUCOMM)Wtsi>","MGI:5612824","BCM","ABHHB","both","Homozygous "," Viable",""
"Abi3bp","MGI:2444583","Abi3bp<tm1e.1(KOMP)Mbp>","MGI:5605816","UC Davis","TCPA0007Cre","both","Homozygous "," Subviable",""
"Abo","MGI:2135738","Abo<tm1.1(KOMP)Vlcg>","MGI:5548732","UC Davis","BL2425","both","Homozygous "," Viable",""
"Abtb2","MGI:2139365","Abtb2<tm1a(KOMP)Wtsi>","MGI:4451397","WTSI","MEWH","both","Homozygous "," Viable",""
"Acaa1a","MGI:2148491","Acaa1a<tm1a(KOMP)Wtsi>","MGI:4451483","WTSI","MEAD","both","Homozygous "," Viable",""
"Acap1","MGI:2388270","Acap1<tm1.1(KOMP)Vlcg>","MGI:5585643","JAX","JR25116","both","Homozygous "," Viable",""
"Acat2","MGI:87871","Acat2<tm1b(KOMP)Wtsi>","MGI:5548912","BCM","Acat2 EPD0797_6_H04-1","both","Homozygous "," Lethal",""
"Acbd3","MGI:2181074","Acbd3<tm1b(EUCOMM)Hmgu>","MGI:5548778","HMGU","H4344-HEPD0637_3_G08-1","both","Homozygous "," Lethal",""
"Acbd5","MGI:1921409","Acbd5<tm1b(EUCOMM)Wtsi>","MGI:5637073","WTSI","PMAJ","both","Homozygous "," Viable",""
"Ace","MGI:87874","Ace<tm1.1(KOMP)Vlcg>","MGI:5708267","UC Davis","BL4116","both","Homozygous "," Lethal",""
"Acer1","MGI:2181962","Acer1<tm1a(EUCOMM)Wtsi>","MGI:4432648","WTSI","MFUH","both","Homozygous "," Viable",""
"Ackr3","MGI:109562","Ackr3<tm2b(EUCOMM)Wtsi>","MGI:5692583","ICS","IP00005749a","both","Homozygous "," Lethal",""
"Acot4","MGI:2159621","Acot4<tm1b(KOMP)Wtsi>","MGI:5548768","UC Davis","BL3211","both","Homozygous "," Viable",""
"Acot5","MGI:2384969","Acot5<tm1a(KOMP)Wtsi>","MGI:4364061","WTSI","MFCQ","both","Homozygous "," Viable",""
"Acsf2","MGI:2388287","Acsf2<tm1.1(KOMP)Vlcg>","MGI:5554927","JAX","JR24902","both","Homozygous "," Viable",""
"Acsl4","MGI:1354713","Acsl4<tm1a(EUCOMM)Wtsi>","MGI:4431605","WTSI","MBGS","both","Homozygous "," Subviable",""
"Acsl5","MGI:1919129","Acsl5<tm1.1(KOMP)Vlcg>","MGI:5548610","UC Davis","BL3214","both","Homozygous "," Viable",""
"Acsm2","MGI:2385289","Acsm2<tm1.1(KOMP)Vlcg>","MGI:5554928","JAX","JR24654","both","Homozygous "," Viable",""
"Actl10","MGI:1917612","Actl10<tm1a(EUCOMM)Wtsi>","MGI:5473172","WTSI","MGML","both","Homozygous "," Viable",""
"Actn4","MGI:1890773","Actn4<tm1a(EUCOMM)Wtsi>","MGI:4441842","WTSI","MCZU","both","Homozygous "," Subviable",""
"Actr6","MGI:1914269","Actr6<tm1a(EUCOMM)Wtsi>","MGI:4434280","WTSI","MEAC","both","Homozygous "," Lethal",""
"Actr8","MGI:1860775","Actr8<tm1.1(KOMP)Vlcg>","MGI:5554924","JAX","JR24655","both","Homozygous "," Lethal",""
"Actrt3","MGI:1923902","Actrt3<tm1.1(KOMP)Vlcg>","MGI:5632529","JAX","JR25861","both","Homozygous "," Viable",""
"Acvr1","MGI:87911","Acvr1<tm1.1(KOMP)Vlcg>","MGI:5548914","UC Davis","BL3519","both","Homozygous "," Lethal",""
"Acvr1b","MGI:1338944","Acvr1b<tm1.1(KOMP)Vlcg>","MGI:5548443","TCP","UCD-11377A-A5-2-1","both","Homozygous "," Lethal",""
"Acvr2a","MGI:102806","Acvr2a<tm1.1(KOMP)Vlcg>","MGI:5548333","TCP","BL3450","both","Homozygous "," Subviable",""
"Acvr2b","MGI:87912","Acvr2b<tm1.1(KOMP)Vlcg>","MGI:5548915","UC Davis","BL3554","both","Homozygous "," Subviable",""
"Adad1","MGI:103258","Adad1<em1J>","MGI:5616653","JAX","JR25814","both","Homozygous "," Subviable",""
"Adad2","MGI:1923023","Adad2<em1J>","MGI:5565206","JAX","JR25475","both","Homozygous "," Viable",""
"Adam11","MGI:1098667","Adam11<tm1b(KOMP)Mbp>","MGI:5694165","MRC Harwell","H-ADAM11-A01-TM1B","both","Homozygous "," Viable",""
"Adam23","MGI:1345162","Adam23<tm1b(EUCOMM)Hmgu>","MGI:5636978","MRC Harwell","H-ADAM23-A07-TM1B","both","Homozygous "," Lethal",""
"Adam32","MGI:2653822","Adam32<tm1b(KOMP)Wtsi>","MGI:5634295","JAX","JR26865","both","Homozygous "," Viable",""
"Adamts13","MGI:2685556","Adamts13<tm1b(EUCOMM)Wtsi>","MGI:5548873","BCM","Adamts13 EPD0423_2_B08 HOM","both","Homozygous "," Viable",""
"Adamts18","MGI:2442600","Adamts18<tm1.1(KOMP)Vlcg>","MGI:5548810","UC Davis","BL3122","both","Homozygous "," Viable",""
"Adamts19","MGI:2442875","Adamts19<tm4a(EUCOMM)Wtsi>","MGI:5527601","WTSI","MGTS","both","Homozygous "," Viable",""
"Adamts3","MGI:3045353","Adamts3<tm1b(KOMP)Wtsi>","MGI:5585728","WTSI","MUCB","both","Homozygous "," Lethal",""
"Adamts9","MGI:1916320","Adamts9<tm1b(KOMP)Wtsi>","MGI:5766163","UC Davis","BL2808","both","Homozygous "," Subviable",""
"Adamtsl5","MGI:1913798","Adamtsl5<tm1b(EUCOMM)Hmgu>","MGI:5692660","MRC Harwell","H-ADAMTSL5-H08-TM1B","both","Homozygous "," Viable",""
"Adap1","MGI:2442201","Adap1<tm1a(EUCOMM)Wtsi>","MGI:4944490","WTSI","MFPC","both","Homozygous "," Viable",""
"Adar","MGI:1889575","Adar<tm1b(EUCOMM)Wtsi>","MGI:5474756","JAX","JR22334","both","Homozygous "," Lethal",""
"Adck2","MGI:1889336","Adck2<tm1.1(KOMP)Vlcg>","MGI:5529498","JAX","JR24518","both","Homozygous "," Viable",""
"Adck5","MGI:2679274","Adck5<tm1.1(KOMP)Vlcg>","MGI:5609360","JAX","JR25175","both","Homozygous "," Viable",""
"Adcy2","MGI:99676","Adcy2<tm1a(KOMP)Wtsi>","MGI:4451651","WTSI","MDZW","both","Homozygous "," Viable",""
"Adcy9","MGI:108450","Adcy9<tm1b(EUCOMM)Wtsi>","MGI:5636912","WTSI","MUFE","both","Homozygous "," Subviable",""
"Adcyap1r1","MGI:108449","Adcyap1r1<tm1b(KOMP)Wtsi>","MGI:5550590","RBRC","RIKEN-Adcyap1r1-B07_","both","Homozygous "," Subviable",""
"Adgra1","MGI:1277167","Adgra1<em1J>","MGI:5688779","JAX","JR27694","both","Homozygous "," Lethal",""
"Adgrb1","MGI:1933736","Adgrb1<tm2a(EUCOMM)Wtsi>","MGI:5006776","WTSI","MEMT","both","Homozygous "," Viable",""
"Adgrb2","MGI:2451244","Adgrb2<tm1b(KOMP)Mbp>","MGI:5616366","JAX","JR26616","both","Homozygous "," Viable",""
"Adgrd1","MGI:3041203","Adgrd1<tm1b(EUCOMM)Wtsi>","MGI:5548892","WTSI","MUCE","both","Homozygous "," Viable",""
"Adgrf5","MGI:2182928","Adgrf5<tm1b(KOMP)Wtsi>","MGI:5513786","TCP","TCPA0138Cre","both","Homozygous "," Viable",""
"Adgrl3","MGI:2441950","Adgrl3<tm1.1(KOMP)Vlcg>","MGI:5603353","UC Davis","ET10155","both","Homozygous "," Viable",""
"Adgrv1","MGI:1274784","Adgrv1<tm1.1(KOMP)Vlcg>","MGI:5695890","UC Davis","ET9317","both","Homozygous "," Viable",""
"Adh5","MGI:87929","Adh5<tm1b(EUCOMM)Wtsi>","MGI:5548916","MRC Harwell","H-Adh5-G04-TM1B","both","Homozygous "," Viable",""
"Adig","MGI:2675492","Adig<tm1.1(KOMP)Vlcg>","MGI:5548852","UC Davis","BL1918","both","Homozygous "," Viable",""
"Adipor1","MGI:1919924","Adipor1<tm1b(EUCOMM)Hmgu>","MGI:5692722","MRC Harwell","H-ADIPOR1-B12-TM1B","both","Homozygous "," Viable",""
"Adm2","MGI:2675256","Adm2<tm1.1(KOMP)Vlcg>","MGI:5695957","UC Davis","BL4084","both","Homozygous "," Viable",""
"Adora2b","MGI:99403","Adora2b<tm1.1(KOMP)Vlcg>","MGI:5445790","JAX","JR18592","both","Homozygous "," Viable",""
"Adpgk","MGI:1919391","Adpgk<tm2a(EUCOMM)Wtsi>","MGI:4840602","WTSI","MFTB","both","Homozygous "," Viable",""
"Adra2a","MGI:87934","Adra2a<tm1.1(KOMP)Vlcg>","MGI:5695965","UC Davis","BL4870","both","Homozygous "," Viable",""
"Adsl","MGI:103202","Adsl<tm1b(KOMP)Wtsi>","MGI:5548339","BCM","ADSBB","both","Homozygous "," Lethal",""
"Afap1l2","MGI:2147658","Afap1l2<tm1b(KOMP)Wtsi>","MGI:5548752","UC Davis","BL3140","both","Homozygous "," Viable",""
"Aff3","MGI:106927","Aff3<tm1a(EUCOMM)Wtsi>","MGI:4434291","WTSI","MCND","both","Homozygous "," Viable",""
"Afmid","MGI:2448704","Afmid<tm1b(EUCOMM)Wtsi>","MGI:5548841","MRC Harwell","H-Afmid-A07-TM1B","both","Homozygous "," Viable",""
"Agap1","MGI:2653690","Agap1<tm1a(EUCOMM)Wtsi>","MGI:4820274","WTSI","MDVW","both","Homozygous "," Subviable",""
"Agl","MGI:1924809","Agl<tm1b(EUCOMM)Wtsi>","MGI:5548686","MRC Harwell","H-Agl-E12-TM1B-2","both","Homozygous "," Subviable",""
"Ago3","MGI:2446634","Ago3<tm1a(KOMP)Wtsi>","MGI:4880894","WTSI","MEPR","both","Homozygous "," Viable",""
"Agpat1","MGI:1932075","Agpat1<tm1.1(KOMP)Vlcg>","MGI:5554916","JAX","JR24154","both","Homozygous "," Subviable",""
"Agpat4","MGI:1915512","Agpat4<tm1b(KOMP)Wtsi>","MGI:5637031","MRC Harwell","H-AGPAT4-A12-TM1B","both","Homozygous "," Viable",""
"Ahcy","MGI:87968","Ahcy<tm1b(EUCOMM)Hmgu>","MGI:5605830","TCP","TCPA0663Cre","both","Homozygous "," Lethal",""
"Ahcyl1","MGI:2385184","Ahcyl1<tm1a(EUCOMM)Wtsi>","MGI:4431930","WTSI","MECH","both","Homozygous "," Viable",""
"Ahnak","MGI:1316648","Ahnak<tm1b(KOMP)Mbp>","MGI:5636950","MRC Harwell","H-AHNAK-A01-TM1B","both","Homozygous "," Subviable",""
"Ahrr","MGI:1333776","Ahrr<tm1b(KOMP)Wtsi>","MGI:5443922","JAX","JR18561","both","Homozygous "," Viable",""
"Ahsa2","MGI:1916133","Ahsa2<tm1b(EUCOMM)Wtsi>","MGI:5548571","ICS","IP00005099a","both","Homozygous "," Viable",""
"Ahsg","MGI:107189","Ahsg<tm1.1(KOMP)Vlcg>","MGI:5548370","UC Davis","BL3485","both","Homozygous "," Viable",""
"Aif1","MGI:1343098","Aif1<tm1.1(KOMP)Wtsi>","MGI:5613637","HMGU","H4598-EPD0403_5_F04-1","both","Homozygous "," Viable",""
"Aif1l","MGI:1919598","Aif1l<tm1b(EUCOMM)Wtsi>","MGI:5548618","BCM","AFLLB","both","Homozygous "," Viable",""
"Aim1","MGI:109544","Aim1<tm1b(KOMP)Wtsi>","MGI:5605748","TCP","TCPM0584Cre","both","Homozygous "," Lethal",""
"Ajap1","MGI:2685419","Ajap1<tm1b(EUCOMM)Hmgu>","MGI:5502312","JAX","JR23421","both","Homozygous "," Viable",""
"Akap10","MGI:1890218","Akap10<tm1.1(KOMP)Vlcg>","MGI:5574598","UC Davis","BL4875","both","Homozygous "," Subviable",""
"Akap11","MGI:2684060","Akap11<tm1b(EUCOMM)Hmgu>","MGI:5503137","JAX","JR23512","both","Homozygous "," Viable",""
"Akip1","MGI:3041226","Akip1<tm1.1(KOMP)Vlcg>","MGI:5565609","JAX","JR25117","both","Homozygous "," Viable",""
"Akr1b8","MGI:107673","Akr1b8<tm1.1(KOMP)Vlcg>","MGI:5523271","JAX","JR24334","both","Homozygous "," Viable",""
"Akr1c12","MGI:1351661","Akr1c12<tm1b(KOMP)Wtsi>","MGI:5692634","NING","Akr1c12_EPD0770_2_C11","both","Homozygous "," Viable",""
"Akr1c14","MGI:2145458","Akr1c14<tm1.1(KOMP)Vlcg>","MGI:5695947","UC Davis","BL4533","both","Homozygous "," Viable",""
"Akr1d1","MGI:2384785","Akr1d1<tm1.1(KOMP)Vlcg>","MGI:5550435","JAX","JR24896","both","Homozygous "," Viable",""
"Aktip","MGI:3693832","Aktip<tm1b(EUCOMM)Hmgu>","MGI:5513742","TCP","TCPM0215Cre","both","Homozygous "," Viable",""
"Aldh16a1","MGI:1916998","Aldh16a1<tm1a(EUCOMM)Wtsi>","MGI:4432547","WTSI","MBWA","both","Homozygous "," Viable",""
"Aldh1b1","MGI:1919785","Aldh1b1<tm2a(EUCOMM)Wtsi>","MGI:4840594","WTSI","MGER","both","Homozygous "," Viable",""
"Aldh1l1","MGI:1340024","Aldh1l1<tm1b(KOMP)Wtsi>","MGI:5548445","HMGU","HMGU-EPD0132_6_G09-3-1","both","Homozygous "," Viable",""
"Aldh3a1","MGI:1353451","Aldh3a1<tm1b(EUCOMM)Wtsi>","MGI:5548482","MRC Harwell","H-ALDH3A1-G05-TM1B-2","both","Homozygous "," Viable",""
"Aldh3b1","MGI:1914939","Aldh3b1<tm1b(EUCOMM)Wtsi>","MGI:5548549","WTSI","MUBT","both","Homozygous "," Subviable",""
"Aldh9a1","MGI:1861622","Aldh9a1<tm1b(KOMP)Wtsi>","MGI:5572027","BCM","ALDHB","both","Homozygous "," Viable",""
"Aldob","MGI:87995","Aldob<tm2b(EUCOMM)Wtsi>","MGI:5606345","BCM","ALDEB","both","Homozygous "," Subviable",""
"Aldoc","MGI:101863","Aldoc<tm1.1(KOMP)Vlcg>","MGI:5548322","UC Davis","BL3551","both","Homozygous "," Viable",""
"Alg10b","MGI:2146159","Alg10b<tm1(KOMP)Vlcg>","MGI:4399184","BCM","Alg10b 10825A-D5-1","both","Homozygous "," Lethal",""
"Alg10b","MGI:2146159","Alg10b<tm1.1(KOMP)Vlcg>","MGI:5548751","BCM","Alg10b 10825A-D5","both","Homozygous "," Lethal",""
"Alg13","MGI:1914824","Alg13<tm1a(KOMP)Wtsi>","MGI:4841293","WTSI","MCWY","both","Homozygous "," Viable",""
"Alg2","MGI:1914731","Alg2<tm1.1(KOMP)Vlcg>","MGI:5523411","JAX","JR24331","both","Homozygous "," Lethal",""
"Alox12e","MGI:1274790","Alox12e<tm1b(EUCOMM)Wtsi>","MGI:5548415","WTSI","MUCA","both","Homozygous "," Viable",""
"Alpk1","MGI:1918731","Alpk1<em1Wtsi>","-","WTSI","DAAA","both","Homozygous "," Viable",""
"Alpk3","MGI:2151224","Alpk3<tm1b(EUCOMM)Hmgu>","MGI:5698072","MRC Harwell","H-ALPK3-F08-TM1B","both","Homozygous "," Subviable",""
"Amigo3","MGI:2444854","Amigo3<tm1.1(KOMP)Vlcg>","MGI:5548832","UC Davis","BL3141","both","Homozygous "," Viable",""
"Ampd1","MGI:88015","Ampd1<tm1b(KOMP)Wtsi>","MGI:5548917","TCP","ET5105","both","Homozygous "," Subviable",""
"Amz2","MGI:104837","Amz2<tm1e(KOMP)Wtsi>","MGI:4451419","WTSI","MFXD","both","Homozygous "," Viable",""
"Anapc13","MGI:1916260","Anapc13<tm2b(EUCOMM)Wtsi>","MGI:5606343","BCM","ANPCB","both","Homozygous "," Lethal",""
"Anapc15","MGI:1922680","Anapc15<tm1.1(KOMP)Vlcg>","MGI:5561049","JAX","JR24656","both","Homozygous "," Lethal",""
"Anapc4","MGI:1098673","Anapc4<tm1b(EUCOMM)Wtsi>","MGI:5548397","BCM","ANADB","both","Homozygous "," Lethal",""
"Ang","MGI:88022","Ang<tm1.1(KOMP)Vlcg>","MGI:5695966","UC Davis","BL3842","both","Homozygous "," Viable",""
"Ang6","MGI:3528602","Ang6<tm1.1(KOMP)Vlcg>","MGI:5695964","UC Davis","BL3843","both","Homozygous "," Viable",""
"Angptl4","MGI:1888999","Angptl4<tm1b(EUCOMM)Hmgu>","MGI:5637000","MRC Harwell","H-ANGPTL4-E04-TM1B","both","Homozygous "," Viable",""
"Ankib1","MGI:1918047","Ankib1<tm1b(EUCOMM)Hmgu>","MGI:5698069","MRC Harwell","H-ANKIB1-B09-TM1B","both","Homozygous "," Viable",""
"Ankrd1","MGI:1097717","Ankrd1<tm1.1(KOMP)Vlcg>","MGI:5569943","UC Davis","BL3455","both","Homozygous "," Viable",""
"Ankrd11","MGI:1924337","Ankrd11<tm1b(EUCOMM)Wtsi>","MGI:5548681","ICS","IP00005581a","both","Homozygous "," Lethal",""
"Ankrd13d","MGI:1915673","Ankrd13d<tm2a(KOMP)Wtsi>","MGI:5503344","WTSI","MGPK","both","Homozygous "," Viable",""
"Ankrd27","MGI:2444103","Ankrd27<tm1b(EUCOMM)Hmgu>","MGI:5612827","ICS","IP00005556a","both","Homozygous "," Viable",""
"Ankrd53","MGI:1922555","Ankrd53<tm1(KOMP)Wtsi>","MGI:4419936","NING","Ankrd53_EPD0375_5_D07-1","both","Homozygous "," Viable",""
"Ankrd6","MGI:2154278","Ankrd6<tm1.1(KOMP)Wtsi>","MGI:5548763","WTSI","MUBA","both","Homozygous "," Viable",""
"Ankrd9","MGI:1921501","Ankrd9<tm1(KOMP)Wtsi>","MGI:4419197","WTSI","MEVW","both","Homozygous "," Viable",""
"Anks1b","MGI:1924781","Anks1b<tm1a(KOMP)Wtsi>","MGI:4820106","WTSI","MELK","both","Homozygous "," Viable",""
"Anks6","MGI:1922941","Anks6<tm1b(KOMP)Wtsi>","MGI:5637085","WTSI","MUFX","both","Homozygous "," Lethal",""
"Ankub1","MGI:2685256","Ankub1<tm1.1(KOMP)Vlcg>","MGI:5708256","UC Davis","BL5612","both","Homozygous "," Viable",""
"Anxa3","MGI:1201378","Anxa3<tm1b(EUCOMM)Hmgu>","MGI:5617787","HMGU","HMGU-HEPD0715_8_H08-1-1","both","Homozygous "," Viable",""
"Anxa9","MGI:1923711","Anxa9<tm1b(EUCOMM)Wtsi>","MGI:5548668","WTSI","MUBO","both","Homozygous "," Viable",""
"Aoc1","MGI:1923757","Aoc1<tm1b(EUCOMM)Hmgu>","MGI:5548670","HMGU","H4340-HEPD0615_1_A11-1","both","Homozygous "," Viable",""
"Ap2a2","MGI:101920","Ap2a2<tm1b(EUCOMM)Wtsi>","MGI:5548327","WTSI","MUAC","both","Homozygous "," Viable",""
"Ap3s1","MGI:1337062","Ap3s1<tm1b(EUCOMM)Hmgu>","MGI:5548436","HMGU","H4348-HEPD0632_3_G10-1","both","Homozygous "," Viable",""
"Ap3s2","MGI:1337060","Ap3s2<tm1b(EUCOMM)Hmgu>","MGI:5548435","MRC Harwell","H-Ap3s2-B08-TM1B","both","Homozygous "," Viable",""
"Ap4e1","MGI:1336993","Ap4e1<em1J>","MGI:5638898","JAX","JR26839","both","Homozygous "," Viable",""
"Ap4e1","MGI:1336993","Ap4e1<tm1b(KOMP)Wtsi>","MGI:5548434","WTSI","MUCH","both","Homozygous "," Viable",""
"Ap4e1","MGI:1336993","Ap4e1<tm1b(KOMP)Wtsi>","MGI:5548434","BCM","APEXB","both","Homozygous "," Viable",""
"Ap4e1","MGI:1336993","Ap4e1<tm1b(KOMP)Wtsi>","MGI:5548434","UC Davis","ET6689","both","Homozygous "," Viable",""
"Ap4e1","MGI:1336993","Ap4e1<tm1b(KOMP)Wtsi>","MGI:5548434","RBRC","RIKEN_EPD0025_5_A08","both","Homozygous "," Viable",""
"Ap4e1","MGI:1336993","Ap4e1<tm1b(KOMP)Wtsi>","MGI:5548434","HMGU","MYFZ-4-1","both","Homozygous "," Viable",""
"Ap4e1","MGI:1336993","Ap4e1<tm1b(KOMP)Wtsi>","MGI:5548434","MRC Harwell","H-AP4E1-A08-TM1B","both","Homozygous "," Viable",""
"Ap4e1","MGI:1336993","Ap4e1<tm1b(KOMP)Wtsi>","MGI:5548434","TCP","ET6689_TCP","both","Homozygous "," Viable",""
"Ap4e1","MGI:1336993","Ap4e1<tm1b(KOMP)Wtsi>","MGI:5548434","JAX","JR21510","both","Homozygous "," Viable",""
"Ap4e1","MGI:1336993","Ap4e1<tm1b(KOMP)Wtsi>","MGI:5548434","ICS","IP00005607a","both","Homozygous "," Viable",""
"Ap4m1","MGI:1337063","Ap4m1<tm1b(EUCOMM)Wtsi>","MGI:5636962","WTSI","MUET","both","Homozygous "," Viable",""
"Ap5z1","MGI:1924908","Ap5z1<tm1(KOMP)Wtsi>","MGI:4460281","NING","Ap5z1_EPD0587_5_A05-1","both","Homozygous "," Viable",""
"Apbb2","MGI:108405","Apbb2<tm1.1(KOMP)Vlcg>","MGI:5574593","UC Davis","BL4576","both","Homozygous "," Subviable",""
"Apeh","MGI:88041","Apeh<tm2b(EUCOMM)Hmgu>","MGI:5637196","BCM","APEKB","both","Homozygous "," Viable",""
"Aph1c","MGI:1915568","Aph1c<tm1b(KOMP)Wtsi>","MGI:5548561","MRC Harwell","H-APH1C-A03-TM1B","both","Homozygous "," Viable",""
"Apip","MGI:1926788","Apip<tm1b(EUCOMM)Wtsi>","MGI:5637096","WTSI","MUEU","both","Homozygous "," Viable",""
"Apln","MGI:1353624","Apln<tm1b(KOMP)Wtsi>","MGI:5603348","RBRC","RIKEN-Apln-E07_","both","Homozygous "," Viable",""
"Aplp2","MGI:88047","Aplp2<tm2b(EUCOMM)Hmgu>","MGI:5572038","BCM","APLPB","both","Homozygous "," Viable",""
"Apoc4","MGI:87878","Apoc4<tm1.1(KOMP)Mbp>","MGI:5613668","HMGU","H4593-DEPD00512_2_B09-1","both","Homozygous "," Viable",""
"Apof","MGI:104539","Apof<tm1.1(KOMP)Vlcg>","MGI:5560008","UC Davis","BL794","both","Homozygous "," Viable",""
"Apol7a","MGI:1923011","Apol7a<tm1a(KOMP)Wtsi>","MGI:4419740","WTSI","MDWB","both","Homozygous "," Viable",""
"Apol9b","MGI:1919148","Apol9b<tm2a(KOMP)Wtsi>","MGI:5287779","WTSI","MGXQ","both","Homozygous "," Viable",""
"Apom","MGI:1930124","Apom<tm1.1(KOMP)Vlcg>","MGI:5574605","UC Davis","BL4794","both","Homozygous "," Viable",""
"Apoo","MGI:1915566","Apoo<tm1b(KOMP)Wtsi>","MGI:5637032","WTSI","MUDZ","both","Homozygous "," Viable",""
"Apool","MGI:1915367","Apool<tm1a(KOMP)Wtsi>","MGI:4364721","WTSI","MECV","both","Homozygous "," Viable",""
"App","MGI:88059","App<tm1b(KOMP)Wtsi>","MGI:5692874","ICS","IP00005895a","both","Homozygous "," Subviable",""
"Aqp1","MGI:103201","Aqp1<tm1b(EUCOMM)Wtsi>","MGI:5692545","MRC Harwell","H-AQP1-C01-TM1B","both","Homozygous "," Viable",""
"Aqp11","MGI:1913583","Aqp11<tm1.1(KOMP)Vlcg>","MGI:5615647","JAX","JR26614","both","Homozygous "," Viable",""
"Aqp3","MGI:1333777","Aqp3<tm2b(EUCOMM)Wtsi>","MGI:5636956","MRC Harwell","H-Aqp3-E11-TM1B","both","Homozygous "," Viable",""
"Aqp6","MGI:1341204","Aqp6<tm1b(EUCOMM)Hmgu>","MGI:5636970","HMGU","HMGU-HEPD0753_1_H05-1-1","both","Homozygous "," Viable",""
"Arap1","MGI:1916960","Arap1<tm1b(EUCOMM)Wtsi>","MGI:5548590","UC Davis","BL2097","both","Homozygous "," Viable",""
"Areg","MGI:88068","Areg<tm2b(EUCOMM)Hmgu>","MGI:5637197","MRC Harwell","H-AREG-A08-TM1B","both","Homozygous "," Viable",""
"Arf2","MGI:99595","Arf2<tm1.1(KOMP)Wtsi>","MGI:5529068","JAX","JR24425","both","Homozygous "," Viable",""
"Arf3","MGI:99432","Arf3<tm1b(EUCOMM)Hmgu>","MGI:5614714","HMGU","HMGU-HEPD0652_7_H10-1-1","both","Homozygous "," Viable",""
"Arf4","MGI:99433","Arf4<tm1b(KOMP)Wtsi>","MGI:5572044","UC Davis","BL4836","both","Homozygous "," Lethal",""
"Arhgap17","MGI:1917747","Arhgap17<tm1b(EUCOMM)Wtsi>","MGI:5637047","WTSI","PMAP","both","Homozygous "," Viable",""
"Arhgap22","MGI:2443418","Arhgap22<tm1a(KOMP)Wtsi>","MGI:4363166","WTSI","MFBW","both","Homozygous "," Viable",""
"Arhgap23","MGI:3697726","Arhgap23<tm1b(EUCOMM)Wtsi>","MGI:5605828","BCM","ARCHB","both","Homozygous "," Viable",""
"Arhgap33","MGI:2673998","Arhgap33<tm1b(KOMP)Wtsi>","MGI:5582443","BCM","ARHHB","both","Homozygous "," Subviable",""
"Arhgef1","MGI:1353510","Arhgef1<tm1a(EUCOMM)Wtsi>","MGI:4434048","WTSI","MGPC","both","Homozygous "," Subviable",""
"Arhgef10","MGI:2444453","Arhgef10<tm1.1(KOMP)Vlcg>","MGI:5488782","JAX","JR22304","both","Homozygous "," Viable",""
"Arhgef11","MGI:2441869","Arhgef11<tm1b(KOMP)Wtsi>","MGI:5548801","MRC Harwell","H-ARHGEF11-B05-TM1B","both","Homozygous "," Viable",""
"Arhgef15","MGI:3045246","Arhgef15<tm1.1(KOMP)Vlcg>","MGI:5583080","UC Davis","BL4089","both","Homozygous "," Subviable",""
"Arhgef28","MGI:1346016","Arhgef28<tm1b(EUCOMM)Wtsi>","MGI:5548458","MRC Harwell","H-ARHGEF28-D06-TM1B","both","Homozygous "," Viable",""
"Arhgef38","MGI:1924919","Arhgef38<tm1a(KOMP)Wtsi>","MGI:4949326","WTSI","MEWJ","both","Homozygous "," Viable",""
"Arhgef5","MGI:1858952","Arhgef5<tm1b(NCOM)Mfgc>","MGI:5766172","TCP","TCPA0703Cre","both","Homozygous "," Viable",""
"Arhgef7","MGI:1860493","Arhgef7<tm1a(EUCOMM)Wtsi>","MGI:5009652","WTSI","MEBY","both","Homozygous "," Lethal",""
"Arid3a","MGI:1328360","Arid3a<tm1b(KOMP)Wtsi>","MGI:5448531","JAX","JR18569","both","Homozygous "," Lethal",""
"Arih2","MGI:1344361","Arih2<tm1.1(KOMP)Vlcg>","MGI:5695900","UC Davis","BL2534","both","Homozygous "," Lethal",""
"Arl10","MGI:1930788","Arl10<tm1.1(KOMP)Vlcg>","MGI:5548718","UC Davis","BL1672","both","Homozygous "," Viable",""
"Arl5c","MGI:3028577","Arl5c<tm1.1(KOMP)Vlcg>","MGI:5558161","UC Davis","BL3866","both","Homozygous "," Viable",""
"Arl6ip1","MGI:1858943","Arl6ip1<tm1b(EUCOMM)Hmgu>","MGI:5698068","MRC Harwell","H-ARL6IP1-F09-TM1B","both","Homozygous "," Viable",""
"Arl8b","MGI:1914416","Arl8b<tm1.1(NCOM)Mfgc>","MGI:5766134","TCP","TCPA0758Cre","both","Homozygous "," Subviable",""
"Arl9","MGI:1915496","Arl9<tm1.1(KOMP)Vlcg>","MGI:5572029","UC Davis","BL4765","both","Homozygous "," Viable",""
"Armc7","MGI:2679719","Armc7<tm1.1(KOMP)Wtsi>","MGI:5548858","WTSI","MUCC","both","Homozygous "," Subviable",""
"Arpc1b","MGI:1343142","Arpc1b<tm1a(EUCOMM)Wtsi>","MGI:4431851","WTSI","MDWK","both","Homozygous "," Viable",""
"Arpc3","MGI:1928375","Arpc3<tm1a(EUCOMM)Wtsi>","MGI:4842449","WTSI","MDLY","both","Homozygous "," Lethal",""
"Arpc5l","MGI:1921442","Arpc5l<tm1.1(KOMP)Vlcg>","MGI:5634586","JAX","JR26671","both","Homozygous "," Subviable",""
"Arrb1","MGI:99473","Arrb1<tm1b(KOMP)Wtsi>","MGI:5477806","JAX","JR22420","both","Homozygous "," Viable",""
"Arrb2","MGI:99474","Arrb2<tm1.1(KOMP)Vlcg>","MGI:5445919","JAX","JR18608","both","Homozygous "," Viable",""
"Arrdc1","MGI:2446136","Arrdc1<tm1.1(KOMP)Vlcg>","MGI:5445677","JAX","JR18607","both","Homozygous "," Viable",""
"Arsg","MGI:1921258","Arsg<tm1a(KOMP)Wtsi>","MGI:4362292","WTSI","MEDY","both","Homozygous "," Viable",""
"Arsk","MGI:1924291","Arsk<tm1b(KOMP)Wtsi>","MGI:5446134","JAX","JR18657","both","Homozygous "," Viable",""
"Art4","MGI:1202710","Art4<tm1a(KOMP)Wtsi>","MGI:4363180","WTSI","MFCP","both","Homozygous "," Viable",""
"Arvcf","MGI:109620","Arvcf<tm1e(EUCOMM)Wtsi>","MGI:4432634","WTSI","MDEY","both","Homozygous "," Viable",""
"Asb10","MGI:2152836","Asb10<tm2b(KOMP)Wtsi>","MGI:5463965","JAX","JR18660","both","Homozygous "," Viable",""
"Asb15","MGI:1926160","Asb15<tm1b(KOMP)Wtsi>","MGI:5548697","UC Davis","BL2461","both","Homozygous "," Viable",""
"Ascc2","MGI:1922702","Ascc2<tm1a(EUCOMM)Wtsi>","MGI:5008937","BCM","Ascc2 EPD0792_5_A06-2","both","Homozygous "," Lethal",""
"Ascc2","MGI:1922702","Ascc2<tm1b(EUCOMM)Wtsi>","MGI:5548657","BCM","Ascc2 EPD0792_5_A06","both","Homozygous "," Lethal",""
"Asf1a","MGI:1913653","Asf1a<tm1b(KOMP)Wtsi>","MGI:5471306","JAX","JR22101","both","Homozygous "," Lethal",""
"Ash1l","MGI:2183158","Ash1l<tm2b(EUCOMM)Hmgu>","MGI:5605812","NING","Ash1l_HEPD0792_8_C04-1","both","Homozygous "," Lethal",""
"Asic4","MGI:2652846","Asic4<tm1b(KOMP)Mbp>","MGI:5583077","UC Davis","BL4210","both","Homozygous "," Viable",""
"Asic5","MGI:1929259","Asic5<tm1b(KOMP)Mbp>","MGI:5698070","UC Davis","ET9836","both","Homozygous "," Viable",""
"Aspm","MGI:1334448","Aspm<tm1a(KOMP)Wtsi>","MGI:4362345","WTSI","MDVB","both","Homozygous "," Viable",""
"Aspn","MGI:1913945","Aspn<tm1b(EUCOMM)Hmgu>","MGI:5548526","HMGU","H4350-HEPD0627_6_A09-1","both","Homozygous "," Viable",""
"Atad2b","MGI:2444798","Atad2b<tm1b(EUCOMM)Hmgu>","MGI:5548831","ICS","IP00005593a","both","Homozygous "," Viable",""
"Atad3a","MGI:1919214","Atad3a<tm1a(KOMP)Wtsi>","MGI:4364878","WTSI","MGPY","both","Homozygous "," Lethal",""
"Atf3","MGI:109384","Atf3<tm2b(EUCOMM)Wtsi>","MGI:5636919","MRC Harwell","H-ATF3-G02-TM1B","both","Homozygous "," Viable",""
"Atf6b","MGI:105121","Atf6b<tm1.1(KOMP)Vlcg>","MGI:5548360","UC Davis","BL2874","both","Homozygous "," Subviable",""
"Atg16l2","MGI:1920933","Atg16l2<tm1a(EUCOMM)Wtsi>","MGI:4433064","WTSI","MEVT","both","Homozygous "," Viable",""
"Atg3","MGI:1915091","Atg3<tm1b(EUCOMM)Hmgu>","MGI:5548550","MRC Harwell","H-ATG3-G06-TM1B","both","Homozygous "," Lethal",""
"Atg4d","MGI:2444308","Atg4d<em1Marc>","-","NING","Atg4d_cas9_del121-1","both","Homozygous "," Viable",""
"Atl2","MGI:1929492","Atl2<tm2b(EUCOMM)Hmgu>","MGI:5698071","MRC Harwell","H-ATL2-C05-TM1B","both","Homozygous "," Lethal",""
"Atn1","MGI:104725","Atn1<tm1b(EUCOMM)Wtsi>","MGI:5548352","MRC Harwell","H-ATN1-F08-TM1B","both","Homozygous "," Viable",""
"Atp11a","MGI:1354735","Atp11a<tm1a(KOMP)Wtsi>","MGI:4363953","WTSI","MFTN","both","Homozygous "," Lethal",""
"Atp13a2","MGI:1922022","Atp13a2<tm1b(EUCOMM)Hmgu>","MGI:5587050","RBRC","RIKEN-Atp13a2-F08_","both","Homozygous "," Viable",""
"Atp1a3","MGI:88107","Atp1a3<tm1b(EUCOMM)Hmgu>","MGI:5692876","MRC Harwell","H-ATP1A3-H02-TM1B","both","Homozygous "," Lethal",""
"Atp1a4","MGI:1351335","Atp1a4<tm1b(KOMP)Wtsi>","MGI:5694169","MRC Harwell","H-ATP1A4-F02-TM1B","both","Homozygous "," Viable",""
"Atp2a1","MGI:105058","Atp2a1<tm1b(EUCOMM)Hmgu>","MGI:5692558","MRC Harwell","H-ATP2A1-A07-TM1B","both","Homozygous "," Lethal",""
"Atp2a2","MGI:88110","Atp2a2<tm1b(EUCOMM)Hmgu>","MGI:5548918","MRC Harwell","Atp2a2","both","Homozygous "," Lethal",""
"Atp2b1","MGI:104653","Atp2b1<tm1b(KOMP)Wtsi>","MGI:5605735","UC Davis","TCPM0549Cre","both","Homozygous "," Subviable",""
"Atp5b","MGI:107801","Atp5b<tm1b(EUCOMM)Hmgu>","MGI:5513743","TCP","TCPA0521Cre","both","Homozygous "," Lethal",""
"Atp5e","MGI:1855697","Atp5e<tm1b(EUCOMM)Wtsi>","MGI:5636990","WTSI","PMAF","both","Homozygous "," Lethal",""
"Atp5f1","MGI:1100495","Atp5f1<tm1b(EUCOMM)Wtsi>","MGI:5636929","WTSI","PMAB","both","Homozygous "," Lethal",""
"Atp5g2","MGI:1915192","Atp5g2<tm2b(EUCOMM)Hmgu>","MGI:5588276","HMGU","H4351-HEPD0781_2_B02-1","both","Homozygous "," Subviable",""
"Atp5l","MGI:1351597","Atp5l<tm1b(EUCOMM)Hmgu>","MGI:5636982","MRC Harwell","H-ATP5L-A09-TM1B","both","Homozygous "," Lethal",""
"Atp5s","MGI:1915305","Atp5s<tm1b(EUCOMM)Hmgu>","MGI:5695120","MRC Harwell","H-ATP5S-G11-TM1B","both","Homozygous "," Viable",""
"Atp6v0a1","MGI:103286","Atp6v0a1<tm1b(EUCOMM)Hmgu>","MGI:5513745","TCP","TCPA0152Cre","both","Homozygous "," Lethal",""
"Atp6v0a4","MGI:2153480","Atp6v0a4<tm1(KOMP)Vlcg>","MGI:5051197","RBRC","RIKEN-Atp6v0a4-AB3_","both","Homozygous "," Lethal",""
"Atp6v1b2","MGI:109618","Atp6v1b2<tm1b(KOMP)Wtsi>","MGI:5513747","TCP","TCPA0014Cre","both","Homozygous "," Lethal",""
"Atp6v1d","MGI:1921084","Atp6v1d<tm1b(EUCOMM)Hmgu>","MGI:5513749","TCP","TCPA0536Cre","both","Homozygous "," Lethal",""
"Atp6v1d","MGI:1921084","Atp6v1d<tm1b(EUCOMM)Hmgu>","MGI:5513749","ICS","IP00004932a","both","Homozygous "," Lethal",""
"Atp8b2","MGI:1859660","Atp8b2<tm1a(KOMP)Wtsi>","MGI:4419232","WTSI","MFFN","both","Homozygous "," Subviable",""
"Atr","MGI:108028","Atr<tm1b(KOMP)Wtsi>","MGI:5471285","JAX","JR21925","both","Homozygous "," Lethal",""
"Atrip","MGI:1925349","Atrip<tm1b(KOMP)Wtsi>","MGI:5473356","JAX","JR22305","both","Homozygous "," Lethal",""
"Atrn","MGI:1341628","Atrn<tm1.1(KOMP)Vlcg>","MGI:5708188","UC Davis","BL5200","both","Homozygous "," Viable",""
"Atxn10","MGI:1859293","Atxn10<tm1b(KOMP)Wtsi>","MGI:5636994","WTSI","MUFW","both","Homozygous "," Lethal",""
"Atxn3","MGI:1099442","Atxn3<tm1a(KOMP)Wtsi>","MGI:4363482","WTSI","MGEK","both","Homozygous "," Viable",""
"Atxn7l3","MGI:3036270","Atxn7l3<tm1.1(KOMP)Wtsi>","MGI:5548884","ICS","IP00005711a","both","Homozygous "," Lethal",""
"Aurka","MGI:894678","Aurka<tm1b(EUCOMM)Hmgu>","MGI:5529637","JAX","JR24352","both","Homozygous "," Lethal",""
"Avp","MGI:88121","Avp<tm1b(EUCOMM)Wtsi>","MGI:5637198","MRC Harwell","H-AVP-H07-TM1B","both","Homozygous "," Lethal",""
"Avpi1","MGI:1916784","Avpi1<tm1b(EUCOMM)Hmgu>","MGI:5548586","HMGU","Monterotondo-HEPD0550_6_C05-2-1","both","Homozygous "," Viable",""
"Axin2","MGI:1270862","Axin2<tm1b(KOMP)Wtsi>","MGI:5692597","BCM","AXIOB","both","Homozygous "," Lethal",""
"B020004J07Rik","MGI:3588238","B020004J07Rik<tm1b(KOMP)Wtsi>","MGI:5548898","UC Davis","TCPA0048Cre","both","Homozygous "," Viable",""
"B3gnt7","MGI:2384394","B3gnt7<tm1e.1(KOMP)Wtsi>","MGI:5548784","UC Davis","TCPA0005Cre","both","Homozygous "," Viable",""
"B4gat1","MGI:1919680","B4gat1<tm1.1(KOMP)Vlcg>","MGI:5583065","UC Davis","BL4117","both","Homozygous "," Lethal",""
"B9d2","MGI:2387643","B9d2<tm1a(EUCOMM)Wtsi>","MGI:4441794","WTSI","MCZV","both","Homozygous "," Lethal",""
"BC030499","MGI:2652869","BC030499<tm1.1(KOMP)Vlcg>","MGI:5571192","JAX","JR24652","both","Homozygous "," Viable",""
"BC049715","MGI:3605234","BC049715<tm1b(KOMP)Mbp>","MGI:5696929","NING","BC049715_DEPD00526_5_F01","both","Homozygous "," Viable",""
"BC053393","MGI:3039605","BC053393<tm1b(KOMP)Wtsi>","MGI:5637177","MRC Harwell","H-BC053393-B06-TM1B","both","Homozygous "," Lethal",""
"BC055324","MGI:3590554","BC055324<tm1b(EUCOMM)Hmgu>","MGI:5548899","MRC Harwell","H-BC055324-A04-TM1B","both","Homozygous "," Lethal",""
"BC089597","MGI:3583955","BC089597<tm1a(KOMP)Wtsi>","MGI:4363554","WTSI","MFCV","both","Homozygous "," Viable",""
"BC100451","MGI:1929713","BC100451<tm1.1(KOMP)Vlcg>","MGI:5558038","JAX","JR24155","both","Homozygous "," Viable",""
"Bach1","MGI:894680","Bach1<tm1.1(KOMP)Vlcg>","MGI:5471267","JAX","JR22087","both","Homozygous "," Subviable",""
"Bach2","MGI:894679","Bach2<tm1a(EUCOMM)Wtsi>","MGI:4882014","WTSI","MFZQ","both","Homozygous "," Viable",""
"Bag3","MGI:1352493","Bag3<tm1b(EUCOMM)Hmgu>","MGI:5548479","MRC Harwell","H-Bag3-B06-TM1B","both","Homozygous "," Lethal",""
"Baiap2","MGI:2137336","Baiap2<tm1b(KOMP)Wtsi>","MGI:5605808","UC Davis","TCPA0503Cre","both","Homozygous "," Subviable",""
"Baiap2l2","MGI:2652819","Baiap2l2<tm1a(EUCOMM)Hmgu>","MGI:4435406","ICS","IP00004537a","both","Homozygous "," Viable",""
"Baiap2l2","MGI:2652819","Baiap2l2<tm1b(EUCOMM)Hmgu>","MGI:5548844","ICS","IP00004537b","both","Homozygous "," Viable",""
"Bap1","MGI:1206586","Bap1<em2Marc>","-","NING","Bap1_cas9_del5-1","both","Homozygous "," Lethal",""
"Bap1","MGI:1206586","Bap1<tm1a(EUCOMM)Hmgu>","MGI:4436674","WTSI","MGGV","both","Homozygous "," Lethal",""
"Barx2","MGI:109617","Barx2<tm1b(EUCOMM)Hmgu>","MGI:5548392","MRC Harwell","H-BARX2-F07-TM1B","both","Homozygous "," Subviable",""
"Baz1a","MGI:1309478","Baz1a<tm1b(EUCOMM)Hmgu>","MGI:5513751","TCP","TCPM0219Cre","both","Homozygous "," Viable",""
"Bbox1","MGI:1891372","Bbox1<tm1b(KOMP)Wtsi>","MGI:5561563","BCM","BDOXB","both","Homozygous "," Subviable","Conflicting data"
"Bbox1","MGI:1891372","Bbox1<tm1b(KOMP)Wtsi>","MGI:5561563","JAX","JR26867","both","Homozygous "," Viable","Conflicting data"
"Bbox1","MGI:1891372","Bbox1<tm1b(KOMP)Wtsi>","MGI:5561563","MRC Harwell","H-BBOX1-H05-TM1B","both","Homozygous "," Viable","Conflicting data"
"Bbs10","MGI:1919019","Bbs10<tm1.1(KOMP)Vlcg>","MGI:5515782","JAX","JR24037","both","Homozygous "," Lethal",""
"Bbs4","MGI:2143311","Bbs4<tm1b(EUCOMM)Hmgu>","MGI:5554915","JAX","JR24661","both","Homozygous "," Subviable",""
"Bbs5","MGI:1919819","Bbs5<tm1b(EUCOMM)Wtsi>","MGI:5548622","MRC Harwell","H-BBS5-C06-TM1B-2","both","Homozygous "," Viable",""
"Bbs7","MGI:1918742","Bbs7<tm1b(EUCOMM)Wtsi>","MGI:5554939","JAX","JR24979","both","Homozygous "," Subviable",""
"Bcl7a","MGI:1924295","Bcl7a<tm1b(EUCOMM)Wtsi>","MGI:5616361","BCM","BCLSB","both","Homozygous "," Lethal",""
"Bcl7b","MGI:1332238","Bcl7b<tm1b(EUCOMM)Wtsi>","MGI:5614695","BCM","BCLBB","both","Homozygous "," Viable",""
"Bclaf1","MGI:1917580","Bclaf1<tm1b(EUCOMM)Wtsi>","MGI:5520175","JAX","JR24183","both","Homozygous "," Lethal",""
"Bex2","MGI:1338017","Bex2<tm1b(EUCOMM)Hmgu>","MGI:5614697","HMGU","HMGU-HEPD0727_6_C09-1-1","both","Homozygous "," Viable",""
"Bex4","MGI:3606746","Bex4<tm1.1(KOMP)Vlcg>","MGI:5529615","JAX","JR24515","both","Homozygous "," Viable",""
"Bex6","MGI:3588247","Bex6<tm1.1(KOMP)Vlcg>","MGI:5634964","JAX","JR27550","both","Homozygous "," Viable",""
"Bhlha9","MGI:2444198","Bhlha9<tm1.1(KOMP)Vlcg>","MGI:5585727","UC Davis","BL4840","both","Homozygous "," Viable",""
"Bhlhe40","MGI:1097714","Bhlhe40<tm1b(KOMP)Wtsi>","MGI:5583057","JAX","JR25851","both","Homozygous "," Viable",""
"Bhmt","MGI:1339972","Bhmt<tm1b(EUCOMM)Hmgu>","MGI:5582429","BCM","BHMMB","both","Homozygous "," Viable",""
"Blk","MGI:88169","Blk<tm1.1(KOMP)Vlcg>","MGI:5695967","UC Davis","BL4090","both","Homozygous "," Viable",""
"Bloc1s2","MGI:1920939","Bloc1s2<tm1.1(KOMP)Mbp>","MGI:5490495","JAX","JR22818","both","Homozygous "," Lethal",""
"Blvrb","MGI:2385271","Blvrb<tm1(KOMP)Wtsi>","MGI:4419545","NING","Blvrb_EPD0411_2_A01-1","both","Homozygous "," Viable",""
"Bmi1","MGI:88174","Bmi1<tm1.1(KOMP)Vlcg>","MGI:5695968","UC Davis","BL3799","both","Homozygous "," Subviable",""
"Bmp10","MGI:1338820","Bmp10<tm3b(EUCOMM)Hmgu>","MGI:5694168","ICS","IP00005999a","both","Homozygous "," Lethal",""
"Bms1","MGI:2446132","Bms1<tm1b(EUCOMM)Hmgu>","MGI:5548836","HMGU","H4352-HEPD0570_8_B09-1","both","Homozygous "," Lethal",""
"Bmx","MGI:1101778","Bmx<tm1b(EUCOMM)Wtsi>","MGI:5548403","ICS","IP00005336a","both","Homozygous "," Viable",""
"Bnip2","MGI:109327","Bnip2<tm1b(EUCOMM)Wtsi>","MGI:5636917","WTSI","MUEN","both","Homozygous "," Viable",""
"Boc","MGI:2151153","Boc<tm1b(KOMP)Wtsi>","MGI:5548758","MRC Harwell","H-BOC-E05-TM1B","both","Homozygous "," Viable",""
"Bok","MGI:1858494","Bok<tm1b(EUCOMM)Hmgu>","MGI:5605768","TCP","TCPM0639Cre","both","Homozygous "," Viable",""
"Bola2","MGI:1913412","Bola2<tm1(KOMP)Wtsi>","MGI:4419429","NING","Bola2_EPD0384_6_A09","both","Homozygous "," Viable",""
"Bpgm","MGI:1098242","Bpgm<tm1a(KOMP)Wtsi>","MGI:4363424","WTSI","MGRF","both","Homozygous "," Viable",""
"Bpifb1","MGI:2137431","Bpifb1<tm1b(KOMP)Wtsi>","MGI:5583068","UC Davis","BL4243","both","Homozygous "," Viable",""
"Bpifb1","MGI:2137431","Bpifb1<tm1e(KOMP)Wtsi>","-","WTSI","MGDH","both","Homozygous "," Viable",""
"Bpifb3","MGI:2675077","Bpifb3<tm1b(EUCOMM)Hmgu>","MGI:5548851","MRC Harwell","H-Bpifb3-G05-TM1B","both","Homozygous "," Viable",""
"Bpifb5","MGI:2385160","Bpifb5<tm2a(KOMP)Wtsi>","MGI:4843822","WTSI","MFGS","both","Homozygous "," Viable",""
"Brms1","MGI:2388804","Brms1<tm1.1(KOMP)Vlcg>","MGI:5529063","JAX","JR24348","both","Homozygous "," Subviable",""
"Btbd16","MGI:3045247","Btbd16<tm2b(EUCOMM)Hmgu>","MGI:5581735","BCM","BTDDB","both","Homozygous "," Viable",""
"Btbd9","MGI:1916625","Btbd9<tm1b(EUCOMM)Wtsi>","MGI:5548584","HMGU","HMGU-EPD0631_3_A09-1-1","both","Homozygous "," Viable",""
"Btg2","MGI:108384","Btg2<tm1b(KOMP)Mbp>","MGI:5472170","JAX","JR21751","both","Homozygous "," Viable",""
"Btnl1","MGI:1932027","Btnl1<tm1.1(KOMP)Mbp>","MGI:5548723","UC Davis","TCPA0169Cre","both","Homozygous "," Viable",""
"Btrc","MGI:1338871","Btrc<tm1b(KOMP)Wtsi>","MGI:5548441","MRC Harwell","H-Btrc-B11-TM1B-2","both","Homozygous "," Viable",""
"Bves","MGI:1346013","Bves<tm1.1(KOMP)Vlcg>","MGI:5583059","UC Davis","BL4215","both","Homozygous "," Viable",""
"Bzw2","MGI:1914162","Bzw2<tm1b(KOMP)Mbp>","MGI:5463964","JAX","JR18653","both","Homozygous "," Viable",""
"C1qa","MGI:88223","C1qa<tm1b(EUCOMM)Wtsi>","MGI:5488784","JAX","JR22307","both","Homozygous "," Viable",""
"C1qb","MGI:88224","C1qb<tm1.1(KOMP)Vlcg>","MGI:5471254","JAX","JR22013","both","Homozygous "," Viable",""
"C1qtnf2","MGI:1916433","C1qtnf2<tm2b(KOMP)Wtsi>","MGI:5548580","MRC Harwell","H-C1QTNF2-A12-TM1B","both","Homozygous "," Viable",""
"C1qtnf5","MGI:2385958","C1qtnf5<tm1.1(KOMP)Vlcg>","MGI:5443923","JAX","JR18562","both","Homozygous "," Viable",""
"C1qtnf7","MGI:1925911","C1qtnf7<tm1.1(KOMP)Vlcg>","MGI:5548693","UC Davis","BL2558","both","Homozygous "," Viable",""
"C1rl","MGI:2660692","C1rl<tm1b(EUCOMM)Hmgu>","MGI:5548846","MRC Harwell","H-CR1RL-A04-TM1B","both","Homozygous "," Viable",""
"C3","MGI:88227","C3<tm1.1(KOMP)Vlcg>","MGI:5471398","JAX","JR22098","both","Homozygous "," Viable",""
"C8a","MGI:2668347","C8a<tm1b(EUCOMM)Hmgu>","MGI:5605820","TCP","TCPM0708Cre","both","Homozygous "," Viable",""
"C8b","MGI:88236","C8b<tm1b(EUCOMM)Hmgu>","MGI:5637199","MRC Harwell","H-C8B-E06-TM1B","both","Homozygous "," Viable",""
"C9","MGI:1098282","C9<tm1.1(KOMP)Vlcg>","MGI:5494473","JAX","JR22779","both","Homozygous "," Viable",""
"Cab39l","MGI:1914081","Cab39l<tm1b(EUCOMM)Wtsi>","MGI:5637018","MRC Harwell","H-CAB39L-B12-TM1B","both","Homozygous "," Viable",""
"Cabp1","MGI:1352750","Cabp1<tm1a(EUCOMM)Wtsi>","MGI:4441861","WTSI","MDYD","both","Homozygous "," Viable",""
"Cabp1","MGI:1352750","Cabp1<tm1b(EUCOMM)Wtsi>","MGI:5548480","MRC Harwell","H-Cabp1-H04-TM1B","both","Homozygous "," Viable",""
"Cabp4","MGI:1920910","Cabp4<tm1.1(KOMP)Vlcg>","MGI:5577270","UC Davis","BL4881","both","Homozygous "," Viable",""
"Cacna1b","MGI:88296","Cacna1b<tm1b(KOMP)Wtsi>","MGI:5572039","MRC Harwell","H-CACNA1B-A07-TM1B","both","Homozygous "," Viable",""
"Cacna1f","MGI:1859639","Cacna1f<tm1.1(KOMP)Vlcg>","MGI:5708191","UC Davis","BL5466","both","Homozygous "," Viable",""
"Cacna1i","MGI:2178051","Cacna1i<tm1b(KOMP)Wtsi>","MGI:5548772","BCM","Cacna1i EPD0807_2_A02 HOM","both","Homozygous "," Viable",""
"Cacna1s","MGI:88294","Cacna1s<tm1.1(KOMP)Vlcg>","MGI:5494476","JAX","JR22783","both","Homozygous "," Lethal",""
"Cacna2d3","MGI:1338890","Cacna2d3<tm1b(KOMP)Wtsi>","MGI:5477798","JAX","JR22418","both","Homozygous "," Viable",""
"Calcoco2","MGI:1343177","Calcoco2<tm1(KOMP)Wtsi>","MGI:4419466","WTSI","MDHD","both","Homozygous "," Viable",""
"Calhm1","MGI:3643383","Calhm1<tm1.1(KOMP)Vlcg>","MGI:5708265","UC Davis","BL5588","both","Homozygous "," Viable",""
"Camk1","MGI:1098535","Camk1<tm2b(EUCOMM)Hmgu>","MGI:5574594","BCM","CAMDB","both","Homozygous "," Viable",""
"Camkmt","MGI:1920832","Camkmt<tm1b(EUCOMM)Wtsi>","MGI:5637069","WTSI","MUDU","both","Homozygous "," Viable",""
"Cand2","MGI:1914338","Cand2<tm1a(EUCOMM)Wtsi>","MGI:4432020","WTSI","MDKN","both","Homozygous "," Viable",""
"Cant1","MGI:1923275","Cant1<tm1b(EUCOMM)Hmgu>","MGI:5612825","HMGU","H4636-HEPD0624_1_E03-1","both","Homozygous "," Subviable",""
"Cap2","MGI:1914502","Cap2<tm1b(EUCOMM)Wtsi>","MGI:5692670","HMGU","GSF-EPD0155_4_D08-1-1","both","Homozygous "," Subviable",""
"Capn12","MGI:1891369","Capn12<tm1b(EUCOMM)Hmgu>","MGI:5605772","HMGU","H4637-HEPD0693_1_D08-1","both","Homozygous "," Viable",""
"Capn8","MGI:2181366","Capn8<tm1.1(KOMP)Vlcg>","MGI:5695951","UC Davis","BL4161","both","Homozygous "," Viable",""
"Car12","MGI:1923709","Car12<tm1b(KOMP)Wtsi>","MGI:5620910","JAX","JR26843","both","Homozygous "," Viable",""
"Car4","MGI:1096574","Car4<tm1b(EUCOMM)Wtsi>","MGI:5548394","HMGU","GSF-EPD0227_6_F12-1-2","both","Homozygous "," Subviable",""
"Car7","MGI:103100","Car7<tm1b(KOMP)Wtsi>","MGI:5498767","JAX","JR23283","both","Homozygous "," Viable",""
"Card9","MGI:2685628","Card9<tm1a(EUCOMM)Hmgu>","MGI:4841496","WTSI","MFVJ","both","Homozygous "," Viable",""
"Carf","MGI:2182269","Carf<tm1.1(KOMP)Vlcg>","MGI:5529500","JAX","JR24516","both","Homozygous "," Viable",""
"Carm1","MGI:1913208","Carm1<tm1b(EUCOMM)Hmgu>","MGI:5605773","NING","Carm1 HEPD0719_6_E12-1","both","Homozygous "," Lethal",""
"Casc3","MGI:2179723","Casc3<tm1.1(KOMP)Vlcg>","MGI:5548776","UC Davis","BL3762","both","Homozygous "," Subviable",""
"Casc4","MGI:2443129","Casc4<tm2b(EUCOMM)Wtsi>","MGI:5637147","WTSI","MUDO","both","Homozygous "," Viable",""
"Caskin1","MGI:2442952","Caskin1<tm1b(KOMP)Wtsi>","MGI:5583073","UC Davis","BL4238","both","Homozygous "," Subviable",""
"Caskin2","MGI:2157062","Caskin2<tm1.1(KOMP)Vlcg>","MGI:5548764","UC Davis","BL1460","both","Homozygous "," Viable",""
"Casp12","MGI:1312922","Casp12<tm1a(KOMP)Wtsi>","MGI:4939736","WTSI","MECG","both","Homozygous "," Viable",""
"Casp4","MGI:107700","Casp4<tm1b(KOMP)Wtsi>","MGI:5548377","UC Davis","BL3518","both","Homozygous "," Viable",""
"Casq1","MGI:1309468","Casq1<tm1b(EUCOMM)Wtsi>","MGI:5692603","ICS","IP00005801a","both","Homozygous "," Viable",""
"Casq2","MGI:1309469","Casq2<tm1b(KOMP)Wtsi>","MGI:5548421","TCP","BL3707","both","Homozygous "," Lethal",""
"Cast","MGI:1098236","Cast<tm1.1(KOMP)Vlcg>","MGI:5488495","JAX","JR23393","both","Homozygous "," Viable",""
"Casz1","MGI:1196251","Casz1<tm1b(EUCOMM)Hmgu>","MGI:5636932","MRC Harwell","H-CASZ1-D09-TM1B","both","Homozygous "," Lethal",""
"Catip","MGI:2685062","Catip<tm1b(KOMP)Wtsi>","MGI:5637170","WTSI","MUCX","both","Homozygous "," Viable",""
"Catsper3","MGI:1924106","Catsper3<tm1.1(KOMP)Vlcg>","MGI:5695932","UC Davis","BL4037","both","Homozygous "," Viable",""
"Cbl","MGI:88279","Cbl<tm1b(EUCOMM)Hmgu>","MGI:5766762","ICS","IP00006085a","both","Homozygous "," Subviable",""
"Cbln3","MGI:1889286","Cbln3<tm1.1(KOMP)Vlcg>","MGI:5443924","JAX","JR18556","both","Homozygous "," Viable",""
"Cbx2","MGI:88289","Cbx2<tm1b(KOMP)Wtsi>","MGI:5548919","MRC Harwell","H-Cbx2-F12-TM1B","both","Homozygous "," Lethal",""
"Cbx4","MGI:1195985","Cbx4<tm1.1(KOMP)Vlcg>","MGI:5548407","TCP","TCPA0078Cre","both","Homozygous "," Lethal",""
"Cbx5","MGI:109372","Cbx5<tm1a(EUCOMM)Wtsi>","MGI:4441648","WTSI","MCTN","both","Homozygous "," Subviable",""
"Cbx6","MGI:3512628","Cbx6<tm1a(EUCOMM)Wtsi>","MGI:4441849","WTSI","MCTQ","both","Homozygous "," Viable",""
"Ccdc109b","MGI:1914065","Ccdc109b<tm1b(KOMP)Mbp>","MGI:5637017","MRC Harwell","H-CCDC109B-F05-TM1B","both","Homozygous "," Viable",""
"Ccdc116","MGI:1924122","Ccdc116<tm1.1(KOMP)Vlcg>","MGI:5695933","UC Davis","ET8171","both","Homozygous "," Viable",""
"Ccdc120","MGI:1859619","Ccdc120<tm1.1(KOMP)Vlcg>","MGI:5445789","JAX","JR18591","both","Homozygous "," Viable",""
"Ccdc122","MGI:1918358","Ccdc122<tm1a(KOMP)Wtsi>","MGI:4363388","WTSI","MEWY","both","Homozygous "," Viable",""
"Ccdc127","MGI:1914683","Ccdc127<tm1b(EUCOMM)Wtsi>","MGI:5637023","WTSI","MUDY","both","Homozygous "," Viable",""
"Ccdc134","MGI:1923707","Ccdc134<tm1a(KOMP)Wtsi>","MGI:4362536","WTSI","MERW","both","Homozygous "," Subviable",""
"Ccdc159","MGI:1914369","Ccdc159<tm1a(KOMP)Wtsi>","MGI:4419403","WTSI","MEZZ","both","Homozygous "," Viable",""
"Ccdc160","MGI:3588225","Ccdc160<tm1a(EUCOMM)Wtsi>","MGI:4453700","WTSI","MEDS","both","Homozygous "," Viable",""
"Ccdc18","MGI:1922974","Ccdc18<tm1a(EUCOMM)Wtsi>","MGI:4460455","WTSI","MFVF","both","Homozygous "," Viable",""
"Ccdc181","MGI:1922145","Ccdc181<tm1b(EUCOMM)Hmgu>","MGI:5550595","BCM","CDDXB","both","Homozygous "," Viable",""
"Ccdc24","MGI:2685874","Ccdc24<tm1a(KOMP)Wtsi>","MGI:4455549","WTSI","MFCA","both","Homozygous "," Viable",""
"Ccdc28a","MGI:2443508","Ccdc28a<tm3b(EUCOMM)Wtsi>","MGI:5634966","JAX","JR27040","both","Homozygous "," Viable",""
"Ccdc33","MGI:1922464","Ccdc33<tm1.1(KOMP)Vlcg>","MGI:5548652","UC Davis","BL2479","both","Homozygous "," Viable",""
"Ccdc39","MGI:1289263","Ccdc39<tm2b(KOMP)Wtsi>","MGI:5605755","UC Davis","TCPA0745Cre","both","Homozygous "," Subviable",""
"Ccdc50","MGI:1914751","Ccdc50<tm1b(EUCOMM)Hmgu>","MGI:5692675","MRC Harwell","H-CCDC50-A07-TM1B","both","Homozygous "," Viable",""
"Ccdc64","MGI:1922915","Ccdc64<tm2b(EUCOMM)Wtsi>","MGI:5603351","BCM","CDCDB","both","Homozygous "," Subviable",""
"Ccdc67","MGI:2443026","Ccdc67<tm1.1(KOMP)Vlcg>","MGI:5692826","UC Davis","BL3935","both","Homozygous "," Viable",""
"Ccdc69","MGI:1196234","Ccdc69<tm1b(KOMP)Wtsi>","MGI:5636931","WTSI","MUGL","both","Homozygous "," Viable",""
"Ccdc77","MGI:1914450","Ccdc77<tm1a(EUCOMM)Wtsi>","MGI:4432801","WTSI","MDKE","both","Homozygous "," Viable",""
"Ccdc78","MGI:2685784","Ccdc78<em1J>","MGI:5649017","JAX","JR27608","both","Homozygous "," Viable",""
"Ccdc88c","MGI:1915589","Ccdc88c<tm1b(KOMP)Mbp>","-","UC Davis","BL3877","both","Homozygous "," Viable",""
"Ccdc92","MGI:106485","Ccdc92<tm1b(KOMP)Mbp>","MGI:5692564","UC Davis","BL5138","both","Homozygous "," Viable",""
"Ccdc94","MGI:1920136","Ccdc94<tm1b(KOMP)Wtsi>","MGI:5563210","BCM","CCDDB","both","Homozygous "," Lethal",""
"Cck","MGI:88297","Cck<tm2b(EUCOMM)Hmgu>","MGI:5572040","RBRC","RIKEN-Cck-B06_","both","Homozygous "," Viable",""
"Ccl22","MGI:1306779","Ccl22<tm1a(EUCOMM)Wtsi>","MGI:4441963","WTSI","MDML","both","Homozygous "," Subviable",""
"Ccl26","MGI:3589281","Ccl26<tm1.1(KOMP)Vlcg>","MGI:5529064","JAX","JR24349","both","Homozygous "," Viable",""
"Ccl8","MGI:101878","Ccl8<tm1b(KOMP)Wtsi>","MGI:5548325","UC Davis","BL2489","both","Homozygous "," Viable",""
"Ccl9","MGI:104533","Ccl9<tm1.1(KOMP)Vlcg>","MGI:5548345","UC Davis","BL1469","both","Homozygous "," Viable",""
"Ccnb1","MGI:88302","Ccnb1<tm1b(KOMP)Wtsi>","MGI:5637200","MRC Harwell","H-CCNB1-E11-TM1B","both","Homozygous "," Lethal",""
"Ccnt2","MGI:1920199","Ccnt2<tm1b(EUCOMM)Wtsi>","MGI:5637066","BCM","CCNCB","both","Homozygous "," Subviable",""
"Ccr6","MGI:1333797","Ccr6<tm1.1(KOMP)Vlcg>","MGI:5696887","UC Davis","BL4665","both","Homozygous "," Viable",""
"Cd109","MGI:2445221","Cd109<tm1.1(KOMP)Vlcg>","MGI:5605817","UC Davis","TCPA0008Cre","both","Homozygous "," Viable",""
"Cd300e","MGI:2387602","Cd300e<tm1.1(KOMP)Vlcg>","MGI:5692814","UC Davis","BL4953","both","Homozygous "," Viable",""
"Cd300lg","MGI:1289168","Cd300lg<tm1a(KOMP)Wtsi>","MGI:4364847","WTSI","MEYW","both","Homozygous "," Viable",""
"Cd33","MGI:99440","Cd33<tm1.1(KOMP)Vlcg>","MGI:5471218","JAX","JR22016","both","Homozygous "," Viable",""
"Cd5","MGI:88340","Cd5<tm1.1(KOMP)Mbp>","MGI:5583082","UC Davis","BL4230","both","Homozygous "," Viable",""
"Cd55b","MGI:104849","Cd55b<tm1a(KOMP)Wtsi>","MGI:4868034","WTSI","MFJK","both","Homozygous "," Viable",""
"Cd5l","MGI:1334419","Cd5l<tm1b(KOMP)Mbp>","MGI:5636957","MRC Harwell","H-CD5L-B08-TM1B","both","Homozygous "," Viable",""
"Cd83","MGI:1328316","Cd83<tm1b(KOMP)Wtsi>","MGI:5548426","UC Davis","BL3306","both","Homozygous "," Viable",""
"Cd84","MGI:1336885","Cd84<tm1b(KOMP)Mbp>","MGI:5515779","JAX","JR24040","both","Homozygous "," Viable",""
"Cdan1","MGI:1916218","Cdan1<tm1b(KOMP)Wtsi>","MGI:5572030","UC Davis","BL4122","both","Homozygous "," Subviable",""
"Cdc123","MGI:2138811","Cdc123<tm1b(KOMP)Wtsi>","MGI:5548737","HMGU","H4597-EPD0728_3_G03-1","both","Homozygous "," Lethal",""
"Cdc20","MGI:1859866","Cdc20<tm1.1(KOMP)Vlcg>","MGI:5445785","JAX","JR18590","both","Homozygous "," Lethal",""
"Cdc26","MGI:1913690","Cdc26<tm1b(EUCOMM)Hmgu>","MGI:5548520","ICS","IP00005031a","both","Homozygous "," Lethal",""
"Cdc34","MGI:102657","Cdc34<tm1.1(KOMP)Mbp>","MGI:5532536","JAX","JR24569","both","Homozygous "," Subviable",""
"Cdc7","MGI:1309511","Cdc7<tm1.1(KOMP)Vlcg>","MGI:5695891","TCP","TCPA0828Cre","both","Homozygous "," Lethal",""
"Cdca5","MGI:1915099","Cdca5<tm1.1(KOMP)Vlcg>","MGI:5576039","JAX","JR25275","both","Homozygous "," Lethal",""
"Cdh10","MGI:107436","Cdh10<tm2b(KOMP)Wtsi>","MGI:5548371","UC Davis","BL3129","both","Homozygous "," Viable",""
"Cdh13","MGI:99551","Cdh13<tm1b(EUCOMM)Hmgu>","MGI:5612831","ICS","IP00005591a","both","Homozygous "," Viable",""
"Cdh19","MGI:3588198","Cdh19<tm1a(EUCOMM)Wtsi>","MGI:4432826","WTSI","MELB","both","Homozygous "," Viable",""
"Cdh26","MGI:2685856","Cdh26<tm1.1(KOMP)Vlcg>","MGI:5695960","UC Davis","BL3504","both","Homozygous "," Viable",""
"Cdh4","MGI:99218","Cdh4<tm1b(EUCOMM)Wtsi>","MGI:5571352","JAX","JR25179","both","Homozygous "," Viable",""
"Cdipt","MGI:105491","Cdipt<tm1b(EUCOMM)Wtsi>","MGI:5548363","BCM","Cdipt 2i EPD0459_3_A04 HOM","both","Homozygous "," Lethal",""
"Cdk14","MGI:894318","Cdk14<tm1a(KOMP)Wtsi>","MGI:4362247","WTSI","MEBZ","both","Homozygous "," Viable",""
"Cdk15","MGI:3583944","Cdk15<tm1b(KOMP)Wtsi>","MGI:5498771","JAX","JR23307","both","Homozygous "," Viable",""
"Cdk19","MGI:1925584","Cdk19<em1J>","MGI:5607862","JAX","JR26911","both","Homozygous "," Viable",""
"Cdk4","MGI:88357","Cdk4<tm1b(NCOM)Mfgc>","MGI:5766181","TCP","TCPA0701Cre","both","Homozygous "," Subviable",""
"Cdk5rap3","MGI:1933126","Cdk5rap3<tm1b(EUCOMM)Hmgu>","MGI:5548726","HMGU","HMGU-HEPD0516_2_A06-1-1","both","Homozygous "," Lethal",""
"Cdk8","MGI:1196224","Cdk8<tm1b(EUCOMM)Hmgu>","MGI:5548408","ICS","IP00005208a","both","Homozygous "," Lethal",""
"Cdk9","MGI:1328368","Cdk9<tm1.1(KOMP)Vlcg>","MGI:5695892","UC Davis","BL4146","both","Homozygous "," Lethal",""
"Cdkal1","MGI:1921765","Cdkal1<tm2a(EUCOMM)Wtsi>","MGI:4842388","WTSI","MDZB","both","Homozygous "," Viable",""
"Cdkal1","MGI:1921765","Cdkal1<tm2b(EUCOMM)Wtsi>","MGI:5548648","HMGU","HMGU-EPD0635_1_F06-1-1","both","Homozygous "," Viable",""
"Cdkl2","MGI:1858227","Cdkl2<tm1b(EUCOMM)Hmgu>","MGI:5581415","BCM","CDKKB","both","Homozygous "," Viable",""
"Cdkn1a","MGI:104556","Cdkn1a<tm1.1(KOMP)Vlcg>","MGI:5695874","UC Davis","BL3423","both","Homozygous "," Viable",""
"Cdkn1c","MGI:104564","Cdkn1c<tm1.1(KOMP)Vlcg>","MGI:5695875","UC Davis","BL3396","both","Homozygous "," Lethal",""
"Cdkn2aipnl","MGI:1261797","Cdkn2aipnl<tm1b(KOMP)Wtsi>","MGI:5548411","WTSI","MUBZ","both","Homozygous "," Viable",""
"Ceacam16","MGI:2685615","Ceacam16<tm1.1(KOMP)Wtsi>","MGI:5517676","JAX","JR22335","both","Homozygous "," Viable",""
"Celf4","MGI:1932407","Celf4<tm1a(EUCOMM)Wtsi>","MGI:4433345","WTSI","MGBQ","both","Homozygous "," Lethal",""
"Celf6","MGI:1923433","Celf6<tm1b(KOMP)Wtsi>","MGI:5548665","BCM","Celf6 EPD0681_3_B10","both","Homozygous "," Viable",""
"Cenpe","MGI:1098230","Cenpe<tm1b(EUCOMM)Hmgu>","MGI:5548395","HMGU","Monterotondo-HEPD0553_1_A09-1-1","both","Homozygous "," Lethal",""
"Cenph","MGI:1349448","Cenph<tm1b(EUCOMM)Hmgu>","MGI:5588273","HMGU","H4354-HEPD0530_5_A02-1","both","Homozygous "," Lethal",""
"Cenpl","MGI:1917704","Cenpl<tm1b(EUCOMM)Wtsi>","MGI:5637046","WTSI","PMBQ","both","Homozygous "," Lethal",""
"Cenpo","MGI:1923800","Cenpo<tm1b(KOMP)Mbp>","MGI:5463969","JAX","JR18836","both","Homozygous "," Lethal",""
"Cep164","MGI:2384878","Cep164<tm1b(EUCOMM)Wtsi>","MGI:5637128","MRC Harwell","H-CEP164-A03-TM1B","both","Homozygous "," Lethal",""
"Cep41","MGI:1891414","Cep41<tm1a(EUCOMM)Wtsi>","MGI:4432442","WTSI","MCPL","both","Homozygous "," Viable",""
"Cep76","MGI:1923401","Cep76<tm1b(EUCOMM)Hmgu>","MGI:5561564","BCM","CEPPB","both","Homozygous "," Viable",""
"Cep97","MGI:1921451","Cep97<tm1.1(KOMP)Vlcg>","MGI:5708221","UC Davis","BL5364","both","Homozygous "," Lethal",""
"Cers5","MGI:1919199","Cers5<tm2b(KOMP)Mbp>","MGI:5490496","JAX","JR22819","both","Homozygous "," Viable",""
"Ces4a","MGI:2384581","Ces4a<tm1.1(KOMP)Vlcg>","MGI:5520174","JAX","JR24189","both","Homozygous "," Viable",""
"Cfap61","MGI:1926024","Cfap61<tm2a(EUCOMM)Wtsi>","MGI:5527609","WTSI","MGMN","both","Homozygous "," Viable",""
"Cfap69","MGI:2443778","Cfap69<tm1b(KOMP)Wtsi>","MGI:5548820","UC Davis","BL2398","both","Homozygous "," Viable",""
"Cfb","MGI:105975","Cfb<tm1.1(KOMP)Wtsi>","MGI:5529069","JAX","JR21512","both","Homozygous "," Viable",""
"Cfi","MGI:105937","Cfi<tm1b(EUCOMM)Hmgu>","MGI:5636899","MRC Harwell","H-CFI-F03-TM1B","both","Homozygous "," Viable",""
"Cgn","MGI:1927237","Cgn<tm1b(KOMP)Wtsi>","MGI:5521541","JAX","JR24092","both","Homozygous "," Lethal",""
"Cgrrf1","MGI:1916368","Cgrrf1<tm1b(KOMP)Wtsi>","MGI:5637038","WTSI","MUHO","both","Homozygous "," Viable",""
"Chchd1","MGI:1913371","Chchd1<tm1.1(KOMP)Vlcg>","MGI:5708199","TCP","BL5365_TCP","both","Homozygous "," Viable",""
"Chd1","MGI:88393","Chd1<tm1b(KOMP)Wtsi>","MGI:5513752","TCP","TCPA0039Cre","both","Homozygous "," Lethal",""
"Chd2","MGI:2448567","Chd2<tm1b(EUCOMM)Hmgu>","MGI:5605818","TCP","TCPM0638Cre","both","Homozygous "," Viable",""
"Chd4","MGI:1344380","Chd4<tm1b(EUCOMM)Wtsi>","MGI:5561559","BCM","CHDAB","both","Homozygous "," Lethal",""
"Chd9","MGI:1924001","Chd9<tm1a(EUCOMM)Wtsi>","MGI:4820270","WTSI","MGJD","both","Homozygous "," Viable",""
"Chek2","MGI:1355321","Chek2<tm1b(EUCOMM)Hmgu>","MGI:5521536","JAX","JR24279","both","Homozygous "," Viable",""
"Chic2","MGI:1921527","Chic2<tm1b(EUCOMM)Wtsi>","MGI:5637077","MRC Harwell","H-CHIC2-B08-TM1B","both","Homozygous "," Subviable",""
"Chmp3","MGI:1913950","Chmp3<tm1b(EUCOMM)Hmgu>","MGI:5581416","BCM","CHIPB","both","Homozygous "," Lethal",""
"Chmp4c","MGI:1913621","Chmp4c<tm1b(EUCOMM)Wtsi>","MGI:5637010","MRC Harwell","H-CHMP4C-B10-TM1B","both","Homozygous "," Viable",""
"Chmp6","MGI:3583942","Chmp6<tm1b(KOMP)Wtsi>","MGI:5637182","WTSI","MUHR","both","Homozygous "," Lethal",""
"Chn1","MGI:1915674","Chn1<em1J>","MGI:5644468","JAX","JR26956","both","Homozygous "," Subviable","Conflicting data"
"Chn1","MGI:1915674","Chn1<tm1.1(KOMP)Vlcg>","MGI:5447742","JAX","JR18603","both","Homozygous "," Viable","Conflicting data"
"Chp2","MGI:1917511","Chp2<tm1b(KOMP)Mbp>","MGI:5565261","JAX","JR25118","both","Homozygous "," Viable",""
"Chrac1","MGI:2135796","Chrac1<tm1.1(KOMP)Vlcg>","MGI:5708232","UC Davis","BL5391","both","Homozygous "," Viable",""
"Chrna1","MGI:87885","Chrna1<tm1b(EUCOMM)Hmgu>","MGI:5548913","ICS","IP00005076a","both","Homozygous "," Lethal",""
"Chrna7","MGI:99779","Chrna7<tm1b(EUCOMM)Hmgu>","MGI:5637226","MRC Harwell","H-CHRNA7-E08-TM1B","both","Homozygous "," Viable",""
"Chrnb2","MGI:87891","Chrnb2<tm1b(EUCOMM)Hmgu>","MGI:5637195","MRC Harwell","H-CHRNB2-H05-TM1B","both","Homozygous "," Subviable",""
"Chst11","MGI:1927166","Chst11<tm1a(KOMP)Wtsi>","MGI:4363643","WTSI","MFZV","both","Homozygous "," Lethal",""
"Chst8","MGI:1916197","Chst8<tm1b(KOMP)Mbp>","MGI:5548572","UC Davis","BL3768","both","Homozygous "," Viable",""
"Chtf18","MGI:2384887","Chtf18<tm1b(KOMP)Wtsi>","MGI:5529071","JAX","JR23317","both","Homozygous "," Subviable",""
"Chtop","MGI:1913761","Chtop<tm1a(EUCOMM)Wtsi>","MGI:4842477","WTSI","MFUD","both","Homozygous "," Lethal",""
"Cib2","MGI:1929293","Cib2<tm1b(EUCOMM)Wtsi>","MGI:5548707","MRC Harwell","H-CIB2-D04-TM1B","both","Homozygous "," Viable",""
"Cilp","MGI:2444507","Cilp<tm1b(EUCOMM)Wtsi>","MGI:5606344","BCM","Cilp EPD0226_2_D02-1","both","Homozygous "," Viable",""
"Cinp","MGI:1914486","Cinp<tm1.1(KOMP)Vlcg>","MGI:5471942","JAX","JR18631","both","Homozygous "," Lethal",""
"Cir1","MGI:1914185","Cir1<tm3a(KOMP)Wtsi>","MGI:5577261","WTSI","MGHD","both","Homozygous "," Lethal",""
"Cited4","MGI:1861694","Cited4<tm1.1(KOMP)Vlcg>","MGI:5469080","JAX","JR18587","both","Homozygous "," Viable",""
"Ckap4","MGI:2444926","Ckap4<tm1b(EUCOMM)Hmgu>","MGI:5561565","BCM","CKADB","both","Homozygous "," Subviable",""
"Ckb","MGI:88407","Ckb<tm1b(KOMP)Wtsi>","-","UC Davis","BL4976","both","Homozygous "," Viable",""
"Clcf1","MGI:1930088","Clcf1<tm1.1(KOMP)Vlcg>","MGI:5548715","TCP","BL3310","both","Homozygous "," Lethal",""
"Cldn1","MGI:1276109","Cldn1<tm1b(NCOM)Mfgc>","MGI:5766169","TCP","TCPA0727Cre","both","Homozygous "," Lethal",""
"Cldn13","MGI:1913102","Cldn13<tm1.1(KOMP)Vlcg>","MGI:5515777","JAX","JR24042","both","Homozygous "," Viable",""
"Cldn19","MGI:3033992","Cldn19<tm1.1(KOMP)Vlcg>","MGI:5507837","JAX","JR23666","both","Homozygous "," Viable",""
"Cldn34b2","MGI:1920597","Cldn34b2<tm1a(KOMP)Wtsi>","MGI:4939725","WTSI","MECS","both","Homozygous "," Viable",""
"Clk1","MGI:107403","Clk1<tm1a(EUCOMM)Wtsi>","MGI:4432186","WTSI","MDFE","both","Homozygous "," Viable",""
"Clmn","MGI:2136957","Clmn<tm1b(EUCOMM)Wtsi>","MGI:5513754","TCP","TCPM0541Cre","both","Homozygous "," Viable",""
"Cln6","MGI:2159324","Cln6<tm1b(EUCOMM)Hmgu>","MGI:5513756","TCP","TCPA0153Cre","both","Homozygous "," Viable",""
"Clpp","MGI:1858213","Clpp<tm1a(EUCOMM)Wtsi>","MGI:4820264","WTSI","MFLC","both","Homozygous "," Viable",""
"Clrn1","MGI:2388124","Clrn1<tm1.1(KOMP)Vlcg>","MGI:5582439","UC Davis","BL4921","both","Homozygous "," Viable",""
"Clspn","MGI:2445153","Clspn<tm1(KOMP)Vlcg>","MGI:5085611","RBRC","RIKEN-Clspn-AA8_","both","Homozygous "," Lethal",""
"Clstn1","MGI:1929895","Clstn1<tm1b(EUCOMM)Hmgu>","MGI:5548714","MRC Harwell","H-CLSTN1-G03-TM1B","both","Homozygous "," Viable",""
"Clstn3","MGI:2178323","Clstn3<tm1b(EUCOMM)Hmgu>","MGI:5548773","MRC Harwell","H-Clstn3-C09-TM1B","both","Homozygous "," Viable",""
"Clu","MGI:88423","Clu<tm1b(EUCOMM)Hmgu>","MGI:5548920","MRC Harwell","H-CLU-B02-TM1B","both","Homozygous "," Viable",""
"Clvs1","MGI:1921688","Clvs1<tm1.1(KOMP)Vlcg>","MGI:5554864","JAX","JR24658","both","Homozygous "," Viable",""
"Cmbl","MGI:1916824","Cmbl<tm1b(KOMP)Wtsi>","MGI:5637042","WTSI","MUEB","both","Homozygous "," Viable",""
"Cmip","MGI:1921690","Cmip<tm1a(EUCOMM)Wtsi>","MGI:5286409","WTSI","MEWD","both","Homozygous "," Lethal",""
"Cmtm4","MGI:2142888","Cmtm4<tm1a(EUCOMM)Wtsi>","MGI:4441855","WTSI","MDLQ","both","Homozygous "," Viable",""
"Cmtm5","MGI:2447164","Cmtm5<tm1a(KOMP)Wtsi>","MGI:5286201","WTSI","MGBY","both","Homozygous "," Viable",""
"Cmtm6","MGI:2447165","Cmtm6<tm1a(EUCOMM)Wtsi>","MGI:4441838","WTSI","MDXZ","both","Homozygous "," Viable",""
"Cnbd1","MGI:3650508","Cnbd1<tm1b(EUCOMM)Wtsi>","MGI:5548907","WTSI","MUAY","both","Homozygous "," Viable",""
"Cnbp","MGI:88431","Cnbp<tm1b(KOMP)Wtsi>","MGI:5645124","JAX","JR22337","both","Homozygous "," Lethal",""
"Cnih2","MGI:1277225","Cnih2<tm1b(KOMP)Wtsi>","MGI:5635040","JAX","JR24978","both","Homozygous "," Viable",""
"Cnnm2","MGI:2151054","Cnnm2<tm1.1(KOMP)Vlcg>","MGI:5692792","UC Davis","BL4919","both","Homozygous "," Lethal",""
"Cnot4","MGI:1859026","Cnot4<tm1b(EUCOMM)Wtsi>","MGI:5636993","WTSI","MUGA","both","Homozygous "," Lethal",""
"Cnot6","MGI:2144529","Cnot6<tm1a(KOMP)Wtsi>","MGI:4451305","WTSI","MCQP","both","Homozygous "," Subviable",""
"Cnr1","MGI:104615","Cnr1<tm1.1(KOMP)Vlcg>","MGI:5582419","UC Davis","BL3395","both","Homozygous "," Subviable",""
"Cntf","MGI:88439","Cntf<tm1b(KOMP)Wtsi>","MGI:5605832","UC Davis","TCPA0798Cre","both","Homozygous "," Viable",""
"Coa5","MGI:1923428","Coa5<tm1b(KOMP)Wtsi>","MGI:5513757","TCP","TCPA0041Cre","both","Homozygous "," Lethal",""
"Cog3","MGI:2450151","Cog3<tm1b(EUCOMM)Hmgu>","MGI:5548843","HMGU","HMGU-HEPD0786_6_G01-1-1","both","Homozygous "," Lethal",""
"Col14a1","MGI:1341272","Col14a1<tm1b(KOMP)Wtsi>","MGI:5561558","BCM","COLEB","both","Homozygous "," Viable",""
"Col18a1","MGI:88451","Col18a1<tm1.1(KOMP)Vlcg>","MGI:5445917","JAX","JR18604","both","Homozygous "," Viable",""
"Col1a2","MGI:88468","Col1a2<tm1b(EUCOMM)Wtsi>","MGI:5575901","BCM","COLSB","both","Homozygous "," Viable",""
"Col24a1","MGI:1918605","Col24a1<tm1b(EUCOMM)Wtsi>","MGI:5637054","WTSI","MUFB","both","Homozygous "," Viable",""
"Col4a3","MGI:104688","Col4a3<tm1b(EUCOMM)Wtsi>","MGI:5548350","MRC Harwell","H-COL4A3-B07-TM1B","both","Homozygous "," Viable",""
"Col4a3bp","MGI:1915268","Col4a3bp<tm1a(KOMP)Wtsi>","MGI:5287775","WTSI","MFGR","both","Homozygous "," Subviable",""
"Col6a2","MGI:88460","Col6a2<tm1.1(KOMP)Vlcg>","MGI:5548922","UC Davis","BL2238","both","Homozygous "," Viable",""
"Col9a2","MGI:88466","Col9a2<tm1b(EUCOMM)Wtsi>","MGI:5692882","MRC Harwell","H-COL9A2-F03-TM1B","both","Homozygous "," Viable",""
"Commd10","MGI:1916706","Commd10<tm1a(EUCOMM)Wtsi>","MGI:4842273","WTSI","MEMK","both","Homozygous "," Lethal",""
"Commd9","MGI:1923751","Commd9<tm1b(KOMP)Wtsi>","MGI:5692742","MRC Harwell","H-COMMD9-D11-TM1B","both","Homozygous "," Lethal",""
"Comt","MGI:88470","Comt<tm1b(EUCOMM)Wtsi>","MGI:5637202","MRC Harwell","H-COMT-G06-TM1B","both","Homozygous "," Viable",""
"Coq2","MGI:1919133","Coq2<tm1b(EUCOMM)Hmgu>","MGI:5637057","MRC Harwell","H-COQ2-F02-TM1B","both","Homozygous "," Lethal",""
"Coq4","MGI:1098826","Coq4<tm1a(EUCOMM)Wtsi>","MGI:4441729","WTSI","MCZX","both","Homozygous "," Lethal",""
"Coq6","MGI:1924408","Coq6<tm1b(EUCOMM)Hmgu>","MGI:5548683","ICS","IP00005524a","both","Homozygous "," Lethal",""
"Coq6","MGI:1924408","Coq6<tm1b(EUCOMM)Hmgu>","MGI:5548683","JAX","JR25318","both","Homozygous "," Lethal",""
"Coro1a","MGI:1345961","Coro1a<tm1.1(KOMP)Vlcg>","MGI:5548457","UC Davis","BL3641","both","Homozygous "," Viable",""
"Coro1c","MGI:1345964","Coro1c<tm1a(KOMP)Wtsi>","MGI:4419168","WTSI","MDWY","both","Homozygous "," Viable",""
"Coro6","MGI:2183448","Coro6<tm1e(EUCOMM)Wtsi>","MGI:5000412","WTSI","MFZK","both","Homozygous "," Viable",""
"Cotl1","MGI:1919292","Cotl1<tm1b(EUCOMM)Hmgu>","MGI:5613651","HMGU","H4640-HEPD0672_2_B07-1","both","Homozygous "," Viable",""
"Cox15","MGI:1920112","Cox15<tm1.1(KOMP)Vlcg>","MGI:5695926","UC Davis","BL4601","both","Homozygous "," Lethal",""
"Cox19","MGI:1915283","Cox19<tm1b(EUCOMM)Hmgu>","MGI:5513759","TCP","TCPA0108Cre","both","Homozygous "," Lethal",""
"Cox4i1","MGI:88473","Cox4i1<tm1.1(KOMP)Vlcg>","MGI:5548923","TCP","UCD-13284A-B10-1-1","both","Homozygous "," Lethal",""
"Cox5b","MGI:88475","Cox5b<tm2b(EUCOMM)Hmgu>","MGI:5613669","BCM","COXCB","both","Homozygous "," Lethal",""
"Cox7a1","MGI:1316714","Cox7a1<tm1b(EUCOMM)Wtsi>","MGI:5605757","TCP","TCPM0707Cre","both","Homozygous "," Viable",""
"Cox7c","MGI:103226","Cox7c<tm1b(KOMP)Mbp>","MGI:5463977","JAX","JR21449","both","Homozygous "," Lethal",""
"Cp","MGI:88476","Cp<tm1b(KOMP)Wtsi>","MGI:5468990","JAX","JR21485","both","Homozygous "," Viable",""
"Cpa2","MGI:3617840","Cpa2<tm1b(EUCOMM)Hmgu>","MGI:5548904","HMGU","GSF-HEPD0509_3_H12-1-1","both","Homozygous "," Viable",""
"Cpb1","MGI:1923953","Cpb1<tm1.1(KOMP)Vlcg>","MGI:5605652","JAX","JR25480","both","Homozygous "," Viable",""
"Cpe","MGI:101932","Cpe<tm1b(EUCOMM)Hmgu>","MGI:5548328","HMGU","GSF-HEPD0594_7_A02-1-1","both","Homozygous "," Viable",""
"Cpne5","MGI:2385908","Cpne5<tm2b(EUCOMM)Hmgu>","MGI:5572035","BCM","CPNEB","both","Homozygous "," Viable",""
"Cpsf3","MGI:1859328","Cpsf3<tm1a(EUCOMM)Wtsi>","MGI:4432649","WTSI","MEHJ","both","Homozygous "," Lethal","Conflicting data"
"Cpsf3","MGI:1859328","Cpsf3<tm1b(EUCOMM)Wtsi>","MGI:5548494","WTSI","MUAO","both","Homozygous "," Subviable","Conflicting data"
"Cpt2","MGI:109176","Cpt2<tm1b(KOMP)Wtsi>","MGI:5636913","WTSI","MUDF","both","Homozygous "," Subviable",""
"Cr1l","MGI:88513","Cr1l<tm1b(KOMP)Wtsi>","MGI:5474762","JAX","JR22343","both","Homozygous "," Lethal",""
"Crb2","MGI:2679260","Crb2<tm1a(KOMP)Wtsi>","MGI:4818586","WTSI","MFET","both","Homozygous "," Lethal",""
"Crbn","MGI:1913277","Crbn<tm1b(KOMP)Wtsi>","MGI:5558154","UC Davis","BL2967","both","Homozygous "," Viable",""
"Creb3l1","MGI:1347062","Creb3l1<tm1e(EUCOMM)Wtsi>","MGI:4842311","WTSI","MEEN","both","Homozygous "," Viable",""
"Creld2","MGI:1923987","Creld2<tm1b(EUCOMM)Hmgu>","MGI:5548672","MRC Harwell","H-Creld2-F05-TM1B","both","Homozygous "," Viable",""
"Cript","MGI:1929655","Cript<tm1.1(KOMP)Vlcg>","MGI:5523317","JAX","JR24332","both","Homozygous "," Lethal",""
"Crispld2","MGI:1926142","Crispld2<tm1.1(KOMP)Vlcg>","MGI:5548696","TCP","BL3733","both","Homozygous "," Lethal",""
"Crlf3","MGI:1860086","Crlf3<tm1b(KOMP)Wtsi>","MGI:5548496","WTSI","MLFC","both","Homozygous "," Viable",""
"Crtc3","MGI:1917711","Crtc3<tm1b(KOMP)Wtsi>","MGI:5548599","UC Davis","BL3352","both","Homozygous "," Subviable",""
"Crybb3","MGI:102717","Crybb3<tm1.1(KOMP)Vlcg>","MGI:5569032","UC Davis","ET8208","both","Homozygous "," Viable",""
"Crym","MGI:102675","Crym<tm1b(KOMP)Wtsi>","MGI:5471222","JAX","JR22015","both","Homozygous "," Viable",""
"Cs","MGI:88529","Cs<tm1.1(KOMP)Wtsi>","MGI:5614712","HMGU","HMGU-EPD0681_3_E02-2-1","both","Homozygous "," Lethal",""
"Csf3r","MGI:1339755","Csf3r<tm1.1(KOMP)Vlcg>","MGI:5582428","UC Davis","BL4334","both","Homozygous "," Subviable",""
"Csnk1g2","MGI:1920014","Csnk1g2<tm1b(EUCOMM)Wtsi>","MGI:5613652","HMGU","H4728-EPD0801_6_F07-1","both","Homozygous "," Viable",""
"Csnk1g3","MGI:1917675","Csnk1g3<tm1a(EUCOMM)Wtsi>","MGI:4461713","WTSI","MEYH","both","Homozygous "," Viable",""
"Cspg4","MGI:2153093","Cspg4<tm1b(KOMP)Wtsi>","MGI:5548761","BCM","CAPSB","both","Homozygous "," Viable",""
"Cst3","MGI:102519","Cst3<tm1b(EUCOMM)Wtsi>","MGI:5572024","UC Davis","BL3409","both","Homozygous "," Lethal",""
"Ctdsp1","MGI:2654470","Ctdsp1<tm1b(EUCOMM)Wtsi>","MGI:5692843","MRC Harwell","H-CTDSP1-H05-TM1B","both","Homozygous "," Viable",""
"Ctdsp2","MGI:1098748","Ctdsp2<tm1.1(KOMP)Vlcg>","MGI:5548399","TCP","BL3627","both","Homozygous "," Subviable",""
"Ctdspl","MGI:1916524","Ctdspl<tm1.1(KOMP)Mbp>","MGI:5548581","UC Davis","TCPA0051Cre","both","Homozygous "," Viable",""
"Ctdspl2","MGI:1196405","Ctdspl2<tm2b(KOMP)Wtsi>","MGI:5548409","BCM","Ctdspl2 EPD0694_3_B05 HOM","both","Homozygous "," Subviable",""
"Cth","MGI:1339968","Cth<tm1b(EUCOMM)Hmgu>","MGI:5614698","HMGU","HMGU-HEPD0832_4_G09-1-1","both","Homozygous "," Viable",""
"Ctla2b","MGI:88555","Ctla2b<tm1.1(NCOM)Mfgc>","MGI:5766141","TCP","TCPA0777Cre","both","Homozygous "," Lethal",""
"Ctnnbip1","MGI:1915756","Ctnnbip1<tm1b(EUCOMM)Wtsi>","MGI:5548564","MRC Harwell","H-CTNNBIP1-G10-Tm1B","both","Homozygous "," Subviable",""
"Ctr9","MGI:109345","Ctr9<tm1b(EUCOMM)Wtsi>","MGI:5548390","WTSI","MUAZ","both","Homozygous "," Lethal",""
"Cts6","MGI:1889619","Cts6<tm1b(KOMP)Wtsi>","MGI:5561561","BCM","CTSSB","both","Homozygous "," Viable",""
"Ctsd","MGI:88562","Ctsd<tm1b(EUCOMM)Wtsi>","MGI:5548925","ICS","IP00005224a","both","Homozygous "," Subviable",""
"Ctsk","MGI:107823","Ctsk<tm1b(EUCOMM)Hmgu>","MGI:5605742","TCP","TCPM0615Cre","both","Homozygous "," Viable",""
"Ctso","MGI:2139628","Ctso<tm2b(KOMP)Wtsi>","MGI:5637109","MRC Harwell","H-CTSO-G04-TM1B","both","Homozygous "," Viable",""
"Cttn","MGI:99695","Cttn<tm1b(EUCOMM)Hmgu>","MGI:5548978","MRC Harwell","H-Cttn-D11-TM1B","both","Homozygous "," Viable",""
"Cttnbp2","MGI:1353467","Cttnbp2<tm1b(KOMP)Wtsi>","MGI:5636986","WTSI","MUDC","both","Homozygous "," Viable",""
"Cutal","MGI:1925246","Cutal<tm1a(EUCOMM)Wtsi>","MGI:4432816","WTSI","MFBV","both","Homozygous "," Viable",""
"Cwc27","MGI:1914535","Cwc27<tm1b(KOMP)Wtsi>","MGI:5474764","JAX","JR22344","both","Homozygous "," Subviable",""
"Cxcl12","MGI:103556","Cxcl12<tm1.1(KOMP)Vlcg>","MGI:5708165","UC Davis","BL5555","both","Homozygous "," Lethal",""
"Cxcl17","MGI:2387642","Cxcl17<tm1b(EUCOMM)Wtsi>","MGI:5582438","UC Davis","BL4462","both","Homozygous "," Viable",""
"Cxcl9","MGI:1352449","Cxcl9<tm1b(EUCOMM)Wtsi>","MGI:5636984","MRC Harwell","H-CXCL9-E02-TM1B","both","Homozygous "," Viable",""
"Cxcr1","MGI:2448715","Cxcr1<tm1a(EUCOMM)Wtsi>","MGI:5497392","WTSI","MGKP","both","Homozygous "," Viable",""
"Cxcr2","MGI:105303","Cxcr2<tm1a(EUCOMM)Wtsi>","MGI:4842593","WTSI","MFFS","both","Homozygous "," Viable",""
"Cyb561","MGI:103253","Cyb561<tm1b(EUCOMM)Wtsi>","MGI:5636891","MRC Harwell","H-CYB561-G01-TM1B","both","Homozygous "," Viable",""
"Cyb561a3","MGI:2686925","Cyb561a3<tm2b(EUCOMM)Hmgu>","MGI:5588290","HMGU","H4731-HEPD0791_4_G09-1","both","Homozygous "," Viable",""
"Cyb5d1","MGI:2685586","Cyb5d1<tm1.1(KOMP)Vlcg>","MGI:5471394","JAX","JR22096","both","Homozygous "," Viable",""
"Cyb5d2","MGI:2684848","Cyb5d2<tm1.1(KOMP)Wtsi>","MGI:5515784","JAX","JR24035","both","Homozygous "," Viable",""
"Cyb5r2","MGI:2444415","Cyb5r2<tm1b(EUCOMM)Hmgu>","MGI:5548826","MRC Harwell","H-CYB5R2-C08-TM1B","both","Homozygous "," Viable",""
"Cyba","MGI:1316658","Cyba<tm1a(EUCOMM)Wtsi>","MGI:4432216","WTSI","MFAC","both","Homozygous "," Viable",""
"Cybb","MGI:88574","Cybb<tm2b(KOMP)Wtsi>","MGI:5548926","MRC Harwell","H-CYBB-C11-TM1B","both","Homozygous "," Viable",""
"Cybrd1","MGI:2654575","Cybrd1<tm1b(EUCOMM)Hmgu>","MGI:5637161","MRC Harwell","H-CYBRD1-E12-TM1B","both","Homozygous "," Viable",""
"Cyfip2","MGI:1924134","Cyfip2<tm1a(EUCOMM)Wtsi>","MGI:4434196","WTSI","MEPG","both","Homozygous "," Lethal",""
"Cyp17a1","MGI:88586","Cyp17a1<tm1b(EUCOMM)Wtsi>","MGI:5605834","NING","Cyp17a1_EPD0214_2_B11-1","both","Homozygous "," Viable",""
"Cyp20a1","MGI:1925201","Cyp20a1<tm1a(EUCOMM)Wtsi>","MGI:4842859","WTSI","MEPM","both","Homozygous "," Viable",""
"Cyp27b1","MGI:1098274","Cyp27b1<tm1b(EUCOMM)Hmgu>","MGI:5588267","TCP","TCPA0642Cre","both","Homozygous "," Viable",""
"Cyp2ab1","MGI:3644957","Cyp2ab1<tm1b(KOMP)Wtsi>","MGI:5572037","BCM","CYABB","both","Homozygous "," Viable",""
"Cyp2b13","MGI:88599","Cyp2b13<tm1b(KOMP)Wtsi>","MGI:5637203","WTSI","MUGE","both","Homozygous "," Viable",""
"Cyp2e1","MGI:88607","Cyp2e1<tm1b(KOMP)Wtsi>","MGI:5548927","MRC Harwell","H-Cyp2e1-F11-TM1B","both","Homozygous "," Viable",""
"Cyp2r1","MGI:2449771","Cyp2r1<tm1b(EUCOMM)Wtsi>","MGI:5548842","WTSI","MUBS","both","Homozygous "," Viable",""
"Cyp2u1","MGI:1918769","Cyp2u1<tm1b(EUCOMM)Wtsi>","MGI:5635043","JAX","JR26288","both","Homozygous "," Subviable",""
"Cyp3a11","MGI:88609","Cyp3a11<tm1a(KOMP)Wtsi>","MGI:4841233","WTSI","MEGZ","both","Homozygous "," Viable",""
"Cyp4b1","MGI:103225","Cyp4b1<tm1b(KOMP)Wtsi>","MGI:5548340","HMGU","HMGU-EPD0078_3_C03-1-1","both","Homozygous "," Viable",""
"Cyp4f14","MGI:1927669","Cyp4f14<tm1b(EUCOMM)Hmgu>","MGI:5613654","HMGU","H4729-HEPD0779_7_G09-1","both","Homozygous "," Viable",""
"Cyp4f16","MGI:1917351","Cyp4f16<tm1b(KOMP)Wtsi>","MGI:5637043","MRC Harwell","H-CYP4F16-H05-TM1B","both","Homozygous "," Viable",""
"Cyp7b1","MGI:104978","Cyp7b1<tm1b(EUCOMM)Wtsi>","MGI:5607535","BCM","CYPKB","both","Homozygous "," Viable",""
"Cystm1","MGI:1913310","Cystm1<tm1b(EUCOMM)Hmgu>","MGI:5548508","HMGU","HMGU-HEPD0779_6_E06-1-1","both","Homozygous "," Viable",""
"Cytip","MGI:2183535","Cytip<tm1b(KOMP)Wtsi>","MGI:5548783","BCM","CYTPB","both","Homozygous "," Viable",""
"D17Wsu92e","MGI:106281","D17Wsu92e<Gt(IST12471H5)Tigm>","-","UC Davis","BL1601","both","Homozygous "," Viable",""
"D1Ertd622e","MGI:1277184","D1Ertd622e<tm1.1(KOMP)Vlcg>","MGI:5554912","JAX","JR24659","both","Homozygous "," Subviable",""
"D1Pas1","MGI:91842","D1Pas1<tm1(KOMP)Vlcg>","MGI:4399403","RBRC","RIKEN-D1Pas1-D4_20120503","both","Homozygous "," Viable",""
"D630023F18Rik","MGI:2138198","D630023F18Rik<tm1b(KOMP)Wtsi>","MGI:5637108","WTSI","MUDD","both","Homozygous "," Subviable",""
"D630045J12Rik","MGI:2669829","D630045J12Rik<tm1b(KOMP)Wtsi>","MGI:5513761","TCP","TCPM0181Cre","both","Homozygous "," Viable",""
"D6Wsu163e","MGI:107893","D6Wsu163e<tm1b(EUCOMM)Wtsi>","MGI:5636910","WTSI","MUHA","both","Homozygous "," Viable",""
"D7Ertd443e","MGI:1196431","D7Ertd443e<tm2a(KOMP)Wtsi>","MGI:4455573","WTSI","MGLR","both","Homozygous "," Viable",""
"D930020B18Rik","MGI:2442001","D930020B18Rik<tm1.1(KOMP)Vlcg>","MGI:5708245","UC Davis","BL5243","both","Homozygous "," Viable",""
"D930028M14Rik","MGI:3687343","D930028M14Rik<tm1a(EUCOMM)Wtsi>","MGI:4432198","WTSI","MFAB","both","Homozygous "," Lethal",""
"Daam1","MGI:1914596","Daam1<tm1b(EUCOMM)Hmgu>","MGI:5637022","MRC Harwell","H-DAAM1-C09-TM1B","both","Homozygous "," Lethal",""
"Daam2","MGI:1923691","Daam2<tm1a(KOMP)Wtsi>","MGI:4841108","WTSI","MEQD","both","Homozygous "," Viable",""
"Daam2","MGI:1923691","Daam2<tm1b(KOMP)Wtsi>","MGI:5637087","MRC Harwell","H-DAAM2-A09-TM1B","both","Homozygous "," Viable",""
"Dach1","MGI:1277991","Dach1<tm1b(KOMP)Wtsi>","MGI:5529614","JAX","JR24353","both","Homozygous "," Lethal",""
"Dact2","MGI:1920347","Dact2<tm1b(EUCOMM)Wtsi>","MGI:5584408","BCM","DACUB","both","Homozygous "," Viable",""
"Dact3","MGI:3654828","Dact3<tm1b(KOMP)Wtsi>","MGI:5637190","WTSI","MUHK","both","Homozygous "," Viable",""
"Dagla","MGI:2677061","Dagla<tm1a(EUCOMM)Wtsi>","MGI:4432581","NING","Dagla_E11-1","both","Homozygous "," Viable",""
"Dap","MGI:1918190","Dap<tm1a(KOMP)Mbp>","MGI:4455440","WTSI","MGBG","both","Homozygous "," Viable",""
"Dapk1","MGI:1916885","Dapk1<tm1b(EUCOMM)Hmgu>","MGI:5548588","MRC Harwell","H-Dapk1-B11-TM1B","both","Homozygous "," Viable",""
"Dapk2","MGI:1341297","Dapk2<tm1b(EUCOMM)Wtsi>","MGI:5636971","WTSI","PMAQ","both","Homozygous "," Viable",""
"Dars2","MGI:2442510","Dars2<tm1a(KOMP)Wtsi>","MGI:4362200","WTSI","MDWP","both","Homozygous "," Lethal",""
"Dbf4","MGI:1351328","Dbf4<tm1b(KOMP)Wtsi>","MGI:5494452","JAX","JR22777","both","Homozygous "," Lethal",""
"Dbn1","MGI:1931838","Dbn1<tm1a(KOMP)Wtsi>","MGI:4363390","WTSI","MCKS","both","Homozygous "," Subviable","Conflicting data"
"Dbn1","MGI:1931838","Dbn1<tm1b(KOMP)Wtsi>","MGI:5501061","RBRC","RIKEN-Dbn1-A05_","both","Homozygous "," Lethal","Conflicting data"
"Dbn1","MGI:1931838","Dbn1<tm1b(KOMP)Wtsi>","MGI:5501061","ICS","IP00005427a","both","Homozygous "," Lethal","Conflicting data"
"Dbn1","MGI:1931838","Dbn1<tm1b(KOMP)Wtsi>","MGI:5501061","HMGU","MCKS-3","both","Homozygous "," Lethal","Conflicting data"
"Dbn1","MGI:1931838","Dbn1<tm1b(KOMP)Wtsi>","MGI:5501061","WTSI","MUCL","both","Homozygous "," Subviable","Conflicting data"
"Dbn1","MGI:1931838","Dbn1<tm1b(KOMP)Wtsi>","MGI:5501061","MRC Harwell","H-DBN1-A05-TM1B","both","Homozygous "," Subviable","Conflicting data"
"Dbn1","MGI:1931838","Dbn1<tm1b(KOMP)Wtsi>","MGI:5501061","BCM","DBNNB","both","Homozygous "," Subviable","Conflicting data"
"Dbn1","MGI:1931838","Dbn1<tm1b(KOMP)Wtsi>","MGI:5501061","JAX","JR21507","both","Homozygous "," Subviable","Conflicting data"
"Dbn1","MGI:1931838","Dbn1<tm1b(KOMP)Wtsi>","MGI:5501061","UC Davis","ET6714","both","Homozygous "," Subviable","Conflicting data"
"Dbn1","MGI:1931838","Dbn1<tm1b(KOMP)Wtsi>","MGI:5501061","TCP","ET6714_TCP","both","Homozygous "," Subviable","Conflicting data"
"Dbndd2","MGI:106562","Dbndd2<tm1b(EUCOMM)Wtsi>","MGI:5513763","TCP","TCPM0203Cre","both","Homozygous "," Viable",""
"Dcaf10","MGI:2140179","Dcaf10<tm1.1(KOMP)Vlcg>","MGI:5529061","JAX","JR24117","both","Homozygous "," Viable",""
"Dcaf11","MGI:90168","Dcaf11<tm1a(KOMP)Wtsi>","MGI:4841129","WTSI","MGEU","both","Homozygous "," Viable",""
"Dcbld2","MGI:1920629","Dcbld2<tm1a(KOMP)Wtsi>","MGI:4363322","WTSI","MFTX","both","Homozygous "," Viable",""
"Dcc","MGI:94869","Dcc<tm1b(NCOM)Mfgc>","MGI:5766182","TCP","TCPA0700Cre","both","Homozygous "," Lethal",""
"Dcdc2b","MGI:2686212","Dcdc2b<tm1b(KOMP)Wtsi>","MGI:5637175","WTSI","MUFJ","both","Homozygous "," Viable",""
"Dcdc2c","MGI:1915761","Dcdc2c<tm1a(KOMP)Wtsi>","MGI:4458574","WTSI","MERM","both","Homozygous "," Viable",""
"Dclk1","MGI:1330861","Dclk1<tm1a(EUCOMM)Wtsi>","MGI:5543459","WTSI","MGKF","both","Homozygous "," Subviable",""
"Dcp2","MGI:1917890","Dcp2<tm1b(KOMP)Wtsi>","MGI:5618767","ICS","IP00005614a","both","Homozygous "," Lethal",""
"Dcps","MGI:1916555","Dcps<tm1b(EUCOMM)Hmgu>","MGI:5505910","JAX","JR23604","both","Homozygous "," Lethal",""
"Dct","MGI:102563","Dct<tm1b(KOMP)Mbp>","MGI:5548330","UC Davis","BL3424","both","Homozygous "," Viable",""
"Dctd","MGI:2444529","Dctd<em1Marc>","-","NING","Dctd_cas9_del134-1","both","Homozygous "," Viable",""
"Dctn1","MGI:107745","Dctn1<tm1a(EUCOMM)Wtsi>","MGI:4432339","WTSI","MDWE","both","Homozygous "," Lethal",""
"Dctn2","MGI:107733","Dctn2<tm1b(EUCOMM)Hmgu>","MGI:5606342","RBRC","RIKEN-Dctn2-E10_","both","Homozygous "," Lethal",""
"Dcx","MGI:1277171","Dcx<tm1a(EUCOMM)Wtsi>","MGI:4441970","WTSI","MDKH","both","Homozygous "," Viable",""
"Ddah1","MGI:1916469","Ddah1<tm2a(EUCOMM)Wtsi>","MGI:5527610","WTSI","MGKQ","both","Homozygous "," Viable",""
"Ddhd1","MGI:2150302","Ddhd1<tm1a(KOMP)Wtsi>","MGI:4362938","WTSI","MFCR","both","Homozygous "," Viable",""
"Ddit3","MGI:109247","Ddit3<tm1.1(KOMP)Vlcg>","MGI:5569942","UC Davis","BL4570","both","Homozygous "," Viable",""
"Ddost","MGI:1194508","Ddost<tm1.1(KOMP)Vlcg>","MGI:5548405","TCP","UCD-11663B-F3-2-1","both","Homozygous "," Lethal",""
"Ddrgk1","MGI:1924256","Ddrgk1<tm1b(EUCOMM)Hmgu>","MGI:5692746","RBRC","RIKEN-Ddrgk1-D03_","both","Homozygous "," Lethal",""
"Ddx1","MGI:2144727","Ddx1<tm1b(EUCOMM)Hmgu>","MGI:5569068","MRC Harwell","H-DDX1-F05-TM1B","both","Homozygous "," Lethal",""
"Ddx41","MGI:1920185","Ddx41<tm1b(KOMP)Wtsi>","MGI:5548627","TCP","BL3367-1","both","Homozygous "," Lethal",""
"Ddx42","MGI:1919297","Ddx42<tm1b(EUCOMM)Wtsi>","MGI:5637061","WTSI","PMAE","both","Homozygous "," Lethal",""
"Ddx51","MGI:1916913","Ddx51<tm1a(KOMP)Wtsi>","MGI:4431446","WTSI","MGMT","both","Homozygous "," Lethal",""
"Ddx54","MGI:1919240","Ddx54<tm1.1(KOMP)Vlcg>","MGI:5695924","UC Davis","BL4214","both","Homozygous "," Lethal",""
"Ddx55","MGI:1915098","Ddx55<tm1a(EUCOMM)Wtsi>","MGI:4434030","WTSI","METX","both","Homozygous "," Lethal",""
"Ddx59","MGI:1915247","Ddx59<em1J>","MGI:5620213","JAX","JR25817","both","Homozygous "," Lethal",""
"Def6","MGI:1346328","Def6<tm1a(EUCOMM)Wtsi>","MGI:4944563","WTSI","MEXX","both","Homozygous "," Viable",""
"Defb14","MGI:2675345","Defb14<tm1b(KOMP)Wtsi>","MGI:5637165","WTSI","MUFD","both","Homozygous "," Viable",""
"Defb22","MGI:3045368","Defb22<tm1a(KOMP)Wtsi>","MGI:5013746","WTSI","MFXV","both","Homozygous "," Viable",""
"Defb30","MGI:1920920","Defb30<tm2b(KOMP)Wtsi>","MGI:5637070","WTSI","MUEA","both","Homozygous "," Viable",""
"Defb43","MGI:3647180","Defb43<tm1b(KOMP)Wtsi>","MGI:5692868","NING","Defb43_EPD0309_3_D12-1","both","Homozygous "," Viable",""
"Dennd1b","MGI:2447812","Dennd1b<tm1a(EUCOMM)Hmgu>","MGI:4841996","WTSI","MFVH","both","Homozygous "," Viable",""
"Dennd1c","MGI:1918035","Dennd1c<tm1a(EUCOMM)Wtsi>","MGI:4432505","WTSI","MEKG","both","Homozygous "," Viable",""
"Dennd1c","MGI:1918035","Dennd1c<tm1b(EUCOMM)Wtsi>","MGI:5548604","WTSI","MUAT","both","Homozygous "," Viable",""
"Dennd2d","MGI:2181193","Dennd2d<tm2b(KOMP)Mbp>","MGI:5587052","JAX","JR25514","both","Homozygous "," Subviable",""
"Dennd4c","MGI:1914769","Dennd4c<tm1b(EUCOMM)Wtsi>","MGI:5637024","WTSI","MUHB","both","Homozygous "," Lethal",""
"Denr","MGI:1915434","Denr<tm1b(KOMP)Wtsi>","MGI:5637029","WTSI","MUFA","both","Homozygous "," Lethal",""
"Depdc5","MGI:2141101","Depdc5<tm1b(EUCOMM)Hmgu>","MGI:5637113","MRC Harwell","H-DEPDC5_G10-TM1B","both","Homozygous "," Lethal",""
"Derl2","MGI:2151483","Derl2<tm1b(EUCOMM)Hmgu>","MGI:5637117","ICS","IP00005724a","both","Homozygous "," Lethal",""
"Dgcr2","MGI:892866","Dgcr2<tm1b(EUCOMM)Wtsi>","MGI:5548928","BCM","DGCAB","both","Homozygous "," Viable",""
"Dhdds","MGI:1914672","Dhdds<tm1b(KOMP)Wtsi>","MGI:5613645","HMGU","H4606-EPD0159_1_H08-1","both","Homozygous "," Lethal",""
"Dhfr","MGI:94890","Dhfr<tm1b(EUCOMM)Wtsi>","MGI:5513765","TCP","TCPA0165Cre","both","Homozygous "," Lethal",""
"Dhodh","MGI:1928378","Dhodh<tm1b(EUCOMM)Wtsi>","MGI:5548703","WTSI","MUBN","both","Homozygous "," Lethal",""
"Dhps","MGI:2683592","Dhps<tm2a(EUCOMM)Wtsi>","MGI:4842333","WTSI","MGXS","both","Homozygous "," Lethal",""
"Dhrs2","MGI:1918662","Dhrs2<tm1a(KOMP)Wtsi>","MGI:4364555","WTSI","MEZX","both","Homozygous "," Viable",""
"Dhx29","MGI:2145374","Dhx29<tm1.1(KOMP)Vlcg>","MGI:5529635","JAX","JR24346","both","Homozygous "," Lethal",""
"Dhx30","MGI:1920081","Dhx30<tm1.1(KOMP)Vlcg>","MGI:5474769","JAX","JR22342","both","Homozygous "," Lethal",""
"Dhx33","MGI:2445102","Dhx33<tm1b(KOMP)Wtsi>","MGI:5637153","WTSI","MUFU","both","Homozygous "," Lethal",""
"Dhx35","MGI:1918965","Dhx35<tm1b(EUCOMM)Wtsi>","MGI:5637055","WTSI","MUFL","both","Homozygous "," Lethal",""
"Dhx40","MGI:1914737","Dhx40<tm1b(KOMP)Wtsi>","MGI:5548542","BCM","METDB","both","Homozygous "," Viable",""
"Diaph3","MGI:1927222","Diaph3<tm1b(KOMP)Mbp>","MGI:5571349","JAX","JR25186","both","Homozygous "," Lethal",""
"Dicer1","MGI:2177178","Dicer1<tm1b(EUCOMM)Wtsi>","MGI:5692797","MRC Harwell","H-DICER1-H11-TM1B","both","Homozygous "," Lethal",""
"Dip2a","MGI:2385920","Dip2a<tm2b(KOMP)Wtsi>","MGI:5548794","WTSI","MUBY","both","Homozygous "," Viable",""
"Dis3","MGI:1919912","Dis3<tm1e.1(EUCOMM)Hmgu>","MGI:5548623","HMGU","HMGU-HEPD0659_5_E08-1-1","both","Homozygous "," Lethal",""
"Dixdc1","MGI:2679721","Dixdc1<tm1.1(KOMP)Vlcg>","MGI:5445766","JAX","JR18584","both","Homozygous "," Viable",""
"Dkk4","MGI:2385299","Dkk4<tm1.1(KOMP)Vlcg>","MGI:5572034","UC Davis","BL4668","both","Homozygous "," Viable",""
"Dlec1","MGI:2443671","Dlec1<tm1b(EUCOMM)Wtsi>","MGI:5548818","HMGU","GSF-EPD0183_3_F08-1-1","both","Homozygous "," Viable",""
"Dlg2","MGI:1344351","Dlg2<tm1a(EUCOMM)Wtsi>","MGI:4842622","WTSI","MDLX","both","Homozygous "," Viable",""
"Dlg3","MGI:1888986","Dlg3<tm1a(EUCOMM)Wtsi>","MGI:4441739","WTSI","MCZY","both","Homozygous "," Viable",""
"Dlg4","MGI:1277959","Dlg4<tm1e(EUCOMM)Wtsi>","-","WTSI","MEEV","both","Homozygous "," Viable",""
"Dlg5","MGI:1918478","Dlg5<tm1b(EUCOMM)Wtsi>","MGI:5692705","UC Davis","BL5237","both","Homozygous "," Lethal",""
"Dmap1","MGI:1913483","Dmap1<tm1.1(KOMP)Vlcg>","MGI:5443931","JAX","JR18565","both","Homozygous "," Lethal",""
"Dmgdh","MGI:1921379","Dmgdh<tm1a(KOMP)Wtsi>","MGI:4451237","WTSI","MEUP","both","Homozygous "," Viable",""
"Dmxl2","MGI:2444630","Dmxl2<tm1a(EUCOMM)Wtsi>","MGI:4432280","WTSI","MDTX","both","Homozygous "," Lethal",""
"Dnaaf2","MGI:1923566","Dnaaf2<tm1.1(KOMP)Vlcg>","MGI:5532530","JAX","JR24570","both","Homozygous "," Lethal",""
"Dnah5","MGI:107718","Dnah5<tm1b(KOMP)Wtsi>","MGI:5708173","UC Davis","BL5180","both","Homozygous "," Subviable",""
"Dnaja1","MGI:1270129","Dnaja1<tm1.1(KOMP)Vlcg>","MGI:5445777","JAX","JR18585","both","Homozygous "," Subviable",""
"Dnaja4","MGI:1927638","Dnaja4<tm1b(KOMP)Wtsi>","MGI:5521538","JAX","JR22776","both","Homozygous "," Viable",""
"Dnajb12","MGI:1931881","Dnajb12<tm1.1(KOMP)Vlcg>","MGI:5471844","JAX","JR18597","both","Homozygous "," Subviable",""
"Dnajb3","MGI:1306822","Dnajb3<tm1.1(KOMP)Vlcg>","MGI:5468983","JAX","JR18632","both","Homozygous "," Viable",""
"Dnajb7","MGI:1914012","Dnajb7<tm1.1(KOMP)Vlcg>","MGI:5445758","JAX","JR18580","both","Homozygous "," Viable",""
"Dnajc14","MGI:1921580","Dnajc14<tm1.1(KOMP)Vlcg>","MGI:5471951","JAX","JR18637","both","Homozygous "," Viable",""
"Dnajc15","MGI:1913398","Dnajc15<tm1b(KOMP)Wtsi>","MGI:5548512","BCM","DNADB","both","Homozygous "," Viable",""
"Dnajc16","MGI:2442146","Dnajc16<tm1.1(KOMP)Vlcg>","MGI:5463938","JAX","JR18633","both","Homozygous "," Subviable",""
"Dnajc17","MGI:1916658","Dnajc17<tm1b(EUCOMM)Hmgu>","MGI:5548585","HMGU","GSF-HEPD0546_1_F06-1-1","both","Homozygous "," Lethal",""
"Dnajc21","MGI:1925371","Dnajc21<tm1.1(NCOM)Mfgc>","MGI:5766144","TCP","TCPA0778Cre","both","Homozygous "," Subviable",""
"Dnajc27","MGI:2443036","Dnajc27<tm1b(EUCOMM)Hmgu>","MGI:5614706","HMGU","HMGU-HEPD0704_4_D06-1-1","both","Homozygous "," Viable",""
"Dnajc28","MGI:2181053","Dnajc28<tm1.1(KOMP)Vlcg>","MGI:5463945","JAX","JR18636","both","Homozygous "," Viable",""
"Dnajc5b","MGI:1913576","Dnajc5b<tm1b(EUCOMM)Hmgu>","MGI:5548519","ICS","IP00005740a","both","Homozygous "," Viable",""
"Dnajc5g","MGI:3045263","Dnajc5g<tm1.1(KOMP)Vlcg>","MGI:5445923","JAX","JR18616","both","Homozygous "," Viable",""
"Dnajc7","MGI:1928373","Dnajc7<tm1b(KOMP)Wtsi>","MGI:5476999","JAX","JR22416","both","Homozygous "," Viable",""
"Dnajc8","MGI:1915848","Dnajc8<tm1b(KOMP)Wtsi>","MGI:5637033","WTSI","MUDN","both","Homozygous "," Lethal",""
"Dnajc9","MGI:1915326","Dnajc9<tm1.1(KOMP)Vlcg>","MGI:5474770","JAX","JR22340","both","Homozygous "," Lethal",""
"Dnal1","MGI:1921462","Dnal1<tm1.1(KOMP)Vlcg>","MGI:5708222","TCP","BL5602_TCP","both","Homozygous "," Lethal",""
"Dnal4","MGI:1859217","Dnal4<tm1b(EUCOMM)Wtsi>","MGI:5548493","ICS","IP00005194a","both","Homozygous "," Subviable",""
"Dnase1l2","MGI:1913955","Dnase1l2<em2Bay>","-","BCM","DNAEB","both","Homozygous "," Viable",""
"Dnase1l2","MGI:1913955","Dnase1l2<tm1(KOMP)Wtsi>","MGI:4362265","RBRC","RIKEN_EPD0296_2_A10","both","Homozygous "," Viable",""
"Dnase1l2","MGI:1913955","Dnase1l2<tm1.1(KOMP)Wtsi>","MGI:5501065","MRC Harwell","H-DNASE1L2-A10-TM1-1","both","Homozygous "," Viable",""
"Dnase1l2","MGI:1913955","Dnase1l2<tm1.1(KOMP)Wtsi>","MGI:5501065","WTSI","MUCK","both","Homozygous "," Viable",""
"Dnase1l2","MGI:1913955","Dnase1l2<tm1.1(KOMP)Wtsi>","MGI:5501065","UC Davis","ET6691","both","Homozygous "," Viable",""
"Dnase1l2","MGI:1913955","Dnase1l2<tm1.1(KOMP)Wtsi>","MGI:5501065","BCM","DNASB","both","Homozygous "," Viable",""
"Dnase1l2","MGI:1913955","Dnase1l2<tm1.1(KOMP)Wtsi>","MGI:5501065","TCP","ET6691_TCP","both","Homozygous "," Viable",""
"Dnase1l2","MGI:1913955","Dnase1l2<tm1.1(KOMP)Wtsi>","MGI:5501065","HMGU","EPD0296_2_A10","both","Homozygous "," Viable",""
"Dnase1l2","MGI:1913955","Dnase1l2<tm1.1(KOMP)Wtsi>","MGI:5501065","JAX","JR21508","both","Homozygous "," Viable",""
"Dnm1l","MGI:1921256","Dnm1l<tm1b(KOMP)Wtsi>","MGI:5602830","ICS","IP00005523a","both","Homozygous "," Lethal",""
"Dnmt3a","MGI:1261827","Dnmt3a<tm1a(KOMP)Wtsi>","MGI:4364077","WTSI","MFCH","both","Homozygous "," Viable","Conflicting data"
"Dnmt3a","MGI:1261827","Dnmt3a<tm1b(KOMP)Wtsi>","MGI:5446396","JAX","JR18838","both","Homozygous "," Subviable","Conflicting data"
"Dnpep","MGI:1278328","Dnpep<tm1e(EUCOMM)Wtsi>","-","WTSI","MGJA","both","Homozygous "," Viable",""
"Dntt","MGI:98659","Dntt<tm2b(KOMP)Wtsi>","MGI:5505648","JAX","JR23605","both","Homozygous "," Viable",""
"Dock11","MGI:1923224","Dock11<tm2b(KOMP)Wtsi>","MGI:5548661","UC Davis","BL3113","both","Homozygous "," Viable",""
"Dock2","MGI:2149010","Dock2<tm1b(EUCOMM)Wtsi>","MGI:5637116","BCM","DOKBB","both","Homozygous "," Viable",""
"Dok7","MGI:3584043","Dok7<tm1.1(KOMP)Vlcg>","MGI:5582445","UC Davis","BL4588","both","Homozygous "," Lethal",""
"Dolk","MGI:2677836","Dolk<em1J>","MGI:5605979","JAX","JR26820","both","Homozygous "," Lethal",""
"Dopey2","MGI:1917278","Dopey2<tm1a(EUCOMM)Wtsi>","MGI:4452820","WTSI","MDYU","both","Homozygous "," Viable",""
"Doxl2","MGI:3618290","Doxl2<tm1.1(KOMP)Vlcg>","MGI:5708264","UC Davis","BL4702","both","Homozygous "," Viable",""
"Dpf1","MGI:1352748","Dpf1<tm1.1(KOMP)Vlcg>","MGI:5614559","JAX","JR25584","both","Homozygous "," Viable",""
"Dph2","MGI:1914978","Dph2<tm2(EUCOMM)Wtsi>","MGI:4840638","WTSI","MDKG","both","Homozygous "," Lethal",""
"Dph6","MGI:1913882","Dph6<tm1a(KOMP)Wtsi>","MGI:4880925","WTSI","MFZU","both","Homozygous "," Viable",""
"Dpm1","MGI:1330239","Dpm1<tm1b(KOMP)Wtsi>","MGI:5636953","WTSI","MUFC","both","Homozygous "," Lethal",""
"Dpm2","MGI:1330238","Dpm2<tm1b(EUCOMM)Hmgu>","MGI:5692609","MRC Harwell","H-DPM2-G06-TM1B","both","Homozygous "," Lethal",""
"Dpm3","MGI:1915813","Dpm3<tm1.1(KOMP)Vlcg>","MGI:5548565","UC Davis","BL2400","both","Homozygous "," Lethal",""
"Dpp10","MGI:2442409","Dpp10<tm1.1(NCOM)Mfgc>","MGI:5766148","TCP","TCPA0779Cre","both","Homozygous "," Viable",""
"Dpp9","MGI:2443967","Dpp9<tm1b(EUCOMM)Hmgu>","MGI:5548821","HMGU","Monterotondo-HEPD0534_4_B11-1-1","both","Homozygous "," Lethal",""
"Dppa1","MGI:2157522","Dppa1<tm1a(KOMP)Wtsi>","MGI:4362687","WTSI","MELY","both","Homozygous "," Viable","Conflicting data"
"Dppa1","MGI:2157522","Dppa1<tm1b(KOMP)Wtsi>","MGI:5574608","BCM","DPPCB","both","Homozygous "," Lethal","Conflicting data"
"Dpy30","MGI:1913560","Dpy30<tm1a(KOMP)Wtsi>","MGI:4887610","WTSI","MFKN","both","Homozygous "," Lethal",""
"Dpyd","MGI:2139667","Dpyd<tm1b(KOMP)Wtsi>","MGI:5513767","TCP","TCPA0056Cre","both","Homozygous "," Viable",""
"Dsc2","MGI:103221","Dsc2<tm1e(KOMP)Wtsi>","MGI:4455602","WTSI","MDZL","both","Homozygous "," Viable",""
"Dsg1b","MGI:2664357","Dsg1b<tm1a(KOMP)Wtsi>","MGI:4364614","WTSI","MERP","both","Homozygous "," Viable",""
"Dspp","MGI:109172","Dspp<tm1.1(KOMP)Vlcg>","MGI:5695883","UC Davis","BL3605","both","Homozygous "," Viable",""
"Dst","MGI:104627","Dst<tm1b(EUCOMM)Wtsi>","MGI:5636893","BCM","DSTCB","both","Homozygous "," Lethal",""
"Dtl","MGI:1924093","Dtl<tm1b(EUCOMM)Wtsi>","MGI:5692745","NING","Dtl_EPD0842_3_C06-1","both","Homozygous "," Lethal",""
"Dtnbp1","MGI:2137586","Dtnbp1<tm1b(EUCOMM)Hmgu>","MGI:5513769","TCP","TCPA0069Cre","both","Homozygous "," Viable",""
"Duoxa2","MGI:1914061","Duoxa2<tm1b(KOMP)Wtsi>","MGI:5637016","WTSI","MUHN","both","Homozygous "," Viable",""
"Dusp11","MGI:1919352","Dusp11<tm1b(EUCOMM)Wtsi>","MGI:5548616","ICS","IP00005407a","both","Homozygous "," Viable",""
"Dusp13","MGI:1351599","Dusp13<tm1b(KOMP)Wtsi>","MGI:5548474","UC Davis","TCPA0037Cre","both","Homozygous "," Viable",""
"Dusp3","MGI:1919599","Dusp3<tm1b(KOMP)Wtsi>","MGI:5548619","WTSI","MDUS","both","Homozygous "," Viable",""
"Dusp5","MGI:2685183","Dusp5<tm1a(KOMP)Wtsi>","MGI:4456654","WTSI","MFAJ","both","Homozygous "," Viable",""
"Dusp7","MGI:2387100","Dusp7<tm1(KOMP)Wtsi>","MGI:4419457","NING","Dusp7_EPD0392_1_A09","both","Homozygous "," Viable",""
"Dynll1","MGI:1861457","Dynll1<tm1(KOMP)Wtsi>","MGI:4419330","WTSI","MCSZ","both","Homozygous "," Lethal",""
"Dynlrb1","MGI:1914318","Dynlrb1<tm1a(EUCOMM)Wtsi>","MGI:4432163","WTSI","MDUV","both","Homozygous "," Lethal",""
"Dynlrb2","MGI:1922715","Dynlrb2<tm1a(KOMP)Wtsi>","MGI:5052400","WTSI","MFYF","both","Homozygous "," Subviable",""
"Dzank1","MGI:2139080","Dzank1<tm1b(KOMP)Wtsi>","MGI:5548739","UC Davis","BL2388","both","Homozygous "," Viable",""
"Eaf1","MGI:1921677","Eaf1<tm1b(EUCOMM)Wtsi>","MGI:5548645","MRC Harwell","H-EAF1-E07-TM1B","both","Homozygous "," Lethal",""
"Eci3","MGI:1916373","Eci3<tm1b(EUCOMM)Wtsi>","MGI:5548579","WTSI","MUBM","both","Homozygous "," Viable",""
"Ecm1","MGI:103060","Ecm1<tm1b(EUCOMM)Hmgu>","MGI:5692542","MRC Harwell","H-ECM1-F10-TM1B","both","Homozygous "," Subviable",""
"Ecscr","MGI:1915795","Ecscr<tm1.1(KOMP)Vlcg>","MGI:5583063","UC Davis","BL4133","both","Homozygous "," Viable",""
"Ect2","MGI:95281","Ect2<tm1b(EUCOMM)Wtsi>","MGI:5548931","ICS","IP00005491a","both","Homozygous "," Lethal",""
"Edar","MGI:1343498","Edar<tm1b(KOMP)Wtsi>","MGI:5548453","UC Davis","BL3430","both","Homozygous "," Subviable",""
"Edc4","MGI:2446249","Edc4<tm1a(EUCOMM)Wtsi>","MGI:4433903","WTSI","MFAD","both","Homozygous "," Lethal",""
"Edn2","MGI:95284","Edn2<tm1b(KOMP)Mbp>","MGI:5603356","RBRC","RIKEN-Edn2-D1_","both","Homozygous "," Lethal",""
"Eef1akmt1","MGI:1915293","Eef1akmt1<tm1a(EUCOMM)Wtsi>","MGI:4431797","WTSI","MFTF","both","Homozygous "," Viable",""
"Eef2kmt","MGI:1917761","Eef2kmt<tm1b(EUCOMM)Wtsi>","MGI:5766155","HMGU","Monterotondo-EPD0146_4_A06-1-1","both","Homozygous "," Viable",""
"Efcab11","MGI:1926017","Efcab11<tm1b(EUCOMM)Hmgu>","MGI:5637094","MRC Harwell","H-EFCAB11-A03-TM1B","both","Homozygous "," Viable",""
"Efemp1","MGI:1339998","Efemp1<tm1.1(KOMP)Vlcg>","MGI:5695896","UC Davis","BL4123","both","Homozygous "," Viable",""
"Efna4","MGI:106643","Efna4<tm1.1(KOMP)Vlcg>","MGI:5608692","JAX","JR26533","both","Homozygous "," Viable",""
"Efna5","MGI:107444","Efna5<tm1b(EUCOMM)Wtsi>","MGI:5548373","HMGU","HMGU-EPD0445_2_D06-1-1","both","Homozygous "," Viable",""
"Eftud2","MGI:1336880","Eftud2<tm1b(KOMP)Wtsi>","MGI:5695118","ICS","IP00005906a","both","Homozygous "," Lethal",""
"Egfl8","MGI:1932094","Egfl8<tm1.1(KOMP)Vlcg>","MGI:5695940","UC Davis","ET10094","both","Homozygous "," Viable",""
"Egr1","MGI:95295","Egr1<tm1b(NCOM)Mfgc>","MGI:5766183","TCP","TCPA0686Cre","both","Homozygous "," Subviable",""
"Ehbp1l1","MGI:3612340","Ehbp1l1<tm1a(EUCOMM)Wtsi>","MGI:4432707","WTSI","MFCC","both","Homozygous "," Lethal",""
"Ehmt2","MGI:2148922","Ehmt2<tm1.1(KOMP)Mbp>","MGI:5471303","JAX","JR25261","both","Homozygous "," Lethal",""
"Eif1b","MGI:1916219","Eif1b<tm1.1(KOMP)Vlcg>","MGI:5617256","JAX","JR26541","both","Homozygous "," Viable",""
"Eif2b3","MGI:1313286","Eif2b3<tm1b(EUCOMM)Hmgu>","MGI:5636947","MRC Harwell","H-EIF2B3-D09-TM1B","both","Homozygous "," Lethal",""
"Eif2b4","MGI:95300","Eif2b4<tm1b(KOMP)Wtsi>","-","UC Davis","BL3079","both","Homozygous "," Lethal",""
"Eif2s2","MGI:1914454","Eif2s2<em2Bay>","-","BCM","EIFSB","both","Homozygous "," Lethal",""
"Eif3h","MGI:1915385","Eif3h<tm1a(EUCOMM)Hmgu>","MGI:5008832","WTSI","MGLM","both","Homozygous "," Lethal",""
"Eif4ebp3","MGI:1270847","Eif4ebp3<tm1.1(KOMP)Vlcg>","MGI:5695888","UC Davis","BL3728","both","Homozygous "," Viable",""
"Eif4g2","MGI:109207","Eif4g2<tm1b(KOMP)Wtsi>","MGI:5498138","JAX","JR18659","both","Homozygous "," Lethal",""
"Elac2","MGI:1890496","Elac2<tm1b(EUCOMM)Wtsi>","MGI:5637003","WTSI","PMAH","both","Homozygous "," Lethal",""
"Elf3","MGI:1101781","Elf3<tm1b(KOMP)Wtsi>","MGI:5548404","UC Davis","BL3508","both","Homozygous "," Subviable",""
"Elfn1","MGI:2442479","Elfn1<tm1.1(KOMP)Vlcg>","MGI:5692822","UC Davis","ET8696","both","Homozygous "," Viable",""
"Elfn2","MGI:3608416","Elfn2<tm1.1(KOMP)Vlcg>","MGI:5548902","UC Davis","BL3175","both","Homozygous "," Viable",""
"Elk1","MGI:101833","Elk1<tm1.1(KOMP)Vlcg>","MGI:5585644","JAX","JR25119","both","Homozygous "," Viable",""
"Ell2","MGI:2183438","Ell2<tm1a(EUCOMM)Wtsi>","MGI:4441868","WTSI","MEEF","both","Homozygous "," Viable",""
"Ell2","MGI:2183438","Ell2<tm1b(EUCOMM)Wtsi>","MGI:5548782","WTSI","MUAK","both","Homozygous "," Viable",""
"Elmo1","MGI:2153044","Elmo1<tm1a(EUCOMM)Wtsi>","MGI:4939780","WTSI","MEFU","both","Homozygous "," Viable",""
"Elmo3","MGI:2679007","Elmo3<tm1.1(KOMP)Vlcg>","MGI:5548855","UC Davis","BL3137","both","Homozygous "," Viable",""
"Elmod1","MGI:3583900","Elmod1<tm1b(EUCOMM)Hmgu>","MGI:5548895","MRC Harwell","H-ELMOD1-E10-TM1B","both","Homozygous "," Viable",""
"Elmod2","MGI:2445165","Elmod2<tm1b(EUCOMM)Hmgu>","MGI:5692836","MRC Harwell","H-ELMOD2-E01-TM1B","both","Homozygous "," Viable",""
"Elof1","MGI:1913376","Elof1<tm1.1(KOMP)Vlcg>","MGI:5569949","JAX","JR25191","both","Homozygous "," Lethal",""
"Elovl6","MGI:2156528","Elovl6<tm1b(EUCOMM)Hmgu>","MGI:5637121","MRC Harwell","H-ELOVL6-F04-TM1B","both","Homozygous "," Subviable",""
"Emb","MGI:95321","Emb<tm1b(KOMP)Wtsi>","MGI:5558162","UC Davis","BL3194","both","Homozygous "," Subviable",""
"Emc10","MGI:1916933","Emc10<tm1b(EUCOMM)Wtsi>","MGI:5548589","MRC Harwell","H-Emc10-E10-TM1B","both","Homozygous "," Viable",""
"Emc4","MGI:1915282","Emc4<tm1(KOMP)Wtsi>","MGI:5299564","NING","Emc4_EPD0888_3_B01-1","both","Homozygous "," Lethal",""
"Eme1","MGI:3576783","Eme1<tm1.1(KOMP)Wtsi>","MGI:5569963","BCM","EMELB","both","Homozygous "," Viable",""
"Eml2","MGI:1919455","Eml2<tm1b(EUCOMM)Wtsi>","MGI:5609351","BCM","EMLTB","both","Homozygous "," Viable",""
"Emx1","MGI:95387","Emx1<tm1.1(KOMP)Vlcg>","MGI:5695972","UC Davis","BL4487","both","Homozygous "," Viable",""
"Enc1","MGI:109610","Enc1<tm1a(EUCOMM)Wtsi>","MGI:5051006","WTSI","MFZR","both","Homozygous "," Viable",""
"Endog","MGI:1261433","Endog<tm1.1(KOMP)Vlcg>","MGI:5548410","UC Davis","BL3517","both","Homozygous "," Viable",""
"Enho","MGI:1916888","Enho<tm1.1(KOMP)Vlcg>","MGI:5569049","UC Davis","ET8109","both","Homozygous "," Viable",""
"Enox1","MGI:2444896","Enox1<tm1.1(KOMP)Vlcg>","MGI:5634704","JAX","JR26437","both","Homozygous "," Viable",""
"Enthd2","MGI:1926027","Enthd2<tm1b(KOMP)Wtsi>","MGI:5637095","WTSI","MUFN","both","Homozygous "," Viable",""
"Entpd1","MGI:102805","Entpd1<tm1b(EUCOMM)Wtsi>","MGI:5548332","HMGU","GSF-EPD0156_1_B01-1-1","both","Homozygous "," Viable",""
"Entpd6","MGI:1202295","Entpd6<tm1a(KOMP)Wtsi>","MGI:4363445","WTSI","MFBZ","both","Homozygous "," Viable",""
"Entpd8","MGI:1919340","Entpd8<tm1.1(KOMP)Vlcg>","MGI:5582435","UC Davis","BL3369","both","Homozygous "," Viable",""
"Eomes","MGI:1201683","Eomes<tm1b(EUCOMM)Wtsi>","MGI:5636935","MRC Harwell","H-EOMES-G05-TM1B","both","Homozygous "," Lethal",""
"Epas1","MGI:109169","Epas1<tm1b(EUCOMM)Hmgu>","MGI:5548386","MRC Harwell","H-EPAS1-B11-TM1B","both","Homozygous "," Lethal",""
"Epb41","MGI:95401","Epb41<tm1b(KOMP)Mbp>","MGI:5474773","JAX","JR22339","both","Homozygous "," Subviable",""
"Epb41l4a","MGI:103007","Epb41l4a<tm1b(KOMP)Mbp>","MGI:5468966","JAX","PH21753","both","Homozygous "," Viable",""
"Epb41l4b","MGI:1859149","Epb41l4b<tm1b(EUCOMM)Hmgu>","MGI:5577266","BCM","EPEBB","both","Homozygous "," Viable",""
"Epc2","MGI:1278321","Epc2<tm1b(EUCOMM)Wtsi>","MGI:5692601","HMGU","GSF-EPD0018_2_G10-1-1","both","Homozygous "," Lethal",""
"Epdr1","MGI:2145369","Epdr1<tm1b(NCOM)Mfgc>","MGI:5766175","TCP","TCPA0678Cre","both","Homozygous "," Viable",""
"Epgn","MGI:1919170","Epgn<tm1b(KOMP)Wtsi>","MGI:5577269","JAX","JR24672","both","Homozygous "," Viable",""
"Epha10","MGI:3586824","Epha10<tm1.1(KOMP)Vlcg>","MGI:5576040","JAX","JR25180","both","Homozygous "," Viable",""
"Epha6","MGI:108034","Epha6<tm1b(KOMP)Wtsi>","MGI:5605744","UC Davis","TCPM0605Cre","both","Homozygous "," Viable",""
"Epn3","MGI:1919139","Epn3<tm1b(KOMP)Wtsi>","MGI:5548611","UC Davis","BL2342","both","Homozygous "," Viable",""
"Eprs","MGI:97838","Eprs<tm1b(EUCOMM)Hmgu>","MGI:5513771","TCP","TCPA0537Cre","both","Homozygous "," Lethal",""
"Eps8l1","MGI:1914675","Eps8l1<tm2b(KOMP)Wtsi>","MGI:5548540","UC Davis","BL3131","both","Homozygous "," Viable",""
"Ercc3","MGI:95414","Ercc3<tm1b(NCOM)Mfgc>","MGI:5766184","TCP","TCPA0685Cre","both","Homozygous "," Lethal",""
"Erg","MGI:95415","Erg<em1Bay>","-","BCM","ERGCB","both","Homozygous "," Lethal",""
"Erlin2","MGI:2387215","Erlin2<tm1a(EUCOMM)Wtsi>","MGI:4820210","WTSI","MFKU","both","Homozygous "," Viable",""
"Ermp1","MGI:106250","Ermp1<tm1.1(KOMP)Vlcg>","MGI:5505907","JAX","JR23489","both","Homozygous "," Viable",""
"Erp44","MGI:1923549","Erp44<tm1a(KOMP)Wtsi>","MGI:5052408","WTSI","MEQJ","both","Homozygous "," Subviable",""
"Espnl","MGI:2685402","Espnl<tm1b(KOMP)Wtsi>","MGI:5554914","JAX","JR24660","both","Homozygous "," Viable",""
"Esrra","MGI:1346831","Esrra<tm1.1(KOMP)Vlcg>","MGI:5620908","JAX","JR26615","both","Homozygous "," Viable",""
"Esyt2","MGI:1261845","Esyt2<tm2b(KOMP)Wtsi>","MGI:5605752","BCM","ESTTB","both","Homozygous "," Viable",""
"Esyt3","MGI:1098699","Esyt3<tm1b(EUCOMM)Wtsi>","MGI:5548398","MRC Harwell","H-Esyt3-C09-TM1B-2","both","Homozygous "," Viable",""
"Etfdh","MGI:106100","Etfdh<tm1b(EUCOMM)Hmgu>","MGI:5701718","HMGU","HMGU-HEPD0622_1_H12-1-1","both","Homozygous "," Lethal",""
"Ethe1","MGI:1913321","Ethe1<tm1b(EUCOMM)Wtsi>","MGI:5692653","MRC Harwell","Ethe1","both","Homozygous "," Subviable",""
"Etnk1","MGI:1922570","Etnk1<tm1b(EUCOMM)Wtsi>","MGI:5574604","BCM","ETENB","both","Homozygous "," Viable",""
"Evi2b","MGI:1890682","Evi2b<tm1.1(KOMP)Vlcg>","MGI:5695907","UC Davis","TCPM0817Cre","both","Homozygous "," Viable",""
"Evi5","MGI:104736","Evi5<tm1a(KOMP)Wtsi>","MGI:4458636","WTSI","MFZM","both","Homozygous "," Viable",""
"Evl","MGI:1194884","Evl<tm1b(KOMP)Wtsi>","MGI:5548406","MRC Harwell","H-Evl-A03-TM1B","both","Homozygous "," Viable",""
"Ewsr1","MGI:99960","Ewsr1<tm1b(EUCOMM)Wtsi>","MGI:5513772","TCP","TCPA0155Cre","both","Homozygous "," Lethal",""
"Exoc3l2","MGI:1921713","Exoc3l2<tm1a(KOMP)Wtsi>","MGI:4363569","WTSI","MEKM","both","Homozygous "," Viable","Conflicting data"
"Exoc3l2","MGI:1921713","Exoc3l2<tm1b(KOMP)Wtsi>","MGI:5548646","WTSI","MUAU","both","Homozygous "," Lethal","Conflicting data"
"Exoc4","MGI:1096376","Exoc4<em1J>","MGI:5571596","JAX","JR25733","both","Homozygous "," Lethal",""
"Exoc8","MGI:2142527","Exoc8<tm1.1(KOMP)Vlcg>","MGI:5548744","TCP","BL2345","both","Homozygous "," Lethal",""
"Exosc3","MGI:1913612","Exosc3<tm1.1(KOMP)Vlcg>","MGI:5695911","UC Davis","BL4029","both","Homozygous "," Subviable",""
"Exosc8","MGI:1916889","Exosc8<tm1.1(KOMP)Vlcg>","MGI:5445928","JAX","JR18622","both","Homozygous "," Lethal",""
"Exosc9","MGI:1355319","Exosc9<tm1b(EUCOMM)Wtsi>","MGI:5636988","WTSI","MUHM","both","Homozygous "," Lethal",""
"Eya4","MGI:1337104","Eya4<tm1b(KOMP)Wtsi>","MGI:5548437","TCP","TCPA0076Cre","both","Homozygous "," Lethal",""
"Ezh1","MGI:1097695","Ezh1<tm1b(EUCOMM)Wtsi>","MGI:5692587","NING","Ezh1_EPD0188_1_E12-1","both","Homozygous "," Viable",""
"Ezr","MGI:98931","Ezr<tm2a(EUCOMM)Wtsi>","MGI:4431855","WTSI","MDYB","both","Homozygous "," Lethal",""
"F10","MGI:103107","F10<tm1b(EUCOMM)Hmgu>","MGI:5548338","MRC Harwell","H-F10-G07-TM1B","both","Homozygous "," Lethal",""
"F13a1","MGI:1921395","F13a1<tm1.1(KOMP)Vlcg>","MGI:5569954","UC Davis","BL4622","both","Homozygous "," Viable",""
"F2","MGI:88380","F2<tm1b(EUCOMM)Hmgu>","MGI:5637201","MRC Harwell","H-F2-G11-TM1B","both","Homozygous "," Subviable",""
"F2rl1","MGI:101910","F2rl1<tm1b(EUCOMM)Wtsi>","MGI:5548326","JAX","JR25575","both","Homozygous "," Viable",""
"F2rl1","MGI:101910","F2rl1<tm1b(EUCOMM)Wtsi>","MGI:5548326","ICS","IP00005358a","both","Homozygous "," Viable",""
"F7","MGI:109325","F7<tm1b(EUCOMM)Hmgu>","MGI:5636916","MRC Harwell","H-F7-F04-TM1B","both","Homozygous "," Subviable",""
"Fabp1","MGI:95479","Fabp1<tm1b(EUCOMM)Hmgu>","MGI:5548934","MRC Harwell","H-Fabp1-A05-TM1B","both","Homozygous "," Viable",""
"Fadd","MGI:109324","Fadd<tm1e.1(KOMP)Wtsi>","MGI:5573271","TCP","UCD-EPD0317_1_C03-1-1","both","Homozygous "," Lethal",""
"Fads1","MGI:1923517","Fads1<tm1.1(KOMP)Vlcg>","MGI:5695931","UC Davis","BL3530","both","Homozygous "," Viable",""
"Fam122c","MGI:1921116","Fam122c<tm1b(EUCOMM)Wtsi>","MGI:5637072","WTSI","PMAG","both","Homozygous "," Viable",""
"Fam134c","MGI:1915248","Fam134c<tm2b(EUCOMM)Wtsi>","MGI:5548555","MRC Harwell","H-Fam134c-B03-TM1B","both","Homozygous "," Viable",""
"Fam13b","MGI:2447834","Fam13b<tm1b(EUCOMM)Wtsi>","MGI:5548837","BCM","FAMMB","both","Homozygous "," Subviable",""
"Fam151a","MGI:2657115","Fam151a<tm1b(KOMP)Wtsi>","MGI:5583078","UC Davis","BL3825","both","Homozygous "," Viable",""
"Fam151b","MGI:1921192","Fam151b<tm1b(EUCOMM)Hmgu>","MGI:5548636","MRC Harwell","H-Fam151b-C08-TM1B","both","Homozygous "," Viable",""
"Fam161a","MGI:1921123","Fam161a<tm1b(KOMP)Wtsi>","MGI:5472171","JAX","JR18705","both","Homozygous "," Viable",""
"Fam163a","MGI:3618859","Fam163a<tm2b(KOMP)Wtsi>","MGI:5637187","WTSI","MUGT","both","Homozygous "," Viable",""
"Fam175b","MGI:1926116","Fam175b<tm1a(EUCOMM)Wtsi>","MGI:4431611","WTSI","MDYQ","both","Homozygous "," Viable",""
"Fam186b","MGI:3647604","Fam186b<tm1b(KOMP)Mbp>","MGI:5554938","JAX","JR24653","both","Homozygous "," Viable",""
"Fam209","MGI:1923676","Fam209<tm1b(KOMP)Wtsi>","MGI:5572032","BCM","FAMKB","both","Homozygous "," Viable",""
"Fam20a","MGI:2388266","Fam20a<tm1b(KOMP)Wtsi>","MGI:5548797","UC Davis","BL3181","both","Homozygous "," Viable",""
"Fam20c","MGI:2136853","Fam20c<tm1b(KOMP)Wtsi>","-","UC Davis","BL3200","both","Homozygous "," Lethal",""
"Fam210a","MGI:1914000","Fam210a<tm1b(EUCOMM)Wtsi>","MGI:5605775","TCP","TCPM0583Cre","both","Homozygous "," Lethal",""
"Fam210b","MGI:1914267","Fam210b<tm1b(KOMP)Mbp>","MGI:5548530","UC Davis","BL1690","both","Homozygous "," Viable",""
"Fam212b","MGI:1923497","Fam212b<tm1a(KOMP)Wtsi>","MGI:5013738","WTSI","MFUL","both","Homozygous "," Viable",""
"Fam216a","MGI:1916198","Fam216a<tm1b(EUCOMM)Hmgu>","MGI:5548573","HMGU","HMGU-HEPD0675_7_F06-1-1","both","Homozygous "," Viable",""
"Fam217b","MGI:1918782","Fam217b<tm1.1(KOMP)Vlcg>","MGI:5614560","JAX","JR26611","both","Homozygous "," Viable",""
"Fam46c","MGI:1921895","Fam46c<tm1b(KOMP)Wtsi>","MGI:5637082","WTSI","MUFH","both","Homozygous "," Lethal",""
"Fam49b","MGI:1923520","Fam49b<tm1b(KOMP)Wtsi>","MGI:5605796","TCP","TCPM0616Cre","both","Homozygous "," Subviable",""
"Fam53b","MGI:1925188","Fam53b<tm1b(EUCOMM)Hmgu>","MGI:5548690","HMGU","Monterotondo-HEPD0667_7_D08-1-1","both","Homozygous "," Viable",""
"Fam58b","MGI:1916359","Fam58b<tm1.1(KOMP)Vlcg>","MGI:5708212","UC Davis","BL5019","both","Homozygous "," Lethal",""
"Fam63a","MGI:1922257","Fam63a<tm1b(EUCOMM)Wtsi>","MGI:5548651","MRC Harwell","H-FAM63a-H01-TM1B","both","Homozygous "," Viable",""
"Fam69a","MGI:1914516","Fam69a<tm1a(EUCOMM)Wtsi>","MGI:5548321","WTSI","MGKX","both","Homozygous "," Viable",""
"Fam72a","MGI:1919669","Fam72a<tm1.1(KOMP)Vlcg>","MGI:5708215","UC Davis","BL5604","both","Homozygous "," Viable",""
"Fam73a","MGI:1924567","Fam73a<tm1b(EUCOMM)Wtsi>","MGI:5567110","HMGU","HMGU-EPD0598_3_H10-1-1","both","Homozygous "," Viable",""
"Fam92a","MGI:1915349","Fam92a<tm1b(KOMP)Wtsi>","MGI:5637028","WTSI","MUGO","both","Homozygous "," Viable",""
"Fam96a","MGI:1915500","Fam96a<tm2a(EUCOMM)Wtsi>","MGI:4451949","WTSI","MDLT","both","Homozygous "," Viable",""
"Fan1","MGI:3045266","Fan1<tm1b(KOMP)Wtsi>","MGI:5548893","UC Davis","BL3227","both","Homozygous "," Viable",""
"Fanci","MGI:2384790","Fanci<tm1a(EUCOMM)Wtsi>","MGI:4456047","WTSI","MFGY","both","Homozygous "," Subviable",""
"Fancl","MGI:1914280","Fancl<tm1b(EUCOMM)Hmgu>","MGI:5605778","NING","HEPD0723_6_F11-1","both","Homozygous "," Viable",""
"Far2","MGI:2687035","Far2<tm2b(KOMP)Wtsi>","MGI:5494450","JAX","JR22011","both","Homozygous "," Viable",""
"Farsa","MGI:1913840","Farsa<tm2a(EUCOMM)Wtsi>","MGI:4441679","WTSI","MDRV","both","Homozygous "," Lethal",""
"Fastk","MGI:1913837","Fastk<tm1.1(KOMP)Vlcg>","MGI:5548524","UC Davis","BL1653","both","Homozygous "," Viable",""
"Fastkd5","MGI:2139469","Fastkd5<em1J>","MGI:5607864","JAX","JR26913","both","Homozygous "," Viable",""
"Fbf1","MGI:1922033","Fbf1<tm1a(EUCOMM)Wtsi>","MGI:4432655","WTSI","MFGV","both","Homozygous "," Viable",""
"Fbln7","MGI:1917620","Fbln7<tm1.1(KOMP)Vlcg>","MGI:5548596","UC Davis","BL3700","both","Homozygous "," Viable",""
"Fbp2","MGI:95491","Fbp2<tm2b(EUCOMM)Hmgu>","MGI:5637205","HMGU","HMGU-HEPD0792_2_A11-1-1","both","Homozygous "," Subviable",""
"Fbxl15","MGI:1915681","Fbxl15<em1Marc>","-","NING","Fbxl15_cas9_del193","both","Homozygous "," Viable",""
"Fbxl16","MGI:2448488","Fbxl16<tm1b(KOMP)Wtsi>","MGI:5548838","BCM","Fbxl16 <EPD0380_3_F03>-1","both","Homozygous "," Subviable",""
"Fbxl21","MGI:2442921","Fbxl21<tm2b(EUCOMM)Wtsi>","MGI:5637143","MRC Harwell","H-FBXl21-A09-TM1B","both","Homozygous "," Viable",""
"Fbxl22","MGI:1921415","Fbxl22<tm1.1(KOMP)Vlcg>","MGI:5548639","UC Davis","BL2535","both","Homozygous "," Viable",""
"Fbxl7","MGI:3052506","Fbxl7<tm1a(EUCOMM)Wtsi>","MGI:4820357","WTSI","MDRA","both","Homozygous "," Viable",""
"Fbxl8","MGI:1354697","Fbxl8<em2Marc>","-","NING","FBXL8_cas9_del4-1","both","Homozygous "," Viable",""
"Fbxo16","MGI:1354706","Fbxo16<tm1b(EUCOMM)Hmgu>","MGI:5692639","NING","Fbxo16 HEPD0580_3_D06-1","both","Homozygous "," Lethal",""
"Fbxo2","MGI:2446216","Fbxo2<tm1b(EUCOMM)Wtsi>","MGI:5694184","NING","Fbxo2_EPD0350_5_D12-1","both","Homozygous "," Viable",""
"Fbxo31","MGI:1354708","Fbxo31<tm1b(EUCOMM)Wtsi>","MGI:5548486","BCM","Fbxo31 <EPD0631_4_E11>-1","both","Homozygous "," Viable",""
"Fbxo33","MGI:1917861","Fbxo33<tm1b(EUCOMM)Wtsi>","MGI:5548601","WTSI","MUBU","both","Homozygous "," Viable",""
"Fbxo36","MGI:1289192","Fbxo36<tm1b(KOMP)Wtsi>","MGI:5605754","NING","Fbxo36_EPD0872_2_A05-1","both","Homozygous "," Viable",""
"Fbxo41","MGI:1261912","Fbxo41<tm1.1(KOMP)Vlcg>","MGI:5548413","UC Davis","BL3487","both","Homozygous "," Viable",""
"Fbxo44","MGI:1354744","Fbxo44<tm1b(KOMP)Wtsi>","MGI:5569043","UC Davis","ET9328","both","Homozygous "," Viable",""
"Fbxo47","MGI:1920223","Fbxo47<tm1a(EUCOMM)Wtsi>","MGI:4431644","WTSI","MDTZ","both","Homozygous "," Viable",""
"Fbxo7","MGI:1917004","Fbxo7<tm1a(EUCOMM)Wtsi>","MGI:4842259","WTSI","MEBV","both","Homozygous "," Viable",""
"Fbxo8","MGI:1354696","Fbxo8<tm1b(EUCOMM)Wtsi>","MGI:5605766","NING","Fbxo8 EPD0243_6_E04-1","both","Homozygous "," Viable",""
"Fbxo9","MGI:1918788","Fbxo9<tm1b(EUCOMM)Hmgu>","MGI:5513776","TCP","TCPM0222Cre","both","Homozygous "," Viable",""
"Fbxw2","MGI:1353435","Fbxw2<tm1b(EUCOMM)Hmgu>","MGI:5692636","NING","Fbxw2 HEPD0537_1_C03-1","both","Homozygous "," Viable",""
"Fbxw26","MGI:3646662","Fbxw26<tm1b(KOMP)Wtsi>","MGI:5548906","WTSI","MUBR","both","Homozygous "," Viable",""
"Fbxw8","MGI:1923041","Fbxw8<tm1b(EUCOMM)Hmgu>","MGI:5692737","NING","Fbxw8_HEPD0731_7_D12-1","both","Homozygous "," Subviable",""
"Fbxw9","MGI:1915878","Fbxw9<tm1a(EUCOMM)Wtsi>","MGI:4441814","BCM","Fbxw9 EPD0485_1_H05-2","both","Homozygous "," Subviable","Conflicting data"
"Fbxw9","MGI:1915878","Fbxw9<tm1b(EUCOMM)Wtsi>","MGI:5548567","BCM","Fbxw9 EPD0485_1_H05","both","Homozygous "," Viable","Conflicting data"
"Fcer1g","MGI:95496","Fcer1g<tm1b(KOMP)Wtsi>","MGI:5583085","UC Davis","BL4074","both","Homozygous "," Subviable",""
"Fcgbp","MGI:2444336","Fcgbp<tm1b(EUCOMM)Wtsi>","MGI:5548824","MRC Harwell","H-Fcgbp-E12-TM1B","both","Homozygous "," Viable",""
"Fcmr","MGI:1916419","Fcmr<tm1b(KOMP)Wtsi>","MGI:5513774","TCP","BL2570Cre","both","Homozygous "," Viable",""
"Fcrl6","MGI:3618339","Fcrl6<tm1b(KOMP)Wtsi>","MGI:5637186","MRC Harwell","H-FCRL6-D02-TM1B","both","Homozygous "," Viable",""
"Fcrla","MGI:2138647","Fcrla<tm1b(KOMP)Wtsi>","MGI:5583069","UC Davis","BL4242","both","Homozygous "," Viable",""
"Fdft1","MGI:102706","Fdft1<tm1a(KOMP)Wtsi>","MGI:4451370","WTSI","MFXN","both","Homozygous "," Lethal",""
"Fdx1","MGI:103224","Fdx1<tm1b(EUCOMM)Wtsi>","MGI:5588266","HMGU","H4776-EPD0532_5_D01-1","both","Homozygous "," Lethal",""
"Fdxacb1","MGI:3584513","Fdxacb1<tm1.1(KOMP)Vlcg>","MGI:5568483","JAX","JR25183","both","Homozygous "," Viable",""
"Fermt3","MGI:2147790","Fermt3<tm1b(KOMP)Wtsi>","MGI:5588285","JAX","JR26024","both","Homozygous "," Lethal",""
"Ffar1","MGI:2684079","Ffar1<tm1.1(KOMP)Vlcg>","MGI:5695958","UC Davis","BL4842","both","Homozygous "," Viable",""
"Ffar2","MGI:2441731","Ffar2<tm1b(EUCOMM)Hmgu>","MGI:5635083","JAX","JR27241","both","Homozygous "," Viable",""
"Fgf10","MGI:1099809","Fgf10<tm1b(EUCOMM)Wtsi>","MGI:5548400","MRC Harwell","H-Fgf10-A02-TM1B","both","Homozygous "," Lethal",""
"Fgf2","MGI:95516","Fgf2<tm1b(EUCOMM)Wtsi>","MGI:5637206","MRC Harwell","H-FGF2-A08-TM1B","both","Homozygous "," Viable",""
"Fgf22","MGI:1914362","Fgf22<tm1b(EUCOMM)Hmgu>","MGI:5548535","MRC Harwell","H-Fgf22-F04-TM1B","both","Homozygous "," Viable",""
"Fgf3","MGI:95517","Fgf3<tm4b(EUCOMM)Hmgu>","MGI:5605838","BCM","FGFGB","both","Homozygous "," Lethal",""
"Fgf7","MGI:95521","Fgf7<tm1b(EUCOMM)Hmgu>","MGI:5548935","MRC Harwell","H-FGF7-F12-TM1B","both","Homozygous "," Viable",""
"Fgf8","MGI:99604","Fgf8<tm1b(KOMP)Wtsi>","MGI:5637224","MRC Harwell","H-FGF8-A10-TM1B","both","Homozygous "," Lethal",""
"Fgf9","MGI:104723","Fgf9<tm1b(KOMP)Wtsi>","MGI:5523233","JAX","JR24326","both","Homozygous "," Lethal",""
"Fgf9","MGI:104723","Fgf9<tm1b(KOMP)Wtsi>","MGI:5523233","MRC Harwell","H-FGF9-H07-TM1B","both","Homozygous "," Lethal",""
"Fgfbp3","MGI:1919764","Fgfbp3<tm1.1(KOMP)Wtsi>","MGI:5573274","UC Davis","BL2227","both","Homozygous "," Viable",""
"Fgfr1","MGI:95522","Fgfr1<tm1.1(KOMP)Vlcg>","MGI:5583086","TCP","BL4091","both","Homozygous "," Lethal",""
"Fgfr1op","MGI:1922546","Fgfr1op<tm1b(EUCOMM)Hmgu>","MGI:5548654","HMGU","Monterotondo-HEPD0550_7_C03-1-1","both","Homozygous "," Lethal",""
"Fgfr4","MGI:95525","Fgfr4<tm1b(EUCOMM)Wtsi>","MGI:5548936","BCM","Fgfr4 EPD0354_5_C09","both","Homozygous "," Viable",""
"Fggy","MGI:1922828","Fggy<tm1a(KOMP)Wtsi>","MGI:4451404","WTSI","MDRB","both","Homozygous "," Viable",""
"Fitm2","MGI:2444508","Fitm2<tm1.1(KOMP)Vlcg>","MGI:5634705","JAX","JR26421","both","Homozygous "," Lethal",""
"Fjx1","MGI:1341907","Fjx1<tm1.1(KOMP)Vlcg>","MGI:5692624","UC Davis","ET9534","both","Homozygous "," Viable",""
"Fkbp5","MGI:104670","Fkbp5<tm1b(KOMP)Wtsi>","MGI:5548348","UC Davis","BL3256","both","Homozygous "," Subviable",""
"Fkbp6","MGI:2137612","Fkbp6<tm1b(KOMP)Wtsi>","MGI:5635086","JAX","JR27518","both","Homozygous "," Viable",""
"Fkbp7","MGI:1336879","Fkbp7<tm2a(KOMP)Wtsi>","MGI:4364239","WTSI","MBYW","both","Homozygous "," Viable",""
"Fkbpl","MGI:1932127","Fkbpl<tm1b(KOMP)Wtsi>","-","UC Davis","BL2975","both","Homozygous "," Viable",""
"Flii","MGI:1342286","Flii<tm1b(KOMP)Mbp>","MGI:5548451","UC Davis","BL3512","both","Homozygous "," Lethal",""
"Flnb","MGI:2446089","Flnb<tm1b(KOMP)Wtsi>","MGI:5637156","MRC Harwell","H-FLNB-F09-TM1B","both","Homozygous "," Lethal",""
"Flywch2","MGI:1924167","Flywch2<tm4b(EUCOMM)Hmgu>","MGI:5616360","BCM","FLYTB","both","Homozygous "," Viable",""
"Fmc1","MGI:1913367","1110001J03Rik<tm1b(EUCOMM)Wtsi>","-","BCM","1110001J03Rik EPD0647_2_B09","both","Homozygous "," Subviable",""
"Fmnl3","MGI:109569","Fmnl3<tm1b(KOMP)Wtsi>","MGI:5561555","BCM","FMNNB","both","Homozygous "," Subviable",""
"Fnbp1l","MGI:1925642","Fnbp1l<tm1.1(KOMP)Vlcg>","MGI:5548692","UC Davis","BL3070","both","Homozygous "," Viable",""
"Fndc4","MGI:1917195","Fndc4<tm1.1(KOMP)Vlcg>","MGI:5616359","JAX","JR26510","both","Homozygous "," Viable",""
"Fndc7","MGI:2443535","Fndc7<tm1.1(KOMP)Vlcg>","MGI:5692832","UC Davis","BL5013","both","Homozygous "," Viable",""
"Fndc9","MGI:2443410","Fndc9<tm1.1(KOMP)Vlcg>","MGI:5708249","UC Davis","BL5547","both","Homozygous "," Viable",""
"Fnip2","MGI:2683054","Fnip2<tm1a(KOMP)Wtsi>","MGI:5303094","WTSI","MGSD","both","Homozygous "," Viable",""
"Fnta","MGI:104683","Fnta<tm1b(KOMP)Wtsi>","MGI:5578487","UC Davis","BL3307","both","Homozygous "," Lethal",""
"Fntb","MGI:1861305","Fntb<tm1b(EUCOMM)Hmgu>","MGI:5605771","NING","Fntb HEPD0615_2_H07-1","both","Homozygous "," Lethal",""
"Folh1","MGI:1858193","Folh1<tm1b(KOMP)Wtsi>","MGI:5630065","JAX","JR26851","both","Homozygous "," Viable",""
"Folr1","MGI:95568","Folr1<tm1.1(KOMP)Vlcg>","MGI:5695973","UC Davis","TCPA0575Cre","both","Homozygous "," Lethal",""
"Fosb","MGI:95575","Fosb<tm1b(KOMP)Wtsi>","MGI:5603357","UC Davis","BL4990","both","Homozygous "," Viable",""
"Foxi2","MGI:3028075","Foxi2<tm1.1(KOMP)Vlcg>","MGI:5569961","JAX","JR25265","both","Homozygous "," Viable",""
"Foxj3","MGI:2443432","Foxj3<tm1a(EUCOMM)Wtsi>","MGI:4452760","BCM","Foxj3 EPD0536_5_B08-2","both","Homozygous "," Viable","Conflicting data"
"Foxj3","MGI:2443432","Foxj3<tm1b(EUCOMM)Wtsi>","MGI:5613664","BCM","FOXJB","both","Homozygous "," Lethal","Conflicting data"
"Foxo3","MGI:1890081","Foxo3<tm1.1(KOMP)Vlcg>","MGI:5471395","JAX","JR22097","both","Homozygous "," Viable",""
"Foxred2","MGI:106315","Foxred2<tm1.1(KOMP)Vlcg>","MGI:5635089","JAX","JR26917","both","Homozygous "," Viable",""
"Fpr1","MGI:107443","Fpr1<tm1b(KOMP)Wtsi>","MGI:5548372","UC Davis","BL3425","both","Homozygous "," Viable",""
"Fpr3","MGI:1194495","Fpr3<tm1b(EUCOMM)Hmgu>","MGI:5584405","ICS","IP00005513a","both","Homozygous "," Viable",""
"Frmd4b","MGI:2141794","Frmd4b<tm1b(EUCOMM)Wtsi>","MGI:5617791","BCM","FRMBB","both","Homozygous "," Viable",""
"Frmd5","MGI:2442557","Frmd5<tm1b(EUCOMM)Hmgu>","MGI:5548809","HMGU","GSF-HEPD0516_1_C05-1-1","both","Homozygous "," Viable",""
"Frmd7","MGI:2686379","Frmd7<tm1a(KOMP)Wtsi>","MGI:4455520","WTSI","MDZG","both","Homozygous "," Viable",""
"Frrs1","MGI:108076","Frrs1<tm1a(EUCOMM)Wtsi>","MGI:4842283","WTSI","MELS","both","Homozygous "," Subviable",""
"Frrs1l","MGI:2442704","Frrs1l<tm1b(EUCOMM)Hmgu>","MGI:5637141","MRC Harwell","H-FRRS1L-B11-TM1B","both","Homozygous "," Subviable",""
"Frs2","MGI:1100860","Frs2<tm1b(EUCOMM)Wtsi>","MGI:5548401","MRC Harwell","H-Frs2-B06-TM1B-3","both","Homozygous "," Lethal",""
"Fscn1","MGI:1352745","Fscn1<tm1.1(KOMP)Vlcg>","MGI:5605764","UC Davis","BL2548","both","Homozygous "," Subviable",""
"Fscn2","MGI:2443337","Fscn2<tm1.1(KOMP)Vlcg>","MGI:5569958","UC Davis","BL3432","both","Homozygous "," Viable",""
"Fshr","MGI:95583","Fshr<tm1(KOMP)Vlcg>","MGI:4415446","NING","C11-1","both","Homozygous "," Viable",""
"Fstl1","MGI:102793","Fstl1<tm1b(EUCOMM)Hmgu>","MGI:5636888","MRC Harwell","H-FSTL1-B07-TM1B","both","Homozygous "," Viable",""
"Fstl3","MGI:1890391","Fstl3<tm1.1(KOMP)Vlcg>","MGI:5692647","UC Davis","ET9154","both","Homozygous "," Viable",""
"Fth1","MGI:95588","Fth1<tm1.1(KOMP)Vlcg>","MGI:5708274","UC Davis","BL5241","both","Homozygous "," Lethal",""
"Ftsj1","MGI:1859648","Ftsj1<tm1b(EUCOMM)Wtsi>","MGI:5548495","BCM","Ftsj1 EPD0155_5_B01-1","both","Homozygous "," Viable",""
"Fundc1","MGI:1919268","Fundc1<tm1c(KOMP)Wtsi>","-","WTSI","MFUN","both","Homozygous "," Viable",""
"Furin","MGI:97513","Furin<tm1b(EUCOMM)Wtsi>","MGI:5548958","MRC Harwell","H-Furin-A12-TM1B","both","Homozygous "," Lethal",""
"Fus","MGI:1353633","Fus<tm1.1(KOMP)Vlcg>","MGI:5548484","TCP","UCD-11866A-C7-1-1","both","Homozygous "," Lethal",""
"Fxn","MGI:1096879","Fxn<em1J>","MGI:5571595","JAX","JR25732","both","Homozygous "," Lethal",""
"Fxyd3","MGI:107497","Fxyd3<tm1a(KOMP)Wtsi>","MGI:4362906","WTSI","MFFJ","both","Homozygous "," Viable",""
"Fyb","MGI:1346327","Fyb<tm1b(EUCOMM)Hmgu>","MGI:5548460","HMGU","Monterotondo-HEPD0569_8_D07-1-1","both","Homozygous "," Viable",""
"Fyn","MGI:95602","Fyn<tm1a(EUCOMM)Wtsi>","MGI:4842482","WTSI","MDVQ","both","Homozygous "," Lethal",""
"Fzd2","MGI:1888513","Fzd2<tm1.1(KOMP)Vlcg>","MGI:5558153","UC Davis","BL2493","both","Homozygous "," Lethal",""
"Fzd3","MGI:108476","Fzd3<tm1b(EUCOMM)Hmgu>","MGI:5692578","MRC Harwell","H-FZD3-G04-TM1B","both","Homozygous "," Subviable",""
"Fzd4","MGI:108520","Fzd4<tm1.1(KOMP)Vlcg>","MGI:5582423","UC Davis","BL4667","both","Homozygous "," Subviable",""
"Fzd6","MGI:108474","Fzd6<tm2a(EUCOMM)Wtsi>","MGI:5527589","WTSI","MGHV","both","Homozygous "," Viable",""
"Fzr1","MGI:1926790","Fzr1<tm1.1(KOMP)Vlcg>","MGI:5707435","UC Davis","BL5219","both","Homozygous "," Lethal",""
"G3bp2","MGI:2442040","G3bp2<tm1a(EUCOMM)Wtsi>","MGI:4461696","WTSI","MDWN","both","Homozygous "," Lethal",""
"Gabarapl2","MGI:1890602","Gabarapl2<tm1b(EUCOMM)Hmgu>","MGI:5637004","MRC Harwell","H-GABARAPL2-F09-TM1B","both","Homozygous "," Lethal",""
"Gabrr2","MGI:95626","Gabrr2<tm1b(KOMP)Wtsi>","MGI:5548937","UC Davis","BL3014","both","Homozygous "," Viable",""
"Gad2","MGI:95634","Gad2<tm1b(EUCOMM)Wtsi>","MGI:5548938","HMGU","GSF-EPD0363_5_D12-1-1","both","Homozygous "," Viable",""
"Galc","MGI:95636","Galc<tm1b(KOMP)Wtsi>","MGI:5513778","TCP","TCPM0187Cre","both","Homozygous "," Viable",""
"Galnt12","MGI:2444664","Galnt12<em1J>","MGI:5662540","JAX","JR27693","both","Homozygous "," Viable",""
"Galnt18","MGI:2446239","Galnt18<tm1b(KOMP)Wtsi>","MGI:5637158","WTSI","MUEL","both","Homozygous "," Viable",""
"Galntl5","MGI:1915159","Galntl5<tm1b(KOMP)Wtsi>","MGI:5577268","WTSI","MUGG","both","Homozygous "," Viable",""
"Galntl5","MGI:1915159","Galntl5<tm1b(KOMP)Wtsi>","MGI:5577268","BCM","GALTB","both","Homozygous "," Viable",""
"Galp","MGI:2663979","Galp<tm1b(EUCOMM)Wtsi>","MGI:5548848","RBRC","RIKEN-Galp-E05_","both","Homozygous "," Viable",""
"Gart","MGI:95654","Gart<tm1b(EUCOMM)Wtsi>","MGI:5513780","TCP","TCPA0115Cre","both","Homozygous "," Lethal",""
"Gas2l1","MGI:1926176","Gas2l1<tm1.1(KOMP)Vlcg>","MGI:5569062","UC Davis","ET8547","both","Homozygous "," Viable",""
"Gata5","MGI:109497","Gata5<tm1b(KOMP)Wtsi>","-","UC Davis","BL4341","both","Homozygous "," Viable",""
"Gatm","MGI:1914342","Gatm<tm1b(KOMP)Wtsi>","MGI:5548533","HMGU","HMGU-EPD0218_5_E08-1-1","both","Homozygous "," Viable",""
"Gbf1","MGI:1861607","Gbf1<tm1a(KOMP)Wtsi>","MGI:4419544","WTSI","MDRZ","both","Homozygous "," Lethal",""
"Gbgt1","MGI:2449143","Gbgt1<tm1.1(KOMP)Vlcg>","MGI:5569959","UC Davis","BL4521","both","Homozygous "," Subviable",""
"Gbp2","MGI:102772","Gbp2<tm1b(KOMP)Wtsi>","MGI:5548331","HMGU","HMGU-EPD0234_4_G07-1-1","both","Homozygous "," Viable",""
"Gbx1","MGI:95667","Gbx1<tm1b(KOMP)Wtsi>","MGI:5548939","MRC Harwell","H-GBX1-C09-TM1B","both","Homozygous "," Viable",""
"Gc","MGI:95669","Gc<tm1.1(KOMP)Vlcg>","MGI:5577272","UC Davis","BL4047","both","Homozygous "," Viable",""
"Gda","MGI:95678","Gda<tm1a(KOMP)Wtsi>","MGI:5000323","WTSI","MGQX","both","Homozygous "," Viable",""
"Gdap1","MGI:1338002","Gdap1<tm2b(KOMP)Wtsi>","MGI:5569041","UC Davis","ET9330","both","Homozygous "," Viable",""
"Gdf10","MGI:95684","Gdf10<tm2b(KOMP)Wtsi>","MGI:5569964","UC Davis","BL3228","both","Homozygous "," Viable",""
"Gdf15","MGI:1346047","Gdf15<tm1b(KOMP)Wtsi>","MGI:5548459","MRC Harwell","H-GDF15-B10-TM1B","both","Homozygous "," Viable",""
"Gdf2","MGI:1321394","Gdf2<tm1.1(KOMP)Vlcg>","MGI:5692607","UC Davis","ET10293","both","Homozygous "," Viable",""
"Gdi2","MGI:99845","Gdi2<tm1b(EUCOMM)Hmgu>","MGI:5588293","HMGU","H4779-HEPD0749_2_D12-1","both","Homozygous "," Lethal",""
"Gdpd5","MGI:2686926","Gdpd5<tm1b(EUCOMM)Hmgu>","MGI:5607539","BCM","GDPCB","both","Homozygous "," Viable",""
"Gfi1b","MGI:1276578","Gfi1b<tm1b(EUCOMM)Hmgu>","MGI:5636937","MRC Harwell","H-GFI1B-E11-TM1B","both","Homozygous "," Lethal",""
"Gfod1","MGI:2145304","Gfod1<tm1b(KOMP)Mbp>","MGI:5635093","JAX","JR27240","both","Homozygous "," Viable",""
"Gfod2","MGI:1917825","Gfod2<tm1b(EUCOMM)Hmgu>","MGI:5637048","MRC Harwell","H-GFOD2-E04-TM1B","both","Homozygous "," Viable",""
"Gfpt1","MGI:95698","Gfpt1<tm1b(EUCOMM)Wtsi>","MGI:5637207","MRC Harwell","H-GFPT1-H11-TM1B","both","Homozygous "," Lethal",""
"Gfpt2","MGI:1338883","Gfpt2<tm1b(EUCOMM)Wtsi>","MGI:5636966","HMGU","HMGU-EPD0456_3_H09-1-1","both","Homozygous "," Viable",""
"Gga1","MGI:2146207","Gga1<tm1.1(KOMP)Vlcg>","MGI:5695948","UC Davis","BL4119","both","Homozygous "," Viable",""
"Ggnbp1","MGI:3055306","Ggnbp1<tm1.1(KOMP)Vlcg>","MGI:5695962","UC Davis","BL2405","both","Homozygous "," Viable",""
"Ggnbp2","MGI:2387356","Ggnbp2<tm1b(KOMP)Wtsi>","MGI:5513782","TCP","TCPA0058Cre","both","Homozygous "," Subviable",""
"Ggps1","MGI:1341724","Ggps1<tm1b(EUCOMM)Wtsi>","MGI:5548447","HMGU","H4343-EPD0780_4_F04-1","both","Homozygous "," Lethal",""
"Gh","MGI:95707","Gh<tm1.1(KOMP)Vlcg>","MGI:5569080","UC Davis","ET9532","both","Homozygous "," Viable",""
"Ghr","MGI:95708","Ghr<tm1b(KOMP)Wtsi>","MGI:5472175","JAX","JR21486","both","Homozygous "," Viable",""
"Ghrhr","MGI:95710","Ghrhr<tm1.1(KOMP)Vlcg>","MGI:5445807","JAX","JR19459","both","Homozygous "," Viable",""
"Ghsr","MGI:2441906","Ghsr<tm1.1(KOMP)Vlcg>","MGI:5445806","JAX","JR18595","both","Homozygous "," Viable",""
"Gimap6","MGI:1918876","Gimap6<tm1a(KOMP)Wtsi>","MGI:4364125","WTSI","MFYM","both","Homozygous "," Viable",""
"Gimap6","MGI:1918876","Gimap6<tm1b(KOMP)Wtsi>","MGI:5515619","JAX","JR24028","both","Homozygous "," Viable",""
"Gimap8","MGI:2685303","Gimap8<tm1.1(KOMP)Vlcg>","MGI:5608694","JAX","JR26292","both","Homozygous "," Viable",""
"Gipc3","MGI:2387006","Gipc3<tm1b(KOMP)Wtsi>","MGI:5446012","JAX","JR18643","both","Homozygous "," Viable",""
"Gja8","MGI:99953","Gja8<tm1b(EUCOMM)Hmgu>","MGI:5548980","MRC Harwell","H-Gj8a-G06-TM1B","both","Homozygous "," Viable",""
"Gjb3","MGI:95721","Gjb3<tm1.1(KOMP)Vlcg>","MGI:5692890","UC Davis","BL4923","both","Homozygous "," Viable",""
"Gjb4","MGI:95722","Gjb4<tm1.1(KOMP)Vlcg>","MGI:5572041","UC Davis","BL4640","both","Homozygous "," Viable",""
"Gjc3","MGI:2153041","Gjc3<em1Bay>","-","BCM","GJCTB","both","Homozygous "," Viable",""
"Gjc3","MGI:2153041","Gjc3<em1Mbp>","-","UC Davis","CR882","both","Homozygous "," Viable",""
"Gjd4","MGI:2444990","Gjd4<tm1.1(KOMP)Vlcg>","MGI:5574610","JAX","JR25266","both","Homozygous "," Viable",""
"Gkap1","MGI:1891694","Gkap1<tm2b(EUCOMM)Hmgu>","MGI:5614699","BCM","GKAGB","both","Homozygous "," Viable",""
"Gkn1","MGI:1913533","Gkn1<tm1.1(KOMP)Vlcg>","MGI:5696902","UC Davis","ET9353","both","Homozygous "," Viable",""
"Gkn2","MGI:1913534","Gkn2<tm1.1(KOMP)Vlcg>","MGI:5548517","UC Davis","BL1301","both","Homozygous "," Viable",""
"Gldc","MGI:1341155","Gldc<tm1a(EUCOMM)Wtsi>","MGI:4820272","WTSI","MDSB","both","Homozygous "," Lethal",""
"Gle1","MGI:1921662","Gle1<tm1a(EUCOMM)Wtsi>","MGI:4431602","WTSI","MCXN","both","Homozygous "," Lethal",""
"Glg1","MGI:104967","Glg1<tm1a(KOMP)Wtsi>","MGI:4364575","WTSI","MDJF","both","Homozygous "," Subviable",""
"Glo1","MGI:95742","Glo1<tm1a(KOMP)Wtsi>","MGI:5285714","WTSI","MGSF","both","Homozygous "," Viable",""
"Glp1r","MGI:99571","Glp1r<tm1b(KOMP)Mbp>","MGI:5637223","MRC Harwell","H-GLP1R-F05-TM1B","both","Homozygous "," Viable",""
"Glt8d2","MGI:1922032","Glt8d2<tm1a(KOMP)Wtsi>","MGI:4364018","WTSI","MDJD","both","Homozygous "," Subviable",""
"Glycam1","MGI:95759","Glycam1<tm1.1(KOMP)Vlcg>","MGI:5501049","JAX","UCD-10916A-F3-1-1","both","Homozygous "," Viable",""
"Gm12258","MGI:3651534","Gm12258<tm1b(EUCOMM)Hmgu>","MGI:5548909","ICS","IP00004866a","both","Homozygous "," Viable",""
"Gm13119","MGI:3651680","Gm13119<tm2b(KOMP)Wtsi>","MGI:5637189","WTSI","MUGU","both","Homozygous "," Viable",""
"Gm13125","MGI:3712553","Gm13125<tm1b(KOMP)Wtsi>","MGI:5637193","WTSI","MUDJ","both","Homozygous "," Viable",""
"Gm13547","MGI:3650473","Gm13547<tm1a(KOMP)Wtsi>","MGI:4419244","WTSI","MDHP","both","Homozygous "," Viable",""
"Gm16432","MGI:3645414","Gm16432<tm1b(KOMP)Wtsi>","MGI:5638574","WTSI","PMCY","both","Homozygous "," Viable",""
"Gm17359","MGI:4936993","Gm17359<tm1b(EUCOMM)Hmgu>","MGI:5568484","BCM","GMECB","both","Homozygous "," Viable",""
"Gm5544","MGI:3648209","Gm5544<tm1a(KOMP)Wtsi>","MGI:4364386","WTSI","MFYG","both","Homozygous "," Subviable",""
"Gm648","MGI:2685494","Gm648<tm1e(KOMP)Wtsi>","MGI:4364134","WTSI","MEEB","both","Homozygous "," Viable",""
"Gm684","MGI:2685530","Gm684<tm1b(NCOM)Mfgc>","MGI:5766180","TCP","TCPA0676Cre","both","Homozygous "," Viable",""
"Gmds","MGI:1891112","Gmds<tm1a(KOMP)Wtsi>","MGI:4363597","WTSI","MGCX","both","Homozygous "," Viable",""
"Gmnc","MGI:2685452","Gmnc<tm1b(KOMP)Wtsi>","MGI:5637172","WTSI","MUCY","both","Homozygous "," Viable",""
"Gna11","MGI:95766","Gna11<tm1b(EUCOMM)Wtsi>","MGI:5697314","MRC Harwell","H-GNA11-A04-TM1B","both","Homozygous "," Viable",""
"Gnai1","MGI:95771","Gnai1<tm1b(EUCOMM)Wtsi>","MGI:5606346","BCM","GNACB","both","Homozygous "," Viable",""
"Gnao1","MGI:95775","Gnao1<tm1b(EUCOMM)Hmgu>","MGI:5548941","MRC Harwell","H-GNAO1-G05-TM1B","both","Homozygous "," Lethal",""
"Gnaz","MGI:95780","Gnaz<tm1.1(KOMP)Vlcg>","MGI:5708275","UC Davis","BL5412","both","Homozygous "," Lethal",""
"Gnb3","MGI:95785","Gnb3<tm1b(EUCOMM)Wtsi>","MGI:5637208","WTSI","PMAM","both","Homozygous "," Viable",""
"Gnb5","MGI:101848","Gnb5<tm1.1(KOMP)Vlcg>","MGI:5516195","JAX","JR24058","both","Homozygous "," Subviable",""
"Gng13","MGI:1925616","Gng13<tm1.1(KOMP)Vlcg>","MGI:5548691","TCP","UCD-13525B-A10-1-1","both","Homozygous "," Subviable",""
"Gnpda1","MGI:1347054","Gnpda1<tm1b(KOMP)Mbp>","MGI:5513784","TCP","TCPM0189Cre","both","Homozygous "," Lethal",""
"Gnpda2","MGI:1915230","Gnpda2<tm1.1(KOMP)Vlcg>","MGI:5696907","UC Davis","BL1470","both","Homozygous "," Viable",""
"Golga3","MGI:96958","Golga3<tm1b(EUCOMM)Hmgu>","MGI:5692901","MRC Harwell","H-GOLGA3-A08-TM1B","both","Homozygous "," Viable",""
"Golga7","MGI:1931029","Golga7<tm1b(KOMP)Wtsi>","MGI:5692760","UC Davis","BL1831","both","Homozygous "," Lethal",""
"Gosr2","MGI:1927204","Gosr2<tm1b(EUCOMM)Hmgu>","MGI:5548699","MRC Harwell","H-GORS2-F01-TM1B","both","Homozygous "," Lethal",""
"Gp1bb","MGI:107852","Gp1bb<tm1.1(KOMP)Vlcg>","MGI:5692575","UC Davis","BL4934","both","Homozygous "," Viable",""
"Gp6","MGI:1889810","Gp6<tm2b(EUCOMM)Hmgu>","MGI:5697310","ICS","IP00005991a","both","Homozygous "," Viable",""
"Gp9","MGI:1860137","Gp9<tm1.1(KOMP)Vlcg>","MGI:5548499","UC Davis","BL3654","both","Homozygous "," Viable",""
"Gpank1","MGI:2148975","Gpank1<tm1.1(KOMP)Vlcg>","MGI:5574607","UC Davis","BL4948","both","Homozygous "," Viable",""
"Gpbar1","MGI:2653863","Gpbar1<tm1.1(KOMP)Vlcg>","MGI:5548845","UC Davis","BL3559","both","Homozygous "," Viable",""
"Gpc2","MGI:1919201","Gpc2<tm1.1(KOMP)Vlcg>","MGI:5548614","TCP","UCD-13172A-C7-1-1","both","Homozygous "," Subviable",""
"Gpc5","MGI:1194894","Gpc5<tm1a(KOMP)Wtsi>","MGI:4455511","WTSI","MDCM","both","Homozygous "," Viable",""
"Gpld1","MGI:106604","Gpld1<tm1.1(KOMP)Vlcg>","MGI:5695879","UC Davis","BL3802","both","Homozygous "," Viable",""
"Gpnmb","MGI:1934765","Gpnmb<tm1.1(KOMP)Vlcg>","MGI:5443925","JAX","JR18554","both","Homozygous "," Viable",""
"Gpr1","MGI:2385324","Gpr1<tm1b(EUCOMM)Hmgu>","MGI:5548792","MRC Harwell","H-Gpr1-C01-TM1B","both","Homozygous "," Viable",""
"Gpr107","MGI:2139054","Gpr107<tm1a(KOMP)Wtsi>","MGI:4362797","WTSI","MEFV","both","Homozygous "," Lethal",""
"Gpr119","MGI:2668412","Gpr119<tm1.1(KOMP)Vlcg>","MGI:5569073","UC Davis","ET8209","both","Homozygous "," Viable",""
"Gpr137b","MGI:1891463","Gpr137b<tm1b(KOMP)Wtsi>","MGI:5692651","MRC Harwell","H-GPR137B-B02-TM1B","both","Homozygous "," Viable",""
"Gpr139","MGI:2685341","Gpr139<tm1.1(KOMP)Vlcg>","MGI:5605824","UC Davis","BL4276","both","Homozygous "," Viable",""
"Gpr142","MGI:2668437","Gpr142<tm1.1(KOMP)Vlcg>","MGI:5603570","JAX","JR26065","both","Homozygous "," Viable",""
"Gpr15","MGI:1918473","Gpr15<em1Bay>","-","BCM","GPCAB","both","Homozygous "," Viable",""
"Gpr152","MGI:2685519","Gpr152<tm1b(EUCOMM)Wtsi>","MGI:5548871","WTSI","MUBW","both","Homozygous "," Viable",""
"Gpr156","MGI:2653880","Gpr156<tm1.1(KOMP)Vlcg>","MGI:5608696","JAX","JR26422","both","Homozygous "," Viable",""
"Gpr158","MGI:2441697","Gpr158<tm1.1(KOMP)Vlcg>","MGI:5548799","UC Davis","ET7865","both","Homozygous "," Viable",""
"Gpr17","MGI:3584514","Gpr17<tm1b(KOMP)Mbp>","MGI:5548896","UC Davis","TCPM0551Cre","both","Homozygous "," Viable",""
"Gpr173","MGI:1918021","Gpr173<em2Bay>","-","BCM","GPGPB","both","Homozygous "," Viable",""
"Gpr182","MGI:109545","Gpr182<tm2b(KOMP)Wtsi>","MGI:5569038","UC Davis","ET8210","both","Homozygous "," Viable",""
"Gpr183","MGI:2442034","Gpr183<tm1.1(KOMP)Vlcg>","MGI:5617257","JAX","JR26443","both","Homozygous "," Viable",""
"Gpr19","MGI:892973","Gpr19<tm1b(KOMP)Mbp>","MGI:5629323","JAX","JR26546","both","Homozygous "," Viable",""
"Gpr20","MGI:2441803","Gpr20<tm1.1(KOMP)Vlcg>","MGI:5548800","UC Davis","BL1803","both","Homozygous "," Viable",""
"Gpr22","MGI:1920260","Gpr22<tm1b(KOMP)Wtsi>","MGI:5548628","MRC Harwell","H-GPR22-F10-TM1B","both","Homozygous "," Viable",""
"Gpr25","MGI:2686146","Gpr25<em2Bay>","-","BCM","GPBRB","both","Homozygous "," Viable",""
"Gpr33","MGI:1277106","Gpr33<tm1b(EUCOMM)Hmgu>","MGI:5548418","MRC Harwell","H-GPR33-A05-TM1B","both","Homozygous "," Viable",""
"Gpr34","MGI:1346334","Gpr34<tm1.1(KOMP)Vlcg>","MGI:5696894","UC Davis","ET10099","both","Homozygous "," Viable",""
"Gpr39","MGI:1918361","Gpr39<em2Bay>","-","BCM","GRPVB","both","Homozygous "," Viable",""
"Gpr50","MGI:1333877","Gpr50<tm1.1(KOMP)Vlcg>","MGI:5696888","UC Davis","BL1376","both","Homozygous "," Viable",""
"Gpr61","MGI:2441719","Gpr61<em2Bay>","-","BCM","GPDHB","both","Homozygous "," Viable",""
"Gpr63","MGI:2135884","Gpr63<tm1.1(KOMP)Vlcg>","MGI:5569065","UC Davis","ET9590","both","Homozygous "," Viable",""
"Gpr65","MGI:108031","Gpr65<tm1b(KOMP)Wtsi>","MGI:5582421","UC Davis","BL4373","both","Homozygous "," Viable",""
"Gpr84","MGI:1934129","Gpr84<tm1.1(KOMP)Vlcg>","MGI:5695942","UC Davis","TCPA0502Cre","both","Homozygous "," Viable",""
"Gprc5b","MGI:1927596","Gprc5b<tm1a(EUCOMM)Wtsi>","MGI:4452803","WTSI","MDYT","both","Homozygous "," Viable",""
"Gprc5b","MGI:1927596","Gprc5b<tm1b(EUCOMM)Wtsi>","MGI:5766162","UC Davis","BL2991","both","Homozygous "," Viable",""
"Gprc5d","MGI:1935037","Gprc5d<tm1b(EUCOMM)Wtsi>","MGI:5568482","BCM","GPRDB","both","Homozygous "," Viable",""
"Gps1","MGI:2384801","Gps1<tm1b(KOMP)Wtsi>","MGI:5605814","TCP","TCPA0529Cre","both","Homozygous "," Lethal",""
"Gpsm1","MGI:1915089","Gpsm1<tm2b(KOMP)Wtsi>","MGI:5558155","UC Davis","BL3679","both","Homozygous "," Viable",""
"Gpsm2","MGI:1923373","Gpsm2<tm1b(EUCOMM)Wtsi>","MGI:5548664","HMGU","GSF-EPD0519_5_G12-1-1","both","Homozygous "," Subviable",""
"Gpsm3","MGI:2146785","Gpsm3<tm1.1(KOMP)Wtsi>","MGI:5569069","UC Davis","ET8221","both","Homozygous "," Viable",""
"Gpx1","MGI:104887","Gpx1<tm1.1(KOMP)Vlcg>","MGI:5548355","UC Davis","BL3596","both","Homozygous "," Viable",""
"Gpx3","MGI:105102","Gpx3<tm1b(KOMP)Wtsi>","MGI:5692559","MRC Harwell","H-GPX3-D05-TM1B","both","Homozygous "," Lethal",""
"Gramd1c","MGI:2443024","Gramd1c<tm1b(KOMP)Wtsi>","MGI:5661974","JAX","JR27621","both","Homozygous "," Viable",""
"Grb7","MGI:102683","Grb7<tm1b(EUCOMM)Wtsi>","MGI:5636886","WTSI","PMAA","both","Homozygous "," Viable",""
"Grcc10","MGI:1315201","Grcc10<tm1.1(KOMP)Vlcg>","MGI:5635156","JAX","JR26544","both","Homozygous "," Subviable",""
"Greb1","MGI:2149712","Greb1<tm1b(KOMP)Wtsi>","MGI:5548756","BCM","GRECB","both","Homozygous "," Viable",""
"Grin3a","MGI:1933206","Grin3a<tm1b(EUCOMM)Hmgu>","MGI:5692762","MRC Harwell","H-GRIN3A-B10-TM1B","both","Homozygous "," Viable",""
"Grk5","MGI:109161","Grk5<tm1b(KOMP)Mbp>","MGI:5582424","UC Davis","BL4363","both","Homozygous "," Viable",""
"Grm3","MGI:1351340","Grm3<tm1b(KOMP)Wtsi>","MGI:5636981","MRC Harwell","H-GRM3-A06-TM1B","both","Homozygous "," Viable",""
"Grm6","MGI:1351343","Grm6<tm1b(EUCOMM)Wtsi>","MGI:5548472","MRC Harwell","H-Grm6-G06-TM1B","both","Homozygous "," Viable",""
"Grm8","MGI:1351345","Grm8<tm2a(KOMP)Wtsi>","MGI:4841284","WTSI","MEWE","both","Homozygous "," Viable",""
"Grtp1","MGI:1914040","Grtp1<tm1b(EUCOMM)Hmgu>","MGI:5513788","TCP","TCPA0524Cre","both","Homozygous "," Viable",""
"Gsta4","MGI:1309515","Gsta4<tm1b(EUCOMM)Hmgu>","MGI:5629310","HMGU","HMGU-HEPD0734_7_B08-1-1","both","Homozygous "," Viable",""
"Gstcd","MGI:1914803","Gstcd<tm1b(EUCOMM)Wtsi>","MGI:5605781","BCM","GSETB","both","Homozygous "," Viable",""
"Gstm4","MGI:95862","Gstm4<tm2b(EUCOMM)Hmgu>","MGI:5603358","BCM","GSTFB","both","Homozygous "," Viable",""
"Gsto2","MGI:1915464","Gsto2<tm2a(KOMP)Wtsi>","MGI:4840928","WTSI","MFYL","both","Homozygous "," Viable",""
"Gtf2a1","MGI:1933277","Gtf2a1<tm1a(KOMP)Wtsi>","MGI:4363802","WTSI","MDEG","both","Homozygous "," Lethal",""
"Gtf2b","MGI:2385191","Gtf2b<tm1b(EUCOMM)Wtsi>","MGI:5513790","TCP","TCPA0561Cre","both","Homozygous "," Lethal",""
"Gtf2e2","MGI:1915403","Gtf2e2<tm1b(EUCOMM)Wtsi>","MGI:5752549","MRC Harwell","H-GTF2E2-C01-TM1B","both","Homozygous "," Lethal",""
"Gtf3c5","MGI:1917489","Gtf3c5<tm2a(KOMP)Wtsi>","MGI:4362662","WTSI","MAOJ","both","Homozygous "," Lethal",""
"Gtpbp10","MGI:2385599","Gtpbp10<tm1b(KOMP)Mbp>","MGI:5614568","JAX","JR26491","both","Homozygous "," Viable",""
"Gtpbp2","MGI:1860138","Gtpbp2<tm1b(KOMP)Mbp>","MGI:5548500","TCP","BL2589-1","both","Homozygous "," Subviable",""
"Gucy2c","MGI:106903","Gucy2c<em2Rbrc>","-","RBRC","RIKEN-Gucy2c-C04_","both","Homozygous "," Viable",""
"Gyg","MGI:1351614","Gyg<tm1b(KOMP)Wtsi>","MGI:5548475","BCM","GYGGB","both","Homozygous "," Lethal",""
"Gzmk","MGI:1298232","Gzmk<tm1b(KOMP)Wtsi>","MGI:5692602","ICS","IP00005785a","both","Homozygous "," Viable",""
"H1foo","MGI:2176207","H1foo<tm1a(KOMP)Wtsi>","MGI:4363979","UC Davis","TCPA0004Cre","both","Homozygous "," Viable",""
"H1fx","MGI:2685307","H1fx<tm1.1(KOMP)Vlcg>","MGI:5445805","JAX","JR18594","both","Homozygous "," Viable",""
"H2-Eb1","MGI:95901","H2-Eb1<tm1a(KOMP)Wtsi>","MGI:5297122","WTSI","MFEH","both","Homozygous "," Viable",""
"Haao","MGI:1349444","Haao<tm2b(KOMP)Mbp>","MGI:5766263","UC Davis","ET9321","both","Homozygous "," Viable",""
"Hace1","MGI:2446110","Hace1<tm1b(KOMP)Wtsi>","MGI:5548835","MRC Harwell","H-HACE1-D02-TM1B","both","Homozygous "," Subviable",""
"Hacl1","MGI:1929657","Hacl1<tm1a(KOMP)Wtsi>","MGI:4362181","WTSI","MDRQ","both","Homozygous "," Viable",""
"Hacl1","MGI:1929657","Hacl1<tm1b(KOMP)Wtsi>","MGI:5548710","UC Davis","ET7986","both","Homozygous "," Viable",""
"Hapln1","MGI:1337006","Hapln1<tm1.1(KOMP)Mbp>","MGI:5515316","JAX","JR24023","both","Homozygous "," Lethal",""
"Has1","MGI:106590","Has1<tm1b(KOMP)Wtsi>","MGI:5636903","MRC Harwell","H-HAS1-A04-TM1B","both","Homozygous "," Viable",""
"Havcr2","MGI:2159682","Havcr2<tm1b(KOMP)Wtsi>","MGI:5692796","UC Davis","BL4984","both","Homozygous "," Viable",""
"Hbs1l","MGI:1891704","Hbs1l<tm1a(KOMP)Wtsi>","MGI:4887599","WTSI","METC","both","Homozygous "," Viable",""
"Hc","MGI:96031","Hc<tm1b(EUCOMM)Wtsi>","MGI:5605841","JAX","JR24977","both","Homozygous "," Viable",""
"Hcrt","MGI:1202306","Hcrt<tm1.1(KOMP)Vlcg>","MGI:5582427","UC Davis","BL3611","both","Homozygous "," Viable",""
"Hcst","MGI:1344360","Hcst<tm1b(KOMP)Wtsi>","MGI:5620313","UC Davis","TCPA0883Cre","both","Homozygous "," Viable",""
"Hdac10","MGI:2158340","Hdac10<tm1.1(KOMP)Mbp>","MGI:5463976","JAX","JR18844","both","Homozygous "," Viable",""
"Hddc3","MGI:1915945","Hddc3<tm1.1(KOMP)Vlcg>","MGI:5695919","UC Davis","BL5037","both","Homozygous "," Viable",""
"Hectd1","MGI:2384768","Hectd1<tm1b(EUCOMM)Hmgu>","MGI:5605813","NING","Hect1_HEPD0728_7_C08-1","both","Homozygous "," Lethal",""
"Hectd2","MGI:2442663","Hectd2<tm1b(KOMP)Wtsi>","MGI:5548812","MRC Harwell","H-Hectd2-F04-TM1B","both","Homozygous "," Viable",""
"Hectd3","MGI:1923858","Hectd3<tm1(NCOM)Cmhd>","MGI:4880080","NING","N01346P1_T60C5-2","both","Homozygous "," Viable",""
"Hecw2","MGI:2685817","Hecw2<tm1a(EUCOMM)Wtsi>","MGI:4441860","WTSI","MFHN","both","Homozygous "," Subviable",""
"Heg1","MGI:1924696","Heg1<tm1.1(KOMP)Vlcg>","MGI:5635160","JAX","JR27295","both","Homozygous "," Subviable",""
"Hells","MGI:106209","Hells<tm1b(EUCOMM)Wtsi>","MGI:5548365","HMGU","GSF-EPD0102_4_A04-1-1","both","Homozygous "," Lethal",""
"Hemgn","MGI:2136910","Hemgn<tm1.1(KOMP)Vlcg>","MGI:5576041","JAX","JR24946","both","Homozygous "," Viable",""
"Herc6","MGI:1914388","Herc6<tm1b(EUCOMM)Hmgu>","MGI:5692668","NING","Herc6_HEPD0664_7_A09-1","both","Homozygous "," Viable",""
"Heyl","MGI:1860511","Heyl<tm1b(KOMP)Wtsi>","MGI:5571348","JAX","JR25319","both","Homozygous "," Viable",""
"Hfe2","MGI:1916835","Hfe2<tm1b(KOMP)Wtsi>","MGI:5554937","JAX","JR24947","both","Homozygous "," Viable",""
"Hhipl1","MGI:1919265","Hhipl1<tm1b(KOMP)Wtsi>","MGI:5637060","MRC Harwell","H-HHIPL1-H04-TM1B","both","Homozygous "," Viable",""
"Hibadh","MGI:1889802","Hibadh<tm1b(EUCOMM)Wtsi>","MGI:5637002","WTSI","MUDR","both","Homozygous "," Viable",""
"Hip1r","MGI:1352504","Hip1r<tm2b(KOMP)Wtsi>","MGI:5574597","BCM","HIPRB","both","Homozygous "," Viable",""
"Hipk2","MGI:1314872","Hipk2<tm2b(EUCOMM)Hmgu>","MGI:5548422","MRC Harwell","H-Hipk2-F08-TM1B","both","Homozygous "," Subviable",""
"Hipk4","MGI:2685008","Hipk4<tm1b(KOMP)Mbp>","MGI:5632532","JAX","JR25579","both","Homozygous "," Viable",""
"Hirip3","MGI:2142364","Hirip3<tm1b(KOMP)Mbp>","-","UC Davis","BL3281","both","Homozygous "," Viable",""
"Hmga1","MGI:96160","Hmga1<tm2b(EUCOMM)Hmgu>","MGI:5561566","BCM","HMGGB","both","Homozygous "," Subviable",""
"Homez","MGI:2678023","Homez<tm1e(KOMP)Wtsi>","MGI:4944412","WTSI","MGLE","both","Homozygous "," Viable",""
"Hoxa10","MGI:96171","Hoxa10<tm1.1(KOMP)Vlcg>","MGI:5708276","UC Davis","BL5133","both","Homozygous "," Viable",""
"Hoxc12","MGI:96194","Hoxc12<tm1.1(KOMP)Vlcg>","MGI:5614571","JAX","JR26545","both","Homozygous "," Viable",""
"Hpcal4","MGI:2157521","Hpcal4<tm1.1(KOMP)Vlcg>","MGI:5548765","UC Davis","BL2277","both","Homozygous "," Viable",""
"Hpse","MGI:1343124","Hpse<tm1b(EUCOMM)Hmgu>","MGI:5605759","TCP","TCPM0753Cre","both","Homozygous "," Viable",""
"Hsd17b1","MGI:105077","Hsd17b1<tm1.1(KOMP)Vlcg>","MGI:5576042","JAX","JR25380","both","Homozygous "," Viable",""
"Hsd17b11","MGI:2149821","Hsd17b11<tm1.1(KOMP)Vlcg>","MGI:5581418","JAX","JR25638","both","Homozygous "," Viable",""
"Hsf1","MGI:96238","Hsf1<tm1.1(KOMP)Vlcg>","MGI:5445761","JAX","JR18582","both","Homozygous "," Subviable",""
"Hsf2","MGI:96239","Hsf2<tm1b(KOMP)Wtsi>","MGI:5471287","JAX","JR24981","both","Homozygous "," Viable",""
"Hsf2bp","MGI:1921627","Hsf2bp<tm1b(EUCOMM)Hmgu>","MGI:5548644","HMGU","Monterotondo-HEPD0520_6_B03-1-1","both","Homozygous "," Viable",""
"Hsf4","MGI:1347058","Hsf4<tm1b(KOMP)Wtsi>","MGI:5468954","JAX","JR21902","both","Homozygous "," Viable",""
"Hsp90aa1","MGI:96250","Hsp90aa1<tm1(KOMP)Wtsi>","MGI:4364475","WTSI","MCPD","both","Homozygous "," Viable",""
"Hspa5","MGI:95835","Hspa5<tm1.1(KOMP)Vlcg>","MGI:5445740","JAX","JR19073","both","Homozygous "," Lethal",""
"Hspb1","MGI:96240","Hspb1<tm1.1(KOMP)Vlcg>","MGI:5488491","JAX","JR22782","both","Homozygous "," Viable",""
"Hspb2","MGI:1916503","Hspb2<tm1.1(KOMP)Vlcg>","MGI:5445926","JAX","JR18619","both","Homozygous "," Viable",""
"Hspb3","MGI:1928479","Hspb3<tm1.1(KOMP)Vlcg>","MGI:5445925","JAX","JR18618","both","Homozygous "," Viable",""
"Htr1a","MGI:96273","Htr1a<tm1.1(KOMP)Vlcg>","MGI:5445924","JAX","JR18617","both","Homozygous "," Viable",""
"Htr1b","MGI:96274","Htr1b<tm1.1(KOMP)Vlcg>","MGI:5463939","JAX","JR18634","both","Homozygous "," Subviable",""
"Htr1d","MGI:96276","Htr1d<tm1.1(KOMP)Vlcg>","MGI:5529062","JAX","JR24347","both","Homozygous "," Viable",""
"Htr1f","MGI:99842","Htr1f<tm1.1(KOMP)Vlcg>","MGI:5520176","JAX","JR24269","both","Homozygous "," Viable",""
"Htr2b","MGI:109323","Htr2b<tm1b(EUCOMM)Wtsi>","MGI:5550591","NING","E04-1","both","Homozygous "," Lethal",""
"Htr3b","MGI:1861899","Htr3b<tm1.1(KOMP)Vlcg>","MGI:5445922","JAX","JR18615","both","Homozygous "," Viable",""
"Htr4","MGI:109246","Htr4<em2Marc>","-","NING","Htr4_cas9_del399-1","both","Homozygous "," Viable",""
"Htr7","MGI:99841","Htr7<tm1b(KOMP)Wtsi>","MGI:5498765","JAX","JR23282","both","Homozygous "," Viable",""
"Htra2","MGI:1928676","Htra2<tm1.1(KOMP)Vlcg>","MGI:5695938","UC Davis","BL3753","both","Homozygous "," Viable",""
"Htra4","MGI:3036260","Htra4<tm1b(KOMP)Wtsi>","MGI:5692854","UC Davis","BL1512","both","Homozygous "," Viable",""
"Hyal3","MGI:1330288","Hyal3<tm1.1(KOMP)Vlcg>","MGI:5574596","JAX","JR25264","both","Homozygous "," Viable",""
"Hyal4","MGI:1924292","Hyal4<tm2b(EUCOMM)Wtsi>","MGI:5587051","BCM","HYALB","both","Homozygous "," Viable",""
"Iah1","MGI:1914982","Iah1<tm1b(EUCOMM)Hmgu>","MGI:5574600","ICS","E201JM8N4-54","both","Homozygous "," Viable",""
"Ick","MGI:1934157","Ick<tm1b(KOMP)Mbp>","MGI:5548729","UC Davis","BL3023","both","Homozygous "," Viable",""
"Idh1","MGI:96413","Idh1<tm1b(EUCOMM)Wtsi>","MGI:5513791","TCP","TCPM0227Cre","both","Homozygous "," Viable",""
"Idh2","MGI:96414","Idh2<tm1b(EUCOMM)Hmgu>","MGI:5548944","MRC Harwell","H-IDH2-G10-TM1B","both","Homozygous "," Viable",""
"Ido2","MGI:2142489","Ido2<tm3a(EUCOMM)Wtsi>","MGI:5002991","WTSI","MECR","both","Homozygous "," Viable",""
"Ifi204","MGI:96429","Ifi204<tm1b(KOMP)Wtsi>","MGI:5583087","UC Davis","BL4212","both","Homozygous "," Subviable",""
"Ifi27","MGI:1277180","Ifi27<tm1b(EUCOMM)Wtsi>","MGI:5636940","WTSI","MUHL","both","Homozygous "," Viable",""
"Ifi44","MGI:2443016","Ifi44<tm1b(KOMP)Wtsi>","MGI:5513793","TCP","TCPM0200Cre","both","Homozygous "," Viable",""
"Ifnar1","MGI:107658","Ifnar1<tm2a(EUCOMM)Wtsi>","MGI:5527593","WTSI","MGKE","both","Homozygous "," Subviable",""
"Ifnk","MGI:2683287","Ifnk<tm1.1(KOMP)Vlcg>","MGI:5585587","JAX","JR26171","both","Homozygous "," Viable",""
"Ifnl3","MGI:2450574","Ifnl3<tm1.1(KOMP)Vlcg>","MGI:5575899","JAX","JR25270","both","Homozygous "," Viable",""
"Ifnlr1","MGI:2429859","Ifnlr1<tm1a(EUCOMM)Wtsi>","MGI:5527612","WTSI","MGKC","both","Homozygous "," Viable",""
"Ift140","MGI:2146906","Ift140<tm1a(KOMP)Wtsi>","MGI:4363217","WTSI","MGAE","both","Homozygous "," Lethal",""
"Ift22","MGI:1914536","Ift22<tm1.1(KOMP)Vlcg>","MGI:5548538","UC Davis","BL3682","both","Homozygous "," Viable",""
"Ift80","MGI:1915509","Ift80<tm1a(KOMP)Wtsi>","MGI:4419694","WTSI","MEAN","both","Homozygous "," Subviable",""
"Ift88","MGI:98715","Ift88<tm1.1(KOMP)Vlcg>","MGI:5505911","JAX","JR23606","both","Homozygous "," Lethal",""
"Igfbp3","MGI:96438","Igfbp3<tm1b(KOMP)Wtsi>","MGI:5548945","MRC Harwell","H-Igfbp3-A08-TM1B","both","Homozygous "," Viable",""
"Igfbp7","MGI:1352480","Igfbp7<tm1b(EUCOMM)Hmgu>","MGI:5609347","BCM","IGFBB","both","Homozygous "," Viable",""
"Igsf11","MGI:2388477","Igsf11<tm1b(KOMP)Wtsi>","MGI:5509325","JAX","JR21516","both","Homozygous "," Viable",""
"Ikzf3","MGI:1342542","Ikzf3<tm1(KOMP)Vlcg>","MGI:5008103","RBRC","RIKEN-Ikzf3-CB3_","both","Homozygous "," Viable",""
"Ikzf5","MGI:1914393","Ikzf5<tm1(KOMP)Wtsi>","MGI:4419517","RBRC","RIKEN-Ikzf5-C06_","both","Homozygous "," Viable",""
"Il10rb","MGI:109380","Il10rb<tm1a(KOMP)Wtsi>","MGI:4364200","WTSI","MDNU","both","Homozygous "," Viable",""
"Il12a","MGI:96539","Il12a<tm1b(EUCOMM)Hmgu>","MGI:5692894","MRC Harwell","H-IL12A-C09-TM1B","both","Homozygous "," Viable",""
"Il12rb1","MGI:104579","Il12rb1<tm1b(KOMP)Wtsi>","MGI:5572025","BCM","LLRBB","both","Homozygous "," Viable",""
"Il12rb2","MGI:1270861","Il12rb2<tm1.1(KOMP)Vlcg>","MGI:5488781","JAX","JR22303","both","Homozygous "," Viable",""
"Il13","MGI:96541","Il13<tm1.1(KOMP)Vlcg>","MGI:5569965","UC Davis","BL4366","both","Homozygous "," Viable",""
"Il15","MGI:103014","Il15<tm1b(EUCOMM)Hmgu>","MGI:5636890","MRC Harwell","H-IL15-C06-TM1B","both","Homozygous "," Viable",""
"Il17rd","MGI:2159727","Il17rd<tm1b(EUCOMM)Hmgu>","MGI:5548769","MRC Harwell","H-Il17rd-G11-TM1B","both","Homozygous "," Viable",""
"Il18","MGI:107936","Il18<tm1b(EUCOMM)Wtsi>","MGI:5582420","UC Davis","BL4463","both","Homozygous "," Viable",""
"Il18bp","MGI:1333800","Il18bp<tm1.1(KOMP)Vlcg>","MGI:5569040","UC Davis","ET8509","both","Homozygous "," Viable",""
"Il1r2","MGI:96546","Il1r2<tm1.1(KOMP)Vlcg>","MGI:5695974","UC Davis","BL3463","both","Homozygous "," Viable",""
"Il1r2","MGI:96546","Il1r2<tm1a(EUCOMM)Wtsi>","MGI:4842437","WTSI","MGES","both","Homozygous "," Viable",""
"Il20","MGI:1890473","Il20<tm1.1(KOMP)Vlcg>","MGI:5766752","UC Davis","ET9535","both","Homozygous "," Viable",""
"Il20ra","MGI:3605069","Il20ra<tm1.1(KOMP)Vlcg>","MGI:5548901","UC Davis","BL2547","both","Homozygous "," Viable",""
"Il23r","MGI:2181693","Il23r<tm2a(EUCOMM)Wtsi>","MGI:5085468","WTSI","MFXK","both","Homozygous "," Viable",""
"Il24","MGI:2135548","Il24<tm1.1(KOMP)Vlcg>","MGI:5468967","JAX","JR22005","both","Homozygous "," Viable",""
"Il31ra","MGI:2180511","Il31ra<tm1b(EUCOMM)Hmgu>","MGI:5751157","MRC Harwell","H-IL31RA-F03-TM1B","both","Homozygous "," Viable",""
"Il33","MGI:1924375","Il33<tm1.1(KOMP)Vlcg>","MGI:5548682","UC Davis","ET5048","both","Homozygous "," Viable",""
"Il6ra","MGI:105304","Il6ra<tm1.1(KOMP)Vlcg>","MGI:5548361","UC Davis","BL1357","both","Homozygous "," Viable",""
"Il6st","MGI:96560","Il6st<tm1b(KOMP)Mbp>","MGI:5474976","JAX","JR22388","both","Homozygous "," Viable",""
"Ildr1","MGI:2146574","Ildr1<tm1(KOMP)Wtsi>","MGI:4419159","WTSI","MFJM","both","Homozygous "," Viable",""
"Ilk","MGI:1195267","Ilk<tm1.1(KOMP)Vlcg>","MGI:5617258","JAX","JR26636","both","Homozygous "," Lethal",""
"Inf2","MGI:1917685","Inf2<tm1.1(KOMP)Vlcg>","MGI:5548597","UC Davis","BL1485","both","Homozygous "," Viable",""
"Ino80","MGI:1915392","Ino80<tm1a(EUCOMM)Hmgu>","MGI:4436542","ICS","IP00004468a","both","Homozygous "," Lethal","Conflicting data"
"Ino80","MGI:1915392","Ino80<tm1b(EUCOMM)Hmgu>","MGI:5548559","ICS","E105JM8N4-70","both","Homozygous "," Subviable","Conflicting data"
"Ino80b","MGI:1917270","Ino80b<tm1b(KOMP)Mbp>","-","UC Davis","BL3001","both","Homozygous "," Lethal",""
"Inpp1","MGI:104848","Inpp1<tm1b(KOMP)Wtsi>","MGI:5548354","WTSI","MNPP","both","Homozygous "," Viable",""
"Inpp5e","MGI:1927753","Inpp5e<tm1.1(KOMP)Vlcg>","MGI:5548702","UC Davis","BL3751","both","Homozygous "," Lethal",""
"Ints12","MGI:1919043","Ints12<tm1b(EUCOMM)Wtsi>","MGI:5637056","MRC Harwell","H-INTS12-E04-TM1B","both","Homozygous "," Lethal",""
"Ints2","MGI:1917672","Ints2<tm1a(KOMP)Wtsi>","MGI:4362455","WTSI","MEFL","both","Homozygous "," Lethal",""
"Ipo11","MGI:2442377","Ipo11<tm1.1(KOMP)Vlcg>","MGI:5617259","JAX","JR26613","both","Homozygous "," Lethal",""
"Ipp","MGI:96581","Ipp<tm1.1(KOMP)Vlcg>","MGI:5532529","JAX","JR24571","both","Homozygous "," Viable",""
"Iqce","MGI:1921489","Iqce<tm1b(EUCOMM)Hmgu>","MGI:5548641","ICS","IP00005274a","both","Homozygous "," Viable",""
"Iqcj","MGI:3644166","Iqcj<em1J>","MGI:5585265","JAX","JR26272","both","Homozygous "," Viable",""
"Iqgap2","MGI:2449975","Iqgap2<tm1b(KOMP)Wtsi>","MGI:5558039","JAX","JR24289","both","Homozygous "," Viable",""
"Iqsec3","MGI:2677208","Iqsec3<tm3b(KOMP)Wtsi>","MGI:5563212","BCM","IQSSB","both","Homozygous "," Viable",""
"Iqub","MGI:3041159","Iqub<tm1.1(KOMP)Vlcg>","MGI:5548891","UC Davis","BL1540","both","Homozygous "," Viable",""
"Irak1","MGI:107420","Irak1<tm1b(EUCOMM)Hmgu>","MGI:5636906","WTSI","PMBE","both","Homozygous "," Viable",""
"Irak2","MGI:2429603","Irak2<tm1b(EUCOMM)Wtsi>","MGI:5637137","MRC Harwell","H-IRAK2-A08-TM1B","both","Homozygous "," Viable",""
"Irf5","MGI:1350924","Irf5<tm1e(EUCOMM)Wtsi>","MGI:4460527","WTSI","MGJK","both","Homozygous "," Viable",""
"Irf7","MGI:1859212","Irf7<tm1(KOMP)Wtsi>","MGI:4419590","WTSI","MEBN","both","Homozygous "," Viable",""
"Irf8","MGI:96395","Irf8<tm1b(KOMP)Wtsi>","MGI:5446132","JAX","JR18655","both","Homozygous "," Viable",""
"Irx1","MGI:1197515","Irx1<tm1.1(KOMP)Vlcg>","MGI:5634290","JAX","JR25513","both","Homozygous "," Lethal",""
"Isca1","MGI:1916296","Isca1<tm1b(KOMP)Wtsi>","MGI:5585595","JAX","JR26172","both","Homozygous "," Lethal",""
"Isg20","MGI:1928895","Isg20<tm1a(KOMP)Wtsi>","MGI:4820118","WTSI","MFFD","both","Homozygous "," Viable",""
"Ism2","MGI:2685110","Ism2<tm3b(EUCOMM)Hmgu>","MGI:5617794","BCM","ISMTB","both","Homozygous "," Viable",""
"Itch","MGI:1202301","Itch<tm1b(EUCOMM)Hmgu>","MGI:5692595","MRC Harwell","H-ITCH-E10-TM1B","both","Homozygous "," Viable",""
"Itga2","MGI:96600","Itga2<tm1b(EUCOMM)Hmgu>","MGI:5548946","MRC Harwell","H-ITGA2-G06-TM1B","both","Homozygous "," Viable",""
"Itga8","MGI:109442","Itga8<tm1b(KOMP)Wtsi>","MGI:5509056","JAX","JR23813","both","Homozygous "," Subviable",""
"Itgae","MGI:1298377","Itgae<tm1b(EUCOMM)Wtsi>","MGI:5636943","MRC Harwell","H-ITGAE-G08-TM1B","both","Homozygous "," Viable",""
"Itm2c","MGI:1927594","Itm2c<tm1b(EUCOMM)Wtsi>","MGI:5548700","HMGU","HMGU-EPD0351_4_F05-1-1","both","Homozygous "," Subviable",""
"Itsn2","MGI:1338049","Itsn2<tm1.1(KOMP)Vlcg>","MGI:5548439","UC Davis","BL3634","both","Homozygous "," Viable",""
"Ivd","MGI:1929242","Ivd<tm1b(EUCOMM)Hmgu>","MGI:5548705","HMGU","HMGU-HEPD0535_3_F08-1-1","both","Homozygous "," Lethal",""
"Ivl","MGI:96626","Ivl<tm1b(KOMP)Wtsi>","MGI:5569966","UC Davis","BL4213","both","Homozygous "," Viable",""
"Izumo1r","MGI:1929185","Izumo1r<tm1b(KOMP)Wtsi>","MGI:5548704","RBRC","RIKEN-EPD0094_3_F07","both","Homozygous "," Viable",""
"Izumo1r","MGI:1929185","Izumo1r<tm2a(KOMP)Wtsi>","MGI:4363787","WTSI","MFVS","both","Homozygous "," Viable",""
"Jag2","MGI:1098270","Jag2<tm1b(KOMP)Wtsi>","MGI:5636926","MRC Harwell","H-JAG2-B11-TM!B","both","Homozygous "," Lethal",""
"Jam2","MGI:1933820","Jam2<tm1.1(KOMP)Mbp>","MGI:5516071","JAX","JR24055","both","Homozygous "," Viable",""
"Jam3","MGI:1933825","Jam3<tm1.1(KOMP)Vlcg>","MGI:5471366","JAX","JR22093","both","Homozygous "," Subviable",""
"Jazf1","MGI:2141450","Jazf1<tm1b(EUCOMM)Wtsi>","MGI:5569067","UC Davis","ET8676","both","Homozygous "," Viable",""
"Jmjd1c","MGI:1918614","Jmjd1c<tm1a(EUCOMM)Wtsi>","MGI:4842320","WTSI","MDGL","both","Homozygous "," Subviable",""
"Jmjd6","MGI:1858910","Jmjd6<tm1b(EUCOMM)Wtsi>","MGI:5548491","HMGU","GSF-EPD0158_3_A11-1-1","both","Homozygous "," Lethal",""
"Jmjd8","MGI:1919356","Jmjd8<tm1.1(KOMP)Vlcg>","MGI:5603571","JAX","JR26066","both","Homozygous "," Viable",""
"Jtb","MGI:1346082","Jtb<tm1b(EUCOMM)Hmgu>","MGI:5609346","BCM","JTBCB","both","Homozygous "," Lethal",""
"Jup","MGI:96650","Jup<tm1.1(KOMP)Vlcg>","MGI:5490517","JAX","JR22821","both","Homozygous "," Lethal",""
"Kars","MGI:1934754","Kars<tm2b(EUCOMM)Hmgu>","MGI:5573275","BCM","KARDB","both","Homozygous "," Lethal",""
"Katnb1","MGI:1921437","Katnb1<tm1b(EUCOMM)Hmgu>","MGI:5637074","MRC Harwell","H-KATNB1-B09-TM1B","both","Homozygous "," Lethal",""
"Kcna1","MGI:96654","Kcna1<tm1.1(KOMP)Vlcg>","MGI:5605842","UC Davis","BL4627","both","Homozygous "," Viable",""
"Kcnab3","MGI:1336208","Kcnab3<tm1.1(KOMP)Vlcg>","MGI:5695894","UC Davis","ET9329","both","Homozygous "," Viable",""
"Kcnb1","MGI:96666","Kcnb1<tm1b(EUCOMM)Hmgu>","MGI:5695133","MRC Harwell","H-KCNB1-D01-TM1B","both","Homozygous "," Viable",""
"Kcnc2","MGI:96668","Kcnc2<tm1.1(KOMP)Vlcg>","MGI:5695975","UC Davis","BL3533","both","Homozygous "," Viable",""
"Kcnd1","MGI:96671","Kcnd1<tm1.1(KOMP)Vlcg>","MGI:5708278","UC Davis","BL4098","both","Homozygous "," Viable",""
"Kcng2","MGI:3694646","Kcng2<em2Bay>","-","BCM","KCGNB","both","Homozygous "," Viable",""
"Kcnh3","MGI:1341723","Kcnh3<tm1.1(KOMP)Vlcg>","MGI:5445933","JAX","JR21140","both","Homozygous "," Viable",""
"Kcnh4","MGI:2156184","Kcnh4<tm1b(KOMP)Wtsi>","MGI:5637120","WTSI","MUFM","both","Homozygous "," Viable",""
"Kcnh6","MGI:2684139","Kcnh6<tm1.1(KOMP)Vlcg>","MGI:5695959","UC Davis","TCPA0741Cre","both","Homozygous "," Viable",""
"Kcnip4","MGI:1933131","Kcnip4<tm1a(KOMP)Wtsi>","MGI:4419266","WTSI","MDZY","both","Homozygous "," Viable",""
"Kcnj10","MGI:1194504","Kcnj10<tm1b(KOMP)Wtsi>","MGI:5692590","MRC Harwell","H-KCNJ10-E06-TM1B","both","Homozygous "," Lethal",""
"Kcnj11","MGI:107501","Kcnj11<tm1b(EUCOMM)Wtsi>","MGI:5695116","MRC Harwell","H-KCNJ11-G05-TM1B","both","Homozygous "," Viable",""
"Kcnj14","MGI:2384820","Kcnj14<tm2b(EUCOMM)Hmgu>","MGI:5637127","MRC Harwell","H-KCNJ14-B12-TM1B","both","Homozygous "," Viable",""
"Kcnj3","MGI:104742","Kcnj3<tm1.1(KOMP)Vlcg>","MGI:5695876","UC Davis","BL3601","both","Homozygous "," Viable",""
"Kcnj9","MGI:108007","Kcnj9<tm1b(EUCOMM)Hmgu>","MGI:5548379","MRC Harwell","H-Kcnj9-F04-TM1B","both","Homozygous "," Viable",""
"Kcnk18","MGI:2685627","Kcnk18<tm1.1(KOMP)Vlcg>","MGI:5548875","UC Davis","ET7863","both","Homozygous "," Viable",""
"Kcnv2","MGI:2670981","Kcnv2<tm1a(KOMP)Wtsi>","MGI:4840969","WTSI","MDYN","both","Homozygous "," Viable",""
"Kctd15","MGI:2385276","Kctd15<tm1b(EUCOMM)Wtsi>","MGI:5548790","TCP","UCD-EPD0177_1_E09-1-1","both","Homozygous "," Lethal",""
"Kctd15","MGI:2385276","Kctd15<tm1b(EUCOMM)Wtsi>","MGI:5548790","ICS","IP00005100a","both","Homozygous "," Lethal",""
"Kdm1a","MGI:1196256","Kdm1a<tm1(NCOM)Mfgc>","MGI:4880311","NING","Kdm1a_N01650P1_W143E07-1","both","Homozygous "," Lethal",""
"Kdm4d","MGI:3606484","Kdm4d<tm2a(EUCOMM)Wtsi>","MGI:4460459","WTSI","MDGG","both","Homozygous "," Viable",""
"Kdm5c","MGI:99781","Kdm5c<tm1b(EUCOMM)Hmgu>","MGI:5759977","ICS","IP00005582a","both","Hemizygous "," Lethal",""
"Kdm5d","MGI:99780","Kdm5d<em2Marc>","-","NING","Kdm5d_cas9_del16","both","Hemizygous "," Viable",""
"Kdm7a","MGI:2443388","Kdm7a<tm1a(EUCOMM)Wtsi>","MGI:4432944","WTSI","MDVT","both","Homozygous "," Viable",""
"Kdm8","MGI:1924285","Kdm8<tm1b(EUCOMM)Wtsi>","MGI:5548680","MRC Harwell","H-Kdm8-A04-TM1B","both","Homozygous "," Lethal",""
"Khdrbs3","MGI:1313312","Khdrbs3<tm1b(EUCOMM)Hmgu>","MGI:5636948","HMGU","HMGU-HEPD0688_8_C05-1-1","both","Homozygous "," Viable",""
"Kif13b","MGI:1098265","Kif13b<tm1b(EUCOMM)Wtsi>","MGI:5636925","WTSI","MUDK","both","Homozygous "," Viable",""
"Kif1b","MGI:108426","Kif1b<tm1b(KOMP)Wtsi>","MGI:5505909","JAX","JR23603","both","Homozygous "," Lethal",""
"Kif1bp","MGI:1919570","Kif1bp<tm1a(KOMP)Wtsi>","MGI:4939684","WTSI","MGCY","both","Homozygous "," Lethal",""
"Kif20a","MGI:1201682","Kif20a<tm1b(EUCOMM)Hmgu>","MGI:5636934","HMGU","HMGU-HEPD0652_8_C02-2-1","both","Homozygous "," Lethal",""
"Kif24","MGI:1918345","Kif24<tm1b(KOMP)Wtsi>","MGI:5637052","WTSI","MUDP","both","Homozygous "," Viable",""
"Kif26b","MGI:2447076","Kif26b<tm2b(KOMP)Wtsi>","MGI:5471275","JAX","JR22085","both","Homozygous "," Lethal",""
"Kif3b","MGI:107688","Kif3b<tm1b(EUCOMM)Wtsi>","MGI:5548376","WTSI","MUEF","both","Homozygous "," Lethal",""
"Kif3c","MGI:107979","Kif3c<tm1.1(KOMP)Vlcg>","MGI:5630064","JAX","JR26720","both","Homozygous "," Lethal",""
"Kifap3","MGI:107566","Kifap3<tm1a(KOMP)Wtsi>","MGI:4362297","WTSI","MCKW","both","Homozygous "," Lethal",""
"Kiss1r","MGI:2148793","Kiss1r<tm1.1(KOMP)Vlcg>","MGI:5696918","UC Davis","BL3929","both","Homozygous "," Viable",""
"Klc2","MGI:107953","Klc2<tm1e(EUCOMM)Wtsi>","MGI:4434042","WTSI","MFAT","both","Homozygous "," Viable",""
"Klf14","MGI:3577024","Klf14<tm1.1(KOMP)Vlcg>","MGI:5695130","UC Davis","BL1129","both","Homozygous "," Viable",""
"Klf17","MGI:2181068","Klf17<tm1b(KOMP)Wtsi>","MGI:5548777","WTSI","MUBV","both","Homozygous "," Viable",""
"Klf7","MGI:1935151","Klf7<tm1b(EUCOMM)Hmgu>","MGI:5548730","MRC Harwell","H-Klf7-F09-TM1B","both","Homozygous "," Lethal",""
"Klhdc2","MGI:1916804","Klhdc2<tm1b(EUCOMM)Hmgu>","MGI:5548587","MRC Harwell","H-KLHDC2-G08-TM1B","both","Homozygous "," Lethal",""
"Klhl18","MGI:2143315","Klhl18<tm1a(KOMP)Wtsi>","MGI:4362936","WTSI","MFEM","both","Homozygous "," Viable",""
"Klhl21","MGI:1919288","Klhl21<tm1a(KOMP)Wtsi>","MGI:4363013","WTSI","MEZW","both","Homozygous "," Subviable",""
"Klhl29","MGI:2683857","Klhl29<tm1b(EUCOMM)Hmgu>","MGI:5548861","ICS","IP00005147a","both","Homozygous "," Subviable",""
"Klhl3","MGI:2445185","Klhl3<tm1b(KOMP)Wtsi>","MGI:5637154","MRC Harwell","H-KLhl3-F04-TM1B","both","Homozygous "," Viable",""
"Klhl30","MGI:1918038","Klhl30<tm1a(KOMP)Wtsi>","MGI:4431509","WTSI","MGYM","both","Homozygous "," Viable",""
"Klhl8","MGI:2179430","Klhl8<tm1b(EUCOMM)Wtsi>","MGI:5548775","UC Davis","BL1842","both","Homozygous "," Viable",""
"Klk14","MGI:2447564","Klk14<tm1.1(KOMP)Vlcg>","MGI:5571350","JAX","JR25381","both","Homozygous "," Viable",""
"Klk4","MGI:1861379","Klk4<tm1.1(KOMP)Vlcg>","MGI:5567109","UC Davis","ET7908","both","Homozygous "," Viable",""
"Klk9","MGI:1921082","Klk9<tm1a(KOMP)Wtsi>","MGI:4419836","WTSI","MEUJ","both","Homozygous "," Viable",""
"Klkb1","MGI:102849","Klkb1<tm1b(EUCOMM)Wtsi>","MGI:5548334","HMGU","GSF-EPD0560_5_B04-2-2","both","Homozygous "," Viable",""
"Klra7","MGI:101901","Klra7<em1J>","MGI:5644523","JAX","JR27444","both","Homozygous "," Viable",""
"Kmo","MGI:2138151","Kmo<tm1b(KOMP)Wtsi>","MGI:5548736","UC Davis","ET4569","both","Homozygous "," Viable",""
"Kng2","MGI:3027157","Kng2<tm2a(EUCOMM)Wtsi>","MGI:4840572","WTSI","MCYF","both","Homozygous "," Viable",""
"Knop1","MGI:1913606","Knop1<tm1b(EUCOMM)Wtsi>","MGI:5568481","BCM","KNOTB","both","Homozygous "," Viable",""
"Knstrn","MGI:1289298","Knstrn<tm1b(KOMP)Wtsi>","MGI:5548420","ICS","IP00004891a","both","Homozygous "," Viable",""
"Kntc1","MGI:2673709","Kntc1<tm1b(EUCOMM)Hmgu>","MGI:5588288","JAX","JR25320","both","Homozygous "," Subviable",""
"Krit1","MGI:1930618","Krit1<tm1.1(KOMP)Vlcg>","MGI:5583067","UC Davis","BL4124","both","Homozygous "," Lethal",""
"Krt14","MGI:96688","Krt14<tm1.1(KOMP)Vlcg>","MGI:5708279","UC Davis","BL5259","both","Homozygous "," Viable",""
"Krt17","MGI:96691","Krt17<tm1.1(KOMP)Vlcg>","MGI:5501220","JAX","JR23318","both","Homozygous "," Viable",""
"Krt2","MGI:96699","Krt2<tm1b(KOMP)Wtsi>","MGI:5569081","UC Davis","ET8220","both","Homozygous "," Subviable",""
"Krt31","MGI:1309993","Krt31<tm1e(KOMP)Wtsi>","MGI:4881940","WTSI","MFSN","both","Homozygous "," Viable",""
"Krt5","MGI:96702","Krt5<tm1.1(KOMP)Vlcg>","MGI:5695976","UC Davis","TCPA0608Cre","both","Homozygous "," Subviable",""
"Krt7","MGI:96704","Krt7<tm1b(KOMP)Wtsi>","MGI:5548947","WTSI","MUCU","both","Homozygous "," Viable",""
"Krt74","MGI:3629975","Krt74<tm1b(EUCOMM)Wtsi>","MGI:5637188","MRC Harwell","H-KRT74-H05-TM1B","both","Homozygous "," Viable",""
"Krt76","MGI:1924305","Krt76<tm1a(KOMP)Wtsi>","MGI:4363117","WTSI","MADM","both","Homozygous "," Viable",""
"Krt77","MGI:3588209","Krt77<em1J>","MGI:5576237","JAX","JR25927","both","Homozygous "," Viable",""
"Krt8","MGI:96705","Krt8<tm1b(EUCOMM)Hmgu>","MGI:5612829","ICS","IP00005602a","both","Homozygous "," Lethal",""
"Krt83","MGI:3690448","Krt83<tm1b(KOMP)Wtsi>","MGI:5637191","WTSI","MUER","both","Homozygous "," Viable",""
"Krt88","MGI:1913572","Krt88<tm1a(KOMP)Wtsi>","MGI:5085345","WTSI","MFUU","both","Homozygous "," Viable",""
"Krt9","MGI:96696","Krt9<tm1.1(KOMP)Vlcg>","MGI:5572043","JAX","JR25383","both","Homozygous "," Viable",""
"L3mbtl2","MGI:2443584","L3mbtl2<tm2a(EUCOMM)Wtsi>","MGI:5472695","WTSI","MFPQ","both","Homozygous "," Lethal",""
"Lama1","MGI:99892","Lama1<tm2b(EUCOMM)Hmgu>","MGI:5613672","HMGU","H5057-HEPD0596_1_A03-1","both","Homozygous "," Lethal",""
"Lama4","MGI:109321","Lama4<tm1.1(KOMP)Vlcg>","MGI:5695884","UC Davis","BL3706","both","Homozygous "," Viable",""
"Lama5","MGI:105382","Lama5<tm1b(KOMP)Wtsi>","MGI:5692561","MRC Harwell","H-LAMA5-C10-TM1B","both","Homozygous "," Lethal",""
"Lamb3","MGI:99915","Lamb3<tm1b(KOMP)Wtsi>","MGI:5548979","MRC Harwell","H-Lamb3-C12-TM1B","both","Homozygous "," Viable",""
"Lamc3","MGI:1344394","Lamc3<tm1a(KOMP)Wtsi>","MGI:4364864","WTSI","MDZE","both","Homozygous "," Viable",""
"Lamtor5","MGI:1915826","Lamtor5<tm1b(EUCOMM)Hmgu>","MGI:5614702","BCM","LAMRB","both","Homozygous "," Lethal",""
"Lancl2","MGI:1919085","Lancl2<tm2b(KOMP)Wtsi>","MGI:5569052","UC Davis","ET8219","both","Homozygous "," Viable",""
"Laptm4a","MGI:108017","Laptm4a<tm1b(EUCOMM)Hmgu>","MGI:5548380","ICS","E184JM8N4-12","both","Homozygous "," Viable",""
"Lars","MGI:1913808","Lars<tm1b(KOMP)Wtsi>","MGI:5637014","WTSI","MUGR","both","Homozygous "," Lethal",""
"Lbp","MGI:1098776","Lbp<tm1b(EUCOMM)Hmgu>","MGI:5636928","MRC Harwell","H-LBP-A07-TM1B","both","Homozygous "," Viable",""
"Lce1f","MGI:1915078","Lce1f<tm1b(KOMP)Wtsi>","MGI:5637025","MRC Harwell","H-LCE1F-B05-TM1B","both","Homozygous "," Viable",""
"Lce1m","MGI:1913453","Lce1m<tm1b(EUCOMM)Wtsi>","MGI:5637007","WTSI","MUGQ","both","Homozygous "," Viable",""
"Lce3c","MGI:2135932","Lce3c<tm2a(EUCOMM)Wtsi>","MGI:5472691","WTSI","MFVV","both","Homozygous "," Viable",""
"Lcn2","MGI:96757","Lcn2<tm1b(KOMP)Wtsi>","MGI:5588291","JAX","JR26023","both","Homozygous "," Viable",""
"Ldah","MGI:1916082","Ldah<tm1b(EUCOMM)Wtsi>","MGI:5637035","HMGU","HMGU-EPD0564_4_F01-1-1","both","Homozygous "," Viable",""
"Ldhb","MGI:96763","Ldhb<tm1b(KOMP)Wtsi>","MGI:5637210","WTSI","MUGM","both","Homozygous "," Viable",""
"Ldlrad4","MGI:1277150","Ldlrad4<tm1b(EUCOMM)Wtsi>","MGI:5636938","WTSI","MUES","both","Homozygous "," Viable",""
"Leo1","MGI:2685031","Leo1<tm1a(EUCOMM)Wtsi>","MGI:4950249","WTSI","MGXR","both","Homozygous "," Lethal",""
"Lepr","MGI:104993","Lepr<tm1b(EUCOMM)Wtsi>","MGI:5692557","MRC Harwell","H-LEPR-G08-TM1B","both","Homozygous "," Viable",""
"Leprot","MGI:2687005","Leprot<tm2a(KOMP)Wtsi>","MGI:4364337","WTSI","MENP","both","Homozygous "," Viable",""
"Leprot","MGI:2687005","Leprot<tm2b(KOMP)Wtsi>","MGI:5548880","WTSI","MUAX","both","Homozygous "," Viable",""
"Leprotl1","MGI:1915442","Leprotl1<tm1b(EUCOMM)Hmgu>","MGI:5637030","MRC Harwell","H-LEPROTL1-H12-TM1B","both","Homozygous "," Viable",""
"Lgals3","MGI:96778","Lgals3<tm1b(EUCOMM)Wtsi>","MGI:5548948","MRC Harwell","H-LGALS3-A09-TM1B","both","Homozygous "," Viable",""
"Lgals7","MGI:1316742","Lgals7<tm1a(EUCOMM)Wtsi>","MGI:4432104","WTSI","MEHU","both","Homozygous "," Viable",""
"Lgals7","MGI:1316742","Lgals7<tm1b(EUCOMM)Wtsi>","MGI:5548425","WTSI","MUAQ","both","Homozygous "," Viable",""
"Lgi4","MGI:2180197","Lgi4<tm1.1(KOMP)Vlcg>","MGI:5695950","UC Davis","BL4099","both","Homozygous "," Lethal",""
"Lgmn","MGI:1330838","Lgmn<tm1b(NCOM)Mfgc>","MGI:5766170","TCP","TCPA0680Cre","both","Homozygous "," Viable",""
"Lhcgr","MGI:96783","Lhcgr<tm1(KOMP)Vlcg>","MGI:4399374","NING","B7-1","both","Homozygous "," Viable",""
"Lhx6","MGI:1306803","Lhx6<tm1b(KOMP)Wtsi>","MGI:5572026","UC Davis","BL4317","both","Homozygous "," Subviable",""
"Lifr","MGI:96788","Lifr<tm1b(EUCOMM)Hmgu>","MGI:5548949","MRC Harwell","H-LIFR-B09-TM1B","both","Homozygous "," Lethal",""
"Lima1","MGI:1920992","Lima1<tm1b(KOMP)Wtsi>","MGI:5488778","JAX","JR22302","both","Homozygous "," Subviable",""
"Lin28b","MGI:3584032","Lin28b<tm1b(EUCOMM)Hmgu>","MGI:5629322","JAX","JR26507","both","Homozygous "," Viable",""
"Lipe","MGI:96790","Lipe<tm1b(KOMP)Wtsi>","MGI:5692897","UC Davis","BL5160","both","Homozygous "," Viable",""
"Lipn","MGI:1917416","Lipn<tm1.1(KOMP)Vlcg>","MGI:5576043","JAX","JR25518","both","Homozygous "," Viable",""
"Lman1l","MGI:2667537","Lman1l<tm1.1(KOMP)Vlcg>","MGI:5585715","JAX","JR25276","both","Homozygous "," Viable",""
"Lmbrd1","MGI:1915671","Lmbrd1<tm1b(EUCOMM)Hmgu>","MGI:5513795","TCP","TCPA0157Cre","both","Homozygous "," Lethal",""
"Lmna","MGI:96794","Lmna<tm1b(EUCOMM)Wtsi>","MGI:5548950","ICS","IP00005431a","both","Homozygous "," Lethal",""
"Lonrf3","MGI:1921615","Lonrf3<tm1a(KOMP)Wtsi>","MGI:4363930","WTSI","MEGU","both","Homozygous "," Viable",""
"Lonrf3","MGI:1921615","Lonrf3<tm1b(KOMP)Wtsi>","MGI:5548642","WTSI","MUAN","both","Homozygous "," Viable",""
"Lor","MGI:96816","Lor<tm1.1(KOMP)Vlcg>","MGI:5605843","UC Davis","BL4188","both","Homozygous "," Subviable",""
"Loxl1","MGI:106096","Loxl1<tm1.1(KOMP)Vlcg>","MGI:5445673","JAX","JR18563","both","Homozygous "," Viable",""
"Lpar6","MGI:1914418","Lpar6<tm1.1(KOMP)Vlcg>","MGI:5471392","JAX","JR22094","both","Homozygous "," Viable",""
"Lpin2","MGI:1891341","Lpin2<tm1b(KOMP)Wtsi>","MGI:5513796","TCP","TCPA0012Cre","both","Homozygous "," Viable",""
"Lpin3","MGI:1891342","Lpin3<tm1b(KOMP)Wtsi>","MGI:5548504","UC Davis","BL1459","both","Homozygous "," Viable",""
"Lpo","MGI:1923363","Lpo<tm1b(EUCOMM)Wtsi>","MGI:5548663","HMGU","GSF-EPD0215_3_D03-1-1","both","Homozygous "," Viable",""
"Lrat","MGI:1891259","Lrat<tm1.1(KOMP)Vlcg>","MGI:5708196","UC Davis","BL5644","both","Homozygous "," Subviable",""
"Lrch1","MGI:2443390","Lrch1<tm1b(EUCOMM)Hmgu>","MGI:5630074","JAX","JR25847","both","Homozygous "," Viable",""
"Lrfn2","MGI:1917780","Lrfn2<tm1.1(KOMP)Vlcg>","MGI:5695920","UC Davis","BL4306","both","Homozygous "," Viable",""
"Lrfn3","MGI:2442512","Lrfn3<tm1.1(KOMP)Vlcg>","MGI:5582440","UC Davis","BL4459","both","Homozygous "," Viable",""
"Lrp1","MGI:96828","Lrp1<tm1.1(KOMP)Wtsi>","MGI:5494466","JAX","JR22778","both","Homozygous "," Lethal",""
"Lrrc15","MGI:1921738","Lrrc15<tm1b(KOMP)Wtsi>","MGI:5493277","JAX","JR23021","both","Homozygous "," Viable",""
"Lrrc2","MGI:1921499","Lrrc2<tm1b(EUCOMM)Wtsi>","MGI:5513798","TCP","TCPA0158Cre","both","Homozygous "," Viable",""
"Lrrc20","MGI:2387182","Lrrc20<tm1.1(KOMP)Vlcg>","MGI:5708244","UC Davis","BL5552","both","Homozygous "," Viable",""
"Lrrc23","MGI:1315192","Lrrc23<tm1a(EUCOMM)Wtsi>","MGI:4944543","WTSI","MGQT","both","Homozygous "," Viable",""
"Lrrc51","MGI:1916608","Lrrc51<tm1b(EUCOMM)Hmgu>","MGI:5616358","BCM","LRRDB","both","Homozygous "," Viable",""
"Lrrk1","MGI:2142227","Lrrk1<tm1b(KOMP)Wtsi>","MGI:5692778","MRC Harwell","H-LRRK1-C01-TM1B","both","Homozygous "," Viable",""
"Lrrtm3","MGI:2389177","Lrrtm3<tm1b(KOMP)Mbp>","-","UC Davis","BL3932","both","Homozygous "," Viable",""
"Lsm1","MGI:1914457","Lsm1<tm1b(EUCOMM)Hmgu>","MGI:5548536","HMGU","HMGU-HEPD0702_3_G05-1-1","both","Homozygous "," Subviable",""
"Lsm14a","MGI:1914320","Lsm14a<tm1b(KOMP)Wtsi>","MGI:5548532","NING","Lsm14a_B01-1","both","Homozygous "," Subviable",""
"Lss","MGI:1336155","Lss<tm1b(KOMP)Wtsi>","MGI:5561557","BCM","LESSB","both","Homozygous "," Lethal",""
"Lst1","MGI:1096324","Lst1<tm1.1(KOMP)Vlcg>","MGI:5569039","UC Davis","ET9009","both","Homozygous "," Viable",""
"Lta","MGI:104797","Lta<tm1.1(KOMP)Vlcg>","MGI:5695877","UC Davis","BL4318","both","Homozygous "," Viable",""
"Lta4h","MGI:96836","Lta4h<tm1b(KOMP)Wtsi>","MGI:5692899","MRC Harwell","H-Lta4H-B01-TM1B","both","Homozygous "," Viable",""
"Ltbp2","MGI:99502","Ltbp2<tm2b(KOMP)Wtsi>","MGI:5635878","JAX","JR26929","both","Homozygous "," Viable",""
"Lum","MGI:109347","Lum<tm1.1(KOMP)Vlcg>","MGI:5695885","UC Davis","BL4735","both","Homozygous "," Lethal",""
"Lypd3","MGI:1919684","Lypd3<tm1.1(KOMP)Vlcg>","MGI:5548620","TCP","BL3368","both","Homozygous "," Subviable",""
"Lypd6","MGI:2443848","Lypd6<tm1b(KOMP)Wtsi>","MGI:5583075","UC Davis","BL4231","both","Homozygous "," Subviable",""
"Lypd6b","MGI:1919147","Lypd6b<tm1b(KOMP)Wtsi>","MGI:5548612","UC Davis","BL2359","both","Homozygous "," Viable",""
"Lyplal1","MGI:2385115","Lyplal1<tm1a(KOMP)Wtsi>","MGI:4363255","WTSI","MFPU","both","Homozygous "," Viable",""
"Lyplal1","MGI:2385115","Lyplal1<tm1b(KOMP)Wtsi>","MGI:5548788","MRC Harwell","H-LYPLAL1-A06-TM1B","both","Homozygous "," Viable",""
"Lyplal1","MGI:2385115","Lyplal1<tm1b(KOMP)Wtsi>","MGI:5548788","UC Davis","ET4709","both","Homozygous "," Viable",""
"Lyrm9","MGI:1913524","Lyrm9<tm1a(KOMP)Mbp>","MGI:5296077","WTSI","MGHA","both","Homozygous "," Viable",""
"Lyst","MGI:107448","Lyst<tm1b(EUCOMM)Wtsi>","MGI:5513800","TCP","TCPA0159Cre","both","Homozygous "," Viable",""
"Lztr1","MGI:1914113","Lztr1<tm1a(EUCOMM)Wtsi>","MGI:4432946","WTSI","MDLF","both","Homozygous "," Lethal",""
"Macrod2","MGI:1920149","Macrod2<tm1.1(KOMP)Vlcg>","MGI:5445674","JAX","JR18570","both","Homozygous "," Viable",""
"Mad1l1","MGI:1341857","Mad1l1<tm1b(KOMP)Wtsi>","MGI:5548448","UC Davis","BL3736","both","Homozygous "," Subviable",""
"Maea","MGI:1891748","Maea<tm1b(EUCOMM)Wtsi>","MGI:5588275","HMGU","H4879-EPD0664_2_F07-1","both","Homozygous "," Lethal",""
"Mag","MGI:96912","Mag<tm1.1(KOMP)Vlcg>","MGI:5576044","JAX","JR25187","both","Homozygous "," Viable",""
"Mamstr","MGI:1921740","Mamstr<tm1b(EUCOMM)Wtsi>","MGI:5637079","WTSI","MUEM","both","Homozygous "," Viable",""
"Man2b2","MGI:1195262","Man2b2<tm1b(KOMP)Wtsi>","MGI:5513801","WTSI","MUAJ","both","Homozygous "," Viable",""
"Man2b2","MGI:1195262","Man2b2<tm1b(KOMP)Wtsi>","MGI:5513801","TCP","TCPA0036Cre","both","Homozygous "," Viable",""
"Map2k7","MGI:1346871","Map2k7<tm1a(EUCOMM)Wtsi>","MGI:4842504","WTSI","MDXN","both","Homozygous "," Lethal",""
"Map3k1","MGI:1346872","Map3k1<tm1a(KOMP)Wtsi>","MGI:4451248","WTSI","MDDY","both","Homozygous "," Subviable",""
"Map3k10","MGI:1346879","Map3k10<tm1b(EUCOMM)Hmgu>","MGI:5548463","HMGU","Monterotondo-HEPD0635_8_D03-1-1","both","Homozygous "," Viable",""
"Map3k7","MGI:1346877","Map3k7<tm1b(EUCOMM)Wtsi>","MGI:5548462","MRC Harwell","H-Map3k7-B11-TM1B","both","Homozygous "," Lethal",""
"Map3k8","MGI:1346878","Map3k8<tm1b(KOMP)Wtsi>","MGI:5558152","UC Davis","BL3523","both","Homozygous "," Viable",""
"Mapk10","MGI:1346863","Mapk10<tm1a(EUCOMM)Wtsi>","MGI:4842613","WTSI","MDMP","both","Homozygous "," Viable",""
"Mapk11","MGI:1338024","Mapk11<tm1b(EUCOMM)Hmgu>","MGI:5636964","MRC Harwell","H-MAPK11-C08-TM1B","both","Homozygous "," Viable",""
"Mapkap1","MGI:2444554","Mapkap1<tm1a(EUCOMM)Wtsi>","MGI:4820336","BCM","Mapkap1 EPD0609_2_F05-1","both","Homozygous "," Lethal",""
"Mapkap1","MGI:2444554","Mapkap1<tm1b(EUCOMM)Wtsi>","MGI:5548828","BCM","Mapkap1 EPD0609_2_F05-B","both","Homozygous "," Lethal",""
"Mapkapk2","MGI:109298","Mapkapk2<tm1b(EUCOMM)Hmgu>","MGI:5548388","MRC Harwell","H-Mapkapk2-A02-TM1B","both","Homozygous "," Viable",""
"Mapkbp1","MGI:1347004","Mapkbp1<tm1b(EUCOMM)Hmgu>","MGI:5548464","MRC Harwell","H-MAPKBP1-H02-TM1B","both","Homozygous "," Viable",""
"Mapt","MGI:97180","Mapt<tm1b(EUCOMM)Hmgu>","MGI:5615650","ICS","IP00005590a","both","Homozygous "," Viable",""
"Marveld2","MGI:2446166","Marveld2<tm1b(EUCOMM)Wtsi>","MGI:5637157","MRC Harwell","H-MARVELD2-G11-TM1B","both","Homozygous "," Viable",""
"Mas1","MGI:96918","Mas1<tm1.1(KOMP)Vlcg>","MGI:5696938","UC Davis","BL3034","both","Homozygous "," Viable",""
"Masp1","MGI:88492","Masp1<tm1.1(KOMP)Vlcg>","MGI:5544601","JAX","JR24759","both","Homozygous "," Viable",""
"Mast2","MGI:894676","Mast2<tm1a(KOMP)Wtsi>","MGI:4363089","WTSI","MFRU","both","Homozygous "," Viable",""
"Mat2a","MGI:2443731","Mat2a<tm1b(EUCOMM)Hmgu>","MGI:5550596","RBRC","RIKEN-Mat2a-D11_","both","Homozygous "," Lethal",""
"Mau2","MGI:1921799","Mau2<tm1b(KOMP)Wtsi>","MGI:5637081","WTSI","MUEG","both","Homozygous "," Lethal",""
"Mbd6","MGI:106378","Mbd6<tm1.1(KOMP)Vlcg>","MGI:5548367","UC Davis","BL2325","both","Homozygous "," Lethal",""
"Mboat7","MGI:1924832","Mboat7<tm1b(KOMP)Wtsi>","MGI:5637092","MRC Harwell","H-MBOAT7-C11-TM1B","both","Homozygous "," Subviable",""
"Mc1r","MGI:99456","Mc1r<tm1.1(KOMP)Vlcg>","MGI:5692921","UC Davis","BL5070","both","Homozygous "," Viable",""
"Mcam","MGI:1933966","Mcam<tm1.1(KOMP)Wtsi>","MGI:5692763","UC Davis","BL2151","both","Homozygous "," Viable",""
"Mcf2l","MGI:103263","Mcf2l<tm1a(EUCOMM)Hmgu>","MGI:4436065","WTSI","MFPT","both","Homozygous "," Viable",""
"Mcm4","MGI:103199","Mcm4<tm1b(KOMP)Mbp>","MGI:5630062","JAX","JR26602","both","Homozygous "," Lethal",""
"Mcrs1","MGI:1858420","Mcrs1<tm1.1(KOMP)Vlcg>","MGI:5581465","JAX","JR25386","both","Homozygous "," Lethal",""
"Mcu","MGI:3026965","Mcu<tm1b(EUCOMM)Hmgu>","MGI:5637176","MRC Harwell","H-MCU-B01-TM1B","both","Homozygous "," Lethal",""
"Mdk","MGI:96949","Mdk<tm1.1(KOMP)Mbp>","MGI:5493326","JAX","JR23024","both","Homozygous "," Subviable",""
"Mdp1","MGI:1915131","Mdp1<tm1.1(KOMP)Vlcg>","MGI:5576045","JAX","JR25188","both","Homozygous "," Viable",""
"Med11","MGI:1913422","Med11<tm1.1(KOMP)Vlcg>","MGI:5471426","JAX","JR22100","both","Homozygous "," Lethal",""
"Med16","MGI:2158394","Med16<tm1b(KOMP)Wtsi>","MGI:5558160","UC Davis","BL3258","both","Homozygous "," Lethal",""
"Med20","MGI:1929648","Med20<em1J>","MGI:5643678","JAX","JR27272","both","Homozygous "," Lethal",""
"Med22","MGI:98446","Med22<tm1a(EUCOMM)Wtsi>","MGI:5008031","WTSI","MFHW","both","Homozygous "," Lethal",""
"Med25","MGI:1922863","Med25<tm1b(KOMP)Wtsi>","MGI:5615649","ICS","IP00005603a","both","Homozygous "," Lethal",""
"Med28","MGI:1914249","Med28<tm1.1(KOMP)Vlcg>","MGI:5548528","UC Davis","ET7896","both","Homozygous "," Lethal",""
"Medag","MGI:1917967","Medag<tm2b(KOMP)Wtsi>","MGI:5548602","WTSI","MUDW","both","Homozygous "," Viable",""
"Memo1","MGI:1924140","Memo1<tm1a(EUCOMM)Wtsi>","MGI:5008015","BCM","Memo1 EPD0785_3_A06","both","Homozygous "," Lethal",""
"Memo1","MGI:1924140","Memo1<tm1b(EUCOMM)Wtsi>","MGI:5548676","BCM","Memo1 EPD0785_3_A06 HOM","both","Homozygous "," Lethal",""
"Mepce","MGI:106477","Mepce<tm1.1(KOMP)Vlcg>","MGI:5614581","JAX","JR26290","both","Homozygous "," Lethal",""
"Metrnl","MGI:2384806","Metrnl<tm1b(KOMP)Wtsi>","MGI:5637126","WTSI","MUCO","both","Homozygous "," Viable",""
"Mettl16","MGI:1914743","Mettl16<tm1b(KOMP)Mbp>","MGI:5583061","JAX","JR25852","both","Homozygous "," Lethal",""
"Mettl20","MGI:2443575","Mettl20<tm1.1(KOMP)Vlcg>","MGI:5548817","UC Davis","BL1856","both","Homozygous "," Viable",""
"Mettl21c","MGI:3611450","Mettl21c<tm1.1(KOMP)Vlcg>","MGI:5583081","JAX","JR25271","both","Homozygous "," Viable",""
"Mettl24","MGI:3045338","Mettl24<tm1a(KOMP)Wtsi>","MGI:4363211","WTSI","MFUB","both","Homozygous "," Viable",""
"Mettl26","MGI:1915597","0610011F06Rik<tm1.1(KOMP)Vlcg>","-","UC Davis","BL5061","both","Homozygous "," Viable",""
"Mettl7b","MGI:1918914","Mettl7b<tm1.1(KOMP)Vlcg>","MGI:5574603","JAX","JR25516","both","Homozygous "," Viable",""
"Mfap4","MGI:1342276","Mfap4<tm1b(NCOM)Mfgc>","MGI:5766171","TCP","TCPA0704Cre","both","Homozygous "," Viable",""
"Mfsd10","MGI:1915544","Mfsd10<tm1.1(KOMP)Vlcg>","MGI:5583062","JAX","JR25185","both","Homozygous "," Viable",""
"Mfsd2a","MGI:1923824","Mfsd2a<tm1b(KOMP)Wtsi>","MGI:5583066","UC Davis","BL4225","both","Homozygous "," Subviable",""
"Mfsd8","MGI:1919425","Mfsd8<tm1b(EUCOMM)Hmgu>","MGI:5637063","MRC Harwell","H-MFSD8-A06-TM1B","both","Homozygous "," Viable",""
"Mgat4c","MGI:1914819","Mgat4c<tm1a(EUCOMM)Wtsi>","MGI:4433541","WTSI","MGZS","both","Homozygous "," Viable",""
"Mgat4d","MGI:1914805","Mgat4d<tm1b(KOMP)Wtsi>","MGI:5548545","BCM","MGATB","both","Homozygous "," Viable",""
"Mgl2","MGI:2385729","Mgl2<tm1b(KOMP)Wtsi>","MGI:5548793","UC Davis","BL2813","both","Homozygous "," Viable",""
"Mgst3","MGI:1913697","Mgst3<tm1a(KOMP)Wtsi>","MGI:4362930","WTSI","MBHU","both","Homozygous "," Viable",""
"Mgst3","MGI:1913697","Mgst3<tm1b(KOMP)Wtsi>","MGI:5548521","WTSI","MGST","both","Homozygous "," Viable",""
"Mid1ip1","MGI:1915291","Mid1ip1<tm1.1(KOMP)Vlcg>","MGI:5548557","UC Davis","BL2378","both","Homozygous "," Viable",""
"Mid2","MGI:1344333","Mid2<tm1b(KOMP)Wtsi>","MGI:5548454","UC Davis","BL3091","both","Homozygous "," Viable",""
"Mipol1","MGI:1920740","Mipol1<tm1b(EUCOMM)Hmgu>","MGI:5605791","HMGU","HMGU-HEPD0688_2_F03-2-1","both","Homozygous "," Viable",""
"Mir141","MGI:2676826","Mir141<tm1(mirKO)Wtsi>","-","NING","mirKO_ES_PuDtk_11A2-2","both","Homozygous "," Lethal",""
"Mir143","MGI:2676828","Mir143<tm1(mirKO)Wtsi>","-","NING","mirKO_ES_PuDtk_10E1-1","both","Homozygous "," Lethal",""
"Mir145a","MGI:2676830","Mir145a<tm1(mirKO)Wtsi>","-","NING","mirKO_ES_PuDtk_10D7-1","both","Homozygous "," Lethal",""
"Mir146","MGI:2676831","Mir146<tm1(mirKO)Wtsi>","-","WTSI","MGKO","both","Homozygous "," Viable",""
"Mir200a","MGI:2676874","Mir200a<tm1(mirKO)Wtsi>","-","NING","mirKO_ES_PuDtk_5H10-1","both","Homozygous "," Lethal",""
"Mir204","MGI:2676879","Mir204<tm1(mirKO)Wtsi>","-","NING","Mir204_mirKO_ES_PuDtk_6B1-1","both","Homozygous "," Viable",""
"Mir28a","MGI:3619267","Mir28a<tm1(mirKO)Wtsi>","-","NING","mirKO_ES_PuDtk_5D1-1","both","Homozygous "," Viable",""
"Mir320","MGI:3619332","Mir320<tm1(mirKO)Wtsi>","-","NING","mirKO_ES_PuDtk_5G1-1","both","Homozygous "," Lethal",""
"Mir350","MGI:3619366","Mir350<tm1(mirKO)Wtsi>","-","NING","2G12-1","both","Homozygous "," Viable",""
"Mir429","MGI:3619402","Mir429<tm1(mirKO)Wtsi>","-","NING","mirKO_ES_PuDtk_10H10-1","both","Homozygous "," Lethal",""
"Mkrn2","MGI:1914277","Mkrn2<tm1b(KOMP)Wtsi>","MGI:5548531","WTSI","MUBL","both","Homozygous "," Viable",""
"Mlc1","MGI:2157910","Mlc1<tm1.1(KOMP)Vlcg>","MGI:5548766","UC Davis","BL3629","both","Homozygous "," Viable",""
"Mlec","MGI:1924015","Mlec<tm1a(EUCOMM)Wtsi>","MGI:4461689","WTSI","MDXK","both","Homozygous "," Viable",""
"Mlh1","MGI:101938","Mlh1<tm1b(EUCOMM)Hmgu>","MGI:5692538","MRC Harwell","H-MLH1-D07-TM1B","both","Homozygous "," Viable",""
"Mllt3","MGI:1917372","Mllt3<tm1b(EUCOMM)Hmgu>","MGI:5548595","MRC Harwell","H-Mllt3-B06-TM1B","both","Homozygous "," Lethal",""
"Mlx","MGI:108398","Mlx<tm1.1(KOMP)Vlcg>","MGI:5614589","JAX","JR26881","both","Homozygous "," Viable",""
"Mmd2","MGI:1922354","Mmd2<tm1a(KOMP)Wtsi>","MGI:4950954","NING","G08-1","both","Homozygous "," Viable",""
"Mmp15","MGI:109320","Mmp15<tm1b(KOMP)Wtsi>","MGI:5605746","BCM","MEMPB","both","Homozygous "," Viable",""
"Mmp16","MGI:1276107","Mmp16<tm1b(EUCOMM)Wtsi>","MGI:5548416","MRC Harwell","H-MMP16-A10-TM1B","both","Homozygous "," Viable",""
"Mmp23","MGI:1347361","Mmp23<tm1.1(KOMP)Vlcg>","MGI:5548468","UC Davis","BL3033","both","Homozygous "," Viable",""
"Mmp8","MGI:1202395","Mmp8<tm1.1(KOMP)Vlcg>","MGI:5471364","JAX","JR22092","both","Homozygous "," Viable",""
"Mmp9","MGI:97011","Mmp9<tm1b(EUCOMM)Wtsi>","MGI:5548952","ICS","IP00005555a","both","Homozygous "," Viable",""
"Mmrn1","MGI:1918195","Mmrn1<tm1b(EUCOMM)Hmgu>","MGI:5548605","MRC Harwell","H-MMRN1-G03-TM1B","both","Homozygous "," Viable",""
"Mob2","MGI:1919891","Mob2<tm1b(KOMP)Wtsi>","MGI:5692721","MRC Harwell","H-MOB2-C08-TM1B","both","Homozygous "," Lethal",""
"Mocs2","MGI:1336894","Mocs2<tm1b(EUCOMM)Wtsi>","MGI:5548433","HMGU","HMGU-EPD0560_5_C09-1-1","both","Homozygous "," Lethal",""
"Mogs","MGI:1929872","Mogs<tm1(KOMP)Vlcg>","MGI:3808372","BCM","BCM-10584B-F8-2-1","both","Homozygous "," Lethal",""
"Mogs","MGI:1929872","Mogs<tm1.1(KOMP)Vlcg>","MGI:5637101","BCM","MOGMB","both","Homozygous "," Lethal",""
"Mos","MGI:97052","Mos<tm1.1(KOMP)Vlcg>","MGI:5635170","JAX","JR26594","both","Homozygous "," Viable",""
"Mospd1","MGI:1917630","Mospd1<tm1a(KOMP)Wtsi>","MGI:4362521","WTSI","MGHQ","both","Homozygous "," Viable",""
"Moxd1","MGI:1921582","Moxd1<tm2b(KOMP)Wtsi>","MGI:5502314","JAX","JR23420","both","Homozygous "," Viable",""
"Mpdz","MGI:1343489","Mpdz<em1J>","MGI:5571597","JAX","JR25734","both","Homozygous "," Viable",""
"Mpg","MGI:97073","Mpg<tm1a(EUCOMM)Wtsi>","MGI:4432493","WTSI","MGJL","both","Homozygous "," Viable",""
"Mplkip","MGI:1913558","Mplkip<tm1.1(KOMP)Vlcg>","MGI:5569045","UC Davis","ET8255","both","Homozygous "," Viable",""
"Mpo","MGI:97137","Mpo<tm1b(KOMP)Wtsi>","MGI:5548953","MRC Harwell","H-MPO-C03-TM1B","both","Homozygous "," Viable",""
"Mpzl1","MGI:1915731","Mpzl1<tm1.1(KOMP)Vlcg>","MGI:5695917","UC Davis","BL4203","both","Homozygous "," Viable",""
"Mrap2","MGI:3609239","Mrap2<tm1a(EUCOMM)Wtsi>","MGI:4434054","WTSI","MDSU","both","Homozygous "," Viable",""
"Mrgpre","MGI:2441884","Mrgpre<tm1.1(KOMP)Vlcg>","MGI:5617260","JAX","JR26537","both","Homozygous "," Viable",""
"Mrm1","MGI:2443470","Mrm1<tm2a(EUCOMM)Wtsi>","MGI:5472694","WTSI","MFRT","both","Homozygous "," Subviable",""
"Mroh4","MGI:1916689","Mroh4<tm1b(KOMP)Wtsi>","MGI:5637041","WTSI","MUDV","both","Homozygous "," Viable",""
"Mrpl47","MGI:1921850","Mrpl47<tm1.1(KOMP)Vlcg>","MGI:5708224","UC Davis","BL5190","both","Homozygous "," Lethal",""
"Mrpl51","MGI:1913743","Mrpl51<tm1.1(KOMP)Vlcg>","MGI:5565611","JAX","JR24942","both","Homozygous "," Lethal",""
"Mrps21","MGI:1913542","Mrps21<tm1e(EUCOMM)Wtsi>","MGI:4433908","WTSI","MEJD","both","Homozygous "," Lethal",""
"Mrps25","MGI:1928140","Mrps25<tm1.1(KOMP)Vlcg>","MGI:5445931","JAX","JR18635","both","Homozygous "," Lethal",""
"Mrps5","MGI:1924971","Mrps5<tm1b(EUCOMM)Wtsi>","MGI:5548689","WTSI","MUBK","both","Homozygous "," Lethal",""
"Ms4a3","MGI:2158468","Ms4a3<tm1.1(KOMP)Vlcg>","MGI:5692795","UC Davis","ET9197","both","Homozygous "," Viable",""
"Msantd1","MGI:2684990","Msantd1<tm1.1(KOMP)Vlcg>","MGI:5569075","UC Davis","ET8352","both","Homozygous "," Viable",""
"Msmb","MGI:97166","Msmb<tm1b(EUCOMM)Hmgu>","MGI:5703086","BCM","MSMDB","both","Homozygous "," Viable",""
"Msx1","MGI:97168","Msx1<tm1b(KOMP)Wtsi>","MGI:5463966","JAX","JR18808","both","Homozygous "," Lethal",""
"Mtch2","MGI:1929260","Mtch2<tm1b(EUCOMM)Hmgu>","MGI:5548706","MRC Harwell","H-Mtch2-C06-TM1B","both","Homozygous "," Lethal",""
"Mtf1","MGI:101786","Mtf1<tm1b(KOMP)Wtsi>","MGI:5515625","JAX","JR24026","both","Homozygous "," Lethal",""
"Mtfmt","MGI:1916856","Mtfmt<tm1a(KOMP)Wtsi>","MGI:4362485","WTSI","MBFN","both","Homozygous "," Lethal",""
"Mthfd1","MGI:1342005","Mthfd1<tm2b(KOMP)Wtsi>","MGI:5751155","BCM","MTHFB","both","Homozygous "," Lethal",""
"Mthfd2l","MGI:1915871","Mthfd2l<tm1b(EUCOMM)Wtsi>","MGI:5548566","MRC Harwell","H-MTHFD2L-C08-TM1B","both","Homozygous "," Viable",""
"Mthfsl","MGI:3780550","Mthfsl<tm1b(EUCOMM)Hmgu>","MGI:5548911","HMGU","HMGU-HEPD0550_2_B06-1-1","both","Homozygous "," Viable",""
"Mtmr12","MGI:2443034","Mtmr12<tm1b(KOMP)Wtsi>","MGI:5692827","ICS","IP00005786a","both","Homozygous "," Viable",""
"Mtmr3","MGI:1921552","Mtmr3<tm1b(EUCOMM)Hmgu>","MGI:5630070","JAX","JR25577","both","Homozygous "," Viable",""
"Mtnr1b","MGI:2181726","Mtnr1b<tm1.1(KOMP)Vlcg>","MGI:5548779","UC Davis","BL1997","both","Homozygous "," Viable",""
"Mtss1l","MGI:3039591","Mtss1l<tm1a(KOMP)Wtsi>","MGI:4840989","WTSI","MFDT","both","Homozygous "," Viable",""
"Mturn","MGI:1915485","Mturn<tm1.1(KOMP)Vlcg>","MGI:5548560","UC Davis","BL1996","both","Homozygous "," Viable",""
"Muc5ac","MGI:104697","Muc5ac<tm2b(EUCOMM)Hmgu>","MGI:5692552","BCM","MUCAB","both","Homozygous "," Viable",""
"Mxra7","MGI:1914872","Mxra7<tm1b(EUCOMM)Wtsi>","MGI:5548547","MRC Harwell","H-Mxra7-G06-TM1B","both","Homozygous "," Viable",""
"Mybbp1a","MGI:106181","Mybbp1a<tm1b(EUCOMM)Hmgu>","MGI:5548364","HMGU","HMGU-HEPD0602_4_G02-1-1","both","Homozygous "," Lethal",""
"Mybphl","MGI:1916003","Mybphl<tm1a(KOMP)Wtsi>","MGI:4364468","WTSI","MEHZ","both","Homozygous "," Subviable",""
"Mybphl","MGI:1916003","Mybphl<tm1b(KOMP)Wtsi>","MGI:5548569","WTSI","MUAF","both","Homozygous "," Subviable",""
"Myh1","MGI:1339711","Myh1<tm1b(KOMP)Wtsi>","MGI:5617788","JAX","JR26598","both","Homozygous "," Viable",""
"Myh10","MGI:1930780","Myh10<em1J>","MGI:5604248","JAX","JR25812","both","Homozygous "," Lethal",""
"Myh14","MGI:1919210","Myh14<tm1a(EUCOMM)Wtsi>","MGI:4431529","WTSI","MDSK","both","Homozygous "," Viable",""
"Mylip","MGI:2388271","Mylip<tm1.1(KOMP)Vlcg>","MGI:5576056","JAX","JR25268","both","Homozygous "," Viable",""
"Myo10","MGI:107716","Myo10<tm2(KOMP)Wtsi>","MGI:4362966","WTSI","MFQX","both","Homozygous "," Viable",""
"Myo15","MGI:1261811","Myo15<tm1a(EUCOMM)Wtsi>","MGI:4431637","WTSI","MCXD","both","Homozygous "," Viable",""
"Myo18a","MGI:2667185","Myo18a<tm1b(KOMP)Wtsi>","MGI:5513803","TCP","UCD-EPD0396_4_E05-1-1","both","Homozygous "," Lethal",""
"Myo1h","MGI:1914674","Myo1h<tm1b(KOMP)Wtsi>","MGI:5635249","JAX","JR26985","both","Homozygous "," Lethal",""
"Myo3a","MGI:2183924","Myo3a<tm1b(KOMP)Wtsi>","MGI:5634293","JAX","JR26499","both","Homozygous "," Viable",""
"Myo3b","MGI:2448580","Myo3b<tm1b(EUCOMM)Hmgu>","MGI:5603355","JAX","JR25574","both","Homozygous "," Viable",""
"Myo7a","MGI:104510","Myo7a<tm1a(EUCOMM)Wtsi>","MGI:4431921","WTSI","MEBX","both","Homozygous "," Viable",""
"Myo7b","MGI:107709","Myo7b<tm1b(EUCOMM)Hmgu>","MGI:5555872","JAX","JR24673","both","Homozygous "," Viable",""
"Myo9a","MGI:107735","Myo9a<tm1b(EUCOMM)Wtsi>","MGI:5636908","WTSI","PMAK","both","Homozygous "," Viable",""
"Myoz1","MGI:1929471","Myoz1<tm1b(EUCOMM)Hmgu>","MGI:5548708","HMGU","GSF-HEPD0534_5_A02-1-1","both","Homozygous "," Viable",""
"Myrfl","MGI:2685085","Myrfl<tm1a(EUCOMM)Wtsi>","MGI:4441747","WTSI","MDXJ","both","Homozygous "," Viable",""
"Myt1l","MGI:1100511","Myt1l<tm1a(EUCOMM)Wtsi>","MGI:4842524","WTSI","MFFA","both","Homozygous "," Viable",""
"N4bp3","MGI:2442218","N4bp3<tm1b(KOMP)Mbp>","MGI:5548805","UC Davis","BL2410","both","Homozygous "," Viable",""
"Naaa","MGI:1914361","Naaa<tm1a(KOMP)Wtsi>","MGI:4419604","WTSI","MEQW","both","Homozygous "," Viable",""
"Nab2","MGI:107563","Nab2<tm1b(EUCOMM)Hmgu>","MGI:5548375","ICS","IP00004904a","both","Homozygous "," Viable",""
"Nabp2","MGI:1917167","Nabp2<tm1b(KOMP)Wtsi>","-","TCP","BL3331","both","Homozygous "," Lethal",""
"Nacad","MGI:3603030","Nacad<tm1(KOMP)Wtsi>","MGI:4362585","WTSI","MDYC","both","Homozygous "," Viable",""
"Nacc2","MGI:1915241","Nacc2<tm2b(EUCOMM)Wtsi>","MGI:5637027","WTSI","MUEZ","both","Homozygous "," Viable",""
"Nadk2","MGI:1915896","Nadk2<tm1b(EUCOMM)Wtsi>","MGI:5637034","WTSI","PMBN","both","Homozygous "," Lethal",""
"Nadsyn1","MGI:1926164","Nadsyn1<tm1b(KOMP)Wtsi>","MGI:5548698","UC Davis","BL3101","both","Homozygous "," Viable",""
"Nae1","MGI:2384561","Nae1<tm1b(EUCOMM)Wtsi>","MGI:5548785","ICS","IP00005028a","both","Homozygous "," Lethal",""
"Naga","MGI:1261422","Naga<tm1a(EUCOMM)Wtsi>","MGI:4820246","WTSI","MDNQ","both","Homozygous "," Viable",""
"Nagk","MGI:1860418","Nagk<tm1b(EUCOMM)Hmgu>","MGI:5548501","MRC Harwell","H-Nagk-D04-TM1B","both","Homozygous "," Viable",""
"Nampt","MGI:1929865","Nampt<tm1.1(KOMP)Vlcg>","MGI:5548712","UC Davis","BL3798","both","Homozygous "," Lethal",""
"Nanos2","MGI:2676627","Nanos2<em2Bay>","-","BCM","NANOB","both","Homozygous "," Viable",""
"Nat1","MGI:97279","Nat1<tm1.1(KOMP)Vlcg>","MGI:5505902","JAX","JR23599","both","Homozygous "," Viable",""
"Nat10","MGI:2138939","Nat10<tm1a(KOMP)Wtsi>","MGI:5050156","WTSI","MGEG","both","Homozygous "," Lethal",""
"Nat8f2","MGI:2136446","Nat8f2<tm1.1(KOMP)Vlcg>","MGI:5445781","JAX","JR18586","both","Homozygous "," Viable",""
"Nat8f5","MGI:1916299","Nat8f5<tm1b(EUCOMM)Wtsi>","MGI:5637037","MRC Harwell","H-CML5-F05-TM1B","both","Homozygous "," Viable",""
"Natd1","MGI:1344388","Natd1<tm1b(EUCOMM)Wtsi>","MGI:5548455","WTSI","MUBX","both","Homozygous "," Viable",""
"Nbeal2","MGI:2448554","Nbeal2<tm1a(EUCOMM)Wtsi>","MGI:4461705","WTSI","MDVP","both","Homozygous "," Viable",""
"Nbr1","MGI:108498","Nbr1<tm1b(KOMP)Wtsi>","MGI:5548384","MRC Harwell","H-NBR1-C09-TM1B","both","Homozygous "," Viable",""
"Ncald","MGI:1196326","Ncald<tm1.1(KOMP)Vlcg>","MGI:5468989","JAX","JR18575","both","Homozygous "," Viable",""
"Ncf4","MGI:109186","Ncf4<tm1b(KOMP)Wtsi>","MGI:5692579","MRC Harwell","H-NCF4-F12-TM1B","both","Homozygous "," Viable",""
"Ncoa1","MGI:1276523","Ncoa1<tm1.1(KOMP)Vlcg>","MGI:5708185","UC Davis","BL5250","both","Homozygous "," Viable",""
"Ncoa3","MGI:1276535","Ncoa3<tm1b(EUCOMM)Wtsi>","MGI:5692598","MRC Harwell","H-NCOA3-E05-TM1B","both","Homozygous "," Subviable",""
"Ncoa6","MGI:1929915","Ncoa6<em1J>","MGI:5607863","JAX","JR26912","both","Homozygous "," Subviable",""
"Ncoa7","MGI:2444847","Ncoa7<tm1.1(KOMP)Vlcg>","MGI:5695956","UC Davis","TCPA0658Cre","both","Homozygous "," Viable",""
"Ncs1","MGI:109166","Ncs1<tm1b(EUCOMM)Hmgu>","MGI:5548385","ICS","IP00005030a","both","Homozygous "," Subviable",""
"Ndfip2","MGI:1923523","Ndfip2<tm1b(EUCOMM)Hmgu>","MGI:5548666","HMGU","GSF-HEPD0550_6_G09-1-1","both","Homozygous "," Viable",""
"Ndrg4","MGI:2384590","Ndrg4<tm1b(KOMP)Wtsi>","MGI:5637125","MRC Harwell","H-NDRG4-D05-TM1B","both","Homozygous "," Viable",""
"Ndufa8","MGI:1915625","Ndufa8<tm1b(EUCOMM)Hmgu>","MGI:5548563","HMGU","GSF-HEPD0509_8_C03-1-1","both","Homozygous "," Lethal",""
"Ndufb8","MGI:1914514","Ndufb8<tm1a(EUCOMM)Wtsi>","MGI:4432457","WTSI","MFHG","both","Homozygous "," Lethal",""
"Ndufc2","MGI:1344370","Ndufc2<tm1.1(KOMP)Vlcg>","MGI:5695901","UC Davis","BL4913","both","Homozygous "," Viable",""
"Ndufs1","MGI:2443241","Ndufs1<tm1b(EUCOMM)Hmgu>","MGI:5548814","HMGU","HMGU-HEPD0685_5_C11-1-1","both","Homozygous "," Lethal",""
"Ndufs7","MGI:1922656","Ndufs7<tm1b(EUCOMM)Hmgu>","MGI:5609354","BCM","NDUSB","both","Homozygous "," Lethal",""
"Nedd4l","MGI:1933754","Nedd4l<tm1b(KOMP)Wtsi>","MGI:5637104","MRC Harwell","H-NEDD4L-A12-TM1B","both","Homozygous "," Subviable",""
"Nefh","MGI:97309","Nefh<tm1.1(KOMP)Vlcg>","MGI:5445744","JAX","JR18577","both","Homozygous "," Viable",""
"Negr1","MGI:2444846","Negr1<tm1b(KOMP)Wtsi>","MGI:5692835","UC Davis","ET10030","both","Homozygous "," Viable",""
"Neil1","MGI:1920024","Neil1<tm1b(EUCOMM)Wtsi>","MGI:5708218","UC Davis","BL5309","both","Homozygous "," Viable",""
"Nek10","MGI:2685128","Nek10<tm1b(KOMP)Wtsi>","MGI:5548867","BCM","NEKTB","both","Homozygous "," Viable",""
"Nek11","MGI:2442276","Nek11<tm1b(KOMP)Wtsi>","MGI:5578488","JAX","JR25580","both","Homozygous "," Viable",""
"Nek2","MGI:109359","Nek2<tm1b(KOMP)Wtsi>","MGI:5619615","JAX","JR26500","both","Homozygous "," Viable",""
"Nek3","MGI:1344371","Nek3<tm1b(EUCOMM)Wtsi>","MGI:5636976","WTSI","PMBT","both","Homozygous "," Viable",""
"Nek7","MGI:1890645","Nek7<tm1b(EUCOMM)Hmgu>","MGI:5635251","JAX","JR27520","both","Homozygous "," Lethal",""
"Nek9","MGI:2387995","Nek9<tm1a(EUCOMM)Wtsi>","MGI:4433670","WTSI","MEXV","both","Homozygous "," Lethal",""
"Nemf","MGI:1918305","Nemf<tm1b(EUCOMM)Hmgu>","MGI:5488789","JAX","JR18697","both","Homozygous "," Lethal",""
"Nepn","MGI:1913900","Nepn<tm1b(KOMP)Wtsi>","MGI:5708202","UC Davis","BL5233","both","Homozygous "," Viable",""
"Nepro","MGI:2384836","Nepro<tm1.1(KOMP)Vlcg>","MGI:5695952","UC Davis","BL4087","both","Homozygous "," Lethal",""
"Nes","MGI:101784","Nes<tm1b(KOMP)Wtsi>","MGI:5520173","JAX","JR24185","both","Homozygous "," Viable",""
"Neurl2","MGI:3043305","Neurl2<tm1.1(KOMP)Vlcg>","MGI:5578489","JAX","JR25572","both","Homozygous "," Viable",""
"Nfat5","MGI:1859333","Nfat5<tm1b(KOMP)Wtsi>","MGI:5635252","JAX","JR26599","both","Homozygous "," Subviable",""
"Nfatc3","MGI:103296","Nfatc3<tm1b(EUCOMM)Hmgu>","MGI:5548344","HMGU","HMGU-HEPD0725_7_C12-1-2","both","Homozygous "," Lethal",""
"Nfatc4","MGI:1920431","Nfatc4<tm1.1(KOMP)Vlcg>","MGI:5554925","JAX","JR24897","both","Homozygous "," Viable",""
"Nfkbil1","MGI:1340031","Nfkbil1<tm1a(KOMP)Wtsi>","MGI:5286210","WTSI","MGJQ","both","Homozygous "," Viable",""
"Ngfr","MGI:97323","Ngfr<tm1b(EUCOMM)Wtsi>","MGI:5637211","MRC Harwell","H-NGFR-D03-TM1B","both","Homozygous "," Subviable",""
"Ngrn","MGI:1933212","Ngrn<tm1a(KOMP)Wtsi>","MGI:4940742","WTSI","MFDK","both","Homozygous "," Lethal",""
"Nhlh2","MGI:97324","Nhlh2<tm1b(KOMP)Mbp>","MGI:5637212","UC Davis","TCPA0052Cre","both","Homozygous "," Viable",""
"Nhlrc2","MGI:1914116","Nhlrc2<tm1a(KOMP)Wtsi>","MGI:4419640","WTSI","MGRQ","both","Homozygous "," Lethal",""
"Nhp2","MGI:1098547","Nhp2<tm1a(KOMP)Wtsi>","MGI:4362251","WTSI","MFDS","both","Homozygous "," Lethal",""
"Nin","MGI:105108","Nin<tm1b(EUCOMM)Hmgu>","MGI:5606341","RBRC","RIKEN-Nin-B10_","both","Homozygous "," Viable",""
"Ninj2","MGI:1352751","Ninj2<tm1a(KOMP)Wtsi>","MGI:4451377","WTSI","MEQF","both","Homozygous "," Viable",""
"Nipsnap3a","MGI:1920648","Nipsnap3a<tm1b(KOMP)Wtsi>","MGI:5637068","WTSI","MUHU","both","Homozygous "," Viable",""
"Nisch","MGI:1928323","Nisch<tm1b(EUCOMM)Hmgu>","MGI:5637098","MRC Harwell","H-NISCH-A03-TM1B","both","Homozygous "," Viable",""
"Nkg7","MGI:1931250","Nkg7<tm1.1(KOMP)Vlcg>","MGI:5548721","UC Davis","BL2496","both","Homozygous "," Viable",""
"Nlrp9b","MGI:2675377","Nlrp9b<tm1b(KOMP)Wtsi>","MGI:5637166","MRC Harwell","H-NLRP9B-A03-TM1B","both","Homozygous "," Viable",""
"Nmb","MGI:1915289","Nmb<tm1.1(KOMP)Vlcg>","MGI:5620905","JAX","JR25862","both","Homozygous "," Viable",""
"Nme2","MGI:97356","Nme2<tm1.1(KOMP)Vlcg>","MGI:5582447","UC Davis","BL4546","both","Homozygous "," Viable",""
"Nme4","MGI:1931148","Nme4<tm1a(EUCOMM)Wtsi>","MGI:4441641","WTSI","MFFZ","both","Homozygous "," Viable",""
"Nme6","MGI:1861676","Nme6<tm1.1(KOMP)Vlcg>","MGI:5565612","JAX","JR25177","both","Homozygous "," Lethal",""
"Nme7","MGI:2449121","Nme7<tm2b(EUCOMM)Hmgu>","MGI:5692842","BCM","NMEUB","both","Homozygous "," Subviable",""
"Nmral1","MGI:1915074","Nmral1<tm1.1(KOMP)Vlcg>","MGI:5695916","UC Davis","BL3685","both","Homozygous "," Viable",""
"Nmrk1","MGI:2147434","Nmrk1<tm1a(KOMP)Wtsi>","MGI:4419121","WTSI","MGEW","both","Homozygous "," Viable",""
"Nmrk2","MGI:1916814","Nmrk2<tm1.1(KOMP)Vlcg>","MGI:5471953","JAX","JR18638","both","Homozygous "," Viable",""
"Nmur1","MGI:1341898","Nmur1<tm1.1(KOMP)Vlcg>","MGI:5548449","UC Davis","BL2274","both","Homozygous "," Viable",""
"Nobox","MGI:108011","Nobox<tm1.1(KOMP)Vlcg>","MGI:5605743","TCP","BL4264","both","Homozygous "," Subviable",""
"Nol8","MGI:1918180","Nol8<tm1b(EUCOMM)Hmgu>","MGI:5574602","ICS","ICS-HEPD0531_3_B10-1","both","Homozygous "," Lethal",""
"Nos1ap","MGI:1917979","Nos1ap<tm1b(KOMP)Wtsi>","MGI:5548603","BCM","Nos1ap EPD0804_4_E01-1","both","Homozygous "," Viable",""
"Notch1","MGI:97363","Notch1<tm1b(EUCOMM)Hmgu>","MGI:5692906","MRC Harwell","H-NOTCH1-B12-TM1B","both","Homozygous "," Lethal",""
"Notch3","MGI:99460","Notch3<tm1.1(KOMP)Vlcg>","MGI:5695981","UC Davis","BL4255","both","Homozygous "," Viable",""
"Notch4","MGI:107471","Notch4<tm1b(NCOM)Mfgc>","MGI:5766166","TCP","TCPA0599Cre","both","Homozygous "," Viable",""
"Npat","MGI:107605","Npat<tm1b(EUCOMM)Wtsi>","MGI:5636907","WTSI","MUGF","both","Homozygous "," Lethal",""
"Npc1","MGI:1097712","Npc1<tm1b(EUCOMM)Hmgu>","MGI:5636924","MRC Harwell","H-NPC1-G05-TM1B","both","Homozygous "," Subviable",""
"Npc2","MGI:1915213","Npc2<tm1e.1(EUCOMM)Wtsi>","MGI:5513806","TCP","TCPM0216Cre","both","Homozygous "," Viable",""
"Npff","MGI:1891708","Npff<tm1.1(KOMP)Vlcg>","MGI:5634708","JAX","JR26538","both","Homozygous "," Viable",""
"Npffr2","MGI:1860130","Npffr2<em2Bay>","-","BCM","NPFFB","both","Homozygous "," Viable",""
"Nphp1","MGI:1858233","Nphp1<tm1.1(KOMP)Vlcg>","MGI:5695906","UC Davis","BL3586","both","Homozygous "," Viable",""
"Npm3","MGI:894653","Npm3<tm1.1(KOMP)Vlcg>","MGI:5577271","JAX","JR25581","both","Homozygous "," Viable",""
"Npr3","MGI:97373","Npr3<tm1.1(KOMP)Vlcg>","MGI:5605844","UC Davis","TCPA0801Cre","both","Homozygous "," Viable",""
"Nptn","MGI:108077","Nptn<tm1b(EUCOMM)Hmgu>","MGI:5548382","MRC Harwell","H-NPTN-A06-TM1B","both","Homozygous "," Viable",""
"Nr1d1","MGI:2444210","Nr1d1<tm1(KOMP)Vlcg>","MGI:3847528","BCM","Nr1d1 11705A-E7-1","both","Homozygous "," Viable","Conflicting data"
"Nr1d1","MGI:2444210","Nr1d1<tm1.1(KOMP)Vlcg>","MGI:5548823","BCM","Nr1d1 11705A-E7","both","Homozygous "," Subviable","Conflicting data"
"Nr1h3","MGI:1352462","Nr1h3<tm1.1(KOMP)Vlcg>","MGI:5695902","UC Davis","BL4911","both","Homozygous "," Viable",""
"Nr6a1","MGI:1352459","Nr6a1<tm1b(EUCOMM)Wtsi>","MGI:5561560","BCM","NRADB","both","Homozygous "," Lethal",""
"Nrbp1","MGI:2183436","Nrbp1<tm3b(EUCOMM)Wtsi>","MGI:5637124","WTSI","PMBF","both","Homozygous "," Lethal",""
"Nrcam","MGI:104750","Nrcam<tm2e.1(KOMP)Wtsi>","MGI:5488665","JAX","JR18645","both","Homozygous "," Viable",""
"Nrde2","MGI:2670969","Nrde2<tm2a(KOMP)Wtsi>","MGI:4843855","WTSI","MFUJ","both","Homozygous "," Lethal",""
"Nrn1l","MGI:2443642","Nrn1l<tm1.1(KOMP)Vlcg>","MGI:5554940","JAX","JR24945","both","Homozygous "," Viable",""
"Nrsn1","MGI:894662","Nrsn1<tm1.1(KOMP)Vlcg>","MGI:5614593","JAX","JR26440","both","Homozygous "," Viable",""
"Nrxn1","MGI:1096391","Nrxn1<tm1b(KOMP)Wtsi>","MGI:5636923","MRC Harwell","H-NRNX1-E08-TM1B","both","Homozygous "," Viable",""
"Nsf","MGI:104560","Nsf<tm1b(KOMP)Mbp>","MGI:5446014","JAX","JR18646","both","Homozygous "," Lethal",""
"Nsg1","MGI:109149","Nsg1<tm1.1(KOMP)Vlcg>","MGI:5695882","UC Davis","BL1824","both","Homozygous "," Viable",""
"Nsun7","MGI:1918168","Nsun7<tm1.1(KOMP)Vlcg>","MGI:5554926","JAX","JR24899","both","Homozygous "," Viable",""
"Nt5c","MGI:1354954","Nt5c<tm1.1(KOMP)Vlcg>","MGI:5588274","JAX","JR25582","both","Homozygous "," Viable",""
"Nt5c1b","MGI:1918131","Nt5c1b<tm1b(KOMP)Wtsi>","MGI:5635258","JAX","JR26864","both","Homozygous "," Viable",""
"Ntf5","MGI:97381","Ntf5<tm1b(EUCOMM)Hmgu>","MGI:5548954","ICS","IP00005281a","both","Homozygous "," Viable",""
"Ntn4","MGI:1888978","Ntn4<tm1b(KOMP)Wtsi>","MGI:5548502","BCM","NTNCB","both","Homozygous "," Viable",""
"Ntrk1","MGI:97383","Ntrk1<tm1b(EUCOMM)Wtsi>","MGI:5637213","MRC Harwell","H-NTRK1-D04-TM1B","both","Homozygous "," Lethal",""
"Ntrk2","MGI:97384","Ntrk2<tm1b(EUCOMM)Wtsi>","MGI:5637214","MRC Harwell","H-NTRK2-A03-TM1B","both","Homozygous "," Subviable",""
"Nubpl","MGI:1924076","Nubpl<tm1b(KOMP)Wtsi>","MGI:5548675","WTSI","MUBJ","both","Homozygous "," Lethal",""
"Nudt12","MGI:1915243","Nudt12<tm1a(KOMP)Wtsi>","MGI:4451360","WTSI","MGGX","both","Homozygous "," Viable",""
"Nudt14","MGI:1913424","Nudt14<tm1.1(KOMP)Vlcg>","MGI:5548514","UC Davis","BL2301","both","Homozygous "," Viable",""
"Nudt19","MGI:94203","Nudt19<tm1.1(KOMP)Vlcg>","MGI:5569079","UC Davis","ET8254","both","Homozygous "," Viable",""
"Nup85","MGI:3046173","Nup85<tm1a(KOMP)Wtsi>","MGI:4944384","WTSI","MFSY","both","Homozygous "," Lethal",""
"Nutf2","MGI:1915301","Nutf2<tm1b(KOMP)Mbp>","MGI:5548558","HMGU","BL2173-1","both","Homozygous "," Lethal",""
"Nutm2","MGI:2685652","Nutm2<tm2b(EUCOMM)Wtsi>","MGI:5637173","WTSI","MUFT","both","Homozygous "," Viable",""
"Nxn","MGI:109331","Nxn<em1J>","MGI:5620177","JAX","JR26838","both","Homozygous "," Lethal",""
"Nxn","MGI:109331","Nxn<em2Bay>","-","BCM","NCXNB","both","Homozygous "," Lethal",""
"Nxn","MGI:109331","Nxn<tm1a(EUCOMM)Wtsi>","MGI:4432925","BCM","NXNHB","both","Homozygous "," Lethal",""
"Nxn","MGI:109331","Nxn<tm1b(EUCOMM)Wtsi>","MGI:5548389","WTSI","MUCQ","both","Homozygous "," Lethal",""
"Nxn","MGI:109331","Nxn<tm1b(EUCOMM)Wtsi>","MGI:5548389","TCP","ET6690_TCP","both","Homozygous "," Lethal",""
"Nxn","MGI:109331","Nxn<tm1b(EUCOMM)Wtsi>","MGI:5548389","JAX","JR24233","both","Homozygous "," Lethal",""
"Nxn","MGI:109331","Nxn<tm1b(EUCOMM)Wtsi>","MGI:5548389","UC Davis","ET6690","both","Homozygous "," Lethal",""
"Nxn","MGI:109331","Nxn<tm1b(EUCOMM)Wtsi>","MGI:5548389","BCM","NXNNB","both","Homozygous "," Lethal",""
"Nxn","MGI:109331","Nxn<tm1b(EUCOMM)Wtsi>","MGI:5548389","NING","EPD0045_1_A11-2","both","Homozygous "," Lethal",""
"Nxn","MGI:109331","Nxn<tm1b(EUCOMM)Wtsi>","MGI:5548389","RBRC","RIKEN-Nxn-A11_","both","Homozygous "," Lethal",""
"Nxn","MGI:109331","Nxn<tm1b(EUCOMM)Wtsi>","MGI:5548389","HMGU","GSF-EPD0045_1_B11-3-1","both","Homozygous "," Lethal",""
"Nxn","MGI:109331","Nxn<tm1b(EUCOMM)Wtsi>","MGI:5548389","ICS","IP00005258a","both","Homozygous "," Lethal",""
"Nxn","MGI:109331","Nxn<tm1b(EUCOMM)Wtsi>","MGI:5548389","MRC Harwell","H-NXN-B11-TM1B","both","Homozygous "," Lethal",""
"Oaf","MGI:94852","Oaf<tm1a(EUCOMM)Wtsi>","MGI:5284928","WTSI","MGNL","both","Homozygous "," Viable",""
"Oard1","MGI:2146818","Oard1<em1J>","MGI:5644469","JAX","JR26954","both","Homozygous "," Viable",""
"Oas1g","MGI:97429","Oas1g<tm1b(KOMP)Wtsi>","MGI:5569082","UC Davis","ET7898","both","Homozygous "," Lethal","Conflicting data"
"Oas1g","MGI:97429","Oas1g<tm3e(KOMP)Wtsi>","MGI:4455595","WTSI","MDGP","both","Homozygous "," Viable","Conflicting data"
"Obp2a","MGI:2387617","Obp2a<tm1b(EUCOMM)Wtsi>","MGI:5692815","ICS","IP00005800a","both","Homozygous "," Viable",""
"Ocm","MGI:97401","Ocm<tm1e(EUCOMM)Wtsi>","MGI:4432497","WTSI","MCRQ","both","Homozygous "," Viable",""
"Ocstamp","MGI:1921864","Ocstamp<tm2b(KOMP)Wtsi>","MGI:5447727","JAX","JR18707","both","Homozygous "," Viable",""
"Odc1","MGI:97402","Odc1<tm1b(EUCOMM)Hmgu>","MGI:5602832","JAX","JR25845","both","Homozygous "," Lethal",""
"Odf3l2","MGI:2686003","Odf3l2<tm1.1(KOMP)Vlcg>","MGI:5548879","UC Davis","BL3073","both","Homozygous "," Viable",""
"Odf4","MGI:2182079","Odf4<tm1.1(KOMP)Vlcg>","MGI:5708240","UC Davis","BL5628","both","Homozygous "," Viable",""
"Ogdh","MGI:1098267","Ogdh<tm1e(KOMP)Wtsi>","MGI:4939737","WTSI","MFEE","both","Homozygous "," Lethal",""
"Ogfod3","MGI:1913429","Ogfod3<tm1b(KOMP)Wtsi>","MGI:5548515","BCM","MENY","both","Homozygous "," Viable",""
"Ogn","MGI:109278","Ogn<tm1b(KOMP)Wtsi>","MGI:5616354","JAX","JR26607","both","Homozygous "," Viable",""
"Olah","MGI:2139018","Olah<tm1b(KOMP)Wtsi>","MGI:5548738","UC Davis","BL2428","both","Homozygous "," Viable",""
"Olfml2b","MGI:2443310","Olfml2b<em1J>","MGI:5644713","JAX","JR27477","both","Homozygous "," Viable",""
"Oog2","MGI:2684035","Oog2<tm1a(EUCOMM)Wtsi>","MGI:4460430","WTSI","MFTG","both","Homozygous "," Viable",""
"Orc1","MGI:1328337","Orc1<tm1a(KOMP)Wtsi>","MGI:4847686","WTSI","MGNP","both","Homozygous "," Lethal",""
"Orc1","MGI:1328337","Orc1<tm1b(KOMP)Wtsi>","MGI:5515783","JAX","JR24036","both","Homozygous "," Lethal",""
"Orc3","MGI:1354944","Orc3<tm1a(EUCOMM)Wtsi>","MGI:4433411","WTSI","MDJJ","both","Homozygous "," Lethal",""
"Orc6","MGI:1929285","Orc6<em1J>","MGI:5638892","JAX","JR26953","both","Homozygous "," Lethal",""
"Os9","MGI:1924301","Os9<tm1a(EUCOMM)Wtsi>","MGI:4939774","WTSI","MEFC","both","Homozygous "," Viable",""
"Osbpl3","MGI:1918970","Osbpl3<tm1a(EUCOMM)Wtsi>","MGI:4842360","WTSI","MGCS","both","Homozygous "," Viable",""
"Osm","MGI:104749","Osm<tm1b(KOMP)Wtsi>","MGI:5474774","JAX","JR22338","both","Homozygous "," Viable",""
"Otoa","MGI:2149209","Otoa<tm1.1(KOMP)Vlcg>","MGI:5548754","UC Davis","BL2531","both","Homozygous "," Viable",""
"Otub1","MGI:2147616","Otub1<tm1b(EUCOMM)Hmgu>","MGI:5692787","ICS","IP00005148a","both","Homozygous "," Lethal",""
"Otub1","MGI:2147616","Otub1<tm1b(EUCOMM)Hmgu>","MGI:5692787","MRC Harwell","H-Otub1-A05-TM1B","both","Homozygous "," Lethal",""
"Otud6a","MGI:3644685","Otud6a<tm1(KOMP)Vlcg>","MGI:4951157","NING","Otud6a_11202B-B9-1","both","Homozygous "," Viable",""
"Otud6b","MGI:1919451","Otud6b<tm1b(EUCOMM)Wtsi>","MGI:5637064","MRC Harwell","H-OTUD6B-H08-TM1B","both","Homozygous "," Subviable",""
"Ovch2","MGI:3045251","Ovch2<tm1b(KOMP)Mbp>","MGI:5635260","JAX","JR26630","both","Homozygous "," Viable",""
"Ovgp1","MGI:106661","Ovgp1<tm1b(KOMP)Wtsi>","MGI:5636904","MRC Harwell","H-OVGP1-H07-TM1B","both","Homozygous "," Viable",""
"Ovol1","MGI:1330290","Ovol1<tm1b(KOMP)Wtsi>","MGI:5507829","JAX","JR23663","both","Homozygous "," Subviable",""
"Oxgr1","MGI:2685145","Oxgr1<tm1.1(KOMP)Vlcg>","MGI:5766761","UC Davis","ET10738","both","Homozygous "," Viable",""
"Oxr1","MGI:2179326","Oxr1<tm1a(EUCOMM)Wtsi>","MGI:4461745","WTSI","MEBW","both","Homozygous "," Viable",""
"Oxsm","MGI:1918397","Oxsm<em2Marc>","-","NING","Oxsm_cas9_del5-1","both","Homozygous "," Lethal",""
"Oxtr","MGI:109147","Oxtr<tm1.1(KOMP)Vlcg>","MGI:5766256","RBRC","RIKEN-13082A-C7","both","Homozygous "," Viable",""
"P2rx4","MGI:1338859","P2rx4<tm1b(EUCOMM)Wtsi>","MGI:5548440","MRC Harwell","H-P2rx4-E09-TM1B","both","Homozygous "," Viable",""
"P2rx6","MGI:1337113","P2rx6<tm2b(EUCOMM)Wtsi>","MGI:5548438","MRC Harwell","H-P2RX6-A09-TM1B","both","Homozygous "," Viable",""
"P2rx7","MGI:1339957","P2rx7<tm1b(EUCOMM)Wtsi>","MGI:5548444","HMGU","GSF-EPD0369_6_A06-1-1","both","Homozygous "," Viable",""
"P2ry13","MGI:1921441","P2ry13<tm1.1(KOMP)Vlcg>","MGI:5569058","UC Davis","ET8293","both","Homozygous "," Viable",""
"P3h3","MGI:1315208","P3h3<tm1.1(KOMP)Vlcg>","MGI:5548424","UC Davis","BL1321","both","Homozygous "," Viable",""
"P4hb","MGI:97464","P4hb<tm1b(KOMP)Wtsi>","MGI:5692909","UC Davis","ET8110","both","Homozygous "," Subviable",""
"Pabpc4","MGI:2385206","Pabpc4<tm1a(KOMP)Wtsi>","MGI:4364054","WTSI","MEBQ","both","Homozygous "," Viable",""
"Pabpn1l","MGI:2685954","Pabpn1l<tm1a(EUCOMM)Wtsi>","MGI:4842589","WTSI","MDVY","both","Homozygous "," Viable",""
"Pacsin2","MGI:1345153","Pacsin2<tm1b(EUCOMM)Hmgu>","MGI:5569946","JAX","JR25263","both","Homozygous "," Subviable",""
"Pacsin3","MGI:1891410","Pacsin3<tm1a(EUCOMM)Wtsi>","MGI:4431643","WTSI","MDUQ","both","Homozygous "," Viable",""
"Padi2","MGI:1338892","Padi2<tm1b(KOMP)Wtsi>","MGI:5548442","UC Davis","BL3479","both","Homozygous "," Subviable",""
"Padi6","MGI:2655198","Padi6<tm1b(KOMP)Wtsi>","MGI:5582442","UC Davis","BL4483","both","Homozygous "," Viable",""
"Pak1","MGI:1339975","Pak1<tm1b(EUCOMM)Hmgu>","MGI:5636968","MRC Harwell","H-PAK1-H11-TM1B","both","Homozygous "," Viable",""
"Palb2","MGI:3040695","Palb2<tm1.1(KOMP)Vlcg>","MGI:5471393","JAX","JR22095","both","Homozygous "," Lethal",""
"Pam16","MGI:1913699","Pam16<tm1b(EUCOMM)Wtsi>","MGI:5637011","WTSI","MUEK","both","Homozygous "," Lethal",""
"Pan2","MGI:1918984","Pan2<tm1b(KOMP)Wtsi>","MGI:5605785","NING","Pan2 EPD0806_6_D08-1","both","Homozygous "," Viable",""
"Panx1","MGI:1860055","Panx1<tm1b(KOMP)Wtsi>","MGI:5696900","UC Davis","BL1216","both","Homozygous "," Viable",""
"Panx2","MGI:1890615","Panx2<tm1b(KOMP)Wtsi>","MGI:5548503","UC Davis","BL3283","both","Homozygous "," Viable",""
"Panx3","MGI:1918881","Panx3<tm1b(KOMP)Wtsi>","MGI:5548608","UC Davis","BL3207","both","Homozygous "," Viable",""
"Paqr6","MGI:1916207","Paqr6<tm1b(KOMP)Wtsi>","MGI:5548574","BCM","Paqr6 <EPD0490_5_C10>-1","both","Homozygous "," Viable",""
"Paqr7","MGI:1919154","Paqr7<tm1b(KOMP)Wtsi>","MGI:5629319","JAX","JR25391","both","Homozygous "," Viable",""
"Pard3","MGI:2135608","Pard3<tm1b(KOMP)Wtsi>","MGI:5637107","MRC Harwell","H-PARD3-C04-TM1B","both","Homozygous "," Lethal",""
"Pard3b","MGI:1919301","Pard3b<tm1b(EUCOMM)Wtsi>","MGI:5588280","HMGU","H4645-EPD0463_2_E03-1","both","Homozygous "," Viable",""
"Pard6a","MGI:1927223","Pard6a<tm1.1(KOMP)Vlcg>","MGI:5632530","JAX","JR25182","both","Homozygous "," Viable",""
"Parg","MGI:1347094","Parg<tm2b(KOMP)Mbp>","MGI:5587048","JAX","JR25181","both","Homozygous "," Lethal",""
"Parp1","MGI:1340806","Parp1<tm1b(EUCOMM)Hmgu>","MGI:5692622","ICS","IP00005750a","both","Homozygous "," Subviable",""
"Parp11","MGI:2141505","Parp11<tm1.1(KOMP)Vlcg>","MGI:5548742","UC Davis","BL1437","both","Homozygous "," Viable",""
"Parp12","MGI:2143990","Parp12<tm1.1(KOMP)Vlcg>","MGI:5548746","UC Davis","BL3290","both","Homozygous "," Viable",""
"Parp16","MGI:2446133","Parp16<tm1.1(KOMP)Mbp>","MGI:5468969","JAX","JR21613","both","Homozygous "," Viable",""
"Parp8","MGI:1098713","Parp8<tm1.1(KOMP)Wtsi>","MGI:5494979","JAX","JR23058","both","Homozygous "," Viable",""
"Pate2","MGI:2685692","Pate2<tm1.1(KOMP)Vlcg>","MGI:5548876","UC Davis","BL3763","both","Homozygous "," Viable",""
"Pate4","MGI:1930790","Pate4<tm1.1(KOMP)Mbp>","MGI:5614597","JAX","JR26441","both","Homozygous "," Viable",""
"Patl1","MGI:2147679","Patl1<tm1b(EUCOMM)Wtsi>","MGI:5574606","BCM","PATTB","both","Homozygous "," Subviable",""
"Patz1","MGI:1891832","Patz1<tm1.1(KOMP)Vlcg>","MGI:5695909","UC Davis","BL3680","both","Homozygous "," Lethal",""
"Pawr","MGI:2149961","Pawr<tm1b(EUCOMM)Wtsi>","MGI:5692789","MRC Harwell","H-PAWR-F09-TM1B","both","Homozygous "," Subviable",""
"Pax4","MGI:97488","Pax4<tm1b(EUCOMM)Hmgu>","MGI:5548955","ICS","IP00005195a","both","Homozygous "," Lethal",""
"Pax7","MGI:97491","Pax7<tm1.1(KOMP)Vlcg>","MGI:5505636","JAX","JR23412","both","Homozygous "," Subviable",""
"Pbdc1","MGI:1914933","Pbdc1<tm2a(KOMP)Wtsi>","MGI:4451656","WTSI","MEDL","both","Homozygous "," Viable",""
"Pbx3","MGI:97496","Pbx3<tm1b(EUCOMM)Wtsi>","MGI:5548956","MRC Harwell","H-PBX3-C12-TM1B","both","Homozygous "," Lethal",""
"Pccb","MGI:1914154","Pccb<tm1.1(KOMP)Vlcg>","MGI:5708203","UC Davis","BL5221","both","Homozygous "," Lethal",""
"Pcdh12","MGI:1855700","Pcdh12<em1J>","MGI:5607865","JAX","JR26914","both","Homozygous "," Viable",""
"Pcdh18","MGI:1920423","Pcdh18<tm1.1(KOMP)Vlcg>","MGI:5548631","UC Davis","BL2240","both","Homozygous "," Viable",""
"Pced1a","MGI:2442177","Pced1a<tm1b(EUCOMM)Wtsi>","MGI:5548804","WTSI","MUCD","both","Homozygous "," Viable",""
"Pcgf1","MGI:1917087","Pcgf1<tm1.1(KOMP)Vlcg>","MGI:5620906","JAX","JR26026","both","Homozygous "," Lethal",""
"Pcgf2","MGI:99161","Pcgf2<tm1b(KOMP)Mbp>","MGI:5548974","UC Davis","TCPA0528Cre","both","Homozygous "," Lethal",""
"Pcnx3","MGI:1861733","Pcnx3<tm1b(EUCOMM)Hmgu>","MGI:5636997","MRC Harwell","H-PCNXL3-H10-TM1B","both","Homozygous "," Viable",""
"Pcsk1","MGI:97511","Pcsk1<tm1b(EUCOMM)Wtsi>","MGI:5548957","ICS","IP00005259a","both","Homozygous "," Subviable",""
"Pcsk1n","MGI:1353431","Pcsk1n<tm1.1(KOMP)Vlcg>","MGI:5548481","UC Davis","BL1504","both","Homozygous "," Viable",""
"Pcsk4","MGI:97514","Pcsk4<tm1b(KOMP)Wtsi>","MGI:5498354","JAX","JR18355","both","Homozygous "," Viable",""
"Pcsk5","MGI:97515","Pcsk5<tm1b(KOMP)Mbp>","MGI:5474776","JAX","JR22341","both","Homozygous "," Lethal",""
"Pcx","MGI:97520","Pcx<tm1b(EUCOMM)Wtsi>","MGI:5548959","HMGU","HMGU-EPD0241_5_E07-1-1","both","Homozygous "," Lethal",""
"Pcx","MGI:97520","Pcx<tm1b(EUCOMM)Wtsi>","MGI:5548959","MRC Harwell","H-PCX-A07-TM1B","both","Homozygous "," Lethal",""
"Pdcd2","MGI:104643","Pdcd2<tm1b(EUCOMM)Wtsi>","MGI:5636894","WTSI","MUCT","both","Homozygous "," Lethal",""
"Pde12","MGI:2443226","Pde12<tm1b(KOMP)Wtsi>","MGI:5548813","BCM","Pde12 EPD0528_5_D09 HOM","both","Homozygous "," Lethal",""
"Pde1b","MGI:97523","Pde1b<tm1b(EUCOMM)Wtsi>","MGI:5614713","BCM","PDELB","both","Homozygous "," Viable",""
"Pde8a","MGI:1277116","Pde8a<tm1b(EUCOMM)Hmgu>","MGI:5694167","MRC Harwell","H-PDE8A-B11-TM1B","both","Homozygous "," Viable",""
"Pdgfrb","MGI:97531","Pdgfrb<tm1b(EUCOMM)Hmgu>","MGI:5692911","MRC Harwell","H-PDGFRB-F11-TM1B","both","Homozygous "," Lethal",""
"Pdia4","MGI:104864","Pdia4<tm1b(EUCOMM)Wtsi>","MGI:5636896","WTSI","MUEW","both","Homozygous "," Viable",""
"Pdk1","MGI:1926119","Pdk1<tm1.1(KOMP)Vlcg>","MGI:5695937","UC Davis","BL3872","both","Homozygous "," Viable",""
"Pdk3","MGI:2384308","Pdk3<tm2a(KOMP)Wtsi>","MGI:4458498","WTSI","MFKA","both","Homozygous "," Viable",""
"Pdk4","MGI:1351481","Pdk4<tm1b(KOMP)Wtsi>","MGI:5548473","UC Davis","BL3426","both","Homozygous "," Viable",""
"Pdpn","MGI:103098","Pdpn<tm1b(EUCOMM)Wtsi>","MGI:5548337","MRC Harwell","H-PDPN-A10-TM1B","both","Homozygous "," Subviable",""
"Pdss2","MGI:1918615","Pdss2<tm1b(EUCOMM)Hmgu>","MGI:5692707","MRC Harwell","H-PDSS2-A08_TM1B","both","Homozygous "," Lethal",""
"Pdxk","MGI:1351869","Pdxk<tm1a(EUCOMM)Wtsi>","MGI:4441874","WTSI","MEDH","both","Homozygous "," Lethal",""
"Pdzd3","MGI:2429554","Pdzd3<tm1a(KOMP)Wtsi>","MGI:4419952","WTSI","METD","both","Homozygous "," Viable",""
"Pear1","MGI:1920432","Pear1<tm1a(KOMP)Wtsi>","MGI:4363617","WTSI","MFEB","both","Homozygous "," Viable",""
"Pef1","MGI:1915148","Pef1<tm1b(EUCOMM)Hmgu>","MGI:5614701","HMGU","HMGU-HEPD0074_4_C05-1-1","both","Homozygous "," Viable",""
"Peli1","MGI:1914495","Peli1<tm1b(EUCOMM)Wtsi>","MGI:5548537","UC Davis","BL3735","both","Homozygous "," Subviable",""
"Penk","MGI:104629","Penk<tm1(KOMP)Mbp>","MGI:4454042","RBRC","RIKEN-Penk-G01_","both","Homozygous "," Viable",""
"Pex26","MGI:1921293","Pex26<tm1.1(KOMP)Vlcg>","MGI:5548637","TCP","ET7871","both","Homozygous "," Lethal",""
"Pfdn6","MGI:95908","Pfdn6<tm1.1(KOMP)Vlcg>","MGI:5581419","JAX","JR25639","both","Homozygous "," Subviable",""
"Pfkfb1","MGI:107816","Pfkfb1<tm1b(KOMP)Wtsi>","MGI:5548378","BCM","PFKKB","both","Homozygous "," Viable",""
"Pfkfb2","MGI:107815","Pfkfb2<tm1b(KOMP)Wtsi>","MGI:5605741","NING","pfkfb2_EPD0308_4_C07-1","both","Homozygous "," Viable",""
"Pfkfb4","MGI:2687284","Pfkfb4<tm1a(KOMP)Wtsi>","MGI:4362852","WTSI","MERN","both","Homozygous "," Viable",""
"Pfkfb4","MGI:2687284","Pfkfb4<tm1b(KOMP)Wtsi>","MGI:5548881","UC Davis","BL988","both","Homozygous "," Viable",""
"Pfn1","MGI:97549","Pfn1<tm1a(EUCOMM)Wtsi>","MGI:4433191","WTSI","MAOH","both","Homozygous "," Lethal",""
"Pfn4","MGI:1920121","Pfn4<tm1b(KOMP)Wtsi>","MGI:5548626","UC Davis","BL3135","both","Homozygous "," Viable",""
"Pgam5","MGI:1919792","Pgam5<tm1b(EUCOMM)Wtsi>","MGI:5548621","ICS","IP00005612a","both","Homozygous "," Viable",""
"Pgap2","MGI:2385286","Pgap2<tm1b(EUCOMM)Wtsi>","MGI:5637131","WTSI","PMAY","both","Homozygous "," Lethal",""
"Pgs1","MGI:1921701","Pgs1<tm1b(EUCOMM)Hmgu>","MGI:5637078","HMGU","HMGU-HEPD0612_1_H03-1-1","both","Homozygous "," Lethal",""
"Phf1","MGI:98647","Phf1<tm1.1(KOMP)Mbp>","MGI:5766253","NING","Phf1_D12-1","both","Homozygous "," Viable",""
"Phf11a","MGI:1918441","Phf11a<tm1b(NCOM)Mfgc>","-","NING","Phf11_N01928P1_W207C6-1","both","Homozygous "," Lethal",""
"Phf24","MGI:2140712","Phf24<tm1b(EUCOMM)Hmgu>","MGI:5637112","BCM","NTEBB","both","Homozygous "," Subviable",""
"Phf3","MGI:2446126","Phf3<em2Marc>","-","NING","Phf3_cas9_del136-1","both","Homozygous "," Viable",""
"Phf6","MGI:1918248","Phf6<tm1b(EUCOMM)Wtsi>","MGI:5548606","ICS","IP00005725a","both","Hemizygous "," Lethal",""
"Phkg2","MGI:1916211","Phkg2<tm1.1(KOMP)Vlcg>","MGI:5629316","JAX","JR25392","both","Homozygous "," Subviable",""
"Phpt1","MGI:1922704","Phpt1<tm1.1(KOMP)Vlcg>","MGI:5695929","UC Davis","BL2475","both","Homozygous "," Viable",""
"Phtf1","MGI:1332671","Phtf1<tm1b(KOMP)Wtsi>","MGI:5548431","UC Davis","BL3259","both","Homozygous "," Viable",""
"Phtf2","MGI:1916020","Phtf2<tm1a(EUCOMM)Wtsi>","MGI:4432782","WTSI","MDTN","both","Homozygous "," Viable",""
"Phyh","MGI:891978","Phyh<tm1b(EUCOMM)Wtsi>","MGI:5605835","TCP","TCPM0717Cre","both","Homozygous "," Viable",""
"Pias2","MGI:1096566","Pias2<tm1a(KOMP)Wtsi>","MGI:4419892","WTSI","MEVX","both","Homozygous "," Viable",""
"Pibf1","MGI:1261910","Pibf1<tm1.1(KOMP)Vlcg>","MGI:5505638","JAX","JR23601","both","Homozygous "," Lethal",""
"Piezo1","MGI:3603204","Piezo1<tm1b(KOMP)Wtsi>","MGI:5582446","UC Davis","BL3616","both","Homozygous "," Lethal",""
"Pigf","MGI:99462","Pigf<tm1a(KOMP)Wtsi>","MGI:5013736","WTSI","MGLS","both","Homozygous "," Lethal",""
"Pigh","MGI:99463","Pigh<tm1.1(KOMP)Vlcg>","MGI:5445921","JAX","JR18614","both","Homozygous "," Lethal",""
"Pigl","MGI:2681271","Pigl<tm1b(KOMP)Wtsi>","MGI:5637168","WTSI","MUFF","both","Homozygous "," Lethal",""
"Pigm","MGI:1914806","Pigm<tm1.1(KOMP)Vlcg>","MGI:5695915","UC Davis","BL4481","both","Homozygous "," Lethal",""
"Pigu","MGI:3039607","Pigu<tm1b(EUCOMM)Hmgu>","MGI:5548887","ICS","IP00005008a","both","Homozygous "," Lethal",""
"Pik3c2a","MGI:1203729","Pik3c2a<tm1b(EUCOMM)Hmgu>","MGI:5513807","TCP","TCPA0120Cre","both","Homozygous "," Lethal",""
"Pink1","MGI:1916193","Pink1<tm1b(EUCOMM)Wtsi>","MGI:5637036","MRC Harwell","H-PINK1-G02-TM1B","both","Homozygous "," Viable",""
"Pip4k2c","MGI:2152214","Pip4k2c<tm1b(KOMP)Wtsi>","MGI:5629320","JAX","JR26504","both","Homozygous "," Viable",""
"Pip5k1c","MGI:1298224","Pip5k1c<tm1a(KOMP)Wtsi>","MGI:4362880","WTSI","MCMC","both","Homozygous "," Lethal",""
"Pip5k1c","MGI:1298224","Pip5k1c<tm1b(KOMP)Wtsi>","MGI:5509059","JAX","JR23815","both","Homozygous "," Lethal",""
"Pipox","MGI:1197006","Pipox<tm1b(EUCOMM)Wtsi>","MGI:5513809","TCP","TCPA0564Cre","both","Homozygous "," Viable",""
"Pitrm1","MGI:1916867","Pitrm1<tm1a(KOMP)Wtsi>","MGI:5085349","WTSI","MFXT","both","Homozygous "," Lethal",""
"Pitx2","MGI:109340","Pitx2<tm1b(EUCOMM)Wtsi>","MGI:5760000","MRC Harwell","H-PITX2-A07-TM1B","both","Homozygous "," Lethal",""
"Pitx3","MGI:1100498","Pitx3<tm1.1(KOMP)Vlcg>","MGI:5488783","JAX","JR22306","both","Homozygous "," Viable",""
"Pja2","MGI:2159342","Pja2<tm1b(EUCOMM)Wtsi>","MGI:5572033","BCM","PJADB","both","Homozygous "," Viable",""
"Pkd1l2","MGI:2664668","Pkd1l2<tm1b(KOMP)Mbp>","MGI:5548849","MRC Harwell","H-Pkd1l2-A09-TM1B","both","Homozygous "," Viable",""
"Pkd2l2","MGI:1858231","Pkd2l2<tm1b(EUCOMM)Wtsi>","MGI:5548488","MRC Harwell","H-PKD2L2-A07-TM1B","both","Homozygous "," Viable",""
"Pkia","MGI:104747","Pkia<tm1b(EUCOMM)Hmgu>","MGI:5616352","BCM","PKIBB","both","Homozygous "," Viable",""
"Pkn1","MGI:108022","Pkn1<tm1b(KOMP)Wtsi>","MGI:5636911","MRC Harwell","H-PKN1-D06-TM1B","both","Homozygous "," Viable",""
"Pkn3","MGI:2388285","Pkn3<tm1.1(KOMP)Vlcg>","MGI:5614598","JAX","JR25589","both","Homozygous "," Viable",""
"Pkp4","MGI:109281","Pkp4<tm1b(EUCOMM)Wtsi>","MGI:5581414","JAX","JR25388","both","Homozygous "," Viable",""
"Pla2g10","MGI:1347522","Pla2g10<tm1b(EUCOMM)Hmgu>","MGI:5548469","HMGU","GSF-HEPD0539_1_A05-1-1","both","Homozygous "," Viable",""
"Pla2g2d","MGI:1341796","Pla2g2d<tm1.1(KOMP)Vlcg>","MGI:5621139","JAX","JR26436","both","Homozygous "," Viable",""
"Pla2g2e","MGI:1349660","Pla2g2e<tm1b(EUCOMM)Wtsi>","MGI:5636980","HMGU","HMGU-EPD0378_2_E10-1-1","both","Homozygous "," Viable",""
"Pla2g6","MGI:1859152","Pla2g6<tm1a(EUCOMM)Wtsi>","-","WTSI","MFZL","both","Homozygous "," Viable",""
"Pla2g7","MGI:1351327","Pla2g7<em2J>","-","JAX","JR27816","both","Homozygous "," Viable",""
"Plac9a","MGI:2663998","Plac9a<tm1b(EUCOMM)Hmgu>","MGI:5637163","MRC Harwell","H-PLAC9A-A09-TM1B","both","Homozygous "," Viable",""
"Plat","MGI:97610","Plat<tm1.1(KOMP)Vlcg>","MGI:5582448","UC Davis","BL4538","both","Homozygous "," Viable",""
"Plau","MGI:97611","Plau<tm1b(EUCOMM)Wtsi>","MGI:5754608","MRC Harwell","H-PLAU-B05-TM1B","both","Homozygous "," Viable",""
"Plbd1","MGI:1914107","Plbd1<tm1a(KOMP)Wtsi>","MGI:4362953","WTSI","MBMY","both","Homozygous "," Viable",""
"Plcb2","MGI:107465","Plcb2<tm1b(KOMP)Wtsi>","MGI:5548374","UC Davis","BL3538","both","Homozygous "," Viable",""
"Pld1","MGI:109585","Pld1<tm1b(KOMP)Wtsi>","MGI:5708179","UC Davis","BL5245","both","Homozygous "," Lethal",""
"Pld3","MGI:1333782","Pld3<tm1e(EUCOMM)Wtsi>","MGI:4842606","WTSI","MELR","both","Homozygous "," Viable",""
"Pld5","MGI:2442056","Pld5<tm1b(KOMP)Wtsi>","MGI:5548802","WTSI","MCSQ","both","Homozygous "," Viable",""
"Plekha3","MGI:1932515","Plekha3<tm1.1(KOMP)Vlcg>","MGI:5634757","JAX","JR26028","both","Homozygous "," Viable",""
"Plekha8","MGI:2681164","Plekha8<tm1b(KOMP)Wtsi>","MGI:5569074","UC Davis","ET8294","both","Homozygous "," Viable",""
"Plekhg3","MGI:2388284","Plekhg3<tm1b(EUCOMM)Hmgu>","MGI:5548798","ICS","IP00005111a","both","Homozygous "," Viable",""
"Plekhm1","MGI:2443207","Plekhm1<tm1b(EUCOMM)Hmgu>","MGI:5513810","TCP","TCPA0121Cre","both","Homozygous "," Viable",""
"Plin4","MGI:1929709","Plin4<tm1b(KOMP)Wtsi>","-","UC Davis","BL3229","both","Homozygous "," Viable",""
"Plk1","MGI:97621","Plk1<tm1b(EUCOMM)Hmgu>","MGI:5548960","TCP","TCPA0148Cre","both","Homozygous "," Lethal",""
"Plk5","MGI:3026984","Plk5<em1J>","MGI:5585597","JAX","JR26274","both","Homozygous "," Viable",""
"Plod1","MGI:99907","Plod1<tm1b(EUCOMM)Hmgu>","MGI:5605846","TCP","TCPA0666Cre","both","Homozygous "," Viable",""
"Plpp3","MGI:1915166","Plpp3<tm1b(EUCOMM)Hmgu>","MGI:5548553","MRC Harwell","H-PPAP2b-D11-TM1B","both","Homozygous "," Lethal",""
"Plpp6","MGI:1921661","Plpp6<tm1.1(KOMP)Vlcg>","MGI:5692731","UC Davis","ET7897","both","Homozygous "," Viable",""
"Pls3","MGI:104807","Pls3<tm1a(EUCOMM)Wtsi>","MGI:4451991","WTSI","MEYY","both","Homozygous "," Viable",""
"Plscr1","MGI:893575","Plscr1<tm1b(EUCOMM)Hmgu>","MGI:5548929","ICS","IP00004675a","both","Homozygous "," Viable",""
"Plscr2","MGI:1270860","Plscr2<tm1b(KOMP)Wtsi>","MGI:5636936","WTSI","MUEH","both","Homozygous "," Viable",""
"Plxna2","MGI:107684","Plxna2<tm1a(EUCOMM)Wtsi>","MGI:4432861","WTSI","MEAM","both","Homozygous "," Viable",""
"Plxnb3","MGI:2154240","Plxnb3<tm1a(KOMP)Wtsi>","MGI:4419514","WTSI","MGFF","both","Homozygous "," Viable",""
"Pmpcb","MGI:1920328","Pmpcb<tm1b(EUCOMM)Hmgu>","MGI:5587049","BCM","PMPBB","both","Homozygous "," Viable",""
"Pnck","MGI:1347357","Pnck<tm1b(KOMP)Wtsi>","MGI:5548467","UC Davis","BL2269","both","Homozygous "," Viable",""
"Pnmt","MGI:97724","Pnmt<tm1.1(KOMP)Vlcg>","MGI:5523412","JAX","JR24330","both","Homozygous "," Viable",""
"Pnn","MGI:1100514","Pnn<tm1.1(KOMP)Vlcg>","MGI:5695886","TCP","BL3628","both","Homozygous "," Lethal",""
"Pnpla1","MGI:3617850","Pnpla1<tm1b(KOMP)Wtsi>","MGI:5548905","ICS","IP00005795a","both","Homozygous "," Subviable",""
"Poc1a","MGI:1917485","Poc1a<tm1.1(KOMP)Mbp>","MGI:5630068","JAX","JR26915","both","Homozygous "," Viable",""
"Poc1b","MGI:1918511","Poc1b<tm1b(KOMP)Wtsi>","-","UC Davis","BL3282","both","Homozygous "," Viable",""
"Podn","MGI:2674939","Podn<tm1b(KOMP)Wtsi>","MGI:5605822","BCM","PODFB","both","Homozygous "," Viable",""
"Podxl2","MGI:2442488","Podxl2<tm1.1(KOMP)Vlcg>","MGI:5569957","UC Davis","BL1780","both","Homozygous "," Viable",""
"Pola2","MGI:99690","Pola2<tm1b(KOMP)Mbp>","MGI:5614599","JAX","JR26604","both","Homozygous "," Lethal",""
"Polb","MGI:97740","Polb<tm1a(KOMP)Wtsi>","MGI:4950969","WTSI","MGLG","both","Homozygous "," Lethal",""
"Pold2","MGI:1097163","Pold2<tm1.1(KOMP)Vlcg>","MGI:5635267","JAX","JR26597","both","Homozygous "," Lethal",""
"Pold3","MGI:1915217","Pold3<tm1b(EUCOMM)Wtsi>","MGI:5637026","WTSI","MUHD","both","Homozygous "," Lethal",""
"Poln","MGI:2675617","Poln<tm1b(EUCOMM)Hmgu>","MGI:5548853","MRC Harwell","H-Poln-C08-TM1B","both","Homozygous "," Viable",""
"Polr2h","MGI:2384309","Polr2h<tm1.1(KOMP)Wtsi>","MGI:5498773","JAX","JR23306","both","Homozygous "," Lethal",""
"Polr3f","MGI:1924086","Polr3f<tm1a(EUCOMM)Wtsi>","MGI:4431549","WTSI","MFVN","both","Homozygous "," Lethal",""
"Polr3g","MGI:1914736","Polr3g<tm1a(EUCOMM)Wtsi>","MGI:4441807","WTSI","MGHL","both","Homozygous "," Lethal",""
"Pop4","MGI:1913411","Pop4<tm1a(EUCOMM)Wtsi>","MGI:4944520","WTSI","MEQK","both","Homozygous "," Lethal",""
"Popdc3","MGI:1930153","Popdc3<tm1.1(KOMP)Vlcg>","MGI:5548717","UC Davis","BL2949","both","Homozygous "," Viable",""
"Postn","MGI:1926321","Postn<tm1.1(KOMP)Vlcg>","MGI:5520181","JAX","JR24186","both","Homozygous "," Viable",""
"Pou2f3","MGI:102565","Pou2f3<tm1.1(KOMP)Vlcg>","MGI:5695872","UC Davis","TCPM0746Cre","both","Homozygous "," Viable",""
"Pparg","MGI:97747","Pparg<tm1b(KOMP)Wtsi>","MGI:5637216","MRC Harwell","H-PPARG-A02_TM1B","both","Homozygous "," Lethal",""
"Ppbp","MGI:1888712","Ppbp<tm1.1(KOMP)Vlcg>","MGI:5692644","UC Davis","ET9199","both","Homozygous "," Viable",""
"Ppdpf","MGI:1913746","Ppdpf<tm1.1(KOMP)Mbp>","MGI:5582431","UC Davis","BL4583","both","Homozygous "," Viable",""
"Ppfia2","MGI:2443834","Ppfia2<tm1b(EUCOMM)Hmgu>","MGI:5692833","MRC Harwell","H-PPFIA2-D04-TM1B","both","Homozygous "," Viable",""
"Ppm1a","MGI:99878","Ppm1a<tm1b(EUCOMM)Hmgu>","MGI:5637227","MRC Harwell","H-PPM1A-G04-TM1B","both","Homozygous "," Viable",""
"Ppm1j","MGI:1919137","Ppm1j<tm1b(KOMP)Wtsi>","MGI:5605787","NING","Ppm1j EPD0211_1_B08-1","both","Homozygous "," Viable",""
"Ppp1r14a","MGI:1931139","Ppp1r14a<em1Marc>","-","NING","Ppp1r14a_cas9_del65-1","both","Homozygous "," Viable",""
"Ppp1r26","MGI:2685193","Ppp1r26<tm1.1(KOMP)Vlcg>","MGI:5603572","JAX","JR26027","both","Homozygous "," Viable",""
"Ppp1r32","MGI:1915002","Ppp1r32<tm1b(KOMP)Wtsi>","MGI:5582432","UC Davis","BL4340","both","Homozygous "," Viable",""
"Ppp1r35","MGI:1922853","Ppp1r35<tm1.1(KOMP)Vlcg>","MGI:5588283","JAX","JR25860","both","Homozygous "," Lethal",""
"Ppp1r42","MGI:1921138","Ppp1r42<tm1a(KOMP)Wtsi>","MGI:4364817","WTSI","MDEF","both","Homozygous "," Viable",""
"Ppp1r9b","MGI:2387581","Ppp1r9b<tm1.1(KOMP)Vlcg>","MGI:5445920","JAX","JR18609","both","Homozygous "," Viable",""
"Ppp2r1b","MGI:1920949","Ppp2r1b<tm1b(EUCOMM)Wtsi>","MGI:5694177","NING","Ppp2r1b_EPD0788_4_A04-1","both","Homozygous "," Viable",""
"Ppp2r2b","MGI:1920180","Ppp2r2b<tm1b(KOMP)Wtsi>","MGI:5513812","TCP","MASL-1","both","Homozygous "," Viable",""
"Ppp2r3a","MGI:2442104","Ppp2r3a<tm1(KOMP)Mbp>","MGI:4819992","NING","Ppp2r3a_DEPD00529_4_H05-1","both","Homozygous "," Viable",""
"Ppp2r5d","MGI:2388481","Ppp2r5d<em2Marc>","-","NING","Ppp2r5d_cas9_del43-1","both","Homozygous "," Viable",""
"Ppp3cc","MGI:107162","Ppp3cc<tm1b(EUCOMM)Hmgu>","MGI:5692566","MRC Harwell","H-PPP3CC-D04-TM1B","both","Homozygous "," Viable",""
"Ppp3r2","MGI:107171","Ppp3r2<tm1.1(KOMP)Vlcg>","MGI:5548369","UC Davis","BL2928","both","Homozygous "," Viable",""
"Ppp4r1","MGI:1917601","Ppp4r1<em2Rbrc>","-","RBRC","RIKEN-Ppp4r1-D05_","both","Homozygous "," Viable",""
"Ppp4r2","MGI:3027896","Ppp4r2<tm2b(EUCOMM)Hmgu>","MGI:5548882","RBRC","RIKEN_Ppp4r2_HEPD0547_2_E07","both","Homozygous "," Lethal",""
"Ppp6c","MGI:1915107","Ppp6c<tm1b(EUCOMM)Hmgu>","MGI:5548551","ICS","IP00004899a","both","Homozygous "," Lethal",""
"Ppp6r2","MGI:1918724","Ppp6r2<tm1.1(KOMP)Vlcg>","MGI:5614602","JAX","JR26540","both","Homozygous "," Subviable",""
"Ppt2","MGI:1860075","Ppt2<tm2b(KOMP)Wtsi>","MGI:5636995","MRC Harwell","H-PPT2-G02-TM1B","both","Homozygous "," Viable",""
"Pqlc3","MGI:2444067","Pqlc3<tm1a(KOMP)Wtsi>","MGI:4820031","WTSI","MFGM","both","Homozygous "," Viable",""
"Praf2","MGI:1859607","Praf2<tm1e(EUCOMM)Wtsi>","MGI:4457557","WTSI","MEFJ","both","Homozygous "," Viable",""
"Pram1","MGI:3576625","Pram1<tm1b(EUCOMM)Wtsi>","MGI:5637181","MRC Harwell","H-PRAM1-F12-TM1B","both","Homozygous "," Viable",""
"Prame","MGI:1923079","Prame<tm1a(KOMP)Wtsi>","MGI:4880903","WTSI","MEJQ","both","Homozygous "," Viable",""
"Prdm10","MGI:2682952","Prdm10<tm1b(EUCOMM)Hmgu>","MGI:5574612","ICS","IP00004970a","both","Homozygous "," Lethal",""
"Prdm14","MGI:3588194","Prdm14<tm1a(EUCOMM)Wtsi>","MGI:4441656","BCM","BCM-1-E12-1-1","both","Homozygous "," Viable",""
"Prdm14","MGI:3588194","Prdm14<tm1b(EUCOMM)Wtsi>","MGI:5755614","BCM","PRDM14 E12","both","Homozygous "," Viable",""
"Prdm4","MGI:1920093","Prdm4<tm1b(EUCOMM)Hmgu>","MGI:5548625","MRC Harwell","H-PRDM4-B10-TM1B","both","Homozygous "," Viable",""
"Prelid2","MGI:1924869","Prelid2<tm1b(EUCOMM)Wtsi>","MGI:5637093","MRC Harwell","H-PRELID2-A01-TM1B","both","Homozygous "," Viable",""
"Prelp","MGI:2151110","Prelp<tm1.1(KOMP)Vlcg>","MGI:5548757","UC Davis","BL2259","both","Homozygous "," Viable",""
"Prep","MGI:1270863","Prep<tm1b(KOMP)Wtsi>","MGI:5471425","JAX","JR22099","both","Homozygous "," Lethal",""
"Prf1","MGI:97551","Prf1<tm1.1(KOMP)Vlcg>","MGI:5708283","UC Davis","BL5258","both","Homozygous "," Viable",""
"Prg3","MGI:1858200","Prg3<tm1.1(KOMP)Vlcg>","MGI:5605767","UC Davis","BL3293","both","Homozygous "," Viable",""
"Primpol","MGI:3603756","Primpol<tm1b(EUCOMM)Wtsi>","MGI:5548900","MRC Harwell","H-Ccdc111-E02-TM1B","both","Homozygous "," Viable",""
"Prkaa2","MGI:1336173","Prkaa2<tm1b(EUCOMM)Hmgu>","MGI:5636958","MRC Harwell","H-PRKAA2-F07-TM1B","both","Homozygous "," Viable",""
"Prkab1","MGI:1336167","Prkab1<em1J>","MGI:5642073","JAX","JR27203","both","Homozygous "," Viable","Conflicting data"
"Prkab1","MGI:1336167","Prkab1<tm1b(KOMP)Wtsi>","MGI:5501071","JAX","JR21509","both","Homozygous "," Subviable","Conflicting data"
"Prkab1","MGI:1336167","Prkab1<tm1b(KOMP)Wtsi>","MGI:5501071","UC Davis","ET6880","both","Homozygous "," Subviable","Conflicting data"
"Prkab1","MGI:1336167","Prkab1<tm1b(KOMP)Wtsi>","MGI:5501071","HMGU","HMGU-EPD0033_3_C09-1","both","Homozygous "," Subviable","Conflicting data"
"Prkab1","MGI:1336167","Prkab1<tm1b(KOMP)Wtsi>","MGI:5501071","BCM","PARKB","both","Homozygous "," Viable","Conflicting data"
"Prkab1","MGI:1336167","Prkab1<tm1b(KOMP)Wtsi>","MGI:5501071","TCP","ET6880_TCP","both","Homozygous "," Viable","Conflicting data"
"Prkab1","MGI:1336167","Prkab1<tm1b(KOMP)Wtsi>","MGI:5501071","WTSI","MUCJ","both","Homozygous "," Viable","Conflicting data"
"Prkab1","MGI:1336167","Prkab1<tm1b(KOMP)Wtsi>","MGI:5501071","RBRC","RIKEN_EPD0033_3_C09","both","Homozygous "," Viable","Conflicting data"
"Prkab1","MGI:1336167","Prkab1<tm1b(KOMP)Wtsi>","MGI:5501071","MRC Harwell","H-PRKAB1-C09-TM1B","both","Homozygous "," Viable","Conflicting data"
"Prkab2","MGI:1336185","Prkab2<tm1b(EUCOMM)Hmgu>","MGI:5636959","MRC Harwell","H-PRKAB2-C09-TM1B","both","Homozygous "," Subviable",""
"Prkcdbp","MGI:1923422","Prkcdbp<tm1.1(KOMP)Vlcg>","MGI:5696914","UC Davis","BL2012","both","Homozygous "," Viable",""
"Prkg1","MGI:108174","Prkg1<tm1b(KOMP)Wtsi>","MGI:5692576","MRC Harwell","H-PRKG1-B04-TM1B","both","Homozygous "," Subviable",""
"Prl7b1","MGI:1922846","Prl7b1<tm1.1(KOMP)Vlcg>","MGI:5692736","UC Davis","BL5117","both","Homozygous "," Viable",""
"Prodh","MGI:97770","Prodh<tm1b(KOMP)Wtsi>","MGI:5548961","UC Davis","BL2396","both","Homozygous "," Viable",""
"Prokr1","MGI:1929676","Prokr1<tm1.1(KOMP)Vlcg>","MGI:5448534","JAX","JR18568","both","Homozygous "," Viable",""
"Prom2","MGI:2138997","Prom2<tm1.1(KOMP)Vlcg>","MGI:5443933","JAX","JR18576","both","Homozygous "," Viable",""
"Prpf18","MGI:1914479","Prpf18<tm1.1(KOMP)Vlcg>","MGI:5695914","UC Davis","BL4655","both","Homozygous "," Lethal",""
"Prpf31","MGI:1916238","Prpf31<tm1a(EUCOMM)Wtsi>","MGI:4432954","NING","EPD0256_6_H06-1","both","Homozygous "," Lethal",""
"Prpf38b","MGI:1914171","Prpf38b<tm1.1(KOMP)Vlcg>","MGI:5695913","UC Davis","BL3837","both","Homozygous "," Lethal",""
"Prps1","MGI:97775","Prps1<tm1b(EUCOMM)Wtsi>","MGI:5548962","ICS","IP00005647a","both","Hemizygous "," Lethal",""
"Prr15l","MGI:2387599","Prr15l<tm1.1(KOMP)Vlcg>","MGI:5548795","UC Davis","BL1367","both","Homozygous "," Viable",""
"Prrg2","MGI:1929596","Prrg2<tm1b(EUCOMM)Wtsi>","MGI:5548709","WTSI","MUBG","both","Homozygous "," Viable",""
"Prrt2","MGI:1916267","Prrt2<tm1a(KOMP)Wtsi>","MGI:4362325","WTSI","MGKU","both","Homozygous "," Viable",""
"Prss1","MGI:98839","Prss1<tm1.1(KOMP)Vlcg>","MGI:5692918","UC Davis","BL5098","both","Homozygous "," Viable",""
"Prss40","MGI:1270857","Prss40<tm1b(KOMP)Wtsi>","MGI:5632525","JAX","JR26832","both","Homozygous "," Viable",""
"Prss56","MGI:1916703","Prss56<em1J>","MGI:5616626","JAX","JR27254","both","Homozygous "," Viable",""
"Prune","MGI:1925152","Prune<tm1.1(KOMP)Vlcg>","MGI:5695935","UC Davis","BL4485","both","Homozygous "," Lethal",""
"Psca","MGI:1919623","Psca<tm1b(EUCOMM)Hmgu>","MGI:5605790","BCM","PSCCB","both","Homozygous "," Viable",""
"Psen1","MGI:1202717","Psen1<tm1.1(KOMP)Vlcg>","MGI:5515627","JAX","JR24025","both","Homozygous "," Lethal",""
"Psen1","MGI:1202717","Psen1<tm1.1(KOMP)Vlcg>","MGI:5515627","UC Davis","BL4731","both","Homozygous "," Lethal",""
"Psg16","MGI:1347249","Psg16<tm1b(KOMP)Mbp>","MGI:5703082","BCM","PSGQB","both","Homozygous "," Viable",""
"Psmd14","MGI:1913284","Psmd14<tm1b(NCOM)Cmhd>","-","NING","Psmd14_N00099P0_T36C2-1","both","Homozygous "," Lethal",""
"Psmf1","MGI:1346072","Psmf1<tm1b(EUCOMM)Hmgu>","MGI:5577264","RBRC","RIKEN-Psmf1-E09_","both","Homozygous "," Lethal",""
"Psph","MGI:97788","Psph<tm1.1(KOMP)Vlcg>","MGI:5548963","TCP","BL3199-1","both","Homozygous "," Lethal",""
"Psph","MGI:97788","Psph<tm1a(EUCOMM)Hmgu>","MGI:4950198","WTSI","MGJF","both","Homozygous "," Lethal",""
"Ptafr","MGI:106066","Ptafr<tm1b(KOMP)Wtsi>","MGI:5697309","ICS","IP00005992a","both","Homozygous "," Viable",""
"Ptchd1","MGI:2685233","Ptchd1<tm1b(KOMP)IcsOrl>","MGI:5763006","ICS","IP00005191a","both","Homozygous "," Viable",""
"Ptdss1","MGI:1276575","Ptdss1<tm1b(EUCOMM)Hmgu>","MGI:5548417","ICS","IP00005133a","both","Homozygous "," Viable",""
"Ptgdr","MGI:102966","Ptgdr<tm1.1(KOMP)Vlcg>","MGI:5692541","UC Davis","BL5060","both","Homozygous "," Viable",""
"Ptger2","MGI:97794","Ptger2<tm1.1(KOMP)Vlcg>","MGI:5708285","UC Davis","BL4092","both","Homozygous "," Viable",""
"Ptgr1","MGI:1914353","Ptgr1<tm1b(EUCOMM)Wtsi>","MGI:5548534","BCM","Ptgr1 <EPD0045_3_G02>-1","both","Homozygous "," Viable",""
"Pth","MGI:97799","Pth<tm1a(EUCOMM)Wtsi>","MGI:4849407","WTSI","MFEQ","both","Homozygous "," Viable",""
"Pth1r","MGI:97801","Pth1r<tm1a(EUCOMM)Hmgu>","MGI:5014612","WTSI","MFUV","both","Homozygous "," Lethal",""
"Pth2r","MGI:2180917","Pth2r<tm2a(KOMP)Wtsi>","MGI:4364506","WTSI","MDWU","both","Homozygous "," Viable",""
"Pthlh","MGI:97800","Pthlh<tm1a(KOMP)Wtsi>","MGI:4880897","WTSI","MFMW","both","Homozygous "," Lethal",""
"Ptk6","MGI:99683","Ptk6<tm1b(EUCOMM)Wtsi>","MGI:5708289","UC Davis","BL5653","both","Homozygous "," Viable",""
"Ptma","MGI:97803","Ptma<tm1.1(KOMP)Vlcg>","MGI:5548964","UC Davis","ET5625","both","Homozygous "," Lethal",""
"Ptms","MGI:1916452","Ptms<tm1.1(KOMP)Wtsi>","MGI:5515315","JAX","JR24022","both","Homozygous "," Subviable",""
"Ptpa","MGI:1346006","Ptpa<tm1.1(KOMP)Vlcg>","MGI:5766257","NING","Ppp2r4_AB9-1","both","Homozygous "," Lethal",""
"Ptpdc1","MGI:2145430","Ptpdc1<tm1.1(KOMP)Vlcg>","MGI:5695946","UC Davis","BL3826","both","Homozygous "," Viable",""
"Ptpmt1","MGI:1913711","Ptpmt1<tm1.1(KOMP)Vlcg>","MGI:5548522","TCP","UCD-13748A-B6-2-1","both","Homozygous "," Lethal",""
"Ptpn12","MGI:104673","Ptpn12<tm1b(NCOM)Mfgc>","MGI:5766164","TCP","TCPA0683Cre","both","Homozygous "," Lethal",""
"Ptpn14","MGI:102467","Ptpn14<tm1.1(KOMP)Vlcg>","MGI:5695871","UC Davis","BL3451","both","Homozygous "," Subviable",""
"Ptpn20","MGI:1196295","Ptpn20<tm1b(KOMP)Wtsi>","MGI:5632524","JAX","JR26919","both","Homozygous "," Viable",""
"Ptpn23","MGI:2144837","Ptpn23<tm1b(EUCOMM)Hmgu>","MGI:5567111","HMGU","HMGU-HEPD0570_9_H06-1-1","both","Homozygous "," Lethal",""
"Ptpn5","MGI:97807","Ptpn5<tm1b(KOMP)Wtsi>","MGI:5617143","JAX","JR26501","both","Homozygous "," Viable",""
"Ptpru","MGI:1321151","Ptpru<tm1.1(KOMP)Vlcg>","MGI:5608701","JAX","JR26291","both","Homozygous "," Viable",""
"Ptprv","MGI:108027","Ptprv<tm1b(NCOM)Mfgc>","MGI:5513815","TCP","TCPA0569Cre","both","Homozygous "," Viable",""
"Pwp1","MGI:1914735","Pwp1<tm1a(EUCOMM)Wtsi>","MGI:4441688","WTSI","MGQG","both","Homozygous "," Lethal",""
"Pxdc1","MGI:1914145","Pxdc1<tm1e.1(KOMP)Wtsi>","MGI:5637020","UC Davis","TCPA0002Cre","both","Homozygous "," Viable",""
"Pycr1","MGI:2384795","Pycr1<tm1.1(KOMP)Vlcg>","MGI:5507839","JAX","JR23667","both","Homozygous "," Viable",""
"Pyroxd1","MGI:2676395","Pyroxd1<tm1b(KOMP)Wtsi>","MGI:5563211","BCM","PYROB","both","Homozygous "," Lethal",""
"R3hcc1l","MGI:1196316","R3hcc1l<tm1b(KOMP)Wtsi>","MGI:5617141","JAX","JR26502","both","Homozygous "," Viable",""
"Rab11a","MGI:1858202","Rab11a<tm1b(KOMP)Wtsi>","MGI:5629313","JAX","JR26603","both","Homozygous "," Lethal",""
"Rab11fip4","MGI:2442920","Rab11fip4<em1J>","MGI:5644714","JAX","JR27568","both","Homozygous "," Viable",""
"Rab11fip5","MGI:1098586","Rab11fip5<tm1.1(KOMP)Vlcg>","MGI:5620907","JAX","JR26612","both","Homozygous "," Viable",""
"Rab15","MGI:1916865","Rab15<tm1a(KOMP)Wtsi>","MGI:4363640","WTSI","MEAW","both","Homozygous "," Viable",""
"Rab19","MGI:103292","Rab19<tm1b(EUCOMM)Hmgu>","MGI:5548343","ICS","IP00005134a","both","Homozygous "," Viable",""
"Rab20","MGI:102789","Rab20<tm1b(EUCOMM)Hmgu>","MGI:5520178","JAX","JR24187","both","Homozygous "," Viable",""
"Rab23","MGI:99833","Rab23<tm1b(EUCOMM)Wtsi>","MGI:5695135","MRC Harwell","H-RAB23-G11-TM1B","both","Homozygous "," Lethal",""
"Rab24","MGI:105065","Rab24<tm1.1(KOMP)Wtsi>","MGI:5474977","JAX","JR22389","both","Homozygous "," Viable",""
"Rab27b","MGI:1931295","Rab27b<tm1b(KOMP)Wtsi>","MGI:5502310","JAX","JR23422","both","Homozygous "," Viable",""
"Rab32","MGI:1915094","Rab32<tm1b(KOMP)Wtsi>","MGI:5692679","UC Davis","ET8295","both","Homozygous "," Subviable",""
"Rab34","MGI:104606","Rab34<tm1b(EUCOMM)Hmgu>","MGI:5520180","JAX","JR24188","both","Homozygous "," Lethal",""
"Rab35","MGI:1924657","Rab35<tm1b(EUCOMM)Hmgu>","MGI:5548685","HMGU","HMGU-HEPD0537_1_F06-1-1","both","Homozygous "," Lethal",""
"Rab36","MGI:1924127","Rab36<tm1b(KOMP)Wtsi>","MGI:5507834","JAX","JR23664","both","Homozygous "," Viable",""
"Rab39","MGI:2442855","Rab39<tm1b(KOMP)Wtsi>","MGI:5505641","JAX","JR23801","both","Homozygous "," Viable",""
"Rab3c","MGI:1914545","Rab3c<tm1b(EUCOMM)Wtsi>","MGI:5635270","JAX","JR27026","both","Homozygous "," Viable",""
"Rab3gap2","MGI:1916043","Rab3gap2<tm1b(KOMP)Wtsi>","MGI:5629315","JAX","JR24940","both","Homozygous "," Viable",""
"Rab3ip","MGI:105933","Rab3ip<tm1.1(KOMP)Vlcg>","MGI:5500804","JAX","JR23394","both","Homozygous "," Viable",""
"Rab40c","MGI:2183454","Rab40c<tm1b(KOMP)Wtsi>","MGI:5521537","JAX","JR24093","both","Homozygous "," Subviable",""
"Rab43","MGI:1917084","Rab43<tm1.1(KOMP)Vlcg>","MGI:5494988","JAX","JR23059","both","Homozygous "," Viable",""
"Rab5a","MGI:105926","Rab5a<tm1b(KOMP)Wtsi>","MGI:5475013","JAX","JR22387","both","Homozygous "," Viable",""
"Rab5c","MGI:105306","Rab5c<tm1a(EUCOMM)Wtsi>","MGI:4432624","WTSI","MDXG","both","Homozygous "," Lethal",""
"Rabac1","MGI:1201692","Rabac1<tm1.1(KOMP)Vlcg>","MGI:5635277","JAX","JR26882","both","Homozygous "," Viable",""
"Rabggta","MGI:1860443","Rabggta<tm1.1(KOMP)Vlcg>","MGI:5766259","NING","Rabggta_AE8-1","both","Homozygous "," Lethal",""
"Rabl2","MGI:1915958","Rabl2<tm1b(KOMP)Wtsi>","-","UC Davis","BL3208","both","Homozygous "," Viable",""
"Rabl6","MGI:2442633","Rabl6<tm1b(KOMP)Wtsi>","MGI:5548811","UC Davis","BL2321","both","Homozygous "," Viable",""
"Rad1","MGI:1316678","Rad1<tm1b(KOMP)Wtsi>","MGI:5605756","JAX","JR26494","both","Homozygous "," Lethal",""
"Rad21l","MGI:3652039","Rad21l<tm1b(KOMP)Wtsi>","MGI:5448653","JAX","JR22102","both","Homozygous "," Viable",""
"Rad9a","MGI:1328356","Rad9a<tm1.1(KOMP)Wtsi>","MGI:5636951","BCM","RADAB","both","Homozygous "," Lethal",""
"Raet1c","MGI:109431","Raet1c<tm1b(EUCOMM)Hmgu>","MGI:5548391","HMGU","H4727-HEPD0732_6_E04-1","both","Homozygous "," Viable",""
"Raf1","MGI:97847","Raf1<tm1b(EUCOMM)Wtsi>","MGI:5548965","ICS","IP00005473a","both","Homozygous "," Lethal",""
"Rala","MGI:1927243","Rala<tm1a(EUCOMM)Wtsi>","MGI:4451975","WTSI","MEAH","both","Homozygous "," Subviable",""
"Ralb","MGI:1927244","Ralb<tm1a(EUCOMM)Wtsi>","MGI:4433898","WTSI","MDTQ","both","Homozygous "," Viable",""
"Ralgapb","MGI:2444531","Ralgapb<tm1a(KOMP)Wtsi>","MGI:4363602","WTSI","MEAV","both","Homozygous "," Lethal",""
"Ralgps2","MGI:1925505","Ralgps2<tm1a(EUCOMM)Wtsi>","MGI:4460462","WTSI","MDYP","both","Homozygous "," Viable",""
"Ramp1","MGI:1858418","Ramp1<tm1b(EUCOMM)Wtsi>","MGI:5636992","MRC Harwell","H-RAMP1-B11-TM1B","both","Homozygous "," Viable",""
"Ranbp10","MGI:1921584","Ranbp10<tm1.1(KOMP)Vlcg>","MGI:5708223","UC Davis","BL5609","both","Homozygous "," Viable",""
"Ranbp2","MGI:894323","Ranbp2<tm1.1(KOMP)Vlcg>","MGI:5583083","UC Davis","BL3938","both","Homozygous "," Lethal",""
"Rap2b","MGI:1921262","Rap2b<tm1.1(KOMP)Vlcg>","MGI:5588282","JAX","JR25590","both","Homozygous "," Viable",""
"Rapsn","MGI:99422","Rapsn<tm1b(EUCOMM)Wtsi>","MGI:5637222","MRC Harwell","H-RAPSN-E06-TM1B","both","Homozygous "," Lethal",""
"Rasa1","MGI:97860","Rasa1<tm1b(EUCOMM)Hmgu>","MGI:5609364","JAX","JR25120","both","Homozygous "," Lethal",""
"Rasa3","MGI:1197013","Rasa3<tm1b(KOMP)Mbp>","-","JAX","JR23423","both","Homozygous "," Lethal",""
"Rasal2","MGI:2443881","Rasal2<tm1a(EUCOMM)Wtsi>","MGI:4939768","WTSI","MEBJ","both","Homozygous "," Viable",""
"Rasd1","MGI:1270848","Rasd1<tm1.1(KOMP)Vlcg>","MGI:5695889","UC Davis","BL3486","both","Homozygous "," Viable",""
"Rasgrp4","MGI:2386851","Rasgrp4<tm2a(KOMP)Wtsi>","MGI:4841072","WTSI","MEQZ","both","Homozygous "," Viable",""
"Rassf8","MGI:1918573","Rassf8<tm1.1(KOMP)Vlcg>","MGI:5695922","UC Davis","BL4157","both","Homozygous "," Subviable",""
"Rbm14","MGI:1929092","Rbm14<tm1a(KOMP)Wtsi>","MGI:4362139","WTSI","MGDJ","both","Homozygous "," Viable",""
"Rbm47","MGI:2384294","Rbm47<tm1a(EUCOMM)Wtsi>","MGI:4432904","WTSI","MFRM","both","Homozygous "," Viable",""
"Rbm4b","MGI:1913954","Rbm4b<tm1.1(KOMP)Vlcg>","MGI:5603573","JAX","JR25587","both","Homozygous "," Viable",""
"Rbmx","MGI:1343044","Rbmx<tm2a(KOMP)Wtsi>","MGI:4363716","WTSI","MEJH","both","Homozygous "," Viable",""
"Rbmx","MGI:1343044","Rbmx<tm2b(KOMP)Wtsi>","MGI:5558151","WTSI","MUAG","both","Homozygous "," Viable",""
"Rbp4","MGI:97879","Rbp4<tm1.1(KOMP)Vlcg>","MGI:5548967","UC Davis","BL2455","both","Homozygous "," Viable",""
"Rbpj","MGI:96522","Rbpj<tm1b(EUCOMM)Hmgu>","MGI:5614604","JAX","JR25849","both","Homozygous "," Lethal",""
"Rbpjl","MGI:1196616","Rbpjl<tm1b(KOMP)Wtsi>","MGI:5636933","MRC Harwell","H-RBPJL_E05-TM1B","both","Homozygous "," Viable",""
"Rbsn","MGI:1925537","Rbsn<tm1a(EUCOMM)Wtsi>","MGI:4441653","WTSI","MDTY","both","Homozygous "," Lethal",""
"Rcc2","MGI:1919784","Rcc2<tm1b(EUCOMM)Wtsi>","MGI:5692719","MRC Harwell","H-RCC2-B10-TM1B","both","Homozygous "," Viable",""
"Rdx","MGI:97887","Rdx<tm1.1(KOMP)Vlcg>","MGI:5445756","JAX","JR18578","both","Homozygous "," Subviable",""
"Recql4","MGI:1931028","Recql4<tm1.1(KOMP)Vlcg>","MGI:5548719","UC Davis","BL3801","both","Homozygous "," Lethal",""
"Reg2","MGI:97896","Reg2<tm1.1(KOMP)Vlcg>","MGI:5548968","UC Davis","ET3612","both","Homozygous "," Viable",""
"Reg3d","MGI:1353426","Reg3d<tm1b(EUCOMM)Wtsi>","MGI:5636985","WTSI","MUDQ","both","Homozygous "," Viable",""
"Reg3g","MGI:109406","Reg3g<tm1a(KOMP)Wtsi>","MGI:4363444","WTSI","MECP","both","Homozygous "," Viable",""
"Rel","MGI:97897","Rel<tm1b(EUCOMM)Wtsi>","MGI:5637218","MRC Harwell","H-REL-D10-TM1B","both","Homozygous "," Viable",""
"Repin1","MGI:1889817","Repin1<tm1a(EUCOMM)Wtsi>","MGI:5008938","WTSI","MFTS","both","Homozygous "," Viable",""
"Resp18","MGI:1098222","Resp18<tm1.1(KOMP)Vlcg>","MGI:5443932","JAX","JR18572","both","Homozygous "," Viable",""
"Rest","MGI:104897","Rest<tm2b(EUCOMM)Wtsi>","MGI:5692555","HMGU","HMGU-EPD0156_1_D10-1-1","both","Homozygous "," Lethal",""
"Retsat","MGI:1914692","Retsat<tm1.1(KOMP)Vlcg>","MGI:5708207","UC Davis","BL5545","both","Homozygous "," Viable",""
"Rexo2","MGI:1888981","Rexo2<tm1b(EUCOMM)Wtsi>","MGI:5636999","MRC Harwell","H-REXO2-G10-TM1B","both","Homozygous "," Lethal",""
"Rexo4","MGI:2684957","Rexo4<tm1b(KOMP)Wtsi>","MGI:5588289","JAX","JR26025","both","Homozygous "," Viable",""
"Rfc1","MGI:97891","Rfc1<tm1b(KOMP)Mbp>","MGI:5495286","JAX","JR23072","both","Homozygous "," Lethal",""
"Rfx6","MGI:2445208","Rfx6<tm1.1(KOMP)Vlcg>","MGI:5582441","UC Davis","BL4417","both","Homozygous "," Lethal",""
"Rfx7","MGI:2442675","Rfx7<tm2b(EUCOMM)Hmgu>","MGI:5637140","MRC Harwell","H-RFX7-A04-TM1B","both","Homozygous "," Subviable",""
"Rgcc","MGI:1913464","Rgcc<tm1.1(KOMP)Wtsi>","MGI:5569044","UC Davis","ET8351","both","Homozygous "," Viable",""
"Rgp1","MGI:1915956","Rgp1<tm1.1(KOMP)Vlcg>","MGI:5474777","JAX","JR22345","both","Homozygous "," Lethal",""
"Rgs22","MGI:3613651","Rgs22<tm1b(KOMP)Wtsi>","MGI:5608779","JAX","JR25578","both","Homozygous "," Viable",""
"Rgs5","MGI:1098434","Rgs5<tm1b(EUCOMM)Wtsi>","MGI:5548396","MRC Harwell","H-RGS5-B12-TM1B","both","Homozygous "," Viable",""
"Rhbdf1","MGI:104328","Rhbdf1<tm1.1(KOMP)Vlcg>","MGI:5614607","JAX","JR26424","both","Homozygous "," Viable",""
"Rhbdf2","MGI:2442473","Rhbdf2<tm1b(KOMP)Wtsi>","MGI:5548807","UC Davis","BL2322","both","Homozygous "," Viable",""
"Rhbdl1","MGI:2384891","Rhbdl1<tm1.1(KOMP)Vlcg>","MGI:5548786","TCP","BL2779","both","Homozygous "," Subviable",""
"Rhbdl2","MGI:3608413","Rhbdl2<tm1b(KOMP)Wtsi>","MGI:5572036","JAX","JR24674","both","Homozygous "," Viable",""
"Rhbdl3","MGI:2179276","Rhbdl3<tm1b(EUCOMM)Wtsi>","MGI:5548774","MRC Harwell","H-Rhbdl3-C11-TM1B","both","Homozygous "," Subviable",""
"Rhox13","MGI:1920864","Rhox13<tm1a(KOMP)Wtsi>","MGI:4820151","WTSI","MEEK","both","Homozygous "," Viable",""
"Rhox13","MGI:1920864","Rhox13<tm1b(KOMP)Wtsi>","MGI:5548634","WTSI","MUAA","both","Homozygous "," Viable",""
"Rhpn1","MGI:1098783","Rhpn1<tm1b(KOMP)Wtsi>","MGI:5582426","UC Davis","BL3234","both","Homozygous "," Viable",""
"Ric8a","MGI:2141866","Ric8a<tm1b(KOMP)Wtsi>","MGI:5616363","JAX","JR25390","both","Homozygous "," Lethal",""
"Ric8b","MGI:2682307","Ric8b<tm1b(EUCOMM)Hmgu>","MGI:5548860","MRC Harwell","H-Ric8b-C07-TM1B","both","Homozygous "," Lethal",""
"Riiad1","MGI:1913603","Riiad1<tm1b(KOMP)Wtsi>","MGI:5635167","JAX","JR26608","both","Homozygous "," Subviable",""
"Rilp","MGI:2144271","Rilp<tm1.1(KOMP)Vlcg>","MGI:5548749","UC Davis","BL2302","both","Homozygous "," Viable",""
"Rilpl1","MGI:1922945","Rilpl1<tm1b(EUCOMM)Hmgu>","MGI:5548660","HMGU","HMGU-HEPD0718_1_B06-1-1","both","Homozygous "," Viable",""
"Rilpl2","MGI:1933112","Rilpl2<tm1b(KOMP)Wtsi>","MGI:5468953","JAX","JR21750","both","Homozygous "," Viable",""
"Rimklb","MGI:1918325","Rimklb<tm1.1(KOMP)Vlcg>","MGI:5474780","JAX","JR22346","both","Homozygous "," Viable",""
"Rims3","MGI:2443331","Rims3<tm1b(KOMP)Wtsi>","MGI:5548815","BCM","RIMMB","both","Homozygous "," Viable",""
"Rin3","MGI:2385708","Rin3<tm1.1(KOMP)Vlcg>","MGI:5608689","JAX","JR25866","both","Homozygous "," Viable",""
"Rint1","MGI:1916233","Rint1<tm1b(KOMP)Wtsi>","MGI:5447050","JAX","JR21141","both","Homozygous "," Lethal",""
"Ripk3","MGI:2154952","Ripk3<tm1.1(KOMP)Wtsi>","MGI:5583070","UC Davis","BL3926","both","Homozygous "," Viable",""
"Rlbp1","MGI:97930","Rlbp1<tm1b(EUCOMM)Hmgu>","MGI:5548969","MRC Harwell","H-RLBP1-C10-TM1B","both","Homozygous "," Viable",""
"Rln1","MGI:97931","Rln1<tm1.1(KOMP)Vlcg>","MGI:5766260","RBRC","RIKEN-Rln1-AB5_","both","Homozygous "," Viable",""
"Rln3","MGI:2158015","Rln3<tm1(KOMP)Mbp>","MGI:4456517","RBRC","RIKEN-DEPD00503_4_A06","both","Homozygous "," Viable",""
"Rltpr","MGI:2685431","Rltpr<tm1b(KOMP)Mbp>","MGI:5692851","ICS","IP00005608a","both","Homozygous "," Viable",""
"Rnaseh2c","MGI:1915459","Rnaseh2c<tm1(KOMP)Wtsi>","MGI:4364620","WTSI","MDUP","both","Homozygous "," Lethal",""
"Rnasek","MGI:106369","Rnasek<tm1b(EUCOMM)Wtsi>","MGI:5636901","WTSI","MUGJ","both","Homozygous "," Lethal",""
"Rnaset2b","MGI:3702087","Rnaset2b<tm1b(EUCOMM)Hmgu>","MGI:5637192","MRC Harwell","H-RNASET2B-C09-TM1B","both","Homozygous "," Viable",""
"Rnd3","MGI:1921444","Rnd3<tm1b(EUCOMM)Hmgu>","MGI:5637075","MRC Harwell","H-RND3-G10-TM1B","both","Homozygous "," Viable",""
"Rnf10","MGI:1859162","Rnf10<em1J>","MGI:5644522","JAX","JR27327","both","Homozygous "," Viable","Conflicting data"
"Rnf10","MGI:1859162","Rnf10<em2Bay>","-","BCM","RNFOB","both","Homozygous "," Viable","Conflicting data"
"Rnf10","MGI:1859162","Rnf10<tm1b(KOMP)Wtsi>","MGI:5548492","HMGU","MCJK-2","both","Homozygous "," Subviable","Conflicting data"
"Rnf10","MGI:1859162","Rnf10<tm1b(KOMP)Wtsi>","MGI:5548492","UC Davis","ET6713","both","Homozygous "," Subviable","Conflicting data"
"Rnf10","MGI:1859162","Rnf10<tm1b(KOMP)Wtsi>","MGI:5548492","TCP","ET6713_TCP","both","Homozygous "," Subviable","Conflicting data"
"Rnf10","MGI:1859162","Rnf10<tm1b(KOMP)Wtsi>","MGI:5548492","BCM","RNFGB","both","Homozygous "," Viable","Conflicting data"
"Rnf10","MGI:1859162","Rnf10<tm1b(KOMP)Wtsi>","MGI:5548492","JAX","JR21511","both","Homozygous "," Viable","Conflicting data"
"Rnf10","MGI:1859162","Rnf10<tm1b(KOMP)Wtsi>","MGI:5548492","RBRC","RIKEN-Rnf10-A10_","both","Homozygous "," Viable","Conflicting data"
"Rnf10","MGI:1859162","Rnf10<tm1b(KOMP)Wtsi>","MGI:5548492","ICS","IP00005349a","both","Homozygous "," Viable","Conflicting data"
"Rnf10","MGI:1859162","Rnf10<tm1b(KOMP)Wtsi>","MGI:5548492","MRC Harwell","H-RNF10-A10-TM1B","both","Homozygous "," Viable","Conflicting data"
"Rnf10","MGI:1859162","Rnf10<tm1b(KOMP)Wtsi>","MGI:5548492","WTSI","MUCM","both","Homozygous "," Viable","Conflicting data"
"Rnf112","MGI:106611","Rnf112<tm1.1(KOMP)Vlcg>","MGI:5617261","JAX","JR26442","both","Homozygous "," Viable",""
"Rnf13","MGI:1346341","Rnf13<tm1.1(KOMP)Vlcg>","MGI:5608781","JAX","JR26488","both","Homozygous "," Viable",""
"Rnf133","MGI:2677436","Rnf133<tm1.1(KOMP)Vlcg>","MGI:5614609","JAX","JR25591","both","Homozygous "," Viable",""
"Rnf144b","MGI:2384986","Rnf144b<tm1b(EUCOMM)Hmgu>","MGI:5574609","ICS","E203JM8N4-28","both","Homozygous "," Viable",""
"Rnf157","MGI:2442484","Rnf157<tm1b(EUCOMM)Wtsi>","MGI:5637139","WTSI","MUDH","both","Homozygous "," Viable",""
"Rnf183","MGI:1923322","Rnf183<tm1b(KOMP)Wtsi>","MGI:5548662","MRC Harwell","H-RNF183-D07-TM1B","both","Homozygous "," Viable",""
"Rnf20","MGI:1925927","Rnf20<tm1.1(KOMP)Vlcg>","MGI:5605801","TCP","TCPA0030Cre","both","Homozygous "," Lethal",""
"Rnf216","MGI:1344349","Rnf216<tm1b(EUCOMM)Wtsi>","MGI:5605760","TCP","TCPM0581Cre","both","Homozygous "," Viable",""
"Rnf225","MGI:1924198","Rnf225<tm1.1(KOMP)Vlcg>","MGI:5708228","UC Davis","BL5023","both","Homozygous "," Viable",""
"Rnf25","MGI:1890215","Rnf25<tm1.1(KOMP)Vlcg>","MGI:5569948","JAX","JR25262","both","Homozygous "," Viable",""
"Rnf38","MGI:1920719","Rnf38<tm1b(KOMP)Wtsi>","MGI:5569953","BCM","RINFB","both","Homozygous "," Subviable",""
"Rnmt","MGI:1915147","Rnmt<tm1b(KOMP)Mbp>","MGI:5617142","JAX","JR26487","both","Homozygous "," Lethal",""
"Rnmtl1","MGI:1914640","Rnmtl1<tm1.1(KOMP)Vlcg>","MGI:5516076","JAX","JR24056","both","Homozygous "," Lethal",""
"Robo4","MGI:1921394","Robo4<tm1.1(KOMP)Vlcg>","-","UC Davis","BL4335","both","Homozygous "," Subviable",""
"Rock1","MGI:107927","Rock1<tm1b(NCOM)Mfgc>","MGI:5766167","TCP","TCPA0571Cre","both","Homozygous "," Subviable",""
"Ropn1l","MGI:2182357","Ropn1l<tm1b(EUCOMM)Wtsi>","MGI:5548780","WTSI","MUBF","both","Homozygous "," Viable",""
"Rora","MGI:104661","Rora<tm1b(EUCOMM)Wtsi>","MGI:5548347","HMGU","HMGU-EPD0157_5_B01-1-1","both","Homozygous "," Subviable",""
"Rpa1","MGI:1915525","Rpa1<tm1b(KOMP)Wtsi>","MGI:5446173","JAX","JR18691","both","Homozygous "," Lethal",""
"Rpgrip1l","MGI:1920563","Rpgrip1l<tm1a(EUCOMM)Wtsi>","MGI:4432510","WTSI","MDLW","both","Homozygous "," Lethal",""
"Rpia","MGI:103254","Rpia<tm1a(KOMP)Wtsi>","MGI:4364474","WTSI","MGQP","both","Homozygous "," Lethal",""
"Rpl7l1","MGI:1913479","Rpl7l1<tm2b(EUCOMM)Hmgu>","MGI:5692656","BCM","RPLMB","both","Homozygous "," Lethal",""
"Rps19bp1","MGI:1913788","Rps19bp1<tm1.1(KOMP)Wtsi>","MGI:5617789","BCM","RPSEB","both","Homozygous "," Lethal",""
"Rps6kl1","MGI:2443413","Rps6kl1<tm1.1(KOMP)Vlcg>","MGI:5614610","JAX","JR26493","both","Homozygous "," Viable",""
"Rptor","MGI:1921620","Rptor<tm2b(EUCOMM)Wtsi>","MGI:5548643","MRC Harwell","H-RPTOR-H12-TM1B","both","Homozygous "," Lethal",""
"Rrad","MGI:1930943","Rrad<tm1.1(KOMP)Vlcg>","MGI:5502315","JAX","JR23419","both","Homozygous "," Viable",""
"Rrm2","MGI:98181","Rrm2<tm1b(KOMP)Wtsi>","MGI:5548970","BCM","REMBB","both","Homozygous "," Lethal",""
"Rrp8","MGI:1914251","Rrp8<tm1.1(KOMP)Vlcg>","MGI:5581417","JAX","JR25640","both","Homozygous "," Subviable",""
"Rsad1","MGI:3039628","Rsad1<tm1(KOMP)Vlcg>","MGI:3808228","WTSI","MFPV","both","Homozygous "," Viable","Conflicting data"
"Rsad1","MGI:3039628","Rsad1<tm1.1(KOMP)Vlcg>","MGI:5548890","TCP","UCD-10291A-H7-2-1","both","Homozygous "," Subviable","Conflicting data"
"Rsbn1","MGI:2444993","Rsbn1<tm1b(EUCOMM)Wtsi>","MGI:5548833","MRC Harwell","H-Rsbn1-A02-TM1B","both","Homozygous "," Lethal",""
"Rsf1","MGI:2682305","Rsf1<tm1b(EUCOMM)Wtsi>","MGI:5605823","TCP","TCPM0719Cre","both","Homozygous "," Lethal",""
"Rsph9","MGI:1922814","Rsph9<tm1.1(KOMP)Vlcg>","MGI:5695930","TCP","UCD-15851A-C9-2-1","both","Homozygous "," Subviable",""
"Rspo1","MGI:2183426","Rspo1<tm1.1(KOMP)Vlcg>","MGI:5583071","UC Davis","BL4206","both","Homozygous "," Viable",""
"Rspo4","MGI:1924467","Rspo4<tm1a(KOMP)Wtsi>","MGI:4364711","WTSI","MGNR","both","Homozygous "," Viable",""
"Rtbdn","MGI:2443686","Rtbdn<tm1a(EUCOMM)Wtsi>","MGI:4433926","WTSI","MCBN","both","Homozygous "," Viable",""
"Rtf1","MGI:1309480","Rtf1<tm1a(KOMP)Wtsi>","MGI:4363925","WTSI","MBFS","both","Homozygous "," Lethal",""
"Rtn1","MGI:1933947","Rtn1<tm1b(KOMP)Wtsi>","MGI:5548728","MRC Harwell","H-RTN1-G10-TM1B","both","Homozygous "," Viable",""
"Rufy2","MGI:1917682","Rufy2<tm1a(EUCOMM)Wtsi>","MGI:4434385","WTSI","MDDP","both","Homozygous "," Viable",""
"Rufy3","MGI:106484","Rufy3<tm1b(EUCOMM)Hmgu>","MGI:5581413","RBRC","RIKEN-Rufy3-B08_","both","Homozygous "," Lethal",""
"Rundc1","MGI:2144506","Rundc1<tm1a(EUCOMM)Wtsi>","MGI:4441618","WTSI","MELE","both","Homozygous "," Lethal","Conflicting data"
"Rundc1","MGI:2144506","Rundc1<tm1b(EUCOMM)Wtsi>","MGI:5548750","WTSI","MUAV","both","Homozygous "," Subviable","Conflicting data"
"Rwdd1","MGI:1913771","Rwdd1<tm1b(KOMP)Wtsi>","MGI:5637013","WTSI","MUEC","both","Homozygous "," Viable",""
"Rwdd3","MGI:1920420","Rwdd3<tm1b(KOMP)Wtsi>","MGI:5548630","ICS","IP00005451a","both","Homozygous "," Lethal",""
"Rxfp2","MGI:2153463","Rxfp2<tm1b(EUCOMM)Wtsi>","MGI:5548762","HMGU","GSF-EPD0243_5_D11-1-1","both","Homozygous "," Viable",""
"Rxfp4","MGI:2182926","Rxfp4<tm1.1(KOMP)Vlcg>","MGI:5581468","JAX","JR25588","both","Homozygous "," Viable",""
"Ryr2","MGI:99685","Ryr2<tm1b(KOMP)Wtsi>","MGI:5637225","MRC Harwell","H-RYR2-C09-TM1B","both","Homozygous "," Lethal",""
"S100a14","MGI:1913416","S100a14<tm1b(EUCOMM)Hmgu>","MGI:5513816","TCP","TCPA0562Cre","both","Homozygous "," Subviable",""
"S100a6","MGI:1339467","S100a6<tm1b(KOMP)Wtsi>","MGI:5692619","UC Davis","ET7985","both","Homozygous "," Subviable",""
"Saa3","MGI:98223","Saa3<tm1.1(KOMP)Vlcg>","MGI:5569083","UC Davis","ET8108","both","Homozygous "," Viable",""
"Sacm1l","MGI:1933169","Sacm1l<tm1b(KOMP)Wtsi>","MGI:5605807","UC Davis","TCPA0546Cre","both","Homozygous "," Lethal",""
"Sag","MGI:98227","Sag<tm1a(EUCOMM)Wtsi>","MGI:4433619","WTSI","MDDR","both","Homozygous "," Viable",""
"Samd9l","MGI:1343184","Samd9l<tm1.1(KOMP)Wtsi>","MGI:5548452","UC Davis","BL2311","both","Homozygous "," Viable",""
"Sap130","MGI:1919782","Sap130<tm1a(KOMP)Mbp>","MGI:5141821","WTSI","MGBF","both","Homozygous "," Lethal",""
"Sapcd1","MGI:2388100","Sapcd1<tm1.1(KOMP)Vlcg>","MGI:5617792","JAX","JR26721","both","Homozygous "," Viable",""
"Satb1","MGI:105084","Satb1<tm1b(EUCOMM)Hmgu>","MGI:5548358","ICS","IP00005408a","both","Homozygous "," Lethal","Conflicting data"
"Satb1","MGI:105084","Satb1<tm1b(EUCOMM)Hmgu>","MGI:5548358","JAX","JR25573","both","Homozygous "," Subviable","Conflicting data"
"Satb2","MGI:2679336","Satb2<em2Tcp>","-","TCP","TCPR0329_em3","both","Homozygous "," Subviable",""
"Satb2","MGI:2679336","Satb2<tm1b(KOMP)Wtsi>","MGI:5548857","TCP","UCD-EPD0098_3_H05-2-1","both","Homozygous "," Subviable",""
"Sbk2","MGI:2685925","Sbk2<em2Bay>","-","BCM","SBKTB","both","Homozygous "," Viable",""
"Scarb1","MGI:893578","Scarb1<tm1b(EUCOMM)Wtsi>","MGI:5548930","BCM","SCALB","both","Homozygous "," Viable",""
"Scarf2","MGI:1858430","Scarf2<tm1.1(KOMP)Vlcg>","MGI:5548490","UC Davis","BL2327","both","Homozygous "," Viable",""
"Scg2","MGI:103033","Scg2<tm1.1(KOMP)Vlcg>","MGI:5603575","JAX","JR26067","both","Homozygous "," Viable",""
"Scn3b","MGI:1918882","Scn3b<tm1a(KOMP)Wtsi>","MGI:4363292","WTSI","MEAU","both","Homozygous "," Viable",""
"Scn4a","MGI:98250","Scn4a<tm2b(KOMP)Wtsi>","MGI:5548971","MRC Harwell","H-Scn4a-H11-TM1B","both","Homozygous "," Lethal",""
"Scnn1b","MGI:104696","Scnn1b<tm1b(EUCOMM)Hmgu>","MGI:5548351","MRC Harwell","H-SCNN1B-D10-TM1B","both","Homozygous "," Lethal",""
"Scrib","MGI:2145950","Scrib<tm1b(NCOM)Mfgc>","MGI:5766176","TCP","TCPA0598Cre","both","Homozygous "," Lethal",""
"Scx","MGI:102934","Scx<tm1.1(KOMP)Vlcg>","MGI:5548335","UC Davis","BL3378","both","Homozygous "," Lethal",""
"Sdc2","MGI:1349165","Sdc2<tm1b(KOMP)Wtsi>","MGI:5548470","HMGU","HMGU-EPD0107_2_G11-1-1","both","Homozygous "," Viable",""
"Sdc4","MGI:1349164","Sdc4<tm2b(KOMP)Wtsi>","MGI:5692630","MRC Harwell","H-SDC4-C10-TM1B","both","Homozygous "," Viable",""
"Sdha","MGI:1914195","Sdha<tm2b(KOMP)Wtsi>","MGI:5498775","JAX","JR23136","both","Homozygous "," Lethal",""
"Sdhb","MGI:1914930","Sdhb<tm1b(EUCOMM)Hmgu>","MGI:5548548","HMGU","H4339-HEPD0746_5_A12-1","both","Homozygous "," Lethal",""
"Sdhc","MGI:1913302","Sdhc<tm1b(EUCOMM)Wtsi>","MGI:5694171","MRC Harwell","H-SDHC-B04-TM1B","both","Homozygous "," Lethal",""
"Sdsl","MGI:2182607","Sdsl<tm1b(EUCOMM)Hmgu>","MGI:5548781","ICS","IP00004929a","both","Homozygous "," Viable",""
"Sec1","MGI:1928893","Sec1<tm1a(EUCOMM)Wtsi>","MGI:4842255","WTSI","MEMY","both","Homozygous "," Viable",""
"Sec22b","MGI:1338759","Sec22b<tm1a(EUCOMM)Wtsi>","MGI:4433526","WTSI","MDZV","both","Homozygous "," Lethal",""
"Secisbp2","MGI:1922670","Secisbp2<tm1c(EUCOMM)Wtsi>","MGI:5583885","WTSI","MRRT","both","Homozygous "," Viable",""
"Seh1l","MGI:1919374","Seh1l<tm1a(EUCOMM)Wtsi>","MGI:4453708","WTSI","MDJL","both","Homozygous "," Lethal",""
"Sel1l","MGI:1329016","Sel1l<tm1e(KOMP)Wtsi>","MGI:4364219","WTSI","MDYY","both","Homozygous "," Lethal",""
"Selenbp1","MGI:96825","Selenbp1<tm1b(KOMP)Wtsi>","MGI:5548951","UC Davis","BL2597","both","Homozygous "," Viable",""
"Selk","MGI:1931466","Selk<tm1a(EUCOMM)Wtsi>","MGI:4431818","WTSI","MEEH","both","Homozygous "," Viable",""
"Selk","MGI:1931466","Selk<tm1b(EUCOMM)Wtsi>","MGI:5548722","WTSI","MUAE","both","Homozygous "," Viable",""
"Sell","MGI:98279","Sell<tm1b(EUCOMM)Hmgu>","MGI:5692915","MRC Harwell","H-SELL-A10-TM1B","both","Homozygous "," Viable",""
"Sema3f","MGI:1096347","Sema3f<tm1b(EUCOMM)Hmgu>","MGI:5636922","MRC Harwell","H-SEMA3F-A04-TM1B","both","Homozygous "," Subviable",""
"Sema4d","MGI:109244","Sema4d<tm1b(EUCOMM)Wtsi>","MGI:5636915","MRC Harwell","H-SEMA4D-E12-TM1B","both","Homozygous "," Viable",""
"Senp7","MGI:1913565","Senp7<tm1b(EUCOMM)Hmgu>","MGI:5604100","NING","senp7_HEPD0660_2_D03-1","both","Homozygous "," Viable",""
"Sept10","MGI:1918110","Sept10<tm1a(KOMP)Wtsi>","MGI:5014599","WTSI","MFXQ","both","Homozygous "," Subviable",""
"Sept3","MGI:1345148","Sept3<tm1b(KOMP)Wtsi>","MGI:5766750","ICS","IP00006184a","both","Homozygous "," Subviable",""
"Sept5","MGI:1195461","Sept5<tm1b(EUCOMM)Hmgu>","MGI:5571344","RBRC","RIKEN-Sept5-B10_","both","Homozygous "," Subviable",""
"Sepw1","MGI:1100878","Sepw1<tm1b(EUCOMM)Wtsi>","MGI:5636930","WTSI","MUHP","both","Homozygous "," Viable",""
"Serinc3","MGI:1349457","Serinc3<tm1a(KOMP)Wtsi>","MGI:4363849","WTSI","MFXJ","both","Homozygous "," Viable",""
"Serpina1f","MGI:1915598","Serpina1f<em1J>","MGI:5649012","JAX","JR27570","both","Homozygous "," Viable",""
"Serpina3c","MGI:102848","Serpina3c<tm1a(KOMP)Wtsi>","MGI:4363850","WTSI","MFCY","both","Homozygous "," Viable",""
"Serpina3n","MGI:105045","Serpina3n<em1J>","MGI:5644715","JAX","JR27571","both","Homozygous "," Viable",""
"Serpina7","MGI:3041197","Serpina7<em1J>","MGI:5620681","JAX","JR25816","both","Homozygous "," Viable",""
"Serpinb12","MGI:1919119","Serpinb12<tm1b(KOMP)Wtsi>","MGI:5692711","MRC Harwell","H-SERPINB12-E06-TM1B","both","Homozygous "," Viable",""
"Serpinb5","MGI:109579","Serpinb5<tm1b(KOMP)Wtsi>","MGI:5575897","JAX","JR25585","both","Homozygous "," Viable",""
"Serpinf1","MGI:108080","Serpinf1<tm1e.1(KOMP)Wtsi>","MGI:5573270","BCM","BCM-EPD0162_2_B01-1-1","both","Homozygous "," Viable",""
"Setbp1","MGI:1933199","Setbp1<tm1b(EUCOMM)Wtsi>","MGI:5548727","ICS","IP00005159a","both","Homozygous "," Subviable",""
"Setd2","MGI:1918177","Setd2<tm1b(NCOM)Mfgc>","MGI:5766174","TCP","TCPA0733Cre","both","Homozygous "," Viable",""
"Setd4","MGI:2136890","Setd4<tm1a(KOMP)Wtsi>","MGI:4364212","WTSI","MDUJ","both","Homozygous "," Viable",""
"Setd5","MGI:1920145","Setd5<tm1a(EUCOMM)Wtsi>","MGI:4432631","WTSI","MEFW","both","Homozygous "," Lethal",""
"Setd6","MGI:1913333","Setd6<tm1.1(KOMP)Mbp>","MGI:5446143","JAX","JR21482","both","Homozygous "," Viable",""
"Setx","MGI:2443480","Setx<tm1b(EUCOMM)Wtsi>","MGI:5584409","ICS","IP00005514a","both","Homozygous "," Viable",""
"Sez6l","MGI:1935121","Sez6l<tm1b(EUCOMM)Hmgu>","MGI:5637106","MRC Harwell","H-SEZ6L-E05-TM1B","both","Homozygous "," Viable",""
"Sez6l2","MGI:2385295","Sez6l2<tm1b(EUCOMM)Hmgu>","MGI:5692809","ICS","IP00005825a","both","Homozygous "," Viable",""
"Sfxn3","MGI:2137679","Sfxn3<tm1b(KOMP)Wtsi>","MGI:5548735","WTSI","MUBE","both","Homozygous "," Viable",""
"Sfxn4","MGI:2137680","Sfxn4<tm1b(KOMP)Wtsi>","MGI:5632531","JAX","JR26920","both","Homozygous "," Viable",""
"Sgip1","MGI:1920344","Sgip1<tm1b(EUCOMM)Hmgu>","MGI:5548629","HMGU","HMGU-HEPD0674_5_D09-1-1","both","Homozygous "," Viable",""
"Sgms1","MGI:2444110","Sgms1<tm1a(EUCOMM)Wtsi>","MGI:4950245","WTSI","MEBK","both","Homozygous "," Viable",""
"Sgpl1","MGI:1261415","Sgpl1<tm1.1(KOMP)Vlcg>","MGI:5695887","UC Davis","BL3615","both","Homozygous "," Lethal",""
"Sgsm1","MGI:107320","Sgsm1<tm1b(EUCOMM)Wtsi>","MGI:5636905","WTSI","MUCV","both","Homozygous "," Viable",""
"Sgta","MGI:1098703","Sgta<tm1b(KOMP)Mbp>","MGI:5515781","JAX","JR24038","both","Homozygous "," Viable",""
"Sh2d5","MGI:2446215","Sh2d5<tm1a(EUCOMM)Wtsi>","MGI:4432348","WTSI","MEMX","both","Homozygous "," Viable",""
"Sh3bp2","MGI:1346349","Sh3bp2<tm1b(KOMP)Wtsi>","MGI:5548461","TCP","TCPA0712Cre","both","Homozygous "," Viable",""
"Sh3bp5","MGI:1344391","Sh3bp5<tm1b(KOMP)Wtsi>","MGI:5605761","NING","Sh3bp5 A09-1","both","Homozygous "," Viable",""
"Sh3gl2","MGI:700009","Sh3gl2<tm1b(EUCOMM)Wtsi>","MGI:5513818","TCP","TCPA0133Cre","both","Homozygous "," Viable",""
"Sh3pxd2a","MGI:1298393","Sh3pxd2a<tm1b(EUCOMM)Wtsi>","MGI:5636944","WTSI","PMAD","both","Homozygous "," Lethal",""
"Sh3tc2","MGI:2444417","Sh3tc2<tm1b(KOMP)Wtsi>","MGI:5447051","JAX","JR21142","both","Homozygous "," Viable",""
"Shh","MGI:98297","Shh<tm1b(EUCOMM)Wtsi>","MGI:5637219","MRC Harwell","H-SHH-A12-TM1B","both","Homozygous "," Lethal",""
"Shmt1","MGI:98299","Shmt1<tm1b(KOMP)Wtsi>","MGI:5692916","MRC Harwell","H-SHMT1-A06-TM1B","both","Homozygous "," Viable",""
"Sidt1","MGI:2443155","Sidt1<tm1.1(KOMP)Vlcg>","MGI:5695953","UC Davis","ET9613","both","Homozygous "," Viable",""
"Siglec1","MGI:99668","Siglec1<tm1.1(KOMP)Vlcg>","MGI:5708288","UC Davis","BL5615","both","Homozygous "," Viable",""
"Sik1","MGI:104754","Sik1<tm1.1(KOMP)Vlcg>","MGI:5548353","UC Davis","BL1802","both","Homozygous "," Viable",""
"Sipa1","MGI:107576","Sipa1<tm1b(EUCOMM)Hmgu>","MGI:5767328","MRC Harwell","H-SIPA1-C07-TM1B","both","Homozygous "," Viable",""
"Sipa1l1","MGI:2443679","Sipa1l1<tm1.1(KOMP)Vlcg>","MGI:5603576","JAX","JR25641","both","Homozygous "," Viable",""
"Sirpa","MGI:108563","Sirpa<tm1b(EUCOMM)Hmgu>","MGI:5614693","BCM","SIRBB","both","Homozygous "," Viable",""
"Sirt1","MGI:2135607","Sirt1<tm1b(EUCOMM)Wtsi>","MGI:5548731","MRC Harwell","H-Sirt1-B04-TM1B","both","Homozygous "," Subviable",""
"Sirt3","MGI:1927665","Sirt3<tm1a(EUCOMM)Wtsi>","MGI:4441628","WTSI","MDCL","both","Homozygous "," Viable",""
"Sirt3","MGI:1927665","Sirt3<tm1b(EUCOMM)Wtsi>","MGI:5548701","MRC Harwell","H-Sirt3-F10-TM1B","both","Homozygous "," Viable",""
"Sirt4","MGI:1922637","Sirt4<tm1b(EUCOMM)Hmgu>","MGI:5548655","MRC Harwell","H-SIRT4-E08-TM1B","both","Homozygous "," Viable",""
"Siva1","MGI:1353606","Siva1<tm1b(EUCOMM)Hmgu>","MGI:5605765","HMGU","H4642-HEPD0636_6_G01-1","both","Homozygous "," Viable",""
"Ska2","MGI:1913390","Ska2<tm1b(KOMP)Wtsi>","MGI:5503136","JAX","JR23511","both","Homozygous "," Lethal",""
"Skida1","MGI:1919918","Skida1<tm1(KOMP)Wtsi>","MGI:4841167","WTSI","MDHR","both","Homozygous "," Subviable",""
"Skida1","MGI:1919918","Skida1<tm1.1(KOMP)Wtsi>","MGI:5548624","TCP","BL2596-1","both","Homozygous "," Subviable",""
"Skiv2l","MGI:1099835","Skiv2l<tm2b(EUCOMM)Wtsi>","MGI:5574595","BCM","SKIDB","both","Homozygous "," Lethal",""
"Slc13a3","MGI:2149635","Slc13a3<tm1b(KOMP)Wtsi>","MGI:5548755","UC Davis","BL2456","both","Homozygous "," Viable",""
"Slc15a3","MGI:1929691","Slc15a3<tm1b(KOMP)Wtsi>","MGI:5637100","MRC Harwell","H-SLC15A3-A03-TM1B","both","Homozygous "," Viable",""
"Slc16a3","MGI:1933438","Slc16a3<tm1b(EUCOMM)Wtsi>","MGI:5637103","MRC Harwell","H-SLC16A3-H05-TM1B","both","Homozygous "," Viable",""
"Slc16a6","MGI:2144585","Slc16a6<tm1a(EUCOMM)Wtsi>","MGI:4431916","WTSI","MECE","both","Homozygous "," Viable",""
"Slc17a3","MGI:2389216","Slc17a3<tm2b(KOMP)Wtsi>","MGI:5637136","MRC Harwell","H-SLC17A3-F08-TM1B","both","Homozygous "," Viable",""
"Slc17a9","MGI:1919107","Slc17a9<tm1.1(KOMP)Vlcg>","MGI:5695923","UC Davis","BL4145","both","Homozygous "," Viable",""
"Slc1a1","MGI:105083","Slc1a1<tm1b(KOMP)Wtsi>","MGI:5529617","JAX","JR24411","both","Homozygous "," Viable",""
"Slc1a3","MGI:99917","Slc1a3<tm1.1(KOMP)Mbp>","MGI:5443926","JAX","JR18557","both","Homozygous "," Subviable",""
"Slc1a4","MGI:2135601","Slc1a4<tm1e(KOMP)Wtsi>","-","WTSI","MENZ","both","Homozygous "," Viable",""
"Slc20a2","MGI:97851","Slc20a2<tm1a(EUCOMM)Wtsi>","MGI:4431725","WTSI","MEQX","both","Homozygous "," Viable","Conflicting data"
"Slc20a2","MGI:97851","Slc20a2<tm1b(EUCOMM)Wtsi>","MGI:5548966","HMGU","GSF-EPD0243_1_C06-1-1","both","Homozygous "," Subviable","Conflicting data"
"Slc22a8","MGI:1336187","Slc22a8<tm1b(KOMP)Wtsi>","MGI:5636960","MRC Harwell","H-SLC22A8-F12-TM1B","both","Homozygous "," Viable",""
"Slc24a4","MGI:2447362","Slc24a4<tm1b(KOMP)Wtsi>","MGI:5637159","MRC Harwell","H-SLC24A4-H07-TM1B","both","Homozygous "," Subviable",""
"Slc24a5","MGI:2677271","Slc24a5<tm1b(KOMP)Mbp>","MGI:5554824","JAX","JR24675","both","Homozygous "," Viable",""
"Slc25a20","MGI:1928738","Slc25a20<tm1a(EUCOMM)Wtsi>","MGI:4431570","WTSI","MERS","both","Homozygous "," Lethal",""
"Slc25a21","MGI:2445059","Slc25a21<tm1b(KOMP)Wtsi>","MGI:5548834","WTSI","MSLB","both","Homozygous "," Viable",""
"Slc25a21","MGI:2445059","Slc25a21<tm1d(KOMP)Wtsi>","MGI:5629856","WTSI","MSLD","both","Homozygous "," Viable",""
"Slc25a28","MGI:2180509","Slc25a28<tm1b(EUCOMM)Wtsi>","MGI:5637123","WTSI","MUCS","both","Homozygous "," Viable",""
"Slc25a3","MGI:1353498","Slc25a3<tm1b(EUCOMM)Wtsi>","MGI:5548483","UC Davis","BL2350","both","Homozygous "," Lethal",""
"Slc25a30","MGI:1914804","Slc25a30<tm1a(EUCOMM)Wtsi>","MGI:4842343","WTSI","MELD","both","Homozygous "," Viable",""
"Slc25a35","MGI:1919248","Slc25a35<tm1.1(KOMP)Vlcg>","MGI:5505637","JAX","JR23414","both","Homozygous "," Viable",""
"Slc25a4","MGI:1353495","Slc25a4<tm1a(EUCOMM)Wtsi>","MGI:4432177","WTSI","MDKZ","both","Homozygous "," Viable",""
"Slc29a1","MGI:1927073","Slc29a1<tm2b(NCOM)Mfgc>","MGI:5513821","TCP","TCPA0572Cre","both","Homozygous "," Viable",""
"Slc2a2","MGI:1095438","Slc2a2<tm1b(KOMP)Wtsi>","MGI:5575896","RBRC","RIKEN-Slc2a2-B08_","both","Homozygous "," Lethal",""
"Slc2a5","MGI:1928369","Slc2a5<tm1b(EUCOMM)Wtsi>","MGI:5613655","HMGU","H4346-EPD0636_4_E02-1","both","Homozygous "," Viable",""
"Slc35b4","MGI:1931249","Slc35b4<tm1.1(KOMP)Vlcg>","MGI:5548720","UC Davis","BL2427","both","Homozygous "," Lethal",""
"Slc38a10","MGI:1919305","Slc38a10<tm1a(EUCOMM)Wtsi>","MGI:4431702","WTSI","MDEV","both","Homozygous "," Viable",""
"Slc38a2","MGI:1915010","Slc38a2<tm1a(KOMP)Wtsi>","MGI:5293947","WTSI","MGDF","both","Homozygous "," Subviable",""
"Slc39a4","MGI:1919277","Slc39a4<tm1.1(KOMP)Wtsi>","MGI:5582434","UC Davis","BL4452","both","Homozygous "," Lethal",""
"Slc39a5","MGI:1919336","Slc39a5<tm1b(KOMP)Wtsi>","MGI:5692713","UC Davis","BL1656","both","Homozygous "," Viable",""
"Slc39a7","MGI:95909","Slc39a7<tm1b(KOMP)Mbp>","-","UC Davis","BL3195","both","Homozygous "," Lethal",""
"Slc39a8","MGI:1914797","Slc39a8<tm1b(EUCOMM)Wtsi>","MGI:5548544","MRC Harwell","H-Slc39a8-D04-TM1B","both","Homozygous "," Lethal",""
"Slc3a1","MGI:1195264","Slc3a1<tm1.1(KOMP)Vlcg>","MGI:5708183","UC Davis","BL5502","both","Homozygous "," Viable",""
"Slc40a1","MGI:1315204","Slc40a1<tm1b(EUCOMM)Hmgu>","MGI:5548423","MRC Harwell","H-Slc40a1-A07-TM1B","both","Homozygous "," Lethal",""
"Slc41a1","MGI:2444823","Slc41a1<tm1.1(KOMP)Vlcg>","MGI:5708251","UC Davis","BL5631","both","Homozygous "," Viable",""
"Slc44a1","MGI:2140592","Slc44a1<tm1b(EUCOMM)Hmgu>","MGI:5637111","BCM","SLEEB","both","Homozygous "," Viable",""
"Slc45a3","MGI:1922082","Slc45a3<tm1.1(KOMP)Vlcg>","MGI:5548649","UC Davis","BL2223","both","Homozygous "," Viable",""
"Slc46a1","MGI:1098733","Slc46a1<tm1b(KOMP)Mbp>","MGI:5577262","JAX","JR25576","both","Homozygous "," Viable",""
"Slc46a3","MGI:1918956","Slc46a3<tm1.1(KOMP)Vlcg>","MGI:5565613","JAX","JR25376","both","Homozygous "," Viable",""
"Slc47a1","MGI:1914723","Slc47a1<tm1b(EUCOMM)Wtsi>","MGI:5548541","HMGU","GSF-EPD0423_5_H01-1-1","both","Homozygous "," Viable",""
"Slc47a2","MGI:3588190","Slc47a2<tm1.1(KOMP)Vlcg>","MGI:5548897","UC Davis","BL2459","both","Homozygous "," Viable",""
"Slc52a2","MGI:1289288","Slc52a2<tm1.1(KOMP)Vlcg>","MGI:5548419","TCP","UCD-13532A-D11-1-1","both","Homozygous "," Lethal",""
"Slc5a2","MGI:2181411","Slc5a2<tm1a(KOMP)Wtsi>","MGI:4363573","WTSI","MASE","both","Homozygous "," Viable",""
"Slc5a5","MGI:2149330","Slc5a5<tm1b(KOMP)Wtsi>","MGI:5614611","JAX","JR26503","both","Homozygous "," Viable",""
"Slc5a7","MGI:1927126","Slc5a7<tm1a(KOMP)Wtsi>","MGI:4942035","WTSI","MFED","both","Homozygous "," Lethal",""
"Slc6a2","MGI:1270850","Slc6a2<tm1b(EUCOMM)Hmgu>","MGI:5588269","MRC Harwell","H-SLC6A2-F02-TM1B","both","Homozygous "," Subviable",""
"Slc6a3","MGI:94862","Slc6a3<tm1b(KOMP)Wtsi>","MGI:5488785","JAX","JR22301","both","Homozygous "," Viable",""
"Slc6a5","MGI:105090","Slc6a5<tm1.1(KOMP)Vlcg>","MGI:5548359","UC Davis","BL3902","both","Homozygous "," Lethal",""
"Slc7a11","MGI:1347355","Slc7a11<tm1b(EUCOMM)Wtsi>","MGI:5548466","ICS","IP00005337a","both","Homozygous "," Viable",""
"Slc7a13","MGI:1921337","Slc7a13<tm1.1(KOMP)Vlcg>","MGI:5569057","UC Davis","ET8296","both","Homozygous "," Viable",""
"Slc8a3","MGI:107976","Slc8a3<tm1.1(KOMP)Vlcg>","MGI:5554913","JAX","JR24409","both","Homozygous "," Viable",""
"Slc8b1","MGI:2180781","Slc8b1<em1J>","MGI:5584295","JAX","JR26242","both","Homozygous "," Viable",""
"Slc9a3","MGI:105064","Slc9a3<tm1b(NCOM)Mfgc>","MGI:5766165","TCP","TCPA0699Cre","both","Homozygous "," Viable",""
"Slc9a3r2","MGI:1890662","Slc9a3r2<tm2a(EUCOMM)Hmgu>","MGI:5511797","WTSI","MGLT","both","Homozygous "," Viable",""
"Slc9a4","MGI:105074","Slc9a4<tm1b(EUCOMM)Wtsi>","MGI:5636898","MRC Harwell","H-SLC9A4-C05-TM1B","both","Homozygous "," Viable",""
"Slc9b2","MGI:2140077","Slc9b2<tm1.1(KOMP)Vlcg>","MGI:5695944","UC Davis","BL2067","both","Homozygous "," Viable",""
"Slfn1","MGI:1313259","Slfn1<tm1.1(KOMP)Vlcg>","MGI:5766261","UC Davis","BL3630","both","Homozygous "," Viable",""
"Slfn4","MGI:1329010","Slfn4<tm1b(EUCOMM)Wtsi>","MGI:5636952","MRC Harwell","H-SLFN4-G08-TM1B","both","Homozygous "," Viable",""
"Slit1","MGI:1315203","Slit1<tm1b(KOMP)Wtsi>","MGI:5636949","MRC Harwell","H-SLIT1-H12-TM1B","both","Homozygous "," Viable",""
"Slitrk1","MGI:2679446","Slitrk1<tm1.1(KOMP)Vlcg>","MGI:5583079","UC Davis","BL4165","both","Homozygous "," Viable",""
"Slu7","MGI:2385598","Slu7<tm1a(KOMP)Wtsi>","MGI:4363740","WTSI","MFMP","both","Homozygous "," Lethal",""
"Slx4ip","MGI:1921493","Slx4ip<tm1a(EUCOMM)Wtsi>","MGI:4433347","WTSI","MFAM","both","Homozygous "," Viable",""
"Smarcd2","MGI:1933621","Smarcd2<tm1.1(KOMP)Vlcg>","MGI:5558158","UC Davis","BL3556","both","Homozygous "," Subviable",""
"Smc5","MGI:2385088","Smc5<tm1b(KOMP)Wtsi>","MGI:5602831","ICS","IP00005492a","both","Homozygous "," Lethal",""
"Smco2","MGI:1916621","Smco2<tm1b(EUCOMM)Wtsi>","MGI:5548583","BCM","Smco2 EPD0382_4_B12","both","Homozygous "," Viable",""
"Smdt1","MGI:1916279","Smdt1<tm1b(EUCOMM)Wtsi>","MGI:5548576","BCM","SMDBB","both","Homozygous "," Lethal",""
"Smo","MGI:108075","Smo<tm1b(KOMP)Wtsi>","MGI:5573269","BCM","SMOPB","both","Homozygous "," Lethal",""
"Smoc1","MGI:1929878","Smoc1<tm1b(EUCOMM)Wtsi>","MGI:5548713","MRC Harwell","H-Smoc1-C03-TM1B","both","Homozygous "," Subviable",""
"Smoc2","MGI:1929881","Smoc2<tm1.1(KOMP)Vlcg>","MGI:5529632","JAX","JR24350","both","Homozygous "," Viable",""
"Smpd4","MGI:1924876","Smpd4<tm2b(KOMP)Wtsi>","MGI:5548688","WTSI","MUBD","both","Homozygous "," Subviable",""
"Smurf1","MGI:1923038","Smurf1<tm1b(EUCOMM)Wtsi>","MGI:5637086","MRC Harwell","H-SMURF1-A08-TM1B","both","Homozygous "," Viable",""
"Smurf2","MGI:1913563","Smurf2<tm1b(EUCOMM)Wtsi>","MGI:5548518","MRC Harwell","H-SMURF2-H08-TM1B","both","Homozygous "," Subviable",""
"Smyd5","MGI:108048","Smyd5<tm1a(EUCOMM)Wtsi>","MGI:4431696","WTSI","MEBR","both","Homozygous "," Viable",""
"Snai2","MGI:1096393","Snai2<tm1.1(KOMP)Vlcg>","MGI:5582425","UC Davis","BL3612","both","Homozygous "," Subviable",""
"Snap47","MGI:1915076","Snap47<tm1a(EUCOMM)Wtsi>","MGI:4433792","WTSI","MDEQ","both","Homozygous "," Viable",""
"Snapin","MGI:1333745","Snapin<tm1.1(KOMP)Vlcg>","MGI:5571346","JAX","JR25382","both","Homozygous "," Lethal",""
"Sncb","MGI:1889011","Sncb<tm1b(EUCOMM)Hmgu>","MGI:5692645","MRC Harwell","H-SNCB-E09-TM1B","both","Homozygous "," Viable",""
"Snph","MGI:2139270","Snph<tm1.1(KOMP)Vlcg>","MGI:5548740","UC Davis","BL3752","both","Homozygous "," Subviable",""
"Snrnp200","MGI:2444401","Snrnp200<tm1b(KOMP)Mbp>","MGI:5548825","MRC Harwell","H-SNRNP200-E01-TM1B","both","Homozygous "," Lethal",""
"Snrnp27","MGI:1913868","Snrnp27<tm1b(EUCOMM)Wtsi>","MGI:5548525","BCM","SNRBB","both","Homozygous "," Lethal",""
"Snx15","MGI:1916274","Snx15<tm1.1(KOMP)Vlcg>","MGI:5585592","JAX","JR26233","both","Homozygous "," Viable",""
"Snx22","MGI:2685966","Snx22<tm1.1(KOMP)Wtsi>","MGI:5605826","UC Davis","TCPM0671Cre","both","Homozygous "," Subviable",""
"Snx27","MGI:1923992","Snx27<tm1b(KOMP)Wtsi>","MGI:5548673","UC Davis","ET4513","both","Homozygous "," Subviable",""
"Snx29","MGI:1921728","Snx29<tm1b(EUCOMM)Hmgu>","MGI:5548647","ICS","IP00005240a","both","Homozygous "," Viable",""
"Snx3","MGI:1860188","Snx3<tm1.1(KOMP)Vlcg>","MGI:5634800","JAX","JR26918","both","Homozygous "," Lethal",""
"Snx31","MGI:1913946","Snx31<tm1a(KOMP)Wtsi>","MGI:5497029","WTSI","MGEL","both","Homozygous "," Viable",""
"Socs1","MGI:1354910","Socs1<tm1.1(KOMP)Vlcg>","MGI:5584406","UC Davis","TCPA0574Cre","both","Homozygous "," Lethal",""
"Sorbs2","MGI:1924574","Sorbs2<tm1.1(KOMP)Mbp>","MGI:5494474","JAX","JR22780","both","Homozygous "," Viable",""
"Sort1","MGI:1338015","Sort1<tm1b(EUCOMM)Wtsi>","MGI:5636963","MRC Harwell","H-SORT1-B03-TM1B","both","Homozygous "," Subviable",""
"Sostdc1","MGI:1913292","Sostdc1<tm1.1(KOMP)Vlcg>","MGI:5695910","UC Davis","BL4400","both","Homozygous "," Subviable",""
"Sox18","MGI:103559","Sox18<tm1.1(KOMP)Vlcg>","MGI:5493275","JAX","JR23020","both","Homozygous "," Viable",""
"Sox30","MGI:1341157","Sox30<tm1b(KOMP)Wtsi>","MGI:5636969","BCM","SOXCB","both","Homozygous "," Viable",""
"Sp5","MGI:1927715","Sp5<tm1b(KOMP)Wtsi>","MGI:5635299","JAX","JR26927","both","Homozygous "," Viable",""
"Spag17","MGI:1921612","Spag17<tm1b(KOMP)Wtsi>","MGI:5635302","JAX","JR26485","both","Homozygous "," Viable",""
"Spag4","MGI:2444120","Spag4<tm1.1(KOMP)Mbp>","MGI:5603354","JAX","JR26095","both","Homozygous "," Viable",""
"Spast","MGI:1858896","Spast<tm1b(KOMP)Wtsi>","MGI:5605769","UC Davis","TCPA0545Cre","both","Homozygous "," Viable",""
"Spata2","MGI:2146885","Spata2<tm1.1(KOMP)Vlcg>","MGI:5575898","UC Davis","BL3555","both","Homozygous "," Viable",""
"Spata22","MGI:2685728","Spata22<tm1b(KOMP)Wtsi>","MGI:5569960","UC Davis","BL4167","both","Homozygous "," Viable",""
"Spata25","MGI:1922892","Spata25<tm1(KOMP)Wtsi>","MGI:4451280","WTSI","MGJR","both","Homozygous "," Viable",""
"Spata5","MGI:1927170","Spata5<tm1b(KOMP)Wtsi>","MGI:5605804","BCM","SSPAB","both","Homozygous "," Lethal",""
"Spata6","MGI:1915196","Spata6<tm1b(KOMP)Wtsi>","MGI:5548554","UC Davis","BL2515","both","Homozygous "," Viable",""
"Spats1","MGI:1918270","Spats1<tm1b(EUCOMM)Hmgu>","MGI:5692704","MRC Harwell","H-SPATS1-F04-TM1B","both","Homozygous "," Viable",""
"Spdye4b","MGI:3612701","Spdye4b<tm3b(EUCOMM)Wtsi>","MGI:5548903","BCM","RIBBB","both","Homozygous "," Viable",""
"Spef1","MGI:3513546","Spef1<tm1.1(KOMP)Vlcg>","MGI:5695963","UC Davis","BL4256","both","Homozygous "," Subviable",""
"Speg","MGI:109282","Speg<tm1b(KOMP)Wtsi>","MGI:5605745","NING","A07-1","both","Homozygous "," Lethal",""
"Spg20","MGI:2139806","Spg20<tm2b(EUCOMM)Hmgu>","MGI:5548741","HMGU","Monterotondo-HEPD0548_1_H08-1-1","both","Homozygous "," Viable",""
"Spi1","MGI:98282","Spi1<tm2b(EUCOMM)Wtsi>","MGI:5632534","JAX","JR26634","both","Homozygous "," Lethal",""
"Spice1","MGI:1196252","Spice1<tm1b(EUCOMM)Hmgu>","MGI:5692592","MRC Harwell","H-SPICE1-B10-TM1B","both","Homozygous "," Viable",""
"Spidr","MGI:1924834","Spidr<tm1b(EUCOMM)Hmgu>","MGI:5692750","BCM","SPIRB","both","Homozygous "," Viable",""
"Spink10","MGI:3584533","Spink10<tm1a(KOMP)Wtsi>","MGI:4841128","WTSI","MEUY","both","Homozygous "," Viable",""
"Spink12","MGI:1925492","Spink12<em1J>","MGI:5649013","JAX","JR27573","both","Homozygous "," Viable",""
"Spink14","MGI:3646952","Spink14<tm1e(KOMP)Wtsi>","MGI:4841420","WTSI","MGPZ","both","Homozygous "," Viable",""
"Spink2","MGI:1917232","Spink2<tm1.1(KOMP)Vlcg>","MGI:5573273","UC Davis","BL3569","both","Homozygous "," Viable",""
"Spns2","MGI:2384936","Spns2<tm1b(KOMP)Wtsi>","MGI:5442804","WTSI","MCSR","both","Homozygous "," Viable",""
"Spo11","MGI:1349669","Spo11<tm2b(KOMP)Wtsi>","MGI:5605762","BCM","SPOLB","both","Homozygous "," Viable",""
"Spock2","MGI:1891351","Spock2<tm1.1(KOMP)Vlcg>","MGI:5548505","UC Davis","BL2424","both","Homozygous "," Viable",""
"Spop","MGI:1343085","Spop<tm1b(KOMP)Wtsi>","MGI:5513824","TCP","TCPA0016Cre","both","Homozygous "," Lethal",""
"Spopl","MGI:1924107","Spopl<tm1a(EUCOMM)Wtsi>","MGI:4455963","WTSI","MEAL","both","Homozygous "," Viable",""
"Spp1","MGI:98389","Spp1<tm1.1(KOMP)Vlcg>","MGI:5571351","JAX","JR25378","both","Homozygous "," Viable",""
"Sprr1a","MGI:106660","Sprr1a<em1J>","MGI:5688853","JAX","JR28323","both","Homozygous "," Viable",""
"Sprr1b","MGI:106659","Sprr1b<tm1.1(KOMP)Vlcg>","MGI:5619614","JAX","JR26637","both","Homozygous "," Viable",""
"Sprr3","MGI:1330237","Sprr3<tm1.1(KOMP)Vlcg>","MGI:5605488","JAX","JR26068","both","Homozygous "," Viable",""
"Sptbn2","MGI:1313261","Sptbn2<tm1b(EUCOMM)Hmgu>","MGI:5636946","MRC Harwell","H-SPTBN2-H05-TM1B","both","Homozygous "," Viable",""
"Sptssa","MGI:1913399","Sptssa<tm1b(KOMP)Wtsi>","MGI:5471307","JAX","JR18820","both","Homozygous "," Lethal",""
"Sptssb","MGI:1913433","Sptssb<tm1b(KOMP)Mbp>","MGI:5502305","JAX","JR23424","both","Homozygous "," Viable",""
"Sqle","MGI:109296","Sqle<tm1a(EUCOMM)Wtsi>","MGI:4431854","WTSI","MGCV","both","Homozygous "," Lethal",""
"Sra1","MGI:1344414","Sra1<tm1b(EUCOMM)Hmgu>","MGI:5513826","TCP","TCPA0084Cre","both","Homozygous "," Viable",""
"Srcin1","MGI:1933179","Srcin1<tm1.1(KOMP)Vlcg>","MGI:5603577","JAX","JR26031","both","Homozygous "," Viable",""
"Srd5a3","MGI:1930252","Srd5a3<tm1b(EUCOMM)Wtsi>","MGI:5520177","JAX","JR24184","both","Homozygous "," Lethal",""
"Srp9","MGI:1350930","Srp9<tm1.1(KOMP)Vlcg>","MGI:5571347","JAX","JR25385","both","Homozygous "," Lethal",""
"Srpk3","MGI:1891338","Srpk3<tm1b(KOMP)Wtsi>","MGI:5692649","UC Davis","BL4751","both","Homozygous "," Viable",""
"Srrm4","MGI:1916205","Srrm4<tm1e(EUCOMM)Wtsi>","MGI:4451952","WTSI","MDYA","both","Homozygous "," Subviable",""
"Srsf7","MGI:1926232","Srsf7<tm1a(EUCOMM)Wtsi>","MGI:4433826","WTSI","MFJE","both","Homozygous "," Lethal",""
"Ssbp1","MGI:1920040","Ssbp1<tm1a(KOMP)Wtsi>","MGI:4938520","WTSI","MEPZ","both","Homozygous "," Lethal",""
"Ssbp2","MGI:1914220","Ssbp2<tm1b(KOMP)Wtsi>","MGI:5605777","UC Davis","TCPM0603Cre","both","Homozygous "," Viable",""
"Ssr2","MGI:1913506","Ssr2<tm1b(EUCOMM)Wtsi>","MGI:5637009","WTSI","MUHH","both","Homozygous "," Lethal",""
"Sst","MGI:98326","Sst<tm1b(KOMP)Wtsi>","MGI:5568485","RBRC","RIKEN-Sst-F04_","both","Homozygous "," Viable",""
"St14","MGI:1338881","St14<tm1.1(KOMP)Vlcg>","MGI:5695895","UC Davis","BL3667","both","Homozygous "," Lethal",""
"Stag3","MGI:1355311","Stag3<tm1e.1(KOMP)Wtsi>","MGI:5565201","JAX","JR21115","both","Homozygous "," Viable",""
"Stard10","MGI:1860093","Stard10<tm1b(KOMP)Wtsi>","MGI:5548497","MRC Harwell","H-Stard10-C05-TM1B","both","Homozygous "," Viable",""
"Stard8","MGI:2448556","Stard8<tm1a(EUCOMM)Wtsi>","MGI:4434109","WTSI","MEGB","both","Homozygous "," Viable",""
"Stard8","MGI:2448556","Stard8<tm1b(EUCOMM)Wtsi>","MGI:5548840","WTSI","MUAL","both","Homozygous "," Viable",""
"Stat1","MGI:103063","Stat1<tm2b(EUCOMM)Wtsi>","MGI:5766744","ICS","IP00006099a","both","Homozygous "," Viable",""
"Stat5b","MGI:103035","Stat5b<tm1.1(KOMP)Vlcg>","MGI:5529631","JAX","JR24351","both","Homozygous "," Viable",""
"Stk16","MGI:1313271","Stk16<tm1.1(KOMP)Vlcg>","MGI:5443938","JAX","JR18611","both","Homozygous "," Viable",""
"Stk31","MGI:1924735","Stk31<tm2b(KOMP)Wtsi>","MGI:5605799","TCP","TCPA0804Cre","both","Homozygous "," Viable",""
"Stk32c","MGI:2385336","Stk32c<tm2b(KOMP)Wtsi>","MGI:5634294","JAX","JR26631","both","Homozygous "," Viable",""
"Stk36","MGI:1920831","Stk36<em1J>","MGI:5605978","JAX","JR26819","both","Homozygous "," Viable",""
"Stra6l","MGI:1921402","Stra6l<tm1b(KOMP)Wtsi>","MGI:5548638","UC Davis","ET7870","both","Homozygous "," Viable",""
"Strn3","MGI:2151064","Strn3<tm1b(KOMP)Wtsi>","MGI:5468974","JAX","JR18693","both","Homozygous "," Lethal",""
"Stx16","MGI:1923396","Stx16<tm1b(KOMP)Wtsi>","MGI:5494475","JAX","JR22781","both","Homozygous "," Viable",""
"Stx18","MGI:1918366","Stx18<tm2b(KOMP)Wtsi>","MGI:5529067","JAX","JR24410","both","Homozygous "," Lethal",""
"Stx19","MGI:1915409","Stx19<tm1.1(KOMP)Vlcg>","MGI:5603918","JAX","JR25865","both","Homozygous "," Viable",""
"Stx3","MGI:103077","Stx3<tm1.1(KOMP)Vlcg>","MGI:5529499","JAX","JR24517","both","Homozygous "," Lethal",""
"Stxbp4","MGI:1342296","Stxbp4<tm1a(EUCOMM)Wtsi>","MGI:4441932","WTSI","MEKF","both","Homozygous "," Viable",""
"Stxbp5l","MGI:2443815","Stxbp5l<tm1.1(KOMP)Vlcg>","MGI:5695954","UC Davis","BL2533","both","Homozygous "," Viable",""
"Sufu","MGI:1345643","Sufu<tm1b(KOMP)Wtsi>","MGI:5569947","TCP","BL3339","both","Homozygous "," Lethal",""
"Sugt1","MGI:1915205","Sugt1<tm1b(KOMP)Wtsi>","MGI:5582433","UC Davis","BL3232","both","Homozygous "," Lethal",""
"Sult1b1","MGI:2136282","Sult1b1<tm1b(KOMP)Wtsi>","MGI:5692767","BCM","SULBB","both","Homozygous "," Viable",""
"Sult1c1","MGI:102928","Sult1c1<tm1b(KOMP)Wtsi>","MGI:5636889","WTSI","MUEV","both","Homozygous "," Viable",""
"Sumf1","MGI:1889844","Sumf1<tm1b(KOMP)Wtsi>","MGI:5708195","UC Davis","BL5172","both","Homozygous "," Lethal",""
"Sumo1","MGI:1197010","Sumo1<tm1.1(KOMP)Vlcg>","MGI:5708184","UC Davis","BL5570","both","Homozygous "," Subviable",""
"Supt3","MGI:1923723","Supt3<tm1a(EUCOMM)Hmgu>","MGI:4435781","WTSI","MGEJ","both","Homozygous "," Lethal",""
"Supt4a","MGI:107416","Supt4a<tm1b(EUCOMM)Hmgu>","MGI:5605739","TCP","TCPM0565Cre","both","Homozygous "," Lethal",""
"Supt5","MGI:1202400","Supt5<tm2a(KOMP)Wtsi>","MGI:4840996","WTSI","MFJT","both","Homozygous "," Lethal",""
"Svep1","MGI:1928849","Svep1<tm1b(EUCOMM)Hmgu>","MGI:5509058","JAX","JR23814","both","Homozygous "," Lethal",""
"Svs2","MGI:1858275","Svs2<tm1.1(KOMP)Vlcg>","MGI:5548489","UC Davis","BL2338","both","Homozygous "," Viable",""
"Syce1","MGI:1921325","Syce1<tm1b(KOMP)Wtsi>","MGI:5614613","JAX","JR26719","both","Homozygous "," Viable",""
"Syce1l","MGI:1922247","Syce1l<tm1.1(KOMP)Vlcg>","MGI:5634805","JAX","JR26674","both","Homozygous "," Viable",""
"Sycp3","MGI:109542","Sycp3<tm1.1(KOMP)Vlcg>","MGI:5494477","JAX","JR22784","both","Homozygous "," Viable",""
"Syn3","MGI:1351334","Syn3<tm1.1(KOMP)Vlcg>","MGI:5507835","JAX","JR23665","both","Homozygous "," Viable",""
"Syndig1l","MGI:2685107","Syndig1l<tm1.1(KOMP)Vlcg>","MGI:5548866","UC Davis","BL1472","both","Homozygous "," Viable",""
"Syne3","MGI:2442408","Syne3<tm1b(KOMP)Wtsi>","MGI:5548806","UC Davis","BL3161","both","Homozygous "," Viable",""
"Synj1","MGI:1354961","Synj1<tm1b(EUCOMM)Wtsi>","MGI:5636987","MRC Harwell","H-SYNJ1-C03-TM1B","both","Homozygous "," Lethal",""
"Synm","MGI:2661187","Synm<tm1.1(KOMP)Vlcg>","MGI:5548847","UC Davis","BL1765","both","Homozygous "," Viable",""
"Synpo2","MGI:2153070","Synpo2<tm1b(EUCOMM)Wtsi>","MGI:5548760","ICS","IP00005112a","both","Homozygous "," Lethal",""
"Sypl","MGI:108081","Sypl<tm1b(KOMP)Wtsi>","MGI:5513828","TCP","TCPM0573Cre","both","Homozygous "," Viable",""
"Syt1","MGI:99667","Syt1<tm1a(EUCOMM)Wtsi>","MGI:4433781","WTSI","MDNJ","both","Homozygous "," Subviable",""
"Syt16","MGI:2673872","Syt16<tm1a(EUCOMM)Wtsi>","MGI:4842316","WTSI","MFJL","both","Homozygous "," Viable",""
"Syt17","MGI:104966","Syt17<tm1b(KOMP)Wtsi>","MGI:5548356","UC Davis","BL2790","both","Homozygous "," Viable",""
"Taar2","MGI:2685071","Taar2<tm1.1(KOMP)Vlcg>","MGI:5548863","UC Davis","BL2358","both","Homozygous "," Viable",""
"Taar6","MGI:2685074","Taar6<tm1.1(KOMP)Vlcg>","MGI:5548865","UC Davis","ET5017","both","Homozygous "," Viable",""
"Taf6","MGI:109129","Taf6<tm1b(EUCOMM)Hmgu>","MGI:5751154","BCM","TAFBB","both","Homozygous "," Lethal",""
"Taf9b","MGI:3039562","Taf9b<tm1.1(KOMP)Vlcg>","MGI:5569962","UC Davis","BL4257","both","Homozygous "," Viable",""
"Tango6","MGI:2142786","Tango6<tm1b(EUCOMM)Hmgu>","MGI:5548745","MRC Harwell","H-TANGO6-D06-TM1B","both","Homozygous "," Lethal",""
"Tardbp","MGI:2387629","Tardbp<tm1b(EUCOMM)Wtsi>","MGI:5692816","MRC Harwell","H-TARDBP-C03-TM1B","both","Homozygous "," Lethal",""
"Tas2r102","MGI:2681171","Tas2r102<em1Bay>","-","BCM","TASTB","both","Homozygous "," Viable",""
"Tas2r131","MGI:2681280","Tas2r131<em1Bay>","-","BCM","TASRB","both","Homozygous "," Viable",""
"Tas2r138","MGI:2681306","Tas2r138<tm1.1(KOMP)Vlcg>","MGI:5629321","JAX","JR26609","both","Homozygous "," Viable",""
"Tatdn3","MGI:1916222","Tatdn3<tm1a(EUCOMM)Wtsi>","MGI:4431994","WTSI","MEKD","both","Homozygous "," Viable",""
"Tatdn3","MGI:1916222","Tatdn3<tm1b(EUCOMM)Wtsi>","MGI:5548575","WTSI","MUAS","both","Homozygous "," Viable",""
"Tbc1d22a","MGI:1289265","Tbc1d22a<tm1b(KOMP)Wtsi>","MGI:5636942","WTSI","MUEY","both","Homozygous "," Viable",""
"Tbc1d4","MGI:2429660","Tbc1d4<tm1b(EUCOMM)Hmgu>","MGI:5585586","JAX","JR26232","both","Homozygous "," Viable",""
"Tbccd1","MGI:1917823","Tbccd1<tm1b(EUCOMM)Hmgu>","MGI:5581733","BCM","TBCTB","both","Homozygous "," Viable",""
"Tbkbp1","MGI:1920424","Tbkbp1<tm1b(EUCOMM)Wtsi>","MGI:5548632","MRC Harwell","H-TBKBP1-A04-TM1B","both","Homozygous "," Viable",""
"Tbx10","MGI:1261436","Tbx10<tm2b(EUCOMM)Hmgu>","MGI:5561556","BCM","TBXAB","both","Homozygous "," Viable",""
"Tbx22","MGI:2389465","Tbx22<tm1.1(KOMP)Vlcg>","MGI:5468965","JAX","JR21591","both","Homozygous "," Viable",""
"Tbx4","MGI:102556","Tbx4<tm4b(EUCOMM)Wtsi>","MGI:5548329","TCP","BL3511","both","Homozygous "," Lethal",""
"Tcaim","MGI:1196217","Tcaim<tm1b(EUCOMM)Wtsi>","MGI:5577263","MRC Harwell","H-TCAIM-B11-TM1B","both","Homozygous "," Viable",""
"Tceal5","MGI:3036236","Tceal5<tm1a(KOMP)Wtsi>","MGI:4451413","WTSI","MEGQ","both","Homozygous "," Viable",""
"Tceal5","MGI:3036236","Tceal5<tm1b(KOMP)Wtsi>","MGI:5548883","WTSI","MUAM","both","Homozygous "," Viable",""
"Tcf19","MGI:103180","Tcf19<tm1b(EUCOMM)Hmgu>","MGI:5605734","TCP","TCPA0618Cre","both","Homozygous "," Viable",""
"Tcf4","MGI:98506","Tcf4<tm1a(EUCOMM)Wtsi>","MGI:4432303","WTSI","MDXP","both","Homozygous "," Subviable",""
"Tcf7l2","MGI:1202879","Tcf7l2<tm1a(EUCOMM)Wtsi>","MGI:4431951","WTSI","MEYN","both","Homozygous "," Lethal",""
"Tchp","MGI:1925082","Tchp<tm1a(EUCOMM)Wtsi>","MGI:4433203","WTSI","MGEH","both","Homozygous "," Viable",""
"Tcp11","MGI:98544","Tcp11<tm1a(EUCOMM)Wtsi>","MGI:4842472","WTSI","MFMT","both","Homozygous "," Viable",""
"Tcte1","MGI:98640","Tcte1<tm1a(KOMP)Wtsi>","MGI:4820083","WTSI","MEQN","both","Homozygous "," Viable",""
"Tctex1d2","MGI:1913311","Tctex1d2<tm1e(EUCOMM)Wtsi>","MGI:4431764","WTSI","MFYD","both","Homozygous "," Viable",""
"Tdrkh","MGI:1919884","Tdrkh<tm1b(KOMP)Wtsi>","MGI:5515780","JAX","JR24039","both","Homozygous "," Viable",""
"Tdrp","MGI:1919398","Tdrp<tm1.1(KOMP)Vlcg>","MGI:5569053","UC Davis","ET8169","both","Homozygous "," Viable",""
"Tead1","MGI:101876","Tead1<tm1a(KOMP)Wtsi>","MGI:4364091","BCM","Tead1 EPD0207_2_C09-1","both","Homozygous "," Lethal",""
"Tead1","MGI:101876","Tead1<tm1b(KOMP)Wtsi>","MGI:5548324","BCM","Tead1 EPD0207_2_C09 HOM","both","Homozygous "," Lethal",""
"Tep1","MGI:109573","Tep1<tm1b(NCOM)Mfgc>","MGI:5766168","TCP","TCPA0677Cre","both","Homozygous "," Viable",""
"Terb1","MGI:2443187","Terb1<tm1b(KOMP)Mbp>","MGI:5583074","UC Davis","BL4237","both","Homozygous "," Viable",""
"Tet1","MGI:1098693","Tet1<tm1a(KOMP)Wtsi>","MGI:5286193","WTSI","MGCW","both","Homozygous "," Viable",""
"Tex101","MGI:1930791","Tex101<tm1b(KOMP)Wtsi>","MGI:5630072","JAX","JR26605","both","Homozygous "," Viable",""
"Tex29","MGI:1922778","Tex29<tm1.1(KOMP)Vlcg>","MGI:5634807","JAX","JR25571","both","Homozygous "," Viable",""
"Tex37","MGI:1921471","Tex37<tm1.1(KOMP)Vlcg>","MGI:5548640","UC Davis","BL1380","both","Homozygous "," Viable",""
"Tex38","MGI:1922423","Tex38<tm1a(KOMP)Wtsi>","MGI:4363110","WTSI","MFDZ","both","Homozygous "," Viable",""
"Tex40","MGI:1914327","Tex40<tm1.1(KOMP)Vlcg>","MGI:5617262","JAX","JR25864","both","Homozygous "," Subviable",""
"Tfeb","MGI:103270","Tfeb<tm1a(EUCOMM)Wtsi>","MGI:4431759","BCM","TFEBB","both","Homozygous "," Lethal",""
"Tfeb","MGI:103270","Tfeb<tm1b(EUCOMM)Wtsi>","MGI:5548342","BCM","Tfeb EPD0454_1_A04","both","Homozygous "," Lethal",""
"Tfec","MGI:1333760","Tfec<tm1b(KOMP)Wtsi>","MGI:5548432","UC Davis","BL3311","both","Homozygous "," Viable",""
"Tff1","MGI:88135","Tff1<tm1a(EUCOMM)Wtsi>","MGI:4433486","WTSI","MDKX","both","Homozygous "," Viable",""
"Tgfb3","MGI:98727","Tgfb3<tm1.1(KOMP)Vlcg>","MGI:5695980","TCP","TCPM0848Cre","both","Homozygous "," Lethal",""
"Tgif2","MGI:1915299","Tgif2<tm1b(EUCOMM)Wtsi>","MGI:5692682","ICS","IP00005359a","both","Homozygous "," Lethal",""
"Tgm3","MGI:98732","Tgm3<tm1b(KOMP)Wtsi>","MGI:5617797","RBRC","RIKEN-Tgm3-B12_","both","Homozygous "," Viable",""
"Tgm6","MGI:3044321","Tgm6<tm1a(KOMP)Wtsi>","MGI:4841076","WTSI","MGKM","both","Homozygous "," Viable",""
"Thada","MGI:3039623","Thada<tm1b(KOMP)Wtsi>","MGI:5548889","BCM","Thada EPD0693_2_C09 HOM","both","Homozygous "," Viable",""
"Thbd","MGI:98736","Thbd<tm1.1(KOMP)Vlcg>","MGI:5603359","UC Davis","BL4656","both","Homozygous "," Lethal",""
"Thbs1","MGI:98737","Thbs1<tm1.1(KOMP)Vlcg>","MGI:5582449","UC Davis","BL4259","both","Homozygous "," Viable",""
"Theg","MGI:1338756","Theg<tm1b(KOMP)Wtsi>","MGI:5588271","JAX","JR26029","both","Homozygous "," Viable",""
"Thegl","MGI:1919118","Thegl<tm1b(KOMP)Wtsi>","MGI:5548609","BCM","1700023E05Rik EPD0762_5_G04","both","Homozygous "," Viable",""
"Thpo","MGI:101875","Thpo<tm1.1(KOMP)Vlcg>","MGI:5548323","UC Davis","BL3483","both","Homozygous "," Viable",""
"Thra","MGI:98742","Thra<tm1b(EUCOMM)Wtsi>","MGI:5614615","JAX","JR25848","both","Homozygous "," Subviable",""
"Thra","MGI:98742","Thra<tm1b(EUCOMM)Wtsi>","MGI:5614615","ICS","IP00005646a","both","Homozygous "," Subviable",""
"Thsd1","MGI:1929096","Thsd1<tm1.1(KOMP)Vlcg>","MGI:5505900","JAX","JR21839","both","Homozygous "," Viable",""
"Thsd7a","MGI:2685683","Thsd7a<tm1b(KOMP)Mbp>","MGI:5635392","JAX","JR27218","both","Homozygous "," Viable",""
"Timm22","MGI:1929742","Timm22<tm1b(KOMP)Wtsi>","MGI:5529629","JAX","JR24406","both","Homozygous "," Lethal",""
"Timm50","MGI:1913775","Timm50<tm1b(EUCOMM)Wtsi>","MGI:5548523","ICS","IP00004892a","both","Homozygous "," Lethal",""
"Timp3","MGI:98754","Timp3<tm1.1(KOMP)Vlcg>","MGI:5445932","JAX","JR18639","both","Homozygous "," Viable",""
"Tlk1","MGI:2441683","Tlk1<tm1b(EUCOMM)Hmgu>","MGI:5635402","JAX","JR27297","both","Homozygous "," Viable",""
"Tlr2","MGI:1346060","Tlr2<tm1.1(KOMP)Vlcg>","MGI:5692628","UC Davis","ET10008","both","Homozygous "," Viable",""
"Tlr4","MGI:96824","Tlr4<tm1.1(KOMP)Vlcg>","MGI:5708281","UC Davis","BL5325","both","Homozygous "," Viable",""
"Tm4sf4","MGI:2385173","Tm4sf4<tm1.1(KOMP)Vlcg>","MGI:5548789","UC Davis","BL2273","both","Homozygous "," Viable",""
"Tm9sf4","MGI:2139220","Tm9sf4<tm1a(KOMP)Wtsi>","MGI:4363779","WTSI","MDGW","both","Homozygous "," Viable",""
"Tmbim7","MGI:1922305","Tmbim7<tm1.1(KOMP)Vlcg>","MGI:5695928","UC Davis","BL3476","both","Homozygous "," Subviable",""
"Tmc3","MGI:2669033","Tmc3<tm2b(KOMP)Wtsi>","MGI:5548850","WTSI","MUBQ","both","Homozygous "," Viable",""
"Tmc6","MGI:1098686","Tmc6<tm1a(EUCOMM)Wtsi>","MGI:4434247","WTSI","MCVS","both","Homozygous "," Viable",""
"Tmed10","MGI:1915831","Tmed10<tm1.1(KOMP)Vlcg>","MGI:5695918","UC Davis","BL3579","both","Homozygous "," Lethal",""
"Tmem100","MGI:1915138","Tmem100<tm1e.1(KOMP)Wtsi>","MGI:5548552","TCP","TCPA0049Cre","both","Homozygous "," Lethal",""
"Tmem106b","MGI:1919150","Tmem106b<tm2b(KOMP)Wtsi>","MGI:5548613","UC Davis","BL3374","both","Homozygous "," Viable",""
"Tmem108","MGI:1932411","Tmem108<tm1b(EUCOMM)Wtsi>","MGI:5548724","ICS","IP00005450a","both","Homozygous "," Viable",""
"Tmem110","MGI:1921500","Tmem110<tm2b(KOMP)Wtsi>","MGI:5637076","WTSI","PMAC","both","Homozygous "," Viable",""
"Tmem119","MGI:2385228","Tmem119<tm1.1(KOMP)Vlcg>","MGI:5583072","UC Davis","BL4068","both","Homozygous "," Viable",""
"Tmem126a","MGI:1913521","Tmem126a<tm1a(EUCOMM)Wtsi>","MGI:4432149","WTSI","MEJS","both","Homozygous "," Viable",""
"Tmem127","MGI:1916720","Tmem127<tm1(KOMP)Wtsi>","MGI:4419725","WTSI","MFJN","both","Homozygous "," Viable",""
"Tmem132a","MGI:2147810","Tmem132a<tm1b(KOMP)Wtsi>","MGI:5548753","BCM","Tmem132a EPD0111_5_B06","both","Homozygous "," Lethal",""
"Tmem136","MGI:2685030","Tmem136<tm1.1(KOMP)Vlcg>","MGI:5468987","JAX","JR18629","both","Homozygous "," Viable",""
"Tmem151b","MGI:2685169","Tmem151b<tm1b(KOMP)Wtsi>","MGI:5494963","JAX","JR23060","both","Homozygous "," Viable",""
"Tmem173","MGI:1919762","Tmem173<tm1b(KOMP)Mbp>","-","UC Davis","BL5535","both","Homozygous "," Viable",""
"Tmem181a","MGI:1924356","Tmem181a<tm1b(EUCOMM)Wtsi>","MGI:5585726","JAX","JR25846","both","Homozygous "," Viable",""
"Tmem184b","MGI:2445179","Tmem184b<tm1.1(KOMP)Vlcg>","MGI:5583076","UC Davis","BL4061","both","Homozygous "," Subviable",""
"Tmem185a","MGI:2448555","BC023829<tm1a(KOMP)Wtsi>","-","WTSI","MECU","both","Homozygous "," Viable",""
"Tmem189","MGI:2142624","Tmem189<tm1a(KOMP)Wtsi>","MGI:4363077","WTSI","MBCZ","both","Homozygous "," Viable",""
"Tmem241","MGI:2442435","Tmem241<tm1b(EUCOMM)Wtsi>","MGI:5637138","WTSI","PMBR","both","Homozygous "," Viable",""
"Tmem248","MGI:1918917","Tmem248<tm1.1(KOMP)Vlcg>","MGI:5569952","UC Davis","BL1425","both","Homozygous "," Viable",""
"Tmem254b","MGI:3710397","Tmem254b<tm1a(KOMP)Wtsi>","MGI:4944325","WTSI","MFHM","both","Homozygous "," Viable",""
"Tmem256","MGI:1916436","Tmem256<tm1.1(KOMP)Vlcg>","MGI:5573272","UC Davis","BL1324","both","Homozygous "," Viable",""
"Tmem30a","MGI:106402","Tmem30a<tm1a(KOMP)Wtsi>","MGI:5286179","WTSI","MGNA","both","Homozygous "," Lethal",""
"Tmem30b","MGI:2442082","Tmem30b<tm1b(EUCOMM)Wtsi>","MGI:5692820","UC Davis","BL5165","both","Homozygous "," Viable",""
"Tmem42","MGI:1277176","Tmem42<tm1b(KOMP)Wtsi>","MGI:5636939","WTSI","MUEX","both","Homozygous "," Viable",""
"Tmem43","MGI:1921372","Tmem43<tm1b(EUCOMM)Wtsi>","MGI:5550594","BCM","TMECB","both","Homozygous "," Viable",""
"Tmem63a","MGI:2384789","Tmem63a<tm1(KOMP)Vlcg>","MGI:5051187","NING","Tmem63a_AF1-1","both","Homozygous "," Viable",""
"Tmem63b","MGI:2387609","Tmem63b<tm1b(EUCOMM)Wtsi>","MGI:5548796","ICS","IP00005432a","both","Homozygous "," Lethal",""
"Tmem79","MGI:1919163","Tmem79<tm1.1(KOMP)Wtsi>","MGI:5632528","JAX","JR26484","both","Homozygous "," Viable",""
"Tmem97","MGI:1916321","Tmem97<tm1.1(KOMP)Vlcg>","MGI:5548577","UC Davis","BL2323","both","Homozygous "," Viable",""
"Tmod2","MGI:1355335","Tmod2<tm1b(KOMP)Wtsi>","MGI:5609348","JAX","JR24939","both","Homozygous "," Viable",""
"Tnfrsf17","MGI:1343050","Tnfrsf17<tm1.1(KOMP)Vlcg>","MGI:5605758","UC Davis","TCPM0850Cre","both","Homozygous "," Viable",""
"Tnfrsf18","MGI:894675","Tnfrsf18<tm1.1(KOMP)Vlcg>","MGI:5583084","UC Davis","BL4219","both","Homozygous "," Viable",""
"Tnfrsf9","MGI:1101059","Tnfrsf9<tm1b(EUCOMM)Wtsi>","MGI:5548402","ICS","IP00005662a","both","Homozygous "," Subviable",""
"Tnfsf18","MGI:2673064","Tnfsf18<tm1.1(KOMP)Vlcg>","MGI:5614617","JAX","JR26438","both","Homozygous "," Viable",""
"Tnik","MGI:1916264","Tnik<tm3a(EUCOMM)Wtsi>","MGI:5002995","WTSI","MDGH","both","Homozygous "," Viable",""
"Tnks2","MGI:1921743","Tnks2<tm1b(KOMP)Wtsi>","MGI:5473325","JAX","JR26483","both","Homozygous "," Viable",""
"Tnni2","MGI:105070","Tnni2<tm1.1(KOMP)Vlcg>","MGI:5569035","TCP","ET7909_TCP","both","Homozygous "," Lethal",""
"Tnpo2","MGI:2384849","Tnpo2<tm1b(EUCOMM)Hmgu>","MGI:5756072","BCM","TNPPB","both","Homozygous "," Viable",""
"Tnxb","MGI:1932137","Tnxb<tm1b(EUCOMM)Hmgu>","MGI:5692761","MRC Harwell","H-TNXB-C05-TM1B","both","Homozygous "," Viable",""
"Toe1","MGI:1915526","Toe1<tm1.1(KOMP)Vlcg>","MGI:5635449","JAX","JR26831","both","Homozygous "," Lethal",""
"Tomm20l","MGI:1922516","Tomm20l<tm1a(EUCOMM)Wtsi>","MGI:4441690","WTSI","MEJY","both","Homozygous "," Viable",""
"Tomm20l","MGI:1922516","Tomm20l<tm1b(EUCOMM)Wtsi>","MGI:5548653","WTSI","MUAR","both","Homozygous "," Viable",""
"Toporsl","MGI:1915524","Toporsl<tm1.1(KOMP)Vlcg>","MGI:5574601","UC Davis","BL4779","both","Homozygous "," Viable",""
"Tox3","MGI:3039593","Tox3<tm1b(KOMP)Mbp>","MGI:5548886","TCP","BL2283","both","Homozygous "," Subviable",""
"Tpcn1","MGI:2182472","Tpcn1<tm1.1(KOMP)Vlcg>","MGI:5614621","JAX","JR26542","both","Homozygous "," Viable",""
"Tpcn2","MGI:2385297","Tpcn2<tm1b(EUCOMM)Hmgu>","MGI:5548791","MRC Harwell","H-Tpcn2-C10-TM1B","both","Homozygous "," Viable",""
"Tpd52l2","MGI:1913564","Tpd52l2<tm1a(KOMP)Wtsi>","MGI:4363000","WTSI","MAJT","both","Homozygous "," Viable",""
"Tpgs2","MGI:1913898","Tpgs2<tm1.1(KOMP)Vlcg>","MGI:5468968","JAX","JR21752","both","Homozygous "," Viable",""
"Tppp","MGI:1920198","Tppp<tm1.1(KOMP)Vlcg>","MGI:5554931","JAX","JR24900","both","Homozygous "," Viable",""
"Tpr","MGI:1922066","Tpr<tm2b(EUCOMM)Wtsi>","MGI:5609352","JAX","JR26606","both","Homozygous "," Lethal",""
"Tprn","MGI:2139535","Tprn<tm1.1(KOMP)Vlcg>","MGI:5445918","JAX","JR18606","both","Homozygous "," Viable",""
"Traf2","MGI:101835","Traf2<tm1a(EUCOMM)Wtsi>","MGI:4452008","WTSI","MFVP","both","Homozygous "," Lethal",""
"Traf6","MGI:108072","Traf6<tm2a(EUCOMM)Wtsi>","MGI:4840586","WTSI","MFXR","both","Homozygous "," Lethal",""
"Tram2","MGI:1924817","Tram2<tm1a(KOMP)Wtsi>","MGI:4949327","WTSI","MFKX","both","Homozygous "," Viable",""
"Trappc10","MGI:1336209","Trappc10<tm1b(KOMP)Wtsi>","MGI:5636961","WTSI","MUDB","both","Homozygous "," Viable",""
"Trappc2","MGI:1913476","Trappc2<tm1.1(KOMP)Vlcg>","MGI:5548516","UC Davis","BL3674","both","Homozygous "," Viable",""
"Trappc9","MGI:1923760","Trappc9<tm1a(EUCOMM)Wtsi>","MGI:4461737","WTSI","MFWT","both","Homozygous "," Viable",""
"Trem1","MGI:1930005","Trem1<tm1(KOMP)Vlcg>","MGI:4415423","WTSI","MFZX","both","Homozygous "," Viable",""
"Treml1","MGI:1918576","Treml1<tm1b(EUCOMM)Hmgu>","MGI:5692706","MRC Harwell","H-TREML1-D08-TM1B","both","Homozygous "," Viable",""
"Trib1","MGI:2443397","Trib1<tm1b(KOMP)Wtsi>","MGI:5637148","BCM","TRIDB","both","Homozygous "," Lethal",""
"Trim17","MGI:1861440","Trim17<tm1e(EUCOMM)Wtsi>","MGI:4452788","WTSI","MEEC","both","Homozygous "," Viable",""
"Trim29","MGI:1919419","Trim29<tm1a(EUCOMM)Wtsi>","MGI:4434517","WTSI","MEJT","both","Homozygous "," Viable",""
"Trim29","MGI:1919419","Trim29<tm1b(EUCOMM)Wtsi>","MGI:5548617","WTSI","MUAD","both","Homozygous "," Viable",""
"Trim56","MGI:2685298","Trim56<tm1a(EUCOMM)Wtsi>","MGI:5527611","WTSI","MGMD","both","Homozygous "," Viable",""
"Trim65","MGI:2442815","Trim65<tm1b(KOMP)Wtsi>","MGI:5637142","WTSI","MUGH","both","Homozygous "," Viable",""
"Trim71","MGI:2685973","Trim71<tm1.1(KOMP)Vlcg>","MGI:5708258","UC Davis","BL5498","both","Homozygous "," Lethal",""
"Trip13","MGI:1916966","Trip13<tm1.1(KOMP)Vlcg>","MGI:5443928","JAX","JR18553","both","Homozygous "," Viable",""
"Trmt1","MGI:1289155","Trmt1<tm1b(EUCOMM)Hmgu>","MGI:5634291","ICS","IP00005710a","both","Homozygous "," Subviable",""
"Trmt2a","MGI:96270","Trmt2a<tm2b(EUCOMM)Wtsi>","MGI:5548943","WTSI","MUFP","both","Homozygous "," Viable",""
"Trp53bp2","MGI:2138319","Trp53bp2<tm1b(EUCOMM)Hmgu>","MGI:5694181","MRC Harwell","H-TRP53BP2-A12-TM1B","both","Homozygous "," Lethal",""
"Trp53rkb","MGI:1914050","Trp53rkb<tm1a(EUCOMM)Wtsi>","MGI:4820320","WTSI","MFJA","both","Homozygous "," Viable",""
"Trpc3","MGI:109526","Trpc3<tm1b(EUCOMM)Wtsi>","MGI:5550592","RBRC","RIKEN-Trpc3-D08_","both","Homozygous "," Lethal",""
"Trpc5","MGI:109524","Trpc5<tm1b(KOMP)Wtsi>","MGI:5568480","RBRC","RIKEN-Trpc5-B02_","both","Homozygous "," Viable",""
"Trpc6","MGI:109523","Trpc6<tm1.1(NCOM)Mfgc>","MGI:5766207","RBRC","RIKEN-N01992P1_C_198W_F10","both","Homozygous "," Viable",""
"Trpm1","MGI:1330305","Trpm1<tm1b(KOMP)Wtsi>","MGI:5636954","MRC Harwell","H-TRPM1-E06-TM1B","both","Homozygous "," Viable",""
"Trub2","MGI:2442186","Trub2<tm2a(EUCOMM)Wtsi>","MGI:4840623","WTSI","MFJX","both","Homozygous "," Lethal",""
"Try4","MGI:102757","Try4<tm1.1(KOMP)Vlcg>","MGI:5634808","JAX","JR26534","both","Homozygous "," Viable",""
"Tsfm","MGI:1913649","Tsfm<tm1a(EUCOMM)Wtsi>","MGI:4432572","WTSI","MDFF","both","Homozygous "," Lethal",""
"Tslp","MGI:1855696","Tslp<tm1.1(KOMP)Vlcg>","MGI:5695905","UC Davis","BL1297","both","Homozygous "," Viable",""
"Tspan18","MGI:1917186","Tspan18<tm1.1(KOMP)Vlcg>","MGI:5471282","JAX","JR21483","both","Homozygous "," Viable",""
"Tspo","MGI:88222","Tspo<tm1b(EUCOMM)Wtsi>","MGI:5614711","HMGU","HMGU-EPD0803_2_H02-2-1","both","Homozygous "," Viable",""
"Tspyl2","MGI:106244","Tspyl2<tm1b(KOMP)Wtsi>","MGI:5548366","BCM","Tspyl2 EPD0706_5_B03","both","Homozygous "," Viable",""
"Tssk5","MGI:1920792","Tssk5<tm1.1(KOMP)Vlcg>","MGI:5585594","JAX","JR26169","both","Homozygous "," Viable",""
"Tst","MGI:98852","Tst<tm1.1(KOMP)Vlcg>","MGI:5569084","UC Davis","ET8409","both","Homozygous "," Viable",""
"Ttc28","MGI:2140873","Ttc28<tm1b(EUCOMM)Hmgu>","MGI:5513829","TCP","TCPA0127Cre","both","Homozygous "," Viable",""
"Ttc30a2","MGI:3700200","Ttc30a2<tm1.1(KOMP)Vlcg>","MGI:5548910","UC Davis","BL2275","both","Homozygous "," Viable",""
"Ttll10","MGI:1921855","Ttll10<em1J>","MGI:5607785","JAX","JR26909","both","Homozygous "," Viable",""
"Ttll11","MGI:1921660","Ttll11<tm1a(EUCOMM)Wtsi>","MGI:4820338","WTSI","MELC","both","Homozygous "," Viable",""
"Ttll6","MGI:2683461","Ttll6<tm1.1(KOMP)Vlcg>","MGI:5605489","JAX","JR25517","both","Homozygous "," Viable",""
"Tuba3a","MGI:1095406","Tuba3a<tm1b(KOMP)Wtsi>","MGI:5636920","WTSI","MUEQ","both","Homozygous "," Viable",""
"Tubb4a","MGI:107848","Tubb4a<tm1.1(KOMP)Wtsi>","MGI:5634810","JAX","JR26532","both","Homozygous "," Viable",""
"Tuft1","MGI:109572","Tuft1<tm1a(KOMP)Wtsi>","MGI:4419443","WTSI","MGQB","both","Homozygous "," Viable",""
"Tulp3","MGI:1329045","Tulp3<tm1b(EUCOMM)Hmgu>","MGI:5548429","MRC Harwell","H-TULP3-B01-TM1B","both","Homozygous "," Lethal",""
"Twist2","MGI:104685","Twist2<tm1.1(KOMP)Vlcg>","MGI:5548349","UC Davis","BL3655","both","Homozygous "," Subviable",""
"Txndc5","MGI:2145316","Txndc5<tm1.1(KOMP)Vlcg>","MGI:5695945","UC Davis","BL3824","both","Homozygous "," Viable",""
"Txnip","MGI:1889549","Txnip<tm1b(EUCOMM)Hmgu>","MGI:5637001","MRC Harwell","H-TXNIP-F08-TM1B","both","Homozygous "," Viable",""
"Ubash3a","MGI:1926074","Ubash3a<tm1a(KOMP)Wtsi>","MGI:4940752","WTSI","MDZN","both","Homozygous "," Viable",""
"Ubash3a","MGI:1926074","Ubash3a<tm1b(KOMP)Wtsi>","MGI:5605803","HMGU","HMGU-EPD0736_4_B10-1","both","Homozygous "," Viable",""
"Ube2b","MGI:102944","Ube2b<tm1b(EUCOMM)Wtsi>","MGI:5548336","MRC Harwell","H-Ube2b-D01-TM1B","both","Homozygous "," Subviable",""
"Ube2c","MGI:1915862","Ube2c<tm1.1(KOMP)Wtsi>","MGI:5490487","JAX","JR22817","both","Homozygous "," Lethal",""
"Ube2e2","MGI:2384997","Ube2e2<tm1b(KOMP)Wtsi>","MGI:5548787","UC Davis","BL1487","both","Homozygous "," Viable",""
"Ube2e2","MGI:2384997","Ube2e2<tm1b(KOMP)Wtsi>","MGI:5548787","MRC Harwell","H-Ube2e2-A11-TM1B","both","Homozygous "," Viable",""
"Ube2g1","MGI:1914378","Ube2g1<tm1b(EUCOMM)Hmgu>","MGI:5577267","RBRC","RIKEN-Ube2g1-B02_","both","Homozygous "," Viable",""
"Ube2h","MGI:104632","Ube2h<tm1b(EUCOMM)Hmgu>","MGI:5692550","NING","Ube2h_HEPD0679_4_B07-1","both","Homozygous "," Lethal",""
"Ube2j1","MGI:1926245","Ube2j1<tm1.1(NCOM)Mfgc>","MGI:5766208","RBRC","RIKEN-N02070P1_C_236W_B6","both","Homozygous "," Viable",""
"Ube2m","MGI:108278","Ube2m<tm1.1(KOMP)Wtsi>","MGI:5515621","JAX","JR24027","both","Homozygous "," Lethal",""
"Ube2o","MGI:2444266","Ube2o<tm1.1(KOMP)Mbp>","MGI:5477804","JAX","JR22419","both","Homozygous "," Subviable",""
"Ube2u","MGI:3588216","Ube2u<tm1e.1(KOMP)Wtsi>","MGI:5637184","MRC Harwell","H-UBE2U-F06-TM1B","both","Homozygous "," Viable",""
"Ube3c","MGI:2140998","Ube3c<tm1b(EUCOMM)Hmgu>","MGI:5565262","RBRC","RIKEN-Ube3c-B01_","both","Homozygous "," Viable",""
"Ublcp1","MGI:1933105","Ublcp1<tm1b(KOMP)Wtsi>","MGI:5548725","BCM","Ublcp1 EPD0652_6_B08","both","Homozygous "," Subviable",""
"Ubn1","MGI:1891307","Ubn1<em1J>","MGI:5629302","JAX","JR27475","both","Homozygous "," Viable",""
"Ubox5","MGI:2154658","Ubox5<tm1b(EUCOMM)Hmgu>","MGI:5513832","TCP","TCPM0208Cre","both","Homozygous "," Viable",""
"Ubr2","MGI:1861099","Ubr2<tm1e.1(KOMP)Mbp>","MGI:5766159","UC Davis","TCPM0815Cre","both","Homozygous "," Subviable",""
"Uchl5","MGI:1914848","Uchl5<tm1(NCOM)Mfgc>","MGI:4880413","NING","Uch15_N01863P1_W173F9-1","both","Homozygous "," Lethal",""
"Ucn3","MGI:1932970","Ucn3<tm1.1(KOMP)Vlcg>","MGI:5695941","UC Davis","BL3800","both","Homozygous "," Viable",""
"Ucp1","MGI:98894","Ucp1<tm1b(EUCOMM)Hmgu>","MGI:5692920","HMGU","HMGU-HEPD0676_4_E07-1-1","both","Homozygous "," Viable",""
"Uevld","MGI:1860490","Uevld<tm1a(EUCOMM)Wtsi>","MGI:4434449","WTSI","MFTT","both","Homozygous "," Viable",""
"Uhrf2","MGI:1923718","Uhrf2<tm1b(EUCOMM)Wtsi>","MGI:5605797","TCP","TCPA0706Cre","both","Homozygous "," Subviable",""
"Unc119","MGI:1328357","Unc119<tm1.1(KOMP)Vlcg>","MGI:5548428","UC Davis","BL3658","both","Homozygous "," Viable",""
"Unc119b","MGI:2147162","Unc119b<tm1.1(KOMP)Vlcg>","MGI:5695949","UC Davis","BL3750","both","Homozygous "," Viable",""
"Unc13b","MGI:1342278","Unc13b<tm1b(KOMP)Wtsi>","MGI:5548450","UC Davis","BL3431","both","Homozygous "," Subviable",""
"Unc45a","MGI:2142246","Unc45a<tm1b(EUCOMM)Hmgu>","MGI:5759982","HMGU","HMGU-HEPD0073_3_D09-1-1","both","Homozygous "," Lethal",""
"Uqcrb","MGI:1914780","Uqcrb<tm1b(EUCOMM)Wtsi>","MGI:5548543","HMGU","HMGU-EPD0788_2_H05-1-1","both","Homozygous "," Lethal",""
"Uri1","MGI:1342294","Uri1<tm1a(EUCOMM)Wtsi>","MGI:4942141","WTSI","MFEW","both","Homozygous "," Viable",""
"Usf3","MGI:2685454","Usf3<tm2b(EUCOMM)Wtsi>","MGI:5766209","BCM","Gm608 EPD0431_5_F01","both","Homozygous "," Subviable",""
"Ush1c","MGI:1919338","Ush1c<tm1a(KOMP)Wtsi>","MGI:4363497","WTSI","MCSB","both","Homozygous "," Viable",""
"Ushbp1","MGI:1922920","Ushbp1<tm1a(EUCOMM)Wtsi>","MGI:4460519","WTSI","MFGU","both","Homozygous "," Viable",""
"Usmg5","MGI:1891435","Usmg5<tm1b(EUCOMM)Wtsi>","MGI:5692650","MRC Harwell","H-USMG5-C06-TM1B","both","Homozygous "," Viable",""
"Usp10","MGI:894652","Usp10<tm1(NCOM)Mfgc>","MGI:4880482","NING","Usp10_N01994P1_W199C5-1","both","Homozygous "," Lethal",""
"Usp11","MGI:2384312","Usp11<tm1(KOMP)Wtsi>","MGI:4419682","WTSI","MFVM","both","Homozygous "," Viable",""
"Usp12","MGI:1270128","Usp12<tm1b(EUCOMM)Hmgu>","MGI:5548414","HMGU","GSF-HEPD0538_7_A07-1-2","both","Homozygous "," Viable",""
"Usp14","MGI:1928898","Usp14<tm2b(EUCOMM)Wtsi>","MGI:5637099","MRC Harwell","H-USP14-G09-TM1B","both","Homozygous "," Lethal",""
"Usp16","MGI:1921362","Usp16<tm1b(EUCOMM)Hmgu>","MGI:5618768","NING","Usp16_HEPD0638_8_C08-1","both","Homozygous "," Lethal",""
"Usp2","MGI:1858178","Usp2<tm1b(EUCOMM)Wtsi>","MGI:5636991","MRC Harwell","H-USP2-A07-TM1B","both","Homozygous "," Viable",""
"Usp21","MGI:1353665","Usp21<tm1a(EUCOMM)Wtsi>","MGI:4887724","WTSI","MECN","both","Homozygous "," Viable",""
"Usp22","MGI:2144157","Usp22<tm1a(KOMP)Wtsi>","MGI:4364127","WTSI","MDUW","both","Homozygous "," Lethal",""
"Usp22","MGI:2144157","Usp22<tm1b(KOMP)Wtsi>","MGI:5548748","MRC Harwell","H-USP22-D11-TM1B","both","Homozygous "," Lethal",""
"Usp24","MGI:1919936","Usp24<tm1a(KOMP)Wtsi>","MGI:4847688","WTSI","MESV","both","Homozygous "," Viable",""
"Usp3","MGI:2152450","Usp3<tm1a(EUCOMM)Wtsi>","MGI:4432395","WTSI","MDGD","both","Homozygous "," Subviable",""
"Usp3","MGI:2152450","Usp3<tm1b(EUCOMM)Wtsi>","MGI:5548759","MRC Harwell","H-USP3-A11-TM1B","both","Homozygous "," Subviable",""
"Usp36","MGI:1919594","Usp36<tm1b(EUCOMM)Hmgu>","MGI:5605789","NING","Usp36_HEPD0559_1_C09-1","both","Homozygous "," Lethal",""
"Usp38","MGI:1922091","Usp38<tm1b(EUCOMM)Hmgu>","MGI:5548650","MRC Harwell","H-USP38-D12-TM1B","both","Homozygous "," Viable",""
"Usp39","MGI:107622","Usp39<tm1b(EUCOMM)Hmgu>","MGI:5605740","NING","Usp39_HEPD0763_5_C04-1","both","Homozygous "," Lethal",""
"Usp45","MGI:101850","Usp45<em2H>","-","MRC Harwell","H-USP45-DEL512-EM1-B6N","both","Homozygous "," Viable",""
"Usp47","MGI:1922246","Usp47<tm1b(EUCOMM)Wtsi>","MGI:5605792","NING","Usp47 EPD0676_2_C08-1","both","Homozygous "," Viable",""
"Usp5","MGI:1347343","Usp5<tm1a(EUCOMM)Hmgu>","MGI:4942058","WTSI","MGJB","both","Homozygous "," Lethal",""
"Usp50","MGI:1922333","Usp50<tm1(KOMP)Vlcg>","MGI:5293035","NING","USP50_19064A-C1","both","Homozygous "," Lethal",""
"Usp54","MGI:1926037","Usp54<tm1b(KOMP)Wtsi>","MGI:5694179","MRC Harwell","H-USP54-B10-TM1B","both","Homozygous "," Viable",""
"Uts2b","MGI:2677064","Uts2b<tm1.1(KOMP)Mbp>","MGI:5548854","UC Davis","BL2351","both","Homozygous "," Viable",""
"Vcpkmt","MGI:2684917","Vcpkmt<tm1.1(KOMP)Vlcg>","MGI:5575900","JAX","JR24944","both","Homozygous "," Viable",""
"Vegfb","MGI:106199","Vegfb<tm1b(EUCOMM)Hmgu>","MGI:5529627","JAX","JR24407","both","Homozygous "," Viable",""
"Vezt","MGI:2143698","Vezt<tm1b(EUCOMM)Hmgu>","MGI:5585593","JAX","JR26170","both","Homozygous "," Lethal",""
"Vps13a","MGI:2444304","Vps13a<tm1b(EUCOMM)Wtsi>","MGI:5637150","WTSI","MUDS","both","Homozygous "," Viable",""
"Vps13c","MGI:2444207","Vps13c<tm1b(EUCOMM)Hmgu>","MGI:5548822","HMGU","H4338-HEPD0570_6_G06-1","both","Homozygous "," Viable",""
"Vps13d","MGI:2448530","Vps13d<tm1e.1(KOMP)Wtsi>","-","TCP","TCPA0183Cre","both","Homozygous "," Lethal",""
"Vps25","MGI:106354","Vps25<tm1.1(KOMP)Vlcg>","MGI:5695878","TCP","TCPA0147Cre","both","Homozygous "," Lethal",""
"Vps33b","MGI:2446237","Vps33b<tm1a(EUCOMM)Wtsi>","MGI:4431968","WTSI","MEXC","both","Homozygous "," Lethal",""
"Vps37d","MGI:2159402","Vps37d<tm2b(EUCOMM)Wtsi>","MGI:5548767","BCM","Vps37d EPD0554_9_D02-1","both","Homozygous "," Lethal",""
"Vps4a","MGI:1890520","Vps4a<tm1b(EUCOMM)Hmgu>","MGI:5561562","BCM","VPSSB","both","Homozygous "," Lethal",""
"Vps51","MGI:1915755","Vps51<tm1a(KOMP)Wtsi>","MGI:4458528","WTSI","MFDC","both","Homozygous "," Lethal",""
"Vps53","MGI:1915549","Vps53<tm1a(KOMP)Wtsi>","MGI:4451513","WTSI","MDJZ","both","Homozygous "," Lethal",""
"Vps72","MGI:1202305","Vps72<tm1a(EUCOMM)Wtsi>","MGI:5008033","WTSI","MFUE","both","Homozygous "," Lethal",""
"Vsig4","MGI:2679720","Vsig4<tm1b(EUCOMM)Hmgu>","MGI:5529618","JAX","JR24408","both","Homozygous "," Viable",""
"Vsig8","MGI:3642995","Vsig8<tm1.1(KOMP)Mbp>","MGI:5493273","JAX","JR23019","both","Homozygous "," Viable",""
"Vsir","MGI:1921298","Vsir<tm1.1(KOMP)Vlcg>","MGI:5558156","UC Davis","BL3247","both","Homozygous "," Subviable",""
"Vti1a","MGI:1855699","Vti1a<tm1.1(KOMP)Vlcg>","MGI:5548487","UC Davis","BL3599","both","Homozygous "," Viable",""
"Vwa3a","MGI:3041229","Vwa3a<tm1b(KOMP)Wtsi>","MGI:5637178","WTSI","MUHQ","both","Homozygous "," Viable",""
"Vwa8","MGI:1919008","Vwa8<tm1b(EUCOMM)Wtsi>","MGI:5614704","HMGU","HMGU-EPD0510_5_A02-1-1","both","Homozygous "," Viable",""
"Wars","MGI:104630","Wars<tm1b(EUCOMM)Hmgu>","MGI:5548346","HMGU","H4336-HEPD0563_6_G06-1","both","Homozygous "," Lethal",""
"Wars2","MGI:1917810","Wars2<tm1.1(KOMP)Vlcg>","MGI:5468955","JAX","JR21936","both","Homozygous "," Lethal",""
"Wbp5","MGI:109567","Wbp5<tm1a(KOMP)Wtsi>","MGI:4455578","WTSI","MEGM","both","Homozygous "," Viable",""
"Wbscr17","MGI:2137594","Wbscr17<tm1.1(KOMP)Vlcg>","MGI:5695943","UC Davis","BL3534","both","Homozygous "," Viable",""
"Wdr12","MGI:1927241","Wdr12<tm1.1(KOMP)Vlcg>","MGI:5445742","JAX","JR18573","both","Homozygous "," Lethal",""
"Wdr17","MGI:1924662","Wdr17<em1J>","MGI:5649014","JAX","JR27613","both","Homozygous "," Viable",""
"Wdr3","MGI:2443143","Wdr3<tm1a(KOMP)Wtsi>","MGI:4362309","WTSI","MAJZ","both","Homozygous "," Subviable",""
"Wdr36","MGI:1917819","Wdr36<tm1.1(KOMP)Vlcg>","MGI:5603579","JAX","JR25389","both","Homozygous "," Lethal",""
"Wdr37","MGI:1920393","Wdr37<tm1a(KOMP)Wtsi>","MGI:4452651","WTSI","MCZD","both","Homozygous "," Viable",""
"Wdr59","MGI:2442115","Wdr59<tm1b(EUCOMM)Wtsi>","MGI:5548803","BCM","WDRBB","both","Homozygous "," Lethal",""
"Wdr89","MGI:1919588","Wdr89<tm1a(KOMP)Wtsi>","MGI:4944354","WTSI","MGYQ","both","Homozygous "," Viable",""
"Wdtc1","MGI:2685541","Wdtc1<tm1a(KOMP)Wtsi>","MGI:4362336","WTSI","MFYJ","both","Homozygous "," Viable",""
"Wee1","MGI:103075","Wee1<tm1b(EUCOMM)Wtsi>","MGI:5513834","TCP","TCPA0163Cre","both","Homozygous "," Lethal",""
"Wee2","MGI:3027899","Wee2<em1J>","MGI:5576529","JAX","JR25926","both","Homozygous "," Viable",""
"Wfdc1","MGI:1915116","Wfdc1<tm1.1(KOMP)Vlcg>","MGI:5692680","UC Davis","ET10112","both","Homozygous "," Viable",""
"Wfdc18","MGI:107506","Wfdc18<tm1a(KOMP)Wtsi>","MGI:4363398","WTSI","MDKQ","both","Homozygous "," Viable",""
"Whamm","MGI:2142282","Whamm<tm1b(KOMP)Wtsi>","MGI:5635487","JAX","JR27472","both","Homozygous "," Viable",""
"Whsc1l1","MGI:2142581","Whsc1l1<tm1b(EUCOMM)Hmgu>","MGI:5637114","MRC Harwell","H-WHSC1L1-G02-TM1B","both","Homozygous "," Subviable",""
"Wisp2","MGI:1328326","Wisp2<tm1.1(KOMP)Vlcg>","MGI:5548427","UC Davis","ET7963","both","Homozygous "," Viable",""
"Wnt10a","MGI:108071","Wnt10a<tm1.1(KOMP)Vlcg>","MGI:5548381","UC Davis","BL2529","both","Homozygous "," Viable",""
"Wnt10b","MGI:108061","Wnt10b<tm1e.1(KOMP)Wtsi>","MGI:5582422","UC Davis","BL3278","both","Homozygous "," Viable",""
"Wnt11","MGI:101948","Wnt11<tm1.1(KOMP)Vlcg>","MGI:5583056","UC Davis","BL4162","both","Homozygous "," Viable",""
"Wnt16","MGI:2136018","Wnt16<tm2b(EUCOMM)Wtsi>","MGI:5548733","WTSI","MUBC","both","Homozygous "," Viable",""
"Wnt2b","MGI:1261834","Wnt2b<tm1b(EUCOMM)Wtsi>","MGI:5548412","UC Davis","TCPM0202Cre","both","Homozygous "," Viable",""
"Wnt3","MGI:98955","Wnt3<tm2a(EUCOMM)Wtsi>","MGI:4455951","WTSI","MDJV","both","Homozygous "," Lethal",""
"Wnt5b","MGI:98959","Wnt5b<tm1.1(KOMP)Vlcg>","MGI:5548972","UC Davis","TCPM0198Cre","both","Homozygous "," Viable",""
"Wnt6","MGI:98960","Wnt6<tm1b(NCOM)Mfgc>","MGI:5766185","TCP","TCPA0718Cre","both","Homozygous "," Lethal",""
"Wrap53","MGI:2384933","Wrap53<tm1b(EUCOMM)Wtsi>","MGI:5637129","WTSI","MUHT","both","Homozygous "," Lethal",""
"Wsb2","MGI:2144041","Wsb2<tm1b(EUCOMM)Hmgu>","MGI:5548747","HMGU","Monterotondo-HEPD0508_2_A11-2-1","both","Homozygous "," Viable",""
"Wscd1","MGI:2448493","Wscd1<tm1b(EUCOMM)Hmgu>","MGI:5705877","BCM","WSCDB","both","Homozygous "," Viable",""
"Wtip","MGI:2141920","Wtip<tm1b(KOMP)Wtsi>","MGI:5569955","UC Davis","BL1346","both","Homozygous "," Subviable",""
"Xbp1","MGI:98970","Xbp1<tm1a(EUCOMM)Wtsi>","MGI:4432347","WTSI","MDFD","both","Homozygous "," Lethal",""
"Xbp1","MGI:98970","Xbp1<tm1b(EUCOMM)Wtsi>","MGI:5548973","MRC Harwell","H-Xbp1-E10-TM1B","both","Homozygous "," Lethal",""
"Xk","MGI:103569","Xk<tm1b(KOMP)Mbp>","MGI:5558150","UC Davis","BL2394","both","Homozygous "," Viable",""
"Xkrx","MGI:3584011","Xkrx<tm1b(EUCOMM)Wtsi>","MGI:5637183","WTSI","MUHX","both","Homozygous "," Viable",""
"Xndc1","MGI:5546359","Xndc1<tm1a(EUCOMM)Wtsi>","MGI:4441710","WTSI","MDUH","both","Homozygous "," Viable",""
"Xpnpep1","MGI:2180003","Xpnpep1<tm1a(KOMP)Wtsi>","MGI:4419636","WTSI","MFHU","both","Homozygous "," Subviable",""
"Xpot","MGI:1920442","Xpot<tm3b(EUCOMM)Hmgu>","MGI:5576684","BCM","XPORB","both","Homozygous "," Subviable",""
"Xrcc3","MGI:1921585","Xrcc3<tm1b(KOMP)Mbp>","MGI:5529638","JAX","JR24345","both","Homozygous "," Lethal",""
"Xxylt1","MGI:2146443","Xxylt1<tm1a(EUCOMM)Hmgu>","MGI:4456689","WTSI","MFVL","both","Homozygous "," Viable",""
"Yars","MGI:2147627","Yars<tm1b(KOMP)Wtsi>","MGI:5513836","TCP","TCPA0141Cre","both","Homozygous "," Lethal",""
"Ydjc","MGI:1916351","Ydjc<tm1(KOMP)Wtsi>","MGI:4419362","WTSI","MEYD","both","Homozygous "," Viable",""
"Yipf5","MGI:1914430","Yipf5<tm1b(EUCOMM)Hmgu>","MGI:5574599","ICS","IP00005029a","both","Homozygous "," Lethal",""
"Yipf7","MGI:1922831","Yipf7<tm1e(KOMP)Wtsi>","MGI:4452709","WTSI","MGPH","both","Homozygous "," Viable",""
"Ypel1","MGI:1913303","Ypel1<tm1.1(KOMP)Vlcg>","MGI:5608783","JAX","JR26489","both","Homozygous "," Viable",""
"Ypel3","MGI:1913340","Ypel3<tm1.1(KOMP)Vlcg>","MGI:5548509","UC Davis","BL2476","both","Homozygous "," Viable",""
"Ypel4","MGI:3605071","Ypel4<tm1a(EUCOMM)Wtsi>","MGI:4456736","WTSI","MERY","both","Homozygous "," Viable",""
"Zbed4","MGI:2682302","Zbed4<tm1b(KOMP)Mbp>","-","UC Davis","BL3236","both","Homozygous "," Subviable",""
"Zbed5","MGI:1919220","Zbed5<tm1b(EUCOMM)Wtsi>","MGI:5637059","WTSI","MUGX","both","Homozygous "," Viable",""
"Zbtb24","MGI:3039618","Zbtb24<tm1b(EUCOMM)Hmgu>","MGI:5548888","HMGU","H4345-HEPD0652_2_E10-1","both","Homozygous "," Lethal",""
"Zbtb32","MGI:1891838","Zbtb32<tm1b(KOMP)Mbp>","MGI:5505908","JAX","JR23602","both","Homozygous "," Viable",""
"Zbtb4","MGI:1922830","Zbtb4<tm1.1(KOMP)Vlcg>","MGI:5507825","JAX","JR23660","both","Homozygous "," Viable",""
"Zbtb46","MGI:1919397","Zbtb46<tm1.1(KOMP)Vlcg>","MGI:5695925","UC Davis","BL3217","both","Homozygous "," Subviable",""
"Zcchc14","MGI:2159407","Zcchc14<tm1a(KOMP)Wtsi>","MGI:4362839","WTSI","MERR","both","Homozygous "," Viable",""
"Zdhhc11","MGI:1918414","Zdhhc11<tm1.1(KOMP)Vlcg>","MGI:5445927","JAX","JR18620","both","Homozygous "," Viable",""
"Zdhhc2","MGI:1923452","Zdhhc2<tm1b(KOMP)Wtsi>","MGI:5605795","NING","Zdhhc2_EPD0132_4_A11-1","both","Homozygous "," Viable",""
"Zdhhc23","MGI:2685625","Zdhhc23<tm1.1(KOMP)Vlcg>","MGI:5548874","UC Davis","BL2970","both","Homozygous "," Viable",""
"Zdhhc24","MGI:1917855","Zdhhc24<tm1b(EUCOMM)Hmgu>","MGI:5548600","MRC Harwell","H-Zdhhc24-C08-TM1B","both","Homozygous "," Viable",""
"Zdhhc3","MGI:1926134","Zdhhc3<tm1.1(KOMP)Vlcg>","MGI:5708230","UC Davis","BL5549","both","Homozygous "," Viable",""
"Zfp111","MGI:1929114","Zfp111<tm1b(KOMP)Wtsi>","MGI:5605805","BCM","ZFZFB","both","Homozygous "," Viable",""
"Zfp119a","MGI:1345189","Zfp119a<tm1b(EUCOMM)Hmgu>","MGI:5548456","HMGU","HMGU-HEPD0637_2_H07-1-1","both","Homozygous "," Viable",""
"Zfp14","MGI:99160","Zfp14<tm1b(KOMP)Wtsi>","MGI:5612830","JAX","JR26486","both","Homozygous "," Viable",""
"Zfp142","MGI:1924514","Zfp142<tm1b(EUCOMM)Wtsi>","MGI:5548684","BCM","ZPFZB","both","Homozygous "," Viable",""
"Zfp148","MGI:1332234","Zfp148<tm1b(EUCOMM)Hmgu>","MGI:5636955","BCM","ZPFPB","both","Homozygous "," Lethal",""
"Zfp182","MGI:2442220","Zfp182<tm1a(KOMP)Wtsi>","MGI:4841252","WTSI","MEHR","both","Homozygous "," Viable",""
"Zfp182","MGI:2442220","Zfp182<tm1b(KOMP)Wtsi>","MGI:5552020","WTSI","MUAP","both","Homozygous "," Viable",""
"Zfp207","MGI:1340045","Zfp207<tm1b(EUCOMM)Hmgu>","MGI:5548446","MRC Harwell","H-ZFP207-E04-TM1B","both","Homozygous "," Lethal",""
"Zfp219","MGI:1917140","Zfp219<em1J>","MGI:5607861","JAX","JR26910","both","Homozygous "," Viable",""
"Zfp239","MGI:1306812","Zfp239<tm1b(KOMP)Wtsi>","MGI:5636945","WTSI","MUHG","both","Homozygous "," Viable",""
"Zfp260","MGI:1347071","Zfp260<tm1b(NCOM)Mfgc>","MGI:5513839","TCP","TCPA0567Cre","both","Homozygous "," Viable",""
"Zfp266","MGI:1924769","Zfp266<tm1b(EUCOMM)Wtsi>","MGI:5637091","WTSI","MUFY","both","Homozygous "," Subviable",""
"Zfp287","MGI:2176561","Zfp287<tm1b(EUCOMM)Wtsi>","MGI:5548771","WTSI","MUCG","both","Homozygous "," Viable",""
"Zfp346","MGI:1349417","Zfp346<tm1.1(KOMP)Vlcg>","MGI:5521539","JAX","JR24091","both","Homozygous "," Subviable",""
"Zfp36","MGI:99180","Zfp36<tm1(KOMP)Vlcg>","MGI:3847518","NING","Zfp36_AB8-1","both","Homozygous "," Lethal",""
"Zfp365","MGI:2143676","Zfp365<tm1a(KOMP)Wtsi>","MGI:4364171","WTSI","MFXF","both","Homozygous "," Viable",""
"Zfp40","MGI:99185","Zfp40<tm1b(KOMP)Wtsi>","MGI:5635490","JAX","JR27382","both","Homozygous "," Viable",""
"Zfp408","MGI:2685857","Zfp408<tm1b(EUCOMM)Wtsi>","MGI:5637174","WTSI","MUDT","both","Homozygous "," Viable",""
"Zfp42","MGI:99187","Zfp42<tm1b(KOMP)Mbp>","MGI:5493322","JAX","JR23023","both","Homozygous "," Viable",""
"Zfp459","MGI:3040701","Zfp459<tm1b(EUCOMM)Wtsi>","MGI:5605827","BCM","ZPPFB","both","Homozygous "," Viable",""
"Zfp536","MGI:1926102","Zfp536<tm1.1(KOMP)Wtsi>","MGI:5548695","JAX","JR24232","both","Homozygous "," Lethal",""
"Zfp60","MGI:99207","Zfp60<tm1b(KOMP)Mbp>","MGI:5635493","JAX","JR27238","both","Homozygous "," Subviable",""
"Zfp609","MGI:2674092","Zfp609<tm1b(EUCOMM)Hmgu>","MGI:5616367","BCM","ZFYPB","both","Homozygous "," Lethal",""
"Zfp616","MGI:3650906","Zfp616<tm1b(KOMP)Wtsi>","MGI:5548908","WTSI","MUCF","both","Homozygous "," Viable",""
"Zfp658","MGI:2652821","Zfp658<tm1b(EUCOMM)Wtsi>","MGI:5637160","WTSI","PMAT","both","Homozygous "," Viable",""
"Zfp689","MGI:1918381","Zfp689<tm1.1(KOMP)Vlcg>","MGI:5603580","JAX","JR26069","both","Homozygous "," Subviable",""
"Zfp719","MGI:2444708","Zfp719<tm1a(EUCOMM)Wtsi>","MGI:4431958","WTSI","MENA","both","Homozygous "," Viable",""
"Zfp719","MGI:2444708","Zfp719<tm1b(EUCOMM)Wtsi>","MGI:5548829","WTSI","MUAW","both","Homozygous "," Viable",""
"Zfp791","MGI:3648473","Zfp791<tm1a(KOMP)Wtsi>","MGI:4939698","WTSI","MFHR","both","Homozygous "," Viable",""
"Zfp84","MGI:107780","Zfp84<tm1b(KOMP)Wtsi>","MGI:5636909","WTSI","MUDX","both","Homozygous "," Viable",""
"Zfp961","MGI:3583954","Zfp961<tm1.1(KOMP)Mbp>","MGI:5516079","JAX","JR24057","both","Homozygous "," Viable",""
"Zfpl1","MGI:1891017","Zfpl1<tm2b(EUCOMM)Wtsi>","MGI:5572028","BCM","ZFFPB","both","Homozygous "," Viable",""
"Zfyve26","MGI:1924767","Zfyve26<em1J>","MGI:5585269","JAX","JR26273","both","Homozygous "," Viable",""
"Zfyve28","MGI:2684992","Zfyve28<tm1b(EUCOMM)Wtsi>","MGI:5637169","WTSI","MUCZ","both","Homozygous "," Viable",""
"Zgpat","MGI:2449939","Zgpat<tm1b(EUCOMM)Hmgu>","MGI:5605819","TCP","TCPM0650Cre","both","Homozygous "," Viable",""
"Zhx3","MGI:2444772","Zhx3<tm1.1(KOMP)Vlcg>","MGI:5548830","UC Davis","BL2453","both","Homozygous "," Subviable",""
"Zkscan17","MGI:2679270","Zkscan17<tm1b(EUCOMM)Wtsi>","MGI:5548856","WTSI","MUBB","both","Homozygous "," Lethal",""
"Zmiz2","MGI:106374","Zmiz2<tm1.1(KOMP)Vlcg>","MGI:5445796","JAX","JR18593","both","Homozygous "," Lethal",""
"Zranb1","MGI:106441","Zranb1<tm1a(EUCOMM)Hmgu>","MGI:4435532","WTSI","MFPS","both","Homozygous "," Viable","Conflicting data"
"Zranb1","MGI:106441","Zranb1<tm1b(EUCOMM)Hmgu>","MGI:5548368","ICS","IP00005458a","both","Homozygous "," Subviable","Conflicting data"
"Zscan10","MGI:3040700","Zscan10<tm2a(EUCOMM)Wtsi>","MGI:4431612","WTSI","MDNC","both","Homozygous "," Subviable",""
"Zscan2","MGI:99176","Zscan2<tm1a(KOMP)Wtsi>","MGI:4363795","WTSI","MEYQ","both","Homozygous "," Viable",""
"Zswim5","MGI:1921714","Zswim5<tm1.1(KOMP)Wtsi>","MGI:5582436","UC Davis","BL4409","both","Homozygous "," Subviable",""
"Zwilch","MGI:1915264","Zwilch<tm1.1(KOMP)Vlcg>","MGI:5576065","JAX","JR25267","both","Homozygous "," Lethal",""
"Zzef1","MGI:2444286","Zzef1<tm2.1(KOMP)Vlcg>","MGI:5474781","UC Davis","BL3102","both","Homozygous "," Viable",""
"Zzef1","MGI:2444286","Zzef1<tm2.1(KOMP)Vlcg>","MGI:5474781","JAX","JR22366","both","Homozygous "," Viable",""
