"Phenotype","# Genes","Gene Symbols"
"hemizygous - lethal","3","Kdm5c, Phf6, Prps1"
"homozygous - lethal","499","1110037F02Rik, 1700067K01Rik, 4933427D14Rik, 9130011E15Rik, Abca1, Acat2, Acbd3, Ackr3, Actr6, Actr8, Acvr1, Acvr1b, Adam23, Adar, Adsl, Ahcy, Aim1, Alg10b, Alg2, Anapc15, Anapc4, Ankrd11, Anks6, Arhgef7, Arid3a, Arpc3, Ascc2, Asf1a, Atg3, Atp11a, Atp1a3, Atp2a1, Atp2a2, Atp5b, Atp5f1, Atp5l, Atp6v0a1, Atp6v0a4, Atp6v1b2, Atp6v1d, Atr, Atrip, Atxn10, Atxn7l3, Avp, B9d2, BC055324, Bag3, Bap1, Bbs10, Bclaf1, Bloc1s2, Bmp10, Bms1, Cacna1s, Carm1, Casc3, Casq2, Casz1, Cbx2, Cbx4, Ccdc94, Ccnb1, Cdc123, Cdc20, Cdc26, Cdca5, Cdipt, Cdk8, Cdk9, Celf4, Cenpe, Cenph, Cenpo, Cep164, Cgn, Chd1, Chd4, Chmp3, Chrna1, Chst11, Chtop, Cinp, Cir1, Clcf1, Cldn1, Clspn, Cmip, Coa5, Cog3, Commd10, Commd9, Coq2, Coq4, Coq6, Cox19, Cox4i1, Cox7c, Cpsf3, Cr1l, Crb2, Cript, Crispld2, Cs, Ctla2b, Ctr9, Cyfip2, Daam1, Dach1, Dars2, Dbn1, Dcc, Dcp2, Dcps, Dctn1, Ddost, Ddx41, Ddx42, Ddx51, Ddx55, Dennd4c, Depdc5, Derl2, Dhfr, Dhodh, Dhx30, Dhx33, Diaph3, Dicer1, Dis3, Dmap1, Dmxl2, Dnaaf2, Dnajc17, Dnajc9, Dnm1l, Dph2, Dpm1, Dpm2, Dpp9, Dppa1, Dpy30, Dtl, Dynll1, Dynlrb1, Eaf1, Ect2, Edc4, Ehbp1l1, Eif2b3, Eif2b4, Eif3h, Eif4g2, Elof1, Eomes, Epas1, Epc2, Eprs, Ercc3, Ewsr1, Exoc3l2, Exoc4, Exoc8, Exosc8, Eya4, Ezr, F10, Fadd, Fam20c, Fam210a, Fam46c, Farsa, Fbxo16, Fdft1, Fdx1, Fgf10, Fgf8, Fgf9, Fgfr1, Fgfr1op, Flnb, Fntb, Foxj3, Frs2, Furin, Fus, Fxn, Fyn, G3bp2, Gabarapl2, Gart, Gbf1, Gdi2, Gfi1b, Gfpt1, Ggps1, Gldc, Gle1, Gnao1, Gnpda1, Gosr2, Gpr107, Gps1, Gpx3, Gtf2a1, Gtf2b, Gyg, Hectd1, Hells, Hspa5, Htr2b, Ift140, Ift88, Ino80, Ino80b, Ints12, Ints2, Ivd, Jag2, Jmjd6, Jup, Kars, Katnb1, Kctd15, Kdm8, Kif1b, Kif1bp, Kif20a, Kif26b, Kif3b, Kifap3, Klf7, Klhdc2, Krit1, Krt8, L3mbtl2, Lama5, Lifr, Lmbrd1, Lmna, Lrp1, Lss, Lztr1, Maea, Map2k7, Map3k7, Mapkap1, Mat2a, Mbd6, Mcrs1, Mcu, Med11, Med22, Med25, Memo1, Mettl16, Mir141, Mir143, Mir145a, Mir200a, Mir320, Mir429, Mllt3, Mocs2, Mogs, Mrpl51, Mrps25, Mrps5, Msx1, Mtch2, Mtf1, Mybbp1a, Myo18a, Nabp2, Nae1, Nampt, Nat10, Ndufa8, Ndufb8, Ndufs1, Ndufs7, Nek9, Nemf, Nepro, Nfatc3, Ngrn, Nhp2, Nme6, Nol8, Nr6a1, Nrde2, Nsf, Ntrk1, Nubpl, Nup85, Nutf2, Nxn, Oas1g, Ogdh, Orc1, Orc3, Otub1, Palb2, Pam16, Pard3, Patz1, Pax4, Pbx3, Pcgf2, Pcsk5, Pcx, Pdcd2, Pde12, Pdgfrb, Pdxk, Pex26, Pfn1, Pgs1, Phf11a, Pibf1, Pigf, Pigh, Pigl, Pigu, Pik3c2a, Pitrm1, Pitx2, Plk1, Plpp3, Pnn, Polb, Pold3, Polr2h, Polr3f, Polr3g, Pop4, Pparg, Ppp1r35, Ppp2r4, Ppp4r2, Ppp6c, Prdm10, Prep, Prpf31, Psen1, Psmd14, Psmf1, Psph, Pth1r, Pthlh, Ptma, Ptpmt1, Ptpn12, Ptpn23, Pwp1, Pyroxd1, Rab23, Rab34, Rab35, Rab5c, Rabggta, Raf1, Ralgapb, Ranbp2, Rapsn, Rasa3, Rbms1, Rbsn, Recql4, Rest, Rexo2, Rfc1, Rgp1, Ric8b, Rint1, Rnaseh2c, Rnf20, Rnmtl1, Rpa1, Rpgrip1l, Rpia, Rptor, Rrm2, Rsbn1, Rsf1, Rufy3, Rundc1, Rwdd3, Ryr2, Sap130, Satb1, Scn4a, Scnn1b, Scrib, Sdha, Sdhb, Sdhc, Sec22b, Seh1l, Sel1l, Setd5, Sgpl1, Sh3pxd2a, Shh, Ska2, Slc25a20, Slc25a3, Slc2a2, Slc39a8, Slc40a1, Slc52a2, Slc5a7, Slc6a5, Slu7, Smc5, Smdt1, Smo, Snapin, Snrnp200, Snrnp27, Socs1, Spata5, Speg, Spop, Sptssa, Sqle, Srd5a3, Srp9, Srsf7, Ssbp1, Ssr2, Strn3, Stx3, Sufu, Supt3, Supt4a, Supt5, Svep1, Synj1, Synpo2, Tango6, Tbx4, Tcf7l2, Tead1, Tfeb, Tgif2, Timm22, Timm50, Tmed10, Tmem100, Tmem132a, Tmem30a, Tmem63b, Traf2, Traf6, Trpc3, Trub2, Tsfm, Tulp3, Ube2c, Ube2h, Ube2m, Uchl5, Unc45a, Uqcrb, Usp10, Usp14, Usp16, Usp22, Usp36, Usp39, Usp5, Usp50, Vezt, Vps13d, Vps25, Vps33b, Vps37d, Vps4a, Vps51, Vps53, Vps72, Wars, Wars2, Wdr12, Wdr59, Wee1, Wnt3, Wnt6, Xbp1, Xrcc3, Yars, Yipf5, Zbtb24, Zfp207, Zfp36, Zfp536, Zkscan17, Zmiz2"
"homozygous - subviable","227","1110001J03Rik, 1700003F12Rik, 5330417C22Rik, AU021092, Abcb11, Abi3bp, Acsl4, Actn4, Acvr2a, Acvr2b, Adcy9, Adcyap1r1, Agap1, Agl, Ahnak, Akap10, Aldh3b1, Ampd1, Arhgap33, Arhgef15, Arl8b, Armc7, Atf6b, Atp2b1, Atp5g2, Atp8b2, Bach1, Baiap2, Barx2, Bbox1, Bbs4, Bbs7, Brms1, Cant1, Cap2, Car4, Caskin1, Cbx5, Ccdc134, Ccl22, Cdc34, Cdk19, Cdk4, Chic2, Chrnb2, Chtf18, Ckap4, Cnot6, Cnr1, Col4a3bp, Cpsf3, Cpt2, Crtc3, Csf3r, Ctdsp2, Ctdspl2, Ctnnbip1, Ctsd, Cwc27, D1Ertd622e, D630023F18Rik, Dbn1, Dclk1, Dnaja1, Dnajb12, Dnajc16, Dnajc21, Dnal4, Dnmt3a, Dynlrb2, Ecm1, Edar, Egr1, Elf3, Epb41, Erp44, Exosc3, F2, F7, Fam13b, Fam49b, Fanci, Fastkd5, Fbp2, Fbxl16, Fbxw8, Fbxw9, Fcer1g, Fgf3, Fkbp5, Frrs1, Frrs1l, Fzd3, Gbgt1, Gdpd5, Ggnbp2, Glg1, Glt8d2, Gm5544, Gnb5, Gng13, Gpc2, Gpsm2, Gtpbp2, Hace1, Hapln1, Hecw2, Hipk2, Hmga1, Hsf1, Htr1b, Ift80, Ino80, Itga8, Itm2c, Jam3, Jmjd1c, Klhl21, Klhl29, Krt2, Lima1, Lor, Lsm1, Lypd3, Lypd6, Mad1l1, Map3k1, Masp1, Mboat7, Mdk, Mfsd2a, Mrm1, Mybphl, Ncs1, Nedd4l, Ngfr, Nobox, Npc1, Nr1d1, Ntrk2, Otud6b, Ovol1, P4hb, Pacsin2, Padi2, Parp1, Patl1, Pawr, Pax7, Pcsk1, Pdpn, Peli1, Pfdn6, Pnpla1, Prkab1, Prkab2, Ptms, Rab32, Rab40c, Rala, Rassf8, Rdx, Rfx7, Rhbdl1, Rhbdl3, Rnf10, Rnf38, Rock1, Rora, Rps19bp1, Rrp8, Rsph9, Rundc1, S100a14, Satb2, Sema3f, Sept10, Sepw1, Setbp1, Sirt1, Skida1, Slc1a3, Slc20a2, Slc24a4, Smarcd2, Smoc1, Smpd4, Smurf2, Snai2, Snph, Snx22, Snx27, Sort1, Sostdc1, Spef1, Srrm4, Syt1, Tcf4, Thra, Tmbim7, Tmem184b, Tnfrsf9, Tox3, Tram2, Trmt1, Twist2, Ube2b, Ube2o, Ublcp1, Uhrf2, Unc13b, Usf3, Usp3, Vsir, Whsc1l1, Wtip, Xpnpep1, Xpot, Zbed4, Zbtb46, Zfp219, Zfp346, Zfp689, Zhx3, Zranb1, Zscan10, Zswim5"
"homozygous - viable","1355","1110059G10Rik, 1500011B03Rik, 1700001C02Rik, 1700006E09Rik, 1700007G11Rik, 1700008O03Rik, 1700010I14Rik, 1700011A15Rik, 1700019B03Rik, 1700112E06Rik, 1700123O20Rik, 1700125H20Rik, 2010300C02Rik, 2210010C04Rik, 2510002D24Rik, 2610318N02Rik, 2700097O09Rik, 2810417H13Rik, 3110035E14Rik, 3110043O21Rik, 3300002A11Rik, 3830417A13Rik, 4921509C19Rik, 4921536K21Rik, 4930402H24Rik, 4930449E01Rik, 4930505A04Rik, 4930591A17Rik, 4931429L15Rik, 4932438H23Rik, 4933402N03Rik, 4933406M09Rik, 4933430I17Rik, 5730559C18Rik, 5830411N06Rik, 9930012K11Rik, A1cf, A2m, A430005L14Rik, A830005F24Rik, A830019P07Rik, AB124611, AI464131, Aard, Abca13, Abca14, Abca4, Abca6, Abca8b, Abcb6, Abcb9, Abcc2, Abcg2, Abhd14a, Abhd17a, Abhd8, Abo, Abtb2, Acaa1a, Acap1, Acer1, Acot4, Acot5, Acsf2, Acsl5, Acsm2, Adad2, Adamts13, Adamts18, Adamts19, Adap1, Adck2, Adcy2, Adgrb1, Adgrd1, Adgrf5, Adgrl3, Adgrv1, Adh5, Adipor1, Adm2, Adora2b, Adpgk, Adra2a, Afap1l2, Aff3, Afmid, Ago3, Agpat4, Ahcyl1, Ahrr, Ahsa2, Ahsg, Aif1, Aif1l, Ajap1, Akap11, Akip1, Akr1b8, Aktip, Aldh16a1, Aldh1b1, Aldh1l1, Aldh3a1, Aldh9a1, Aldoc, Alg13, Alox12e, Amigo3, Amz2, Ang, Ang6, Angptl4, Ankrd1, Ankrd27, Ankrd6, Ankrd9, Anks1b, Anxa3, Anxa9, Aoc1, Ap2a2, Ap3s1, Ap3s2, Ap4e1, Ap4m1, Aph1c, Apip, Apln, Aplp2, Apoc4, Apof, Apol7a, Apoo, Apool, Aqp3, Aqp6, Arap1, Areg, Arf2, Arf3, Arhgap22, Arhgap23, Arhgef10, Arhgef11, Arhgef28, Arhgef38, Arhgef5, Arl10, Arl5c, Arl9, Arpc1b, Arrb1, Arrb2, Arrdc1, Arsg, Arsk, Art4, Arvcf, Asb10, Asb15, Asic4, Aspm, Aspn, Atad2b, Atf3, Atg16l2, Atn1, Atp1a4, Atxn3, Avpi1, B020004J07Rik, B3gnt7, BC023829, BC030499, BC089597, BC100451, Bach2, Baiap2l2, Baz1a, Bbs5, Bhmt, Blk, Bmx, Boc, Bok, Bpifb1, Bpifb3, Bpifb5, Btbd9, Btg2, Btnl1, Btrc, Bves, Bzw2, C1qa, C1qb, C1qtnf2, C1qtnf5, C1qtnf7, C1rl, C3, C8a, C8b, C9, Cab39l, Cabp1, Cabp4, Cacna1b, Cacna1i, Cacna2d3, Calcoco2, Camk1, Camkmt, Cand2, Capn12, Capn8, Car7, Card9, Carf, Casc4, Caskin2, Casp12, Casp4, Casq1, Cast, Catip, Cbln3, Cbx6, Ccdc109b, Ccdc116, Ccdc120, Ccdc122, Ccdc159, Ccdc160, Ccdc18, Ccdc181, Ccdc24, Ccdc33, Ccdc64, Ccdc69, Ccdc77, Ccdc79, Ccdc88c, Cck, Ccl26, Ccl8, Ccl9, Ccr6, Cd109, Cd300lg, Cd33, Cd5, Cd55b, Cd5l, Cd83, Cd84, Cdh10, Cdh13, Cdh26, Cdh4, Cdk15, Cdkal1, Cdkl2, Cdkn1a, Cdkn2aipnl, Ceacam16, Celf6, Cep76, Cers5, Ces4a, Cfap61, Cfap69, Cfb, Cfi, Chd2, Chd9, Chek2, Chmp4c, Chn1, Chp2, Chrna7, Chst8, Cib2, Cited4, Cldn13, Cldn19, Cldn34b2, Clk1, Clmn, Cln6, Clpp, Clrn1, Clstn1, Clstn3, Clu, Clvs1, Cml2, Cml5, Cmtm4, Cmtm5, Cmtm6, Cnbd1, Col14a1, Col18a1, Col1a2, Col24a1, Col4a3, Col6a2, Col9a2, Comt, Coro1a, Coro1c, Coro6, Cotl1, Cox7a1, Cp, Cpa2, Cpb1, Cpe, Cpne5, Crbn, Creb3l1, Creld2, Crlf3, Crybb3, Crym, Cspg4, Ctdspl, Cts6, Ctsk, Ctso, Cttn, Cttnbp2, Cutal, Cxcl17, Cxcl9, Cxcr1, Cxcr2, Cyb561, Cyb5d1, Cyb5d2, Cyb5r2, Cyba, Cybb, Cybrd1, Cyp20a1, Cyp27b1, Cyp2ab1, Cyp2b13, Cyp2e1, Cyp2r1, Cyp3a11, Cyp4b1, Cyp4f14, Cyp4f16, Cyp7b1, Cystm1, Cytip, D17Wsu92e, D1Pas1, D630045J12Rik, D7Ertd443e, Daam2, Dact2, Dact3, Dap, Dapk1, Dbndd2, Dcaf10, Dcaf11, Dcbld2, Dcdc2b, Dcdc2c, Dct, Dcx, Ddah1, Ddhd1, Ddit3, Def6, Defb14, Defb22, Defb30, Dennd1b, Dennd1c, Dgcr2, Dhrs2, Dhx40, Dip2a, Dixdc1, Dkk4, Dlec1, Dlg2, Dlg3, Dlg4, Dmgdh, Dnaja4, Dnajb3, Dnajb7, Dnajc14, Dnajc15, Dnajc28, Dnajc5b, Dnajc5g, Dnajc7, Dnase1l2, Dnmt3a, Dnpep, Dopey2, Dph6, Dpp10, Dppa1, Dpyd, Dsc2, Dsg1b, Dspp, Dtnbp1, Dusp11, Dusp13, Dusp3, Dusp5, Dzank1, Eci3, Ecscr, Eef2kmt, Efcab11, Efemp1, Efna5, Egfl8, Eif4ebp3, Elfn1, Elfn2, Ell2, Elmo1, Elmo3, Elmod1, Emc10, Eme1, Eml2, Emx1, Enc1, Endog, Enthd2, Entpd1, Entpd6, Entpd8, Epb41l4a, Epb41l4b, Epdr1, Epgn, Epha10, Epha6, Epn3, Eps8l1, Erlin2, Ermp1, Espnl, Esyt2, Esyt3, Etnk1, Evi5, Evl, Exoc3l2, F13a1, F2rl1, Fabp1, Fads1, Fam122c, Fam134c, Fam151a, Fam151b, Fam161a, Fam175b, Fam186b, Fam209, Fam20a, Fam210b, Fam216a, Fam53b, Fam63a, Fam69a, Fam73a, Fam96a, Fan1, Far2, Fastk, Fbf1, Fbln7, Fbxl21, Fbxl22, Fbxl7, Fbxo31, Fbxo33, Fbxo41, Fbxo44, Fbxo47, Fbxo7, Fbxo9, Fbxw26, Fbxw9, Fcgbp, Fcmr, Fcrla, Fdxacb1, Ffar1, Fgf2, Fgf22, Fgf7, Fgfbp3, Fgfr4, Fggy, Fjx1, Fmnl3, Fnbp1l, Fnip2, Fosb, Foxi2, Foxj3, Foxo3, Fpr1, Fpr3, Frmd5, Frmd7, Fscn2, Fstl1, Fstl3, Ftsj1, Fundc1, Fxyd3, Fyb, Fzd6, Gabrr2, Gad2, Galc, Galnt18, Galntl5, Galp, Gas2l1, Gata5, Gatm, Gbp2, Gbx1, Gc, Gdap1, Gdf10, Gdf15, Gdf2, Gfod2, Gfpt2, Gga1, Ggnbp1, Gh, Ghr, Ghrhr, Ghsr, Gimap6, Gipc3, Gja8, Gjb4, Gjd4, Gkn1, Gkn2, Glp1r, Glycam1, Gm12258, Gm13125, Gm13547, Gm17359, Gm648, Gm684, Gmds, Gmnc, Gnai1, Gnb3, Gnpda2, Golga3, Gp1bb, Gp9, Gpank1, Gpbar1, Gpc5, Gpld1, Gpnmb, Gpr1, Gpr139, Gpr152, Gpr158, Gpr17, Gpr182, Gpr20, Gpr22, Gpr33, Gpr50, Gpr63, Gpr65, Gpr84, Gprc5b, Gprc5d, Gpsm1, Gpsm3, Gpx1, Grb7, Greb1, Grk5, Grm3, Grm6, Grm8, Grtp1, Gsta4, Gstcd, Gsto2, Gzmk, H1foo, H1fx, H2-Eb1, Hacl1, Has1, Hbs1l, Hcrt, Hdac10, Hddc3, Hectd2, Heyl, Hfe2, Hhipl1, Hibadh, Hip1r, Hirip3, Hpcal4, Hpse, Hsd17b1, Hsd17b11, Hsf2, Hsf2bp, Hsf4, Hsp90aa1, Hspb1, Hspb2, Hspb3, Htr1a, Htr1d, Htr1f, Htr3b, Htr7, Htra2, Htra4, Hyal4, Iah1, Ick, Idh1, Idh2, Ido2, Ifi44, Ifnl3, Ift22, Igfbp3, Igfbp7, Igsf11, Ikzf3, Ikzf5, Il10rb, Il12rb1, Il12rb2, Il13, Il15, Il17rd, Il18bp, Il1r2, Il20ra, Il24, Il31ra, Il33, Il6ra, Il6st, Ildr1, Inf2, Inpp1, Ipp, Iqce, Iqcj, Iqgap2, Iqsec3, Iqub, Irak2, Irf5, Irf7, Irf8, Isg20, Itga2, Itgae, Itsn2, Ivl, Izumo1r, Jam2, Jazf1, Kcna1, Kcnab3, Kcnb1, Kcnc2, Kcnh3, Kcnh4, Kcnh6, Kcnip4, Kcnj14, Kcnj3, Kcnj9, Kcnk18, Kcnv2, Kdm4d, Kdm7a, Khdrbs3, Kif24, Kiss1r, Klc2, Klf14, Klf17, Klhl18, Klhl3, Klhl8, Klk4, Klk9, Klkb1, Kmo, Kng2, Knop1, Knstrn, Krt17, Krt31, Krt7, Krt74, Krt77, Krt9, Lama4, Lamb3, Lamc3, Lancl2, Laptm4a, Lbp, Lce1f, Lce1m, Lce3c, Ldah, Ldhb, Leprot, Leprotl1, Lgals3, Lgals7, Lgmn, Lipe, Lipn, Lman1l, Lonrf3, Loxl1, Lpar6, Lpin2, Lpin3, Lpo, Lrfn2, Lrfn3, Lrrc15, Lrrc2, Lrrc23, Lrrk1, Lrrtm3, Lst1, Lta, Lta4h, Lypd6b, Lyplal1, Lyrm9, Lyst, Macrod2, Mag, Mamstr, Man2b2, Map3k10, Map3k8, Mapk10, Mapk11, Mapkapk2, Mapkbp1, Mapt, Marveld2, Mas1, Mast2, Mcam, Mcf2l, Mdp1, Medag, Mettl20, Mettl24, Mettl7b, Mfap4, Mfsd8, Mgat4d, Mgl2, Mid1ip1, Mipol1, Mir146, Mlc1, Mlec, Mlh1, Mmp15, Mmp16, Mmp23, Mmp8, Mmp9, Mmrn1, Mospd1, Moxd1, Mpg, Mplkip, Mpo, Mpzl1, Mrap2, Ms4a3, Msantd1, Mthfd2l, Mthfsl, Mtmr12, Mtnr1b, Mtss1l, Mturn, Mxra7, Myh14, Mylip, Myo10, Myo15, Myo7a, Myo7b, Myo9a, Myoz1, Myrfl, Myt1l, N4bp3, N6amt2, Naaa, Nab2, Nacad, Nacc2, Nadsyn1, Naga, Nagk, Nat1, Natd1, Nbeal2, Nbr1, Ncald, Ncf4, Ncoa7, Ndfip2, Ndrg4, Nefh, Negr1, Nek11, Nes, Neurl2, Nfatc4, Nfkbil1, Nhlh2, Ninj2, Nkg7, Nlrp9b, Nme2, Nme4, Nmral1, Nmrk2, Nmur1, Nos1ap, Notch3, Notch4, Npc2, Npffr2, Nphp1, Npm3, Nptn, Nr1d1, Nr1h3, Nrcam, Nrn1l, Nrxn1, Nsg1, Nsun7, Ntf5, Ntn4, Nudt14, Nudt19, Oaf, Oas1g, Obp2a, Ocm, Ocstamp, Odf3l2, Ogfod3, Olah, Oog2, Os9, Osbpl3, Osm, Otoa, Ovgp1, Oxr1, Oxtr, P2rx4, P2rx6, P2rx7, P3h3, Pabpc4, Pabpn1l, Pacsin3, Pak1, Panx1, Panx2, Panx3, Paqr6, Pard3b, Parp11, Parp12, Parp16, Parp8, Pate2, Pbdc1, Pcdh18, Pced1a, Pcnxl3, Pcsk1n, Pcsk4, Pde1b, Pde8a, Pdk1, Pdk3, Pdk4, Pdzd3, Pear1, Pef1, Penk, Pfkfb1, Pfkfb4, Pfn4, Pgam5, Phpt1, Phtf1, Phtf2, Phyh, Pias2, Pink1, Pipox, Pitx3, Pja2, Pkd1l2, Pkd2l2, Pkia, Pkn1, Pkp4, Pla2g10, Pla2g2e, Pla2g6, Plac9a, Plat, Plcb2, Pld3, Pld5, Plekha8, Plekhg3, Plekhm1, Plin4, Plk5, Plod1, Plpp6, Pls3, Plscr1, Plscr2, Plxna2, Plxnb3, Pnck, Pnmt, Poc1b, Podn, Podxl2, Poln, Popdc3, Postn, Ppbp, Ppdpf, Ppm1a, Ppp1r32, Ppp1r42, Ppp1r9b, Ppp2r2b, Ppp3r2, Ppt2, Pqlc3, Praf2, Pram1, Prame, Prdm14, Prdm4, Prelid2, Prelp, Prg3, Primpol, Prkaa2, Prkab1, Prkcdbp, Prl7b1, Prodh, Prokr1, Prom2, Prr15l, Prrt2, Prss1, Ptchd1, Ptdss1, Ptgr1, Pth2r, Ptpdc1, Ptprv, Pxdc1, Pycr1, Rab15, Rab19, Rab20, Rab24, Rab27b, Rab36, Rab39, Rab3ip, Rab43, Rab5a, Rabl2, Rabl6, Rad21l, Raet1c, Ralb, Ralgps2, Ramp1, Rasal2, Rasd1, Rasgrp4, Rbm14, Rbm47, Rbmx, Rbp4, Rbpjl, Rcc2, Reg2, Reg3g, Rel, Repin1, Resp18, Rgcc, Rgs5, Rhbdf2, Rhbdl2, Rhox13, Rhpn1, Rilp, Rilpl1, Rilpl2, Rimklb, Rims3, Ripk3, Rlbp1, Rln1, Rln3, Rnaset2b, Rnd3, Rnf10, Rnf13, Rnf144b, Rnf183, Rnf216, Rnf25, Ropn1l, Rrad, Rsad1, Rspo1, Rspo4, Rtbdn, Rtn1, Rufy2, Rxfp2, Saa3, Sag, Samd9l, Scarb1, Scarf2, Scn3b, Sdc2, Sdsl, Sec1, Secisbp2, Selenbp1, Selk, Sema4d, Serinc3, Serpina3c, Serpinb5, Setd2, Setd4, Setd6, Setx, Sez6l, Sez6l2, Sfxn3, Sgip1, Sgms1, Sgsm1, Sgta, Sh2d5, Sh3bp2, Sh3gl2, Sh3tc2, Shmt1, Sidt1, Sik1, Sirt3, Sirt4, Siva1, Slc13a3, Slc15a3, Slc16a3, Slc16a6, Slc17a3, Slc17a9, Slc1a1, Slc1a4, Slc20a2, Slc22a8, Slc24a5, Slc25a21, Slc25a28, Slc25a30, Slc25a35, Slc25a4, Slc29a1, Slc2a5, Slc38a10, Slc39a5, Slc45a3, Slc46a3, Slc47a1, Slc47a2, Slc6a3, Slc7a11, Slc7a13, Slc8a3, Slc8b1, Slc9a3, Slc9a4, Slc9b2, Slfn1, Slfn4, Slit1, Slitrk1, Slx4ip, Smco2, Smoc2, Smurf1, Smyd5, Snap47, Snx15, Snx29, Snx31, Sorbs2, Sox18, Spata2, Spata22, Spata6, Spdye4b, Spg20, Spink10, Spink14, Spink2, Spns2, Spo11, Spopl, Sptbn2, Sptssb, Sra1, Ssbp2, Sst, Stag3, Stard10, Stard8, Stat5b, Stk16, Stk36, Stra6l, Stx16, Stx19, Stxbp5l, Sult1c1, Svs2, Sycp3, Syn3, Syndig1l, Syne3, Synm, Sypl, Syt16, Syt17, Taar2, Taar6, Tatdn3, Tbc1d4, Tbccd1, Tbkbp1, Tbx10, Tcaim, Tceal5, Tcf19, Tchp, Tcp11, Tcte1, Tctex1d2, Tdrkh, Tdrp, Tep1, Tex37, Tfec, Tff1, Tgm6, Thada, Thbs1, Thegl, Thpo, Thsd1, Timp3, Tm4sf4, Tm9sf4, Tmc3, Tmc6, Tmem106b, Tmem108, Tmem110, Tmem119, Tmem126a, Tmem127, Tmem136, Tmem151b, Tmem189, Tmem248, Tmem254b, Tmem256, Tmem43, Tmem97, Tnfrsf18, Tnik, Tomm20l, Toporsl, Tpcn2, Tpgs2, Tppp, Tprn, Trem1, Treml1, Trim29, Trim65, Trip13, Trmt2a, Trp53rkb, Trpc5, Trpc6, Trpm1, Tslp, Tspan18, Tspo, Tspyl2, Tst, Ttc28, Ttc30a2, Ttll10, Ttll11, Ttll6, Tuft1, Txndc5, Txnip, Ubash3a, Ube2e2, Ube2g1, Ube2j1, Ube2u, Ube3c, Ubox5, Ucn3, Ucp1, Uevld, Unc119, Unc119b, Uri1, Ush1c, Ushbp1, Usmg5, Usp11, Usp12, Usp2, Usp21, Usp24, Usp38, Usp54, Uts2b, Vcpkmt, Vegfb, Vps13a, Vps13c, Vsig8, Vti1a, Vwa3a, Vwa8, Wbp5, Wbscr17, Wdr37, Wdtc1, Wee2, Wfdc1, Wfdc18, Wisp2, Wnt10a, Wnt10b, Wnt11, Wnt16, Wnt2b, Wnt5b, Wsb2, Xndc1, Xxylt1, Ydjc, Yipf7, Ypel3, Ypel4, Zbtb32, Zbtb4, Zcchc14, Zdhhc11, Zdhhc23, Zdhhc24, Zfp119a, Zfp182, Zfp239, Zfp260, Zfp287, Zfp365, Zfp42, Zfp616, Zfp719, Zfp791, Zfp84, Zfpl1, Zfyve26, Zfyve28, Zgpat, Zranb1, Zscan2, Zzef1"
""
"Conflicting","15","Cpsf3, Dbn1, Dnmt3a, Dppa1, Exoc3l2, Fbxw9, Foxj3, Ino80, Nr1d1, Oas1g, Prkab1, Rnf10, Rundc1, Slc20a2, Zranb1"
"NOTE: Symbols in the conflicting list represent genes that are included in more than one viability category."
""
"Gene Symbol","MGI Gene Id","Colony Id","Sex","Zygosity","Phenotype","Comment"
"Tspo","MGI:88222","HMGU-EPD0803_2_H02-2-1","both","homozygote","Viable"
"Zbtb24","MGI:3039618","H4345-HEPD0652_2_E10-1","both","homozygote","Lethal"
"Rora","MGI:104661","HMGU-EPD0157_5_B01-1-1","both","homozygote","Subviable"
"Ncoa7","MGI:2444847","TCPA0658Cre","both","homozygote","Viable"
"Zfp365","MGI:2143676","MFXF","both","homozygote","Viable"
"1500011B03Rik","MGI:1913486","MCMM","both","homozygote","Viable"
"Fam175b","MGI:1926116","MDYQ","both","homozygote","Viable"
"Prkaa2","MGI:1336173","H-PRKAA2-F07-TM1B","both","homozygote","Viable"
"Negr1","MGI:2444846","ET10030","both","homozygote","Viable"
"A830005F24Rik","MGI:3045249","ET8308","both","homozygote","Viable"
"Klhl8","MGI:2179430","BL1842","both","homozygote","Viable"
"Wtip","MGI:2141920","BL1346","both","homozygote","Subviable"
"Nme4","MGI:1931148","MFFZ","both","homozygote","Viable"
"Stard10","MGI:1860093","H-Stard10-C05-TM1B","both","homozygote","Viable"
"Espnl","MGI:2685402","JR24660","both","homozygote","Viable"
"Dnajc7","MGI:1928373","JR22416","both","homozygote","Viable"
"Setd4","MGI:2136890","MDUJ","both","homozygote","Viable"
"Tmem189","MGI:2142624","MBCZ","both","homozygote","Viable"
"9130011E15Rik","MGI:1918867","MFTJ","both","homozygote","Lethal"
"Daam2","MGI:1923691","H-DAAM2-A09-TM1B","both","homozygote","Viable"
"Vwa8","MGI:1919008","HMGU-EPD0510_5_A02-1-1","both","homozygote","Viable"
"Aif1","MGI:1343098","H4598-EPD0403_5_F04-1","both","homozygote","Viable"
"Nos1ap","MGI:1917979","Nos1ap EPD0804_4_E01-1","both","homozygote","Viable"
"Dppa1","MGI:2157522","DPPCB","both","homozygote","Lethal","Conflicting Data"
"Gpr65","MGI:108031","BL4373","both","homozygote","Viable"
"Ube3c","MGI:2140998","RIKEN-Ube3c-B01_","both","homozygote","Viable"
"Cp","MGI:88476","JR21485","both","homozygote","Viable"
"Ino80b","MGI:1917270","BL3001","both","homozygote","Lethal"
"Map2k7","MGI:1346871","MDXN","both","homozygote","Lethal"
"Cck","MGI:88297","RIKEN-Cck-B06_","both","homozygote","Viable"
"Gmds","MGI:1891112","MGCX","both","homozygote","Viable"
"Ezr","MGI:98931","MDYB","both","homozygote","Lethal"
"4930449E01Rik","MGI:1922114","MFCS","both","homozygote","Viable"
"Prkab1","MGI:1336167","MUCJ","both","homozygote","Viable","Conflicting Data"
"Cln6","MGI:2159324","TCPA0153Cre","both","homozygote","Viable"
"Hectd1","MGI:2384768","Hect1_HEPD0728_7_C08-1","both","homozygote","Lethal"
"Gpr1","MGI:2385324","H-Gpr1-C01-TM1B","both","homozygote","Viable"
"Mrpl51","MGI:1913743","JR24942","both","homozygote","Lethal"
"Galc","MGI:95636","TCPM0187Cre","both","homozygote","Viable"
"Akap10","MGI:1890218","BL4875","both","homozygote","Subviable"
"Gjb4","MGI:95722","BL4640","both","homozygote","Viable"
"Pias2","MGI:1096566","MEVX","both","homozygote","Viable"
"Bpifb5","MGI:2385160","MFGS","both","homozygote","Viable"
"1110059G10Rik","MGI:1913452","MEYZ","both","homozygote","Viable"
"Bbs10","MGI:1919019","JR24037","both","homozygote","Lethal"
"Itga2","MGI:96600","H-ITGA2-G06-TM1B","both","homozygote","Viable"
"Krt17","MGI:96691","JR23318","both","homozygote","Viable"
"Kcnj3","MGI:104742","BL3601","both","homozygote","Viable"
"Barx2","MGI:109617","H-BARX2-F07-TM1B","both","homozygote","Subviable"
"Prelid2","MGI:1924869","H-PRELID2-A01-TM1B","both","homozygote","Viable"
"Ints12","MGI:1919043","H-INTS12-E04-TM1B","both","homozygote","Lethal"
"Atrip","MGI:1925349","JR22305","both","homozygote","Lethal"
"Sgip1","MGI:1920344","HMGU-HEPD0674_5_D09-1-1","both","homozygote","Viable"
"Defb14","MGI:2675345","MUFD","both","homozygote","Viable"
"Wfdc18","MGI:107506","MDKQ","both","homozygote","Viable"
"Camkmt","MGI:1920832","MUDU","both","homozygote","Viable"
"Mthfd2l","MGI:1915871","H-MTHFD2L-C08-TM1B","both","homozygote","Viable"
"Vps13d","MGI:2448530","TCPA0183Cre","both","homozygote","Lethal"
"Fgf9","MGI:104723","JR24326","both","homozygote","Lethal"
"Itm2c","MGI:1927594","HMGU-EPD0351_4_F05-1-1","both","homozygote","Subviable"
"Dnmt3a","MGI:1261827","JR18838","both","homozygote","Subviable","Conflicting Data"
"Depdc5","MGI:2141101","H-DEPDC5_G10-TM1B","both","homozygote","Lethal"
"Ngrn","MGI:1933212","MFDK","both","homozygote","Lethal"
"Apip","MGI:1926788","MUEU","both","homozygote","Viable"
"Fam46c","MGI:1921895","MUFH","both","homozygote","Lethal"
"Ap4e1","MGI:1336993","JR21510","both","homozygote","Viable"
"Eprs","MGI:97838","TCPA0537Cre","both","homozygote","Lethal"
"Cldn1","MGI:1276109","TCPA0727Cre","both","homozygote","Lethal"
"Sult1c1","MGI:102928","MUEV","both","homozygote","Viable"
"Pram1","MGI:3576625","H-PRAM1-F12-TM1B","both","homozygote","Viable"
"Rab5c","MGI:105306","MDXG","both","homozygote","Lethal"
"Myrfl","MGI:2685085","MDXJ","both","homozygote","Viable"
"Trp53rkb","MGI:1914050","MFJA","both","homozygote","Viable"
"Dusp11","MGI:1919352","IP00005407a","both","homozygote","Viable"
"Pde12","MGI:2443226","Pde12 EPD0528_5_D09 HOM","both","homozygote","Lethal"
"Dact2","MGI:1920347","DACUB","both","homozygote","Viable"
"Ccdc69","MGI:1196234","MUGL","both","homozygote","Viable"
"Cript","MGI:1929655","JR24332","both","homozygote","Lethal"
"Tmc6","MGI:1098686","MCVS","both","homozygote","Viable"
"Iqgap2","MGI:2449975","JR24289","both","homozygote","Viable"
"Dcps","MGI:1916555","JR23604","both","homozygote","Lethal"
"Golga3","MGI:96958","H-GOLGA3-A08-TM1B","both","homozygote","Viable"
"Gzmk","MGI:1298232","IP00005785a","both","homozygote","Viable"
"Plcb2","MGI:107465","BL3538","both","homozygote","Viable"
"Zbtb46","MGI:1919397","BL3217","both","homozygote","Subviable"
"Pdk1","MGI:1926119","BL3872","both","homozygote","Viable"
"Spef1","MGI:3513546","BL4256","both","homozygote","Subviable"
"Pigl","MGI:2681271","MUFF","both","homozygote","Lethal"
"Cyb561","MGI:103253","H-CYB561-G01-TM1B","both","homozygote","Viable"
"Foxo3","MGI:1890081","JR22097","both","homozygote","Viable"
"Lifr","MGI:96788","H-LIFR-B09-TM1B","both","homozygote","Lethal"
"Aff3","MGI:106927","MCND","both","homozygote","Viable"
"Agl","MGI:1924809","H-Agl-E12-TM1B-2","both","homozygote","Subviable"
"Ppt2","MGI:1860075","H-PPT2-G02-TM1B","both","homozygote","Viable"
"Sdhb","MGI:1914930","H4339-HEPD0746_5_A12-1","both","homozygote","Lethal"
"Ublcp1","MGI:1933105","Ublcp1 EPD0652_6_B08","both","homozygote","Subviable"
"Rab19","MGI:103292","IP00005134a","both","homozygote","Viable"
"Rnf216","MGI:1344349","TCPM0581Cre","both","homozygote","Viable"
"5330417C22Rik","MGI:1923930","IP00005273a","both","homozygote","Subviable"
"Grtp1","MGI:1914040","TCPA0524Cre","both","homozygote","Viable"
"Pth2r","MGI:2180917","MDWU","both","homozygote","Viable"
"4933406M09Rik","MGI:3045320","MAZZB","both","homozygote","Viable"
"Phtf1","MGI:1332671","BL3259","both","homozygote","Viable"
"Med11","MGI:1913422","JR22100","both","homozygote","Lethal"
"Dpp10","MGI:2442409","TCPA0779Cre","both","homozygote","Viable"
"Cenph","MGI:1349448","H4354-HEPD0530_5_A02-1","both","homozygote","Lethal"
"Exosc3","MGI:1913612","BL4029","both","homozygote","Subviable"
"Dnase1l2","MGI:1913955","H-DNASE1L2-A10-TM1-1","both","homozygote","Viable"
"Carm1","MGI:1913208","Carm1 HEPD0719_6_E12-1","both","homozygote","Lethal"
"D17Wsu92e","MGI:106281","BL1601","both","homozygote","Viable"
"Rbpjl","MGI:1196616","H-RBPJL_E05-TM1B","both","homozygote","Viable"
"Sirt3","MGI:1927665","MDCL","both","homozygote","Viable"
"Slc16a3","MGI:1933438","H-SLC16A3-H05-TM1B","both","homozygote","Viable"
"Naga","MGI:1261422","MDNQ","both","homozygote","Viable"
"Vps72","MGI:1202305","MFUE","both","homozygote","Lethal"
"Hacl1","MGI:1929657","MDRQ","both","homozygote","Viable"
"Wnt6","MGI:98960","TCPA0718Cre","both","homozygote","Lethal"
"Shh","MGI:98297","H-SHH-A12-TM1B","both","homozygote","Lethal"
"Vsig8","MGI:3642995","JR23019","both","homozygote","Viable"
"Tatdn3","MGI:1916222","MUAS","both","homozygote","Viable"
"Sh3gl2","MGI:700009","TCPA0133Cre","both","homozygote","Viable"
"Prkcdbp","MGI:1923422","BL2012","both","homozygote","Viable"
"Syt17","MGI:104966","BL2790","both","homozygote","Viable"
"Gtf2b","MGI:2385191","TCPA0561Cre","both","homozygote","Lethal"
"Tulp3","MGI:1329045","H-TULP3-B01-TM1B","both","homozygote","Lethal"
"Ripk3","MGI:2154952","BL3926","both","homozygote","Viable"
"H1fx","MGI:2685307","JR18594","both","homozygote","Viable"
"Tatdn3","MGI:1916222","MEKD","both","homozygote","Viable"
"Sgta","MGI:1098703","JR24038","both","homozygote","Viable"
"Atad2b","MGI:2444798","IP00005593a","both","homozygote","Viable"
"Kdm5c","MGI:99781","IP00005582a","both","homozygote","Lethal"
"Nsun7","MGI:1918168","JR24899","both","homozygote","Viable"
"Mast2","MGI:894676","MFRU","both","homozygote","Viable"
"Ralgapb","MGI:2444531","MEAV","both","homozygote","Lethal"
"Ogdh","MGI:1098267","MFEE","both","homozygote","Lethal"
"Ncald","MGI:1196326","JR18575","both","homozygote","Viable"
"Arhgap23","MGI:3697726","ARCHB","both","homozygote","Viable"
"Epb41l4b","MGI:1859149","EPEBB","both","homozygote","Viable"
"Elfn1","MGI:2442479","ET8696","both","homozygote","Viable"
"Ttc30a2","MGI:3700200","BL2275","both","homozygote","Viable"
"Epgn","MGI:1919170","JR24672","both","homozygote","Viable"
"Dtl","MGI:1924093","Dtl_EPD0842_3_C06-1","both","homozygote","Lethal"
"Pwp1","MGI:1914735","MGQG","both","homozygote","Lethal"
"Pld3","MGI:1333782","MELR","both","homozygote","Viable"
"Wars","MGI:104630","H4336-HEPD0563_6_G06-1","both","homozygote","Lethal"
"Npc2","MGI:1915213","TCPM0216Cre","both","homozygote","Viable"
"Ttll11","MGI:1921660","MELC","both","homozygote","Viable"
"Mogs","MGI:1929872","BCM-10584B-F8-2-1","both","homozygote","Lethal"
"Pcgf2","MGI:99161","TCPA0528Cre","both","homozygote","Lethal"
"Supt4a","MGI:107416","TCPM0565Cre","both","homozygote","Lethal"
"Art4","MGI:1202710","MFCP","both","homozygote","Viable"
"Lamb3","MGI:99915","H-Lamb3-C12-TM1B","both","homozygote","Viable"
"Oas1g","MGI:97429","MDGP","both","homozygote","Viable","Conflicting Data"
"Psmf1","MGI:1346072","RIKEN-Psmf1-E09_","both","homozygote","Lethal"
"Dnase1l2","MGI:1913955","RIKEN_EPD0296_2_A10","both","homozygote","Viable"
"Lonrf3","MGI:1921615","MUAN","both","homozygote","Viable"
"Plk5","MGI:3026984","JR26274","both","homozygote","Viable"
"Bloc1s2","MGI:1920939","JR22818","both","homozygote","Lethal"
"Cs","MGI:88529","HMGU-EPD0681_3_E02-2-1","both","homozygote","Lethal"
"Aktip","MGI:3693832","TCPM0215Cre","both","homozygote","Viable"
"Fbxl16","MGI:2448488","Fbxl16 <EPD0380_3_F03>-1","both","homozygote","Subviable"
"Caskin2","MGI:2157062","BL1460","both","homozygote","Viable"
"Ap4e1","MGI:1336993","ET6689","both","homozygote","Viable"
"Fscn2","MGI:2443337","BL3432","both","homozygote","Viable"
"Gprc5d","MGI:1935037","GPRDB","both","homozygote","Viable"
"Dhx40","MGI:1914737","METDB","both","homozygote","Viable"
"Bves","MGI:1346013","BL4215","both","homozygote","Viable"
"Gmnc","MGI:2685452","MUCY","both","homozygote","Viable"
"Pthlh","MGI:97800","MFMW","both","homozygote","Lethal"
"Car4","MGI:1096574","GSF-EPD0227_6_F12-1-2","both","homozygote","Subviable"
"Fam63a","MGI:1922257","H-FAM63a-H01-TM1B","both","homozygote","Viable"
"Pla2g2e","MGI:1349660","HMGU-EPD0378_2_E10-1-1","both","homozygote","Viable"
"Gfpt2","MGI:1338883","HMGU-EPD0456_3_H09-1-1","both","homozygote","Viable"
"Ago3","MGI:2446634","MEPR","both","homozygote","Viable"
"Orc1","MGI:1328337","MGNP","both","homozygote","Lethal"
"Syn3","MGI:1351334","JR23665","both","homozygote","Viable"
"Slc45a3","MGI:1922082","BL2223","both","homozygote","Viable"
"Man2b2","MGI:1195262","TCPA0036Cre","both","homozygote","Viable"
"Hsd17b1","MGI:105077","JR25380","both","homozygote","Viable"
"Zbtb4","MGI:1922830","JR23660","both","homozygote","Viable"
"Atp5l","MGI:1351597","H-ATP5L-A09-TM1B","both","homozygote","Lethal"
"Apol7a","MGI:1923011","MDWB","both","homozygote","Viable"
"Crispld2","MGI:1926142","BL3733","both","homozygote","Lethal"
"Btrc","MGI:1338871","H-Btrc-B11-TM1B-2","both","homozygote","Viable"
"Sptssa","MGI:1913399","JR18820","both","homozygote","Lethal"
"Aim1","MGI:109544","TCPM0584Cre","both","homozygote","Lethal"
"Grm3","MGI:1351340","H-GRM3-A06-TM1B","both","homozygote","Viable"
"Resp18","MGI:1098222","JR18572","both","homozygote","Viable"
"Cdk8","MGI:1196224","IP00005208a","both","homozygote","Lethal"
"Hspb1","MGI:96240","JR22782","both","homozygote","Viable"
"Fam69a","MGI:1914516","MGKX","both","homozygote","Viable"
"Ivd","MGI:1929242","HMGU-HEPD0535_3_F08-1-1","both","homozygote","Lethal"
"Bag3","MGI:1352493","H-Bag3-B06-TM1B","both","homozygote","Lethal"
"Ctla2b","MGI:88555","TCPA0777Cre","both","homozygote","Lethal"
"Cpsf3","MGI:1859328","MEHJ","both","homozygote","Lethal","Conflicting Data"
"Gdpd5","MGI:2686926","GDPCB","both","homozygote","Subviable"
"Nhlh2","MGI:97324","TCPA0052Cre","both","homozygote","Viable"
"Cyb5d2","MGI:2684848","JR24035","both","homozygote","Viable"
"Medag","MGI:1917967","MUDW","both","homozygote","Viable"
"Snapin","MGI:1333745","JR25382","both","homozygote","Lethal"
"C1qtnf5","MGI:2385958","JR18562","both","homozygote","Viable"
"Acer1","MGI:2181962","MFUH","both","homozygote","Viable"
"Stx16","MGI:1923396","JR22781","both","homozygote","Viable"
"Mcrs1","MGI:1858420","JR25386","both","homozygote","Lethal"
"Chek2","MGI:1355321","JR24279","both","homozygote","Viable"
"AI464131","MGI:2140300","JR21488","both","homozygote","Viable"
"Rims3","MGI:2443331","RIMMB","both","homozygote","Viable"
"Abca1","MGI:99607","ABCCB","both","homozygote","Lethal"
"Kcnj14","MGI:2384820","H-KCNJ14-B12-TM1B","both","homozygote","Viable"
"3830417A13Rik","MGI:1917946","MECY","both","homozygote","Viable"
"Fzd3","MGI:108476","H-FZD3-G04-TM1B","both","homozygote","Subviable"
"Hsd17b11","MGI:2149821","JR25638","both","homozygote","Viable"
"Spdye4b","MGI:3612701","RIBBB","both","homozygote","Viable"
"Pop4","MGI:1913411","MEQK","both","homozygote","Lethal"
"Ccdc134","MGI:1923707","MERW","both","homozygote","Subviable"
"Cabp4","MGI:1920910","BL4881","both","homozygote","Viable"
"Krit1","MGI:1930618","BL4124","both","homozygote","Lethal"
"Col6a2","MGI:88460","BL2238","both","homozygote","Viable"
"Lman1l","MGI:2667537","JR25276","both","homozygote","Viable"
"Snx15","MGI:1916274","JR26233","both","homozygote","Viable"
"Dicer1","MGI:2177178","H-DICER1-H11-TM1B","both","homozygote","Lethal"
"Foxj3","MGI:2443432","Foxj3 EPD0536_5_B08-2","both","homozygote","Viable","Conflicting Data"
"Ildr1","MGI:2146574","MFJM","both","homozygote","Viable"
"Xbp1","MGI:98970","H-Xbp1-E10-TM1B","both","homozygote","Lethal"
"Ikzf3","MGI:1342542","RIKEN-Ikzf3-CB3_","both","homozygote","Viable"
"Panx2","MGI:1890615","BL3283","both","homozygote","Viable"
"Rnaset2b","MGI:3702087","H-RNASET2B-C09-TM1B","both","homozygote","Viable"
"Izumo1r","MGI:1929185","MFVS","both","homozygote","Viable"
"Dph6","MGI:1913882","MFZU","both","homozygote","Viable"
"Acvr2b","MGI:87912","BL3554","both","homozygote","Subviable"
"1700123O20Rik","MGI:1920893","MGBX","both","homozygote","Viable"
"C9","MGI:1098282","JR22779","both","homozygote","Viable"
"4921536K21Rik","MGI:1914680","MFCN","both","homozygote","Viable"
"Cacna1i","MGI:2178051","Cacna1i EPD0807_2_A02 HOM","both","homozygote","Viable"
"Kars","MGI:1934754","KARDB","both","homozygote","Lethal"
"Fgf8","MGI:99604","H-FGF8-A10-TM1B","both","homozygote","Lethal"
"Gm12258","MGI:3651534","IP00004866a","both","homozygote","Viable"
"Wee2","MGI:3027899","JR25926","both","homozygote","Viable"
"Fgfr4","MGI:95525","Fgfr4 EPD0354_5_C09","both","homozygote","Viable"
"Maea","MGI:1891748","H4879-EPD0664_2_F07-1","both","homozygote","Lethal"
"Mturn","MGI:1915485","BL1996","both","homozygote","Viable"
"Cdc123","MGI:2138811","H4597-EPD0728_3_G03-1","both","homozygote","Lethal"
"Krt77","MGI:3588209","JR25927","both","homozygote","Viable"
"Klf14","MGI:3577024","BL1129","both","homozygote","Viable"
"Il24","MGI:2135548","JR22005","both","homozygote","Viable"
"Lyrm9","MGI:1913524","MGHA","both","homozygote","Viable"
"Bbox1","MGI:1891372","BDOXB","both","homozygote","Subviable"
"Dhx30","MGI:1920081","JR22342","both","homozygote","Lethal"
"Crtc3","MGI:1917711","BL3352","both","homozygote","Subviable"
"Pax4","MGI:97488","IP00005195a","both","homozygote","Lethal"
"Kcnk18","MGI:2685627","ET7863","both","homozygote","Viable"
"Gdf15","MGI:1346047","H-GDF15-B10-TM1B","both","homozygote","Viable"
"Slc25a20","MGI:1928738","MERS","both","homozygote","Lethal"
"1700011A15Rik","MGI:1913572","MFUU","both","homozygote","Viable"
"Cd300lg","MGI:1289168","MEYW","both","homozygote","Viable"
"Zfp182","MGI:2442220","MUAP","both","homozygote","Viable"
"Syne3","MGI:2442408","BL3161","both","homozygote","Viable"
"Eef2kmt","MGI:1917761","Monterotondo-EPD0146_4_A06-1-1","both","homozygote","Viable"
"Chst11","MGI:1927166","MFZV","both","homozygote","Lethal"
"Ap3s1","MGI:1337062","H4348-HEPD0632_3_G10-1","both","homozygote","Viable"
"Hhipl1","MGI:1919265","H-HHIPL1-H04-TM1B","both","homozygote","Viable"
"C8b","MGI:88236","H-C8B-E06-TM1B","both","homozygote","Viable"
"S100a14","MGI:1913416","TCPA0562Cre","both","homozygote","Subviable"
"Mocs2","MGI:1336894","HMGU-EPD0560_5_C09-1-1","both","homozygote","Lethal"
"Adsl","MGI:103202","ADSBB","both","homozygote","Lethal"
"Sec1","MGI:1928893","MEMY","both","homozygote","Viable"
"Dcp2","MGI:1917890","IP00005614a","both","homozygote","Lethal"
"Cbx4","MGI:1195985","TCPA0078Cre","both","homozygote","Lethal"
"Rexo2","MGI:1888981","H-REXO2-G10-TM1B","both","homozygote","Lethal"
"Pgs1","MGI:1921701","HMGU-HEPD0612_1_H03-1-1","both","homozygote","Lethal"
"Ppp4r2","MGI:3027896","RIKEN_Ppp4r2_HEPD0547_2_E07","both","homozygote","Lethal"
"Traf6","MGI:108072","MFXR","both","homozygote","Lethal"
"Slx4ip","MGI:1921493","MFAM","both","homozygote","Viable"
"Dip2a","MGI:2385920","MUBY","both","homozygote","Viable"
"Pigf","MGI:99462","MGLS","both","homozygote","Lethal"
"Ccdc116","MGI:1924122","ET8171","both","homozygote","Viable"
"Cab39l","MGI:1914081","H-CAB39L-B12-TM1B","both","homozygote","Viable"
"Trim29","MGI:1919419","MUAD","both","homozygote","Viable"
"Galntl5","MGI:1915159","MUGG","both","homozygote","Viable"
"C1rl","MGI:2660692","H-CR1RL-A04-TM1B","both","homozygote","Viable"
"Snph","MGI:2139270","BL3752","both","homozygote","Subviable"
"Msantd1","MGI:2684990","ET8352","both","homozygote","Viable"
"Entpd8","MGI:1919340","BL3369","both","homozygote","Viable"
"Plscr2","MGI:1270860","MUEH","both","homozygote","Viable"
"Smoc1","MGI:1929878","H-Smoc1-C03-TM1B","both","homozygote","Subviable"
"Tbx10","MGI:1261436","TBXAB","both","homozygote","Viable"
"Cdkl2","MGI:1858227","CDKKB","both","homozygote","Viable"
"Rps19bp1","MGI:1913788","RPSEB","both","homozygote","Subviable"
"Efna5","MGI:107444","HMGU-EPD0445_2_D06-1-1","both","homozygote","Viable"
"Traf2","MGI:101835","MFVP","both","homozygote","Lethal"
"Oas1g","MGI:97429","ET7898","both","homozygote","Lethal","Conflicting Data"
"Eif2b3","MGI:1313286","H-EIF2B3-D09-TM1B","both","homozygote","Lethal"
"P2rx6","MGI:1337113","H-P2RX6-A09-TM1B","both","homozygote","Viable"
"Cbx2","MGI:88289","H-Cbx2-F12-TM1B","both","homozygote","Lethal"
"Osbpl3","MGI:1918970","MGCS","both","homozygote","Viable"
"Dbn1","MGI:1931838","DBNNB","both","homozygote","Subviable","Conflicting Data"
"4933427D14Rik","MGI:1921727","JR24041","both","homozygote","Lethal"
"Npffr2","MGI:1860130","NPFFB","both","homozygote","Viable"
"2010300C02Rik","MGI:1919347","MUEO","both","homozygote","Viable"
"Dbn1","MGI:1931838","MCKS","both","homozygote","Subviable","Conflicting Data"
"Alg2","MGI:1914731","JR24331","both","homozygote","Lethal"
"Dach1","MGI:1277991","JR24353","both","homozygote","Lethal"
"Slc1a3","MGI:99917","JR18557","both","homozygote","Subviable"
"Dennd4c","MGI:1914769","MUHB","both","homozygote","Lethal"
"Frrs1","MGI:108076","MELS","both","homozygote","Subviable"
"Celf4","MGI:1932407","MGBQ","both","homozygote","Lethal"
"BC055324","MGI:3590554","H-BC055324-A04-TM1B","both","homozygote","Lethal"
"Usp2","MGI:1858178","H-USP2-A07-TM1B","both","homozygote","Viable"
"Gm648","MGI:2685494","MEEB","both","homozygote","Viable"
"Ap4e1","MGI:1336993","MUCH","both","homozygote","Viable"
"Ift140","MGI:2146906","MGAE","both","homozygote","Lethal"
"Med22","MGI:98446","MFHW","both","homozygote","Lethal"
"Mybbp1a","MGI:106181","HMGU-HEPD0602_4_G02-1-1","both","homozygote","Lethal"
"Dnm1l","MGI:1921256","IP00005523a","both","homozygote","Lethal"
"Chrna1","MGI:87885","IP00005076a","both","homozygote","Lethal"
"Gpc2","MGI:1919201","UCD-13172A-C7-1-1","both","homozygote","Subviable"
"Ckap4","MGI:2444926","CKADB","both","homozygote","Subviable"
"Cytip","MGI:2183535","CYTPB","both","homozygote","Viable"
"Zfp689","MGI:1918381","JR26069","both","homozygote","Subviable"
"Cfap61","MGI:1926024","MGMN","both","homozygote","Viable"
"Zfp287","MGI:2176561","MUCG","both","homozygote","Viable"
"Gps1","MGI:2384801","TCPA0529Cre","both","homozygote","Lethal"
"Klf7","MGI:1935151","H-Klf7-F09-TM1B","both","homozygote","Lethal"
"Gpr152","MGI:2685519","MUBW","both","homozygote","Viable"
"Htr2b","MGI:109323","E04-1","both","homozygote","Lethal"
"Il10rb","MGI:109380","MDNU","both","homozygote","Viable"
"Pef1","MGI:1915148","HMGU-HEPD0074_4_C05-1-1","both","homozygote","Viable"
"Chrnb2","MGI:87891","H-CHRNB2-H05-TM1B","both","homozygote","Subviable"
"Memo1","MGI:1924140","Memo1 EPD0785_3_A06 HOM","both","homozygote","Lethal"
"Arsg","MGI:1921258","MEDY","both","homozygote","Viable"
"Carf","MGI:2182269","JR24516","both","homozygote","Viable"
"Cacna2d3","MGI:1338890","JR22418","both","homozygote","Viable"
"Gpr22","MGI:1920260","H-GPR22-F10-TM1B","both","homozygote","Viable"
"Ap4m1","MGI:1337063","MUET","both","homozygote","Viable"
"Ninj2","MGI:1352751","MEQF","both","homozygote","Viable"
"Entpd1","MGI:102805","GSF-EPD0156_1_B01-1-1","both","homozygote","Viable"
"Gpank1","MGI:2148975","BL4948","both","homozygote","Viable"
"Samd9l","MGI:1343184","BL2311","both","homozygote","Viable"
"Nsg1","MGI:109149","BL1824","both","homozygote","Viable"
"Slc2a5","MGI:1928369","H4346-EPD0636_4_E02-1","both","homozygote","Viable"
"F7","MGI:109325","H-F7-F04-TM1B","both","homozygote","Subviable"
"Ctr9","MGI:109345","MUAZ","both","homozygote","Lethal"
"Poln","MGI:2675617","H-Poln-C08-TM1B","both","homozygote","Viable"
"Vwa3a","MGI:3041229","MUHQ","both","homozygote","Viable"
"Nol8","MGI:1918180","ICS-HEPD0531_3_B10-1","both","homozygote","Lethal"
"Commd10","MGI:1916706","MEMK","both","homozygote","Lethal"
"Arhgap22","MGI:2443418","MFBW","both","homozygote","Viable"
"Adm2","MGI:2675256","BL4084","both","homozygote","Viable"
"Mir429","MGI:3619402","mirKO_ES_PuDtk_10H10-1","both","homozygote","Lethal"
"Far2","MGI:2687035","JR22011","both","homozygote","Viable"
"Snrnp200","MGI:2444401","H-SNRNP200-E01-TM1B","both","homozygote","Lethal"
"Prodh","MGI:97770","BL2396","both","homozygote","Viable"
"Fam210b","MGI:1914267","BL1690","both","homozygote","Viable"
"Prom2","MGI:2138997","JR18576","both","homozygote","Viable"
"Gm13547","MGI:3650473","MDHP","both","homozygote","Viable"
"Mmp15","MGI:109320","MEMPB","both","homozygote","Viable"
"Lmbrd1","MGI:1915671","TCPA0157Cre","both","homozygote","Lethal"
"Pqlc3","MGI:2444067","MFGM","both","homozygote","Viable"
"Pla2g6","MGI:1859152","MFZL","both","homozygote","Viable"
"Mllt3","MGI:1917372","H-Mllt3-B06-TM1B","both","homozygote","Lethal"
"Slc24a4","MGI:2447362","H-SLC24A4-H07-TM1B","both","homozygote","Subviable"
"Jam2","MGI:1933820","JR24055","both","homozygote","Viable"
"Cml2","MGI:2136446","JR18586","both","homozygote","Viable"
"Slc20a2","MGI:97851","GSF-EPD0243_1_C06-1-1","both","homozygote","Subviable","Conflicting Data"
"Usp3","MGI:2152450","H-USP3-A11-TM1B","both","homozygote","Subviable"
"Nrn1l","MGI:2443642","JR24945","both","homozygote","Viable"
"Ecscr","MGI:1915795","BL4133","both","homozygote","Viable"
"Gad2","MGI:95634","GSF-EPD0363_5_D12-1-1","both","homozygote","Viable"
"Mid1ip1","MGI:1915291","BL2378","both","homozygote","Viable"
"Acsl5","MGI:1919129","BL3214","both","homozygote","Viable"
"Peli1","MGI:1914495","BL3735","both","homozygote","Subviable"
"Capn8","MGI:2181366","BL4161","both","homozygote","Viable"
"Xpot","MGI:1920442","XPORB","both","homozygote","Subviable"
"Vcpkmt","MGI:2684917","JR24944","both","homozygote","Viable"
"Fbxw9","MGI:1915878","Fbxw9 EPD0485_1_H05-2","both","homozygote","Subviable","Conflicting Data"
"Lyplal1","MGI:2385115","MFPU","both","homozygote","Viable"
"Mmp16","MGI:1276107","H-MMP16-A10-TM1B","both","homozygote","Viable"
"Rilp","MGI:2144271","BL2302","both","homozygote","Viable"
"Dspp","MGI:109172","BL3605","both","homozygote","Viable"
"Ap4e1","MGI:1336993","H-AP4E1-A08-TM1B","both","homozygote","Viable"
"Vps13c","MGI:2444207","H4338-HEPD0570_6_G06-1","both","homozygote","Viable"
"Tbx4","MGI:102556","BL3511","both","homozygote","Lethal"
"Tnfrsf9","MGI:1101059","IP00005662a","both","homozygote","Subviable"
"Spg20","MGI:2139806","Monterotondo-HEPD0548_1_H08-1-1","both","homozygote","Viable"
"Cotl1","MGI:1919292","H4640-HEPD0672_2_B07-1","both","homozygote","Viable"
"Entpd6","MGI:1202295","MFBZ","both","homozygote","Viable"
"Cant1","MGI:1923275","H4636-HEPD0624_1_E03-1","both","homozygote","Subviable"
"Nsf","MGI:104560","JR18646","both","homozygote","Lethal"
"Dnajc9","MGI:1915326","JR22340","both","homozygote","Lethal"
"Ndufa8","MGI:1915625","GSF-HEPD0509_8_C03-1-1","both","homozygote","Lethal"
"Slc7a11","MGI:1347355","IP00005337a","both","homozygote","Viable"
"Efcab11","MGI:1926017","H-EFCAB11-A03-TM1B","both","homozygote","Viable"
"Angptl4","MGI:1888999","H-ANGPTL4-E04-TM1B","both","homozygote","Viable"
"Ctsd","MGI:88562","IP00005224a","both","homozygote","Subviable"
"Dnajc5b","MGI:1913576","IP00005740a","both","homozygote","Viable"
"Dennd1b","MGI:2447812","MFVH","both","homozygote","Viable"
"Zfp616","MGI:3650906","MUCF","both","homozygote","Viable"
"Dpyd","MGI:2139667","TCPA0056Cre","both","homozygote","Viable"
"Ajap1","MGI:2685419","JR23421","both","homozygote","Viable"
"Slit1","MGI:1315203","H-SLIT1-H12-TM1B","both","homozygote","Viable"
"Oaf","MGI:94852","MGNL","both","homozygote","Viable"
"Paqr6","MGI:1916207","Paqr6 <EPD0490_5_C10>-1","both","homozygote","Viable"
"Zfp119a","MGI:1345189","HMGU-HEPD0637_2_H07-1-1","both","homozygote","Viable"
"Rnf10","MGI:1859162","JR21511","both","homozygote","Viable","Conflicting Data"
"Rab20","MGI:102789","JR24187","both","homozygote","Viable"
"Lonrf3","MGI:1921615","MEGU","both","homozygote","Viable"
"Plscr1","MGI:893575","IP00004675a","both","homozygote","Viable"
"Foxi2","MGI:3028075","JR25265","both","homozygote","Viable"
"Acvr1","MGI:87911","BL3519","both","homozygote","Lethal"
"Capn12","MGI:1891369","H4637-HEPD0693_1_D08-1","both","homozygote","Viable"
"Cdh13","MGI:99551","IP00005591a","both","homozygote","Viable"
"Krt7","MGI:96704","MUCU","both","homozygote","Viable"
"Dbn1","MGI:1931838","MUCL","both","homozygote","Subviable","Conflicting Data"
"Srp9","MGI:1350930","JR25385","both","homozygote","Lethal"
"Gpc5","MGI:1194894","MDCM","both","homozygote","Viable"
"Il20ra","MGI:3605069","BL2547","both","homozygote","Viable"
"Mad1l1","MGI:1341857","BL3736","both","homozygote","Subviable"
"Ivl","MGI:96626","BL4213","both","homozygote","Viable"
"Inf2","MGI:1917685","BL1485","both","homozygote","Viable"
"Ift80","MGI:1915509","MEAN","both","homozygote","Subviable"
"Mag","MGI:96912","JR25187","both","homozygote","Viable"
"Vezt","MGI:2143698","JR26170","both","homozygote","Lethal"
"Coa5","MGI:1923428","TCPA0041Cre","both","homozygote","Lethal"
"Mlec","MGI:1924015","MDXK","both","homozygote","Viable"
"Vps51","MGI:1915755","MFDC","both","homozygote","Lethal"
"Slc9a3","MGI:105064","TCPA0699Cre","both","homozygote","Viable"
"Rapsn","MGI:99422","H-RAPSN-E06-TM1B","both","homozygote","Lethal"
"Leprotl1","MGI:1915442","H-LEPROTL1-H12-TM1B","both","homozygote","Viable"
"Dlg2","MGI:1344351","MDLX","both","homozygote","Viable"
"Acsl4","MGI:1354713","MBGS","both","homozygote","Subviable"
"Syt16","MGI:2673872","MFJL","both","homozygote","Viable"
"Mbd6","MGI:106378","BL2325","both","homozygote","Lethal"
"Rab23","MGI:99833","H-RAB23-G11-TM1B","both","homozygote","Lethal"
"Dynlrb1","MGI:1914318","MDUV","both","homozygote","Lethal"
"Pax7","MGI:97491","JR23412","both","homozygote","Subviable"
"Heyl","MGI:1860511","JR25319","both","homozygote","Viable"
"Ubash3a","MGI:1926074","HMGU-EPD0736_4_B10-1","both","homozygote","Viable"
"Nhp2","MGI:1098547","MFDS","both","homozygote","Lethal"
"Polb","MGI:97740","MGLG","both","homozygote","Lethal"
"Pdgfrb","MGI:97531","H-PDGFRB-F11-TM1B","both","homozygote","Lethal"
"Tdrkh","MGI:1919884","JR24039","both","homozygote","Viable"
"Pls3","MGI:104807","MEYY","both","homozygote","Viable"
"5730559C18Rik","MGI:1921579","MGHU","both","homozygote","Viable"
"Nxn","MGI:109331","MUCQ","both","homozygote","Lethal"
"Hspa5","MGI:95835","JR19073","both","homozygote","Lethal"
"Ucp1","MGI:98894","HMGU-HEPD0676_4_E07-1-1","both","homozygote","Viable"
"Nes","MGI:101784","JR24185","both","homozygote","Viable"
"Ptpn12","MGI:104673","TCPA0683Cre","both","homozygote","Lethal"
"Rnf38","MGI:1920719","RINFB","both","homozygote","Subviable"
"Ncs1","MGI:109166","IP00005030a","both","homozygote","Subviable"
"C8a","MGI:2668347","TCPM0708Cre","both","homozygote","Viable"
"Ctdspl","MGI:1916524","TCPA0051Cre","both","homozygote","Viable"
"Slc17a9","MGI:1919107","BL4145","both","homozygote","Viable"
"Lce1m","MGI:1913453","MUGQ","both","homozygote","Viable"
"Glp1r","MGI:99571","H-GLP1R-F05-TM1B","both","homozygote","Viable"
"Clstn1","MGI:1929895","H-CLSTN1-G03-TM1B","both","homozygote","Viable"
"F2rl1","MGI:101910","IP00005358a","both","homozygote","Viable"
"Iah1","MGI:1914982","E201JM8N4-54","both","homozygote","Viable"
"Rab35","MGI:1924657","HMGU-HEPD0537_1_F06-1-1","both","homozygote","Lethal"
"Has1","MGI:106590","H-HAS1-A04-TM1B","both","homozygote","Viable"
"Zdhhc11","MGI:1918414","JR18620","both","homozygote","Viable"
"Stx19","MGI:1915409","JR25865","both","homozygote","Viable"
"Socs1","MGI:1354910","TCPA0574Cre","both","homozygote","Lethal"
"Pnck","MGI:1347357","BL2269","both","homozygote","Viable"
"Dusp13","MGI:1351599","TCPA0037Cre","both","homozygote","Viable"
"Rilpl1","MGI:1922945","HMGU-HEPD0718_1_B06-1-1","both","homozygote","Viable"
"Lama4","MGI:109321","BL3706","both","homozygote","Viable"
"Nfkbil1","MGI:1340031","MGJQ","both","homozygote","Viable"
"Ahsa2","MGI:1916133","IP00005099a","both","homozygote","Viable"
"Hbs1l","MGI:1891704","METC","both","homozygote","Viable"
"Polr2h","MGI:2384309","JR23306","both","homozygote","Lethal"
"Gbx1","MGI:95667","H-GBX1-C09-TM1B","both","homozygote","Viable"
"Plac9a","MGI:2663998","H-PLAC9A-A09-TM1B","both","homozygote","Viable"
"Arhgap33","MGI:2673998","ARHHB","both","homozygote","Subviable"
"BC100451","MGI:1929713","JR24155","both","homozygote","Viable"
"Fgf10","MGI:1099809","H-Fgf10-A02-TM1B","both","homozygote","Lethal"
"H1foo","MGI:2176207","TCPA0004Cre","both","homozygote","Viable"
"Stx3","MGI:103077","JR24517","both","homozygote","Lethal"
"Aqp6","MGI:1341204","HMGU-HEPD0753_1_H05-1-1","both","homozygote","Viable"
"Cyp27b1","MGI:1098274","TCPA0642Cre","both","homozygote","Viable"
"Rabl6","MGI:2442633","BL2321","both","homozygote","Viable"
"Mettl7b","MGI:1918914","JR25516","both","homozygote","Viable"
"Serinc3","MGI:1349457","MFXJ","both","homozygote","Viable"
"Sepw1","MGI:1100878","MUHP","both","homozygote","Subviable"
"Rln1","MGI:97931","RIKEN-Rln1-AB5_","both","homozygote","Viable"
"AU021092","MGI:2146559","BL4448","both","homozygote","Subviable"
"Rhbdf2","MGI:2442473","BL2322","both","homozygote","Viable"
"Cdk15","MGI:3583944","JR23307","both","homozygote","Viable"
"Tuft1","MGI:109572","MGQB","both","homozygote","Viable"
"Adamts13","MGI:2685556","Adamts13 EPD0423_2_B08 HOM","both","homozygote","Viable"
"Il6st","MGI:96560","JR22388","both","homozygote","Viable"
"Gas2l1","MGI:1926176","ET8547","both","homozygote","Viable"
"Wbp5","MGI:109567","MEGM","both","homozygote","Viable"
"Adap1","MGI:2442201","MFPC","both","homozygote","Viable"
"Kif24","MGI:1918345","MUDP","both","homozygote","Viable"
"Rpgrip1l","MGI:1920563","MDLW","both","homozygote","Lethal"
"Stard8","MGI:2448556","MEGB","both","homozygote","Viable"
"Zzef1","MGI:2444286","JR22366","both","homozygote","Viable"
"Oxr1","MGI:2179326","MEBW","both","homozygote","Viable"
"Tfeb","MGI:103270","TFEBB","both","homozygote","Lethal"
"Mapkap1","MGI:2444554","Mapkap1 EPD0609_2_F05-1","both","homozygote","Lethal"
"Abcc2","MGI:1352447","H-ABCC2-B03-TM1B","both","homozygote","Viable"
"3110035E14Rik","MGI:1924232","MUAH","both","homozygote","Viable"
"Adgrv1","MGI:1274784","ET9317","both","homozygote","Viable"
"Dlg4","MGI:1277959","MEEV","both","homozygote","Viable"
"Mas1","MGI:96918","BL3034","both","homozygote","Viable"
"Elmo3","MGI:2679007","BL3137","both","homozygote","Viable"
"Lpin2","MGI:1891341","TCPA0012Cre","both","homozygote","Viable"
"Ccdc122","MGI:1918358","MEWY","both","homozygote","Viable"
"Myh14","MGI:1919210","MDSK","both","homozygote","Viable"
"Pdxk","MGI:1351869","MEDH","both","homozygote","Lethal"
"Fam151b","MGI:1921192","H-Fam151b-C08-TM1B","both","homozygote","Viable"
"Notch4","MGI:107471","TCPA0599Cre","both","homozygote","Viable"
"Penk","MGI:104629","RIKEN-Penk-G01_","both","homozygote","Viable"
"Os9","MGI:1924301","MEFC","both","homozygote","Viable"
"Lpo","MGI:1923363","GSF-EPD0215_3_D03-1-1","both","homozygote","Viable"
"Jmjd6","MGI:1858910","GSF-EPD0158_3_A11-1-1","both","homozygote","Lethal"
"Ubash3a","MGI:1926074","MDZN","both","homozygote","Viable"
"Hacl1","MGI:1929657","ET7986","both","homozygote","Viable"
"Dcdc2c","MGI:1915761","MERM","both","homozygote","Viable"
"Rnd3","MGI:1921444","H-RND3-G10-TM1B","both","homozygote","Viable"
"P2rx7","MGI:1339957","GSF-EPD0369_6_A06-1-1","both","homozygote","Viable"
"Dap","MGI:1918190","MGBG","both","homozygote","Viable"
"4921509C19Rik","MGI:2685851","JR24333","both","homozygote","Viable"
"Rbmx","MGI:1343044","MEJH","both","homozygote","Viable"
"Ube2o","MGI:2444266","JR22419","both","homozygote","Subviable"
"Chd9","MGI:1924001","MGJD","both","homozygote","Viable"
"A830019P07Rik","MGI:3028035","MENG","both","homozygote","Viable"
"Ehbp1l1","MGI:3612340","MFCC","both","homozygote","Lethal"
"C1qa","MGI:88223","JR22307","both","homozygote","Viable"
"Slc9a4","MGI:105074","H-SLC9A4-C05-TM1B","both","homozygote","Viable"
"Cfap69","MGI:2443778","BL2398","both","homozygote","Viable"
"Parp12","MGI:2143990","BL3290","both","homozygote","Viable"
"Prdm14","MGI:3588194","PRDM14 E12","both","homozygote","Viable"
"Il17rd","MGI:2159727","H-Il17rd-G11-TM1B","both","homozygote","Viable"
"Trim65","MGI:2442815","MUGH","both","homozygote","Viable"
"Zfp42","MGI:99187","JR23023","both","homozygote","Viable"
"Itgae","MGI:1298377","H-ITGAE-G08-TM1B","both","homozygote","Viable"
"Sh2d5","MGI:2446215","MEMX","both","homozygote","Viable"
"Tchp","MGI:1925082","MGEH","both","homozygote","Viable"
"Cyp4b1","MGI:103225","HMGU-EPD0078_3_C03-1-1","both","homozygote","Viable"
"Anxa3","MGI:1201378","HMGU-HEPD0715_8_H08-1-1","both","homozygote","Viable"
"Fus","MGI:1353633","UCD-11866A-C7-1-1","both","homozygote","Lethal"
"1700003F12Rik","MGI:1922730","UCD-10243A-E8-2-1","both","homozygote","Subviable"
"Dopey2","MGI:1917278","MDYU","both","homozygote","Viable"
"Dpm2","MGI:1330238","H-DPM2-G06-TM1B","both","homozygote","Lethal"
"Nkg7","MGI:1931250","BL2496","both","homozygote","Viable"
"Plekhg3","MGI:2388284","IP00005111a","both","homozygote","Viable"
"Sdsl","MGI:2182607","IP00004929a","both","homozygote","Viable"
"Uts2b","MGI:2677064","BL2351","both","homozygote","Viable"
"Lpin3","MGI:1891342","BL1459","both","homozygote","Viable"
"Ppp6c","MGI:1915107","IP00004899a","both","homozygote","Lethal"
"Wars2","MGI:1917810","JR21936","both","homozygote","Lethal"
"Prkab1","MGI:1336167","ET6880_TCP","both","homozygote","Viable","Conflicting Data"
"Cyp2e1","MGI:88607","H-Cyp2e1-F11-TM1B","both","homozygote","Viable"
"Sirt3","MGI:1927665","H-Sirt3-F10-TM1B","both","homozygote","Viable"
"Leprot","MGI:2687005","MENP","both","homozygote","Viable"
"Pfkfb4","MGI:2687284","BL988","both","homozygote","Viable"
"Eif2b4","MGI:95300","BL3079","both","homozygote","Lethal"
"Prg3","MGI:1858200","BL3293","both","homozygote","Viable"
"Dnajb7","MGI:1914012","JR18580","both","homozygote","Viable"
"Hectd2","MGI:2442663","H-Hectd2-F04-TM1B","both","homozygote","Viable"
"Atp5b","MGI:107801","TCPA0521Cre","both","homozygote","Lethal"
"Ptma","MGI:97803","ET5625","both","homozygote","Lethal"
"Usp12","MGI:1270128","GSF-HEPD0538_7_A07-1-2","both","homozygote","Viable"
"Cox4i1","MGI:88473","UCD-13284A-B10-1-1","both","homozygote","Lethal"
"Smurf2","MGI:1913563","H-SMURF2-H08-TM1B","both","homozygote","Subviable"
"Vti1a","MGI:1855699","BL3599","both","homozygote","Viable"
"Dnaaf2","MGI:1923566","JR24570","both","homozygote","Lethal"
"Mapk11","MGI:1338024","H-MAPK11-C08-TM1B","both","homozygote","Viable"
"Ctsk","MGI:107823","TCPM0615Cre","both","homozygote","Viable"
"Fam186b","MGI:3647604","JR24653","both","homozygote","Viable"
"Panx1","MGI:1860055","BL1216","both","homozygote","Viable"
"Gpr182","MGI:109545","ET8210","both","homozygote","Viable"
"Mplkip","MGI:1913558","ET8255","both","homozygote","Viable"
"Izumo1r","MGI:1929185","RIKEN-EPD0094_3_F07","both","homozygote","Viable"
"Cnot6","MGI:2144529","MCQP","both","homozygote","Subviable"
"Elof1","MGI:1913376","JR25191","both","homozygote","Lethal"
"Rnf10","MGI:1859162","MCJK-2","both","homozygote","Subviable","Conflicting Data"
"Klf17","MGI:2181068","MUBV","both","homozygote","Viable"
"Cdh4","MGI:99218","JR25179","both","homozygote","Viable"
"Ovgp1","MGI:106661","H-OVGP1-H07-TM1B","both","homozygote","Viable"
"Lypd6b","MGI:1919147","BL2359","both","homozygote","Viable"
"Rsf1","MGI:2682305","TCPM0719Cre","both","homozygote","Lethal"
"Wsb2","MGI:2144041","Monterotondo-HEPD0508_2_A11-2-1","both","homozygote","Viable"
"Unc45a","MGI:2142246","HMGU-HEPD0073_3_D09-1-1","both","homozygote","Lethal"
"1700008O03Rik","MGI:1916599","MFDF","both","homozygote","Viable"
"Dhrs2","MGI:1918662","MEZX","both","homozygote","Viable"
"Agap1","MGI:2653690","MDVW","both","homozygote","Subviable"
"Klc2","MGI:107953","MFAT","both","homozygote","Viable"
"Pigu","MGI:3039607","IP00005008a","both","homozygote","Lethal"
"Slfn1","MGI:1313259","BL3630","both","homozygote","Viable"
"Arl8b","MGI:1914416","TCPA0758Cre","both","homozygote","Subviable"
"Gnb3","MGI:95785","PMAM","both","homozygote","Viable"
"Zscan2","MGI:99176","MEYQ","both","homozygote","Viable"
"Treml1","MGI:1918576","H-TREML1-D08-TM1B","both","homozygote","Viable"
"Pfkfb4","MGI:2687284","MERN","both","homozygote","Viable"
"Mir146","MGI:2676831","MGKO","both","homozygote","Viable"
"Cyp3a11","MGI:88609","MEGZ","both","homozygote","Viable"
"Aph1c","MGI:1915568","H-APH1C-A03-TM1B","both","homozygote","Viable"
"Primpol","MGI:3603756","H-Ccdc111-E02-TM1B","both","homozygote","Viable"
"Knstrn","MGI:1289298","IP00004891a","both","homozygote","Viable"
"Med25","MGI:1922863","IP00005603a","both","homozygote","Lethal"
"Atp11a","MGI:1354735","MFTN","both","homozygote","Lethal"
"Endog","MGI:1261433","BL3517","both","homozygote","Viable"
"Grm8","MGI:1351345","MEWE","both","homozygote","Viable"
"Pld5","MGI:2442056","MCSQ","both","homozygote","Viable"
"Lce1f","MGI:1915078","H-LCE1F-B05-TM1B","both","homozygote","Viable"
"Uqcrb","MGI:1914780","HMGU-EPD0788_2_H05-1-1","both","homozygote","Lethal"
"Dars2","MGI:2442510","MDWP","both","homozygote","Lethal"
"Tfeb","MGI:103270","Tfeb EPD0454_1_A04","both","homozygote","Lethal"
"Mipol1","MGI:1920740","HMGU-HEPD0688_2_F03-2-1","both","homozygote","Viable"
"Dnase1l2","MGI:1913955","ET6691","both","homozygote","Viable"
"Pdk4","MGI:1351481","BL3426","both","homozygote","Viable"
"Tox3","MGI:3039593","BL2283","both","homozygote","Subviable"
"Khdrbs3","MGI:1313312","HMGU-HEPD0688_8_C05-1-1","both","homozygote","Viable"
"Tst","MGI:98852","ET8409","both","homozygote","Viable"
"Igfbp3","MGI:96438","H-Igfbp3-A08-TM1B","both","homozygote","Viable"
"Pcsk5","MGI:97515","JR22341","both","homozygote","Lethal"
"Ell2","MGI:2183438","MEEF","both","homozygote","Viable"
"Speg","MGI:109282","A07-1","both","homozygote","Lethal"
"Abca8b","MGI:1351668","BL2226","both","homozygote","Viable"
"Fnbp1l","MGI:1925642","BL3070","both","homozygote","Viable"
"Setbp1","MGI:1933199","IP00005159a","both","homozygote","Subviable"
"Il31ra","MGI:2180511","H-IL31RA-F03-TM1B","both","homozygote","Viable"
"Cspg4","MGI:2153093","CAPSB","both","homozygote","Viable"
"Afmid","MGI:2448704","H-Afmid-A07-TM1B","both","homozygote","Viable"
"Sik1","MGI:104754","BL1802","both","homozygote","Viable"
"Acap1","MGI:2388270","JR25116","both","homozygote","Viable"
"Slc39a5","MGI:1919336","BL1656","both","homozygote","Viable"
"Pkn1","MGI:108022","H-PKN1-D06-TM1B","both","homozygote","Viable"
"Rcc2","MGI:1919784","H-RCC2-B10-TM1B","both","homozygote","Viable"
"Rab39","MGI:2442855","JR23801","both","homozygote","Viable"
"Cbx6","MGI:3512628","MCTQ","both","homozygote","Viable"
"Odf3l2","MGI:2686003","BL3073","both","homozygote","Viable"
"Dnase1l2","MGI:1913955","EPD0296_2_A10","both","homozygote","Viable"
"Polr3g","MGI:1914736","MGHL","both","homozygote","Lethal"
"Mapt","MGI:97180","IP00005590a","both","homozygote","Viable"
"Anxa9","MGI:1923711","MUBO","both","homozygote","Viable"
"Rsad1","MGI:3039628","MFPV","both","homozygote","Viable"
"Dsg1b","MGI:2664357","MERP","both","homozygote","Viable"
"Lsm1","MGI:1914457","HMGU-HEPD0702_3_G05-1-1","both","homozygote","Subviable"
"Ric8b","MGI:2682307","H-Ric8b-C07-TM1B","both","homozygote","Lethal"
"Wnt16","MGI:2136018","MUBC","both","homozygote","Viable"
"Rassf8","MGI:1918573","BL4157","both","homozygote","Subviable"
"AB124611","MGI:3043001","BL3477","both","homozygote","Viable"
"Ftsj1","MGI:1859648","Ftsj1 EPD0155_5_B01-1","both","homozygote","Viable"
"Areg","MGI:88068","H-AREG-A08-TM1B","both","homozygote","Viable"
"Cyp4f14","MGI:1927669","H4729-HEPD0779_7_G09-1","both","homozygote","Viable"
"Etnk1","MGI:1922570","ETENB","both","homozygote","Viable"
"Snap47","MGI:1915076","MDEQ","both","homozygote","Viable"
"Jazf1","MGI:2141450","ET8676","both","homozygote","Viable"
"Pfn4","MGI:1920121","BL3135","both","homozygote","Viable"
"Tmem119","MGI:2385228","BL4068","both","homozygote","Viable"
"Rdx","MGI:97887","JR18578","both","homozygote","Subviable"
"Hyal4","MGI:1924292","HYALB","both","homozygote","Viable"
"Abca13","MGI:2388707","ABCNB","both","homozygote","Viable"
"Zhx3","MGI:2444772","BL2453","both","homozygote","Subviable"
"Chn1","MGI:1915674","JR18603","both","homozygote","Viable"
"Mrap2","MGI:3609239","MDSU","both","homozygote","Viable"
"Nacc2","MGI:1915241","MUEZ","both","homozygote","Viable"
"Prl7b1","MGI:1922846","BL5117","both","homozygote","Viable"
"D630045J12Rik","MGI:2669829","TCPM0181Cre","both","homozygote","Viable"
"Rbp4","MGI:97879","BL2455","both","homozygote","Viable"
"Ccdc24","MGI:2685874","MFCA","both","homozygote","Viable"
"Slc25a28","MGI:2180509","MUCS","both","homozygote","Viable"
"Lypd3","MGI:1919684","BL3368","both","homozygote","Subviable"
"Ap2a2","MGI:101920","MUAC","both","homozygote","Viable"
"Atg3","MGI:1915091","H-ATG3-G06-TM1B","both","homozygote","Lethal"
"Aspm","MGI:1334448","MDVB","both","homozygote","Viable"
"Orc1","MGI:1328337","JR24036","both","homozygote","Lethal"
"Ascc2","MGI:1922702","Ascc2 EPD0792_5_A06","both","homozygote","Lethal"
"Anapc4","MGI:1098673","ANADB","both","homozygote","Lethal"
"Ocm","MGI:97401","MCRQ","both","homozygote","Viable"
"Ido2","MGI:2142489","MECR","both","homozygote","Viable"
"Zmiz2","MGI:106374","JR18593","both","homozygote","Lethal"
"Fundc1","MGI:1919268","MFUN","both","homozygote","Viable"
"Rasal2","MGI:2443881","MEBJ","both","homozygote","Viable"
"Adra2a","MGI:87934","BL4870","both","homozygote","Viable"
"Ptpdc1","MGI:2145430","BL3826","both","homozygote","Viable"
"Nek9","MGI:2387995","MEXV","both","homozygote","Lethal"
"Kif26b","MGI:2447076","JR22085","both","homozygote","Lethal"
"Ryr2","MGI:99685","H-RYR2-C09-TM1B","both","homozygote","Lethal"
"Praf2","MGI:1859607","MEFJ","both","homozygote","Viable"
"Ptpmt1","MGI:1913711","UCD-13748A-B6-2-1","both","homozygote","Lethal"
"Smco2","MGI:1916621","Smco2 EPD0382_4_B12","both","homozygote","Viable"
"Map3k7","MGI:1346877","H-Map3k7-B11-TM1B","both","homozygote","Lethal"
"Adgrd1","MGI:3041203","MUCE","both","homozygote","Viable"
"Cinp","MGI:1914486","JR18631","both","homozygote","Lethal"
"Sra1","MGI:1344414","TCPA0084Cre","both","homozygote","Viable"
"Il1r2","MGI:96546","BL3463","both","homozygote","Viable"
"Ushbp1","MGI:1922920","MFGU","both","homozygote","Viable"
"Ccdc159","MGI:1914369","MEZZ","both","homozygote","Viable"
"Dpp9","MGI:2443967","Monterotondo-HEPD0534_4_B11-1-1","both","homozygote","Lethal"
"Calcoco2","MGI:1343177","MDHD","both","homozygote","Viable"
"Prrt2","MGI:1916267","MGKU","both","homozygote","Viable"
"Ttll10","MGI:1921855","JR26909","both","homozygote","Viable"
"Dpm1","MGI:1330239","MUFC","both","homozygote","Lethal"
"Cyp20a1","MGI:1925201","MEPM","both","homozygote","Viable"
"Epha6","MGI:108034","TCPM0605Cre","both","homozygote","Viable"
"Dhx33","MGI:2445102","MUFU","both","homozygote","Lethal"
"Fam122c","MGI:1921116","PMAG","both","homozygote","Viable"
"Tmem63b","MGI:2387609","IP00005432a","both","homozygote","Lethal"
"Bach1","MGI:894680","JR22087","both","homozygote","Subviable"
"Atf3","MGI:109384","H-ATF3-G02-TM1B","both","homozygote","Viable"
"Nubpl","MGI:1924076","MUBJ","both","homozygote","Lethal"
"Cir1","MGI:1914185","MGHD","both","homozygote","Lethal"
"Apoo","MGI:1915566","MUDZ","both","homozygote","Viable"
"Tbkbp1","MGI:1920424","H-TBKBP1-A04-TM1B","both","homozygote","Viable"
"Rsbn1","MGI:2444993","H-Rsbn1-A02-TM1B","both","homozygote","Lethal"
"Col18a1","MGI:88451","JR18604","both","homozygote","Viable"
"Tnfrsf18","MGI:894675","BL4219","both","homozygote","Viable"
"Dnajc14","MGI:1921580","JR18637","both","homozygote","Viable"
"Esyt2","MGI:1261845","ESTTB","both","homozygote","Viable"
"Slfn4","MGI:1329010","H-SLFN4-G08-TM1B","both","homozygote","Viable"
"Ccdc77","MGI:1914450","MDKE","both","homozygote","Viable"
"Uevld","MGI:1860490","MFTT","both","homozygote","Viable"
"Actr6","MGI:1914269","MEAC","both","homozygote","Lethal"
"Btg2","MGI:108384","JR21751","both","homozygote","Viable"
"Stard8","MGI:2448556","MUAL","both","homozygote","Viable"
"Spink14","MGI:3646952","MGPZ","both","homozygote","Viable"
"Ube2b","MGI:102944","H-Ube2b-D01-TM1B","both","homozygote","Subviable"
"Gpsm3","MGI:2146785","ET8221","both","homozygote","Viable"
"Sema4d","MGI:109244","H-SEMA4D-E12-TM1B","both","homozygote","Viable"
"Cacna1b","MGI:88296","H-CACNA1B-A07-TM1B","both","homozygote","Viable"
"Trim29","MGI:1919419","MEJT","both","homozygote","Viable"
"Gp1bb","MGI:107852","BL4934","both","homozygote","Viable"
"Rab5a","MGI:105926","JR22387","both","homozygote","Viable"
"Nudt19","MGI:94203","ET8254","both","homozygote","Viable"
"Lancl2","MGI:1919085","ET8219","both","homozygote","Viable"
"Prdm4","MGI:1920093","H-PRDM4-B10-TM1B","both","homozygote","Viable"
"Ppp2r4","MGI:1346006","Ppp2r4_AB9-1","both","homozygote","Lethal"
"Mir145a","MGI:2676830","mirKO_ES_PuDtk_10D7-1","both","homozygote","Lethal"
"Cxcr2","MGI:105303","MFFS","both","homozygote","Viable"
"Rasa3","MGI:1197013","JR23423","both","homozygote","Lethal"
"Stag3","MGI:1355311","JR21115","both","homozygote","Viable"
"Actr8","MGI:1860775","JR24655","both","homozygote","Lethal"
"Evl","MGI:1194884","H-Evl-A03-TM1B","both","homozygote","Viable"
"Vsir","MGI:1921298","BL3247","both","homozygote","Subviable"
"Cdh10","MGI:107436","BL3129","both","homozygote","Viable"
"Fmnl3","MGI:109569","FMNNB","both","homozygote","Viable"
"Il12rb1","MGI:104579","LLRBB","both","homozygote","Viable"
"Gpld1","MGI:106604","BL3802","both","homozygote","Viable"
"Podxl2","MGI:2442488","BL1780","both","homozygote","Viable"
"Zranb1","MGI:106441","MFPS","both","homozygote","Viable","Conflicting Data"
"Frmd7","MGI:2686379","MDZG","both","homozygote","Viable"
"Clu","MGI:88423","H-CLU-B02-TM1B","both","homozygote","Viable"
"Arvcf","MGI:109620","MDEY","both","homozygote","Viable"
"Tmem106b","MGI:1919150","BL3374","both","homozygote","Viable"
"Wbscr17","MGI:2137594","BL3534","both","homozygote","Viable"
"Gsta4","MGI:1309515","HMGU-HEPD0734_7_B08-1-1","both","homozygote","Viable"
"Slc40a1","MGI:1315204","H-Slc40a1-A07-TM1B","both","homozygote","Lethal"
"Arhgef10","MGI:2444453","JR22304","both","homozygote","Viable"
"Arl5c","MGI:3028577","BL3866","both","homozygote","Viable"
"Klkb1","MGI:102849","GSF-EPD0560_5_B04-2-2","both","homozygote","Viable"
"Kcnv2","MGI:2670981","MDYN","both","homozygote","Viable"
"Svs2","MGI:1858275","BL2338","both","homozygote","Viable"
"Mpzl1","MGI:1915731","BL4203","both","homozygote","Viable"
"Cpt2","MGI:109176","MUDF","both","homozygote","Subviable"
"Pate2","MGI:2685692","BL3763","both","homozygote","Viable"
"Dct","MGI:102563","BL3424","both","homozygote","Viable"
"Usp3","MGI:2152450","MDGD","both","homozygote","Subviable"
"Cib2","MGI:1929293","H-CIB2-D04-TM1B","both","homozygote","Viable"
"Otub1","MGI:2147616","H-Otub1-A05-TM1B","both","homozygote","Lethal"
"Cdkal1","MGI:1921765","HMGU-EPD0635_1_F06-1-1","both","homozygote","Viable"
"Cd109","MGI:2445221","TCPA0008Cre","both","homozygote","Viable"
"Amigo3","MGI:2444854","BL3141","both","homozygote","Viable"
"Lta","MGI:104797","BL4318","both","homozygote","Viable"
"Scarb1","MGI:893578","SCALB","both","homozygote","Viable"
"Slc29a1","MGI:1927073","TCPA0572Cre","both","homozygote","Viable"
"Nacad","MGI:3603030","MDYC","both","homozygote","Viable"
"Gprc5b","MGI:1927596","BL2991","both","homozygote","Viable"
"Cldn13","MGI:1913102","JR24042","both","homozygote","Viable"
"Cpsf3","MGI:1859328","MUAO","both","homozygote","Subviable","Conflicting Data"
"Jag2","MGI:1098270","H-JAG2-B11-TM!B","both","homozygote","Lethal"
"Phf11a","MGI:1918441","Phf11_N01928P1_W207C6-1","both","homozygote","Lethal"
"Ffar1","MGI:2684079","BL4842","both","homozygote","Viable"
"Smarcd2","MGI:1933621","BL3556","both","homozygote","Subviable"
"Eaf1","MGI:1921677","H-EAF1-E07-TM1B","both","homozygote","Lethal"
"Cpne5","MGI:2385908","CPNEB","both","homozygote","Viable"
"Pabpn1l","MGI:2685954","MDVY","both","homozygote","Viable"
"Tmc3","MGI:2669033","MUBQ","both","homozygote","Viable"
"Itga8","MGI:109442","JR23813","both","homozygote","Subviable"
"Ptms","MGI:1916452","JR24022","both","homozygote","Subviable"
"Usp22","MGI:2144157","MDUW","both","homozygote","Lethal"
"Tcf7l2","MGI:1202879","MEYN","both","homozygote","Lethal"
"Hsf1","MGI:96238","JR18582","both","homozygote","Subviable"
"Msx1","MGI:97168","JR18808","both","homozygote","Lethal"
"Zfp346","MGI:1349417","JR24091","both","homozygote","Subviable"
"Lgals7","MGI:1316742","MUAQ","both","homozygote","Viable"
"Galnt18","MGI:2446239","MUEL","both","homozygote","Viable"
"Pparg","MGI:97747","H-PPARG-A02_TM1B","both","homozygote","Lethal"
"Lrrc15","MGI:1921738","JR23021","both","homozygote","Viable"
"Cdca5","MGI:1915099","JR25275","both","homozygote","Lethal"
"Frrs1l","MGI:2442704","H-FRRS1L-B11-TM1B","both","homozygote","Subviable"
"Gnb5","MGI:101848","JR24058","both","homozygote","Subviable"
"Defb30","MGI:1920920","MUEA","both","homozygote","Viable"
"Wnt3","MGI:98955","MDJV","both","homozygote","Lethal"
"A1cf","MGI:1917115","JR24325","both","homozygote","Viable"
"Parp8","MGI:1098713","JR23058","both","homozygote","Viable"
"Rnf10","MGI:1859162","RIKEN-Rnf10-A10_","both","homozygote","Viable","Conflicting Data"
"Gosr2","MGI:1927204","H-GORS2-F01-TM1B","both","homozygote","Lethal"
"Fbp2","MGI:95491","HMGU-HEPD0792_2_A11-1-1","both","homozygote","Subviable"
"Wnt11","MGI:101948","BL4162","both","homozygote","Viable"
"Jup","MGI:96650","JR22821","both","homozygote","Lethal"
"Dnase1l2","MGI:1913955","JR21508","both","homozygote","Viable"
"Lztr1","MGI:1914113","MDLF","both","homozygote","Lethal"
"Cmip","MGI:1921690","MEWD","both","homozygote","Lethal"
"Frmd5","MGI:2442557","GSF-HEPD0516_1_C05-1-1","both","homozygote","Viable"
"Crlf3","MGI:1860086","MLFC","both","homozygote","Viable"
"Recql4","MGI:1931028","BL3801","both","homozygote","Lethal"
"Gdf2","MGI:1321394","ET10293","both","homozygote","Viable"
"Natd1","MGI:1344388","MUBX","both","homozygote","Viable"
"Sap130","MGI:1919782","MGBF","both","homozygote","Lethal"
"Usf3","MGI:2685454","Gm608 EPD0431_5_F01","both","homozygote","Subviable"
"Podn","MGI:2674939","PODFB","both","homozygote","Viable"
"Bhmt","MGI:1339972","BHMMB","both","homozygote","Viable"
"Bap1","MGI:1206586","MGGV","both","homozygote","Lethal"
"Chd2","MGI:2448567","TCPM0638Cre","both","homozygote","Viable"
"Erp44","MGI:1923549","MEQJ","both","homozygote","Subviable"
"Ankrd9","MGI:1921501","MEVW","both","homozygote","Viable"
"Tmem136","MGI:2685030","JR18629","both","homozygote","Viable"
"Lipn","MGI:1917416","JR25518","both","homozygote","Viable"
"Dcx","MGI:1277171","MDKH","both","homozygote","Viable"
"Ube2c","MGI:1915862","JR22817","both","homozygote","Lethal"
"Mdp1","MGI:1915131","JR25188","both","homozygote","Viable"
"Rfx7","MGI:2442675","H-RFX7-A04-TM1B","both","homozygote","Subviable"
"Rsph9","MGI:1922814","UCD-15851A-C9-2-1","both","homozygote","Subviable"
"Lyplal1","MGI:2385115","H-LYPLAL1-A06-TM1B","both","homozygote","Viable"
"Bbs7","MGI:1918742","JR24979","both","homozygote","Subviable"
"Aldoc","MGI:101863","BL3551","both","homozygote","Viable"
"Rab27b","MGI:1931295","JR23422","both","homozygote","Viable"
"Lyst","MGI:107448","TCPA0159Cre","both","homozygote","Viable"
"Slc39a8","MGI:1914797","H-Slc39a8-D04-TM1B","both","homozygote","Lethal"
"Pfn1","MGI:97549","MAOH","both","homozygote","Lethal"
"Col1a2","MGI:88468","COLSB","both","homozygote","Viable"
"Map3k8","MGI:1346878","BL3523","both","homozygote","Viable"
"Nadsyn1","MGI:1926164","BL3101","both","homozygote","Viable"
"Smo","MGI:108075","SMOPB","both","homozygote","Lethal"
"Scnn1b","MGI:104696","H-SCNN1B-D10-TM1B","both","homozygote","Lethal"
"Mmp8","MGI:1202395","JR22092","both","homozygote","Viable"
"Cox19","MGI:1915283","TCPA0108Cre","both","homozygote","Lethal"
"Txnip","MGI:1889549","H-TXNIP-F08-TM1B","both","homozygote","Viable"
"2510002D24Rik","MGI:1919557","BL3747","both","homozygote","Viable"
"Ccr6","MGI:1333797","BL4665","both","homozygote","Viable"
"Chd4","MGI:1344380","CHDAB","both","homozygote","Lethal"
"Fstl3","MGI:1890391","ET9154","both","homozygote","Viable"
"Nxn","MGI:109331","H-NXN-B11-TM1B","both","homozygote","Lethal"
"Tmem126a","MGI:1913521","MEJS","both","homozygote","Viable"
"Adh5","MGI:87929","H-Adh5-G04-TM1B","both","homozygote","Viable"
"Mapkap1","MGI:2444554","Mapkap1 EPD0609_2_F05-B","both","homozygote","Lethal"
"Ccl9","MGI:104533","BL1469","both","homozygote","Viable"
"Rundc1","MGI:2144506","MELE","both","homozygote","Lethal","Conflicting Data"
"BC023829","MGI:2448555","MECU","both","homozygote","Viable"
"Abhd8","MGI:1918946","ABHHB","both","homozygote","Viable"
"Tfec","MGI:1333760","BL3311","both","homozygote","Viable"
"Tmbim7","MGI:1922305","BL3476","both","homozygote","Subviable"
"Furin","MGI:97513","H-Furin-A12-TM1B","both","homozygote","Lethal"
"Nrxn1","MGI:1096391","H-NRNX1-E08-TM1B","both","homozygote","Viable"
"Asb10","MGI:2152836","JR18660","both","homozygote","Viable"
"Slc13a3","MGI:2149635","BL2456","both","homozygote","Viable"
"Epb41l4a","MGI:103007","PH21753","both","homozygote","Viable"
"Atp5f1","MGI:1100495","PMAB","both","homozygote","Lethal"
"Cxcl9","MGI:1352449","H-CXCL9-E02-TM1B","both","homozygote","Viable"
"Rab24","MGI:105065","JR22389","both","homozygote","Viable"
"Ift88","MGI:98715","JR23606","both","homozygote","Lethal"
"Dbndd2","MGI:106562","TCPM0203Cre","both","homozygote","Viable"
"Lmna","MGI:96794","IP00005431a","both","homozygote","Lethal"
"Pnpla1","MGI:3617850","IP00005795a","both","homozygote","Subviable"
"Atg16l2","MGI:1920933","MEVT","both","homozygote","Viable"
"Dnase1l2","MGI:1913955","ET6691_TCP","both","homozygote","Viable"
"Fan1","MGI:3045266","BL3227","both","homozygote","Viable"
"Atp5g2","MGI:1915192","H4351-HEPD0781_2_B02-1","both","homozygote","Subviable"
"Rbmx","MGI:1343044","MUAG","both","homozygote","Viable"
"Plekha8","MGI:2681164","ET8294","both","homozygote","Viable"
"Rgs5","MGI:1098434","H-RGS5-B12-TM1B","both","homozygote","Viable"
"Inpp1","MGI:104848","MNPP","both","homozygote","Viable"
"Ctso","MGI:2139628","H-CTSO-G04-TM1B","both","homozygote","Viable"
"Adam23","MGI:1345162","H-ADAM23-A07-TM1B","both","homozygote","Lethal"
"Fgf9","MGI:104723","H-FGF9-H07-TM1B","both","homozygote","Lethal"
"Ccl22","MGI:1306779","MDML","both","homozygote","Subviable"
"Marveld2","MGI:2446166","H-MARVELD2-G11-TM1B","both","homozygote","Viable"
"Gga1","MGI:2146207","BL4119","both","homozygote","Viable"
"Tmem97","MGI:1916321","BL2323","both","homozygote","Viable"
"Fntb","MGI:1861305","Fntb HEPD0615_2_H07-1","both","homozygote","Lethal"
"Zdhhc23","MGI:2685625","BL2970","both","homozygote","Viable"
"Adgrf5","MGI:2182928","TCPA0138Cre","both","homozygote","Viable"
"Fkbp5","MGI:104670","BL3256","both","homozygote","Subviable"
"Dis3","MGI:1919912","HMGU-HEPD0659_5_E08-1-1","both","homozygote","Lethal"
"Gpr139","MGI:2685341","BL4276","both","homozygote","Viable"
"Usp54","MGI:1926037","H-USP54-B10-TM1B","both","homozygote","Viable"
"Abhd14a","MGI:1915894","MGNJ","both","homozygote","Viable"
"Tmem256","MGI:1916436","BL1324","both","homozygote","Viable"
"Mtnr1b","MGI:2181726","BL1997","both","homozygote","Viable"
"Ino80","MGI:1915392","E105JM8N4-70","both","homozygote","Subviable","Conflicting Data"
"Acot4","MGI:2159621","BL3211","both","homozygote","Viable"
"Ndfip2","MGI:1923523","GSF-HEPD0550_6_G09-1-1","both","homozygote","Viable"
"Gkn2","MGI:1913534","BL1301","both","homozygote","Viable"
"Rlbp1","MGI:97930","H-RLBP1-C10-TM1B","both","homozygote","Viable"
"Ccl8","MGI:101878","BL2489","both","homozygote","Viable"
"Rabl2","MGI:1915958","BL3208","both","homozygote","Viable"
"Alox12e","MGI:1274790","MUCA","both","homozygote","Viable"
"Lamc3","MGI:1344394","MDZE","both","homozygote","Viable"
"Nmrk2","MGI:1916814","JR18638","both","homozygote","Viable"
"Parp11","MGI:2141505","BL1437","both","homozygote","Viable"
"Mcf2l","MGI:103263","MFPT","both","homozygote","Viable"
"Arpc3","MGI:1928375","MDLY","both","homozygote","Lethal"
"Ankrd1","MGI:1097717","BL3455","both","homozygote","Viable"
"Lpar6","MGI:1914418","JR22094","both","homozygote","Viable"
"Kcna1","MGI:96654","BL4627","both","homozygote","Viable"
"Kmo","MGI:2138151","ET4569","both","homozygote","Viable"
"Lrfn2","MGI:1917780","BL4306","both","homozygote","Viable"
"Cog3","MGI:2450151","HMGU-HEPD0786_6_G01-1-1","both","homozygote","Lethal"
"Zkscan17","MGI:2679270","MUBB","both","homozygote","Lethal"
"Fgfbp3","MGI:1919764","BL2227","both","homozygote","Viable"
"Sort1","MGI:1338015","H-SORT1-B03-TM1B","both","homozygote","Subviable"
"Rab34","MGI:104606","JR24188","both","homozygote","Lethal"
"Aplp2","MGI:88047","APLPB","both","homozygote","Viable"
"Dennd1c","MGI:1918035","MEKG","both","homozygote","Viable"
"Zfp182","MGI:2442220","MEHR","both","homozygote","Viable"
"Cdipt","MGI:105491","Cdipt 2i EPD0459_3_A04 HOM","both","homozygote","Lethal"
"Htr7","MGI:99841","JR23282","both","homozygote","Viable"
"Mettl16","MGI:1914743","JR25852","both","homozygote","Lethal"
"Zcchc14","MGI:2159407","MERR","both","homozygote","Viable"
"Ick","MGI:1934157","BL3023","both","homozygote","Viable"
"Cox7a1","MGI:1316714","TCPM0707Cre","both","homozygote","Viable"
"Gpr17","MGI:3584514","TCPM0551Cre","both","homozygote","Viable"
"Cdh26","MGI:2685856","BL3504","both","homozygote","Viable"
"Hsf2bp","MGI:1921627","Monterotondo-HEPD0520_6_B03-1-1","both","homozygote","Viable"
"1700067K01Rik","MGI:1920703","MFLD","both","homozygote","Lethal"
"Arhgef7","MGI:1860493","MEBY","both","homozygote","Lethal"
"Sag","MGI:98227","MDDR","both","homozygote","Viable"
"Nxn","MGI:109331","NXNNB","both","homozygote","Lethal"
"Taar6","MGI:2685074","ET5017","both","homozygote","Viable"
"Kif3b","MGI:107688","MUEF","both","homozygote","Lethal"
"Myt1l","MGI:1100511","MFFA","both","homozygote","Viable"
"Hace1","MGI:2446110","H-HACE1-D02-TM1B","both","homozygote","Subviable"
"Mospd1","MGI:1917630","MGHQ","both","homozygote","Viable"
"Pcnxl3","MGI:1861733","H-PCNXL3-H10-TM1B","both","homozygote","Viable"
"Myo7a","MGI:104510","MEBX","both","homozygote","Viable"
"Fabp1","MGI:95479","H-Fabp1-A05-TM1B","both","homozygote","Viable"
"Katnb1","MGI:1921437","H-KATNB1-B09-TM1B","both","homozygote","Lethal"
"Chd1","MGI:88393","TCPA0039Cre","both","homozygote","Lethal"
"Gimap6","MGI:1918876","MFYM","both","homozygote","Viable"
"Ttc28","MGI:2140873","TCPA0127Cre","both","homozygote","Viable"
"Prr15l","MGI:2387599","BL1367","both","homozygote","Viable"
"Acvr1b","MGI:1338944","UCD-11377A-A5-2-1","both","homozygote","Lethal"
"Aard","MGI:2181621","ET8309","both","homozygote","Viable"
"Scn3b","MGI:1918882","MEAU","both","homozygote","Viable"
"Fbxo44","MGI:1354744","ET9328","both","homozygote","Viable"
"Synm","MGI:2661187","BL1765","both","homozygote","Viable"
"Ndufs1","MGI:2443241","HMGU-HEPD0685_5_C11-1-1","both","homozygote","Lethal"
"Ush1c","MGI:1919338","MCSB","both","homozygote","Viable"
"Ppdpf","MGI:1913746","BL4583","both","homozygote","Viable"
"2700097O09Rik","MGI:1919908","ET8306","both","homozygote","Viable"
"Rasgrp4","MGI:2386851","MEQZ","both","homozygote","Viable"
"Usp38","MGI:1922091","H-USP38-D12-TM1B","both","homozygote","Viable"
"Poc1b","MGI:1918511","BL3282","both","homozygote","Viable"
"Fcrla","MGI:2138647","BL4242","both","homozygote","Viable"
"Atf6b","MGI:105121","BL2874","both","homozygote","Subviable"
"Trpc6","MGI:109523","RIKEN-N01992P1_C_198W_F10","both","homozygote","Viable"
"Zfp219","MGI:1917140","JR26910","both","homozygote","Subviable"
"Tpcn2","MGI:2385297","H-Tpcn2-C10-TM1B","both","homozygote","Viable"
"Ovol1","MGI:1330290","JR23663","both","homozygote","Subviable"
"Wdtc1","MGI:2685541","MFYJ","both","homozygote","Viable"
"Flnb","MGI:2446089","H-FLNB-F09-TM1B","both","homozygote","Lethal"
"Lrrc23","MGI:1315192","MGQT","both","homozygote","Viable"
"Hspb2","MGI:1916503","JR18619","both","homozygote","Viable"
"Fpr1","MGI:107443","BL3425","both","homozygote","Viable"
"Map3k10","MGI:1346879","Monterotondo-HEPD0635_8_D03-1-1","both","homozygote","Viable"
"Aldh1l1","MGI:1340024","HMGU-EPD0132_6_G09-3-1","both","homozygote","Viable"
"Reg3g","MGI:109406","MECP","both","homozygote","Viable"
"Tnik","MGI:1916264","MDGH","both","homozygote","Viable"
"Sh3pxd2a","MGI:1298393","PMAD","both","homozygote","Lethal"
"Lypd6","MGI:2443848","BL4231","both","homozygote","Subviable"
"Cdkn2aipnl","MGI:1261797","MUBZ","both","homozygote","Viable"
"Tead1","MGI:101876","Tead1 EPD0207_2_C09 HOM","both","homozygote","Lethal"
"Mtss1l","MGI:3039591","MFDT","both","homozygote","Viable"
"Ddx42","MGI:1919297","PMAE","both","homozygote","Lethal"
"B3gnt7","MGI:2384394","TCPA0005Cre","both","homozygote","Viable"
"Dclk1","MGI:1330861","MGKF","both","homozygote","Subviable"
"L3mbtl2","MGI:2443584","MFPQ","both","homozygote","Lethal"
"Plekhm1","MGI:2443207","TCPA0121Cre","both","homozygote","Viable"
"Chst8","MGI:1916197","BL3768","both","homozygote","Viable"
"Zbed4","MGI:2682302","BL3236","both","homozygote","Subviable"
"Pbx3","MGI:97496","H-PBX3-C12-TM1B","both","homozygote","Lethal"
"Rab3ip","MGI:105933","JR23394","both","homozygote","Viable"
"Zbtb32","MGI:1891838","JR23602","both","homozygote","Viable"
"Snx31","MGI:1913946","MGEL","both","homozygote","Viable"
"Epb41","MGI:95401","JR22339","both","homozygote","Subviable"
"N4bp3","MGI:2442218","BL2410","both","homozygote","Viable"
"Def6","MGI:1346328","MEXX","both","homozygote","Viable"
"Casc4","MGI:2443129","MUDO","both","homozygote","Viable"
"Spata6","MGI:1915196","BL2515","both","homozygote","Viable"
"Fxyd3","MGI:107497","MFFJ","both","homozygote","Viable"
"Gle1","MGI:1921662","MCXN","both","homozygote","Lethal"
"Dbn1","MGI:1931838","RIKEN-Dbn1-A05_","both","homozygote","Lethal","Conflicting Data"
"Zscan10","MGI:3040700","MDNC","both","homozygote","Subviable"
"Usp16","MGI:1921362","Usp16_HEPD0638_8_C08-1","both","homozygote","Lethal"
"Dcbld2","MGI:1920629","MFTX","both","homozygote","Viable"
"Usp36","MGI:1919594","Usp36_HEPD0559_1_C09-1","both","homozygote","Lethal"
"Klhl3","MGI:2445185","H-KLhl3-F04-TM1B","both","homozygote","Viable"
"Fyb","MGI:1346327","Monterotondo-HEPD0569_8_D07-1-1","both","homozygote","Viable"
"Chic2","MGI:1921527","H-CHIC2-B08-TM1B","both","homozygote","Subviable"
"Eif4g2","MGI:109207","JR18659","both","homozygote","Lethal"
"Rbsn","MGI:1925537","MDTY","both","homozygote","Lethal"
"Nmur1","MGI:1341898","BL2274","both","homozygote","Viable"
"Rpa1","MGI:1915525","JR18691","both","homozygote","Lethal"
"Trpc3","MGI:109526","RIKEN-Trpc3-D08_","both","homozygote","Lethal"
"Emx1","MGI:95387","BL4487","both","homozygote","Viable"
"Asb15","MGI:1926160","BL2461","both","homozygote","Viable"
"Elfn2","MGI:3608416","BL3175","both","homozygote","Viable"
"F13a1","MGI:1921395","BL4622","both","homozygote","Viable"
"Ntrk2","MGI:97384","H-NTRK2-A03-TM1B","both","homozygote","Subviable"
"Gfod2","MGI:1917825","H-GFOD2-E04-TM1B","both","homozygote","Viable"
"Rab43","MGI:1917084","JR23059","both","homozygote","Viable"
"Htr1a","MGI:96273","JR18617","both","homozygote","Viable"
"Dnajb12","MGI:1931881","JR18597","both","homozygote","Subviable"
"Irf7","MGI:1859212","MEBN","both","homozygote","Viable"
"Iqub","MGI:3041159","BL1540","both","homozygote","Viable"
"Arrdc1","MGI:2446136","JR18607","both","homozygote","Viable"
"Cbln3","MGI:1889286","JR18556","both","homozygote","Viable"
"Mtf1","MGI:101786","JR24026","both","homozygote","Lethal"
"Baz1a","MGI:1309478","TCPM0219Cre","both","homozygote","Viable"
"Akip1","MGI:3041226","JR25117","both","homozygote","Viable"
"Adpgk","MGI:1919391","MFTB","both","homozygote","Viable"
"Dnmt3a","MGI:1261827","MFCH","both","homozygote","Viable","Conflicting Data"
"Myo9a","MGI:107735","PMAK","both","homozygote","Viable"
"Nepro","MGI:2384836","BL4087","both","homozygote","Lethal"
"Pear1","MGI:1920432","MFEB","both","homozygote","Viable"
"Cpb1","MGI:1923953","JR25480","both","homozygote","Viable"
"Hsf4","MGI:1347058","JR21902","both","homozygote","Viable"
"Pipox","MGI:1197006","TCPA0564Cre","both","homozygote","Viable"
"Ubox5","MGI:2154658","TCPM0208Cre","both","homozygote","Viable"
"Htr1d","MGI:96276","JR24347","both","homozygote","Viable"
"Npm3","MGI:894653","JR25581","both","homozygote","Viable"
"Il12rb2","MGI:1270861","JR22303","both","homozygote","Viable"
"Spata2","MGI:2146885","BL3555","both","homozygote","Viable"
"Svep1","MGI:1928849","JR23814","both","homozygote","Lethal"
"Nefh","MGI:97309","JR18577","both","homozygote","Viable"
"Fbln7","MGI:1917620","BL3700","both","homozygote","Viable"
"Gpr63","MGI:2135884","ET9590","both","homozygote","Viable"
"Zfp791","MGI:3648473","MFHR","both","homozygote","Viable"
"Cyba","MGI:1316658","MFAC","both","homozygote","Viable"
"Nxn","MGI:109331","JR24233","both","homozygote","Lethal"
"Sidt1","MGI:2443155","ET9613","both","homozygote","Viable"
"Kcnh6","MGI:2684139","TCPA0741Cre","both","homozygote","Viable"
"Celf6","MGI:1923433","Celf6 EPD0681_3_B10","both","homozygote","Viable"
"Rtbdn","MGI:2443686","MCBN","both","homozygote","Viable"
"Kcnc2","MGI:96668","BL3533","both","homozygote","Viable"
"Rnf10","MGI:1859162","MUCM","both","homozygote","Viable","Conflicting Data"
"Patl1","MGI:2147679","PATTB","both","homozygote","Subviable"
"Zfyve26","MGI:1924767","JR26273","both","homozygote","Viable"
"Nlrp9b","MGI:2675377","H-NLRP9B-A03-TM1B","both","homozygote","Viable"
"Fastkd5","MGI:2139469","JR26913","both","homozygote","Subviable"
"Cfb","MGI:105975","JR21512","both","homozygote","Viable"
"BC089597","MGI:3583955","MFCV","both","homozygote","Viable"
"Rad21l","MGI:3652039","JR22102","both","homozygote","Viable"
"Sptbn2","MGI:1313261","H-SPTBN2-H05-TM1B","both","homozygote","Viable"
"Zfp536","MGI:1926102","JR24232","both","homozygote","Lethal"
"Ints2","MGI:1917672","MEFL","both","homozygote","Lethal"
"Postn","MGI:1926321","JR24186","both","homozygote","Viable"
"Cdc34","MGI:102657","JR24569","both","homozygote","Subviable"
"Sdc2","MGI:1349165","HMGU-EPD0107_2_G11-1-1","both","homozygote","Viable"
"Slc25a35","MGI:1919248","JR23414","both","homozygote","Viable"
"Mpg","MGI:97073","MGJL","both","homozygote","Viable"
"Dnase1l2","MGI:1913955","DNASB","both","homozygote","Viable"
"Ssr2","MGI:1913506","MUHH","both","homozygote","Lethal"
"D1Pas1","MGI:91842","RIKEN-D1Pas1-D4_20120503","both","homozygote","Viable"
"Slc2a2","MGI:1095438","RIKEN-Slc2a2-B08_","both","homozygote","Lethal"
"Sptssb","MGI:1913433","JR23424","both","homozygote","Viable"
"Wnt10b","MGI:108061","BL3278","both","homozygote","Viable"
"Dcc","MGI:94869","TCPA0700Cre","both","homozygote","Lethal"
"Mtch2","MGI:1929260","H-Mtch2-C06-TM1B","both","homozygote","Lethal"
"Gpr107","MGI:2139054","MEFV","both","homozygote","Lethal"
"Moxd1","MGI:1921582","JR23420","both","homozygote","Viable"
"Nup85","MGI:3046173","MFSY","both","homozygote","Lethal"
"Clk1","MGI:107403","MDFE","both","homozygote","Viable"
"Elmo1","MGI:2153044","MEFU","both","homozygote","Viable"
"Kng2","MGI:3027157","MCYF","both","homozygote","Viable"
"Alg10b","MGI:2146159","Alg10b 10825A-D5","both","homozygote","Lethal"
"Gstcd","MGI:1914803","GSETB","both","homozygote","Viable"
"Spo11","MGI:1349669","SPOLB","both","homozygote","Viable"
"Chtop","MGI:1913761","MFUD","both","homozygote","Lethal"
"Setd5","MGI:1920145","MEFW","both","homozygote","Lethal"
"Ccdc88c","MGI:1915589","BL3877","both","homozygote","Viable"
"Gja8","MGI:99953","H-Gj8a-G06-TM1B","both","homozygote","Viable"
"Yipf7","MGI:1922831","MGPH","both","homozygote","Viable"
"Abcb6","MGI:1921354","MEUK","both","homozygote","Viable"
"Gabrr2","MGI:95626","BL3014","both","homozygote","Viable"
"Cd5","MGI:88340","BL4230","both","homozygote","Viable"
"Cap2","MGI:1914502","GSF-EPD0155_4_D08-1-1","both","homozygote","Subviable"
"Pdpn","MGI:103098","H-PDPN-A10-TM1B","both","homozygote","Subviable"
"Xbp1","MGI:98970","MDFD","both","homozygote","Lethal"
"Tmem30a","MGI:106402","MGNA","both","homozygote","Lethal"
"Prkab1","MGI:1336167","HMGU-EPD0033_3_C09-1","both","homozygote","Subviable","Conflicting Data"
"Adgrb1","MGI:1933736","MEMT","both","homozygote","Viable"
"5830411N06Rik","MGI:2443685","BL3037","both","homozygote","Viable"
"Coq6","MGI:1924408","JR25318","both","homozygote","Lethal"
"Gpr84","MGI:1934129","TCPA0502Cre","both","homozygote","Viable"
"Prss1","MGI:98839","BL5098","both","homozygote","Viable"
"Fyn","MGI:95602","MDVQ","both","homozygote","Lethal"
"Gpsm2","MGI:1923373","GSF-EPD0519_5_G12-1-1","both","homozygote","Subviable"
"Ggps1","MGI:1341724","H4343-EPD0780_4_F04-1","both","homozygote","Lethal"
"Ropn1l","MGI:2182357","MUBF","both","homozygote","Viable"
"Krt74","MGI:3629975","H-KRT74-H05-TM1B","both","homozygote","Viable"
"Mtmr12","MGI:2443034","IP00005786a","both","homozygote","Viable"
"Nab2","MGI:107563","IP00004904a","both","homozygote","Viable"
"Raet1c","MGI:109431","H4727-HEPD0732_6_E04-1","both","homozygote","Viable"
"Gm684","MGI:2685530","TCPA0676Cre","both","homozygote","Viable"
"Apln","MGI:1353624","RIKEN-Apln-E07_","both","homozygote","Viable"
"Elmod1","MGI:3583900","H-ELMOD1-E10-TM1B","both","homozygote","Viable"
"F10","MGI:103107","H-F10-G07-TM1B","both","homozygote","Lethal"
"Dnajc5g","MGI:3045263","JR18616","both","homozygote","Viable"
"Gpr158","MGI:2441697","ET7865","both","homozygote","Viable"
"Bbs4","MGI:2143311","JR24661","both","homozygote","Subviable"
"1700007G11Rik","MGI:1916571","1700007G11Rik <EPD0546_8_E04>-1","both","homozygote","Viable"
"Tcf4","MGI:98506","MDXP","both","homozygote","Subviable"
"Baiap2l2","MGI:2652819","IP00004537b","both","homozygote","Viable"
"Creld2","MGI:1923987","H-Creld2-F05-TM1B","both","homozygote","Viable"
"N6amt2","MGI:1915293","MFTF","both","homozygote","Viable"
"Gpsm1","MGI:1915089","BL3679","both","homozygote","Viable"
"Dkk4","MGI:2385299","BL4668","both","homozygote","Viable"
"Kdm4d","MGI:3606484","MDGG","both","homozygote","Viable"
"Pik3c2a","MGI:1203729","TCPA0120Cre","both","homozygote","Lethal"
"Jam3","MGI:1933825","JR22093","both","homozygote","Subviable"
"Gng13","MGI:1925616","UCD-13525B-A10-1-1","both","homozygote","Subviable"
"Ddost","MGI:1194508","UCD-11663B-F3-2-1","both","homozygote","Lethal"
"Bpifb3","MGI:2675077","H-Bpifb3-G05-TM1B","both","homozygote","Viable"
"Tmem100","MGI:1915138","TCPA0049Cre","both","homozygote","Lethal"
"Fbxl22","MGI:1921415","BL2535","both","homozygote","Viable"
"Kiss1r","MGI:2148793","BL3929","both","homozygote","Viable"
"Gnai1","MGI:95771","GNACB","both","homozygote","Viable"
"Bclaf1","MGI:1917580","JR24183","both","homozygote","Lethal"
"Zfp260","MGI:1347071","TCPA0567Cre","both","homozygote","Viable"
"Dcaf10","MGI:2140179","JR24117","both","homozygote","Viable"
"Ggnbp2","MGI:2387356","TCPA0058Cre","both","homozygote","Subviable"
"Smurf1","MGI:1923038","H-SMURF1-A08-TM1B","both","homozygote","Viable"
"Bok","MGI:1858494","TCPM0639Cre","both","homozygote","Viable"
"Epas1","MGI:109169","H-EPAS1-B11-TM1B","both","homozygote","Lethal"
"Casq2","MGI:1309469","BL3707","both","homozygote","Lethal"
"Zzef1","MGI:2444286","BL3102","both","homozygote","Viable"
"Edar","MGI:1343498","BL3430","both","homozygote","Subviable"
"Pnn","MGI:1100514","BL3628","both","homozygote","Lethal"
"Sqle","MGI:109296","MGCV","both","homozygote","Lethal"
"Raf1","MGI:97847","IP00005473a","both","homozygote","Lethal"
"Cmtm6","MGI:2447165","MDXZ","both","homozygote","Viable"
"Ska2","MGI:1913390","JR23511","both","homozygote","Lethal"
"B020004J07Rik","MGI:3588238","TCPA0048Cre","both","homozygote","Viable"
"Gbgt1","MGI:2449143","BL4521","both","homozygote","Subviable"
"Lama5","MGI:105382","H-LAMA5-C10-TM1B","both","homozygote","Lethal"
"Scn4a","MGI:98250","H-Scn4a-H11-TM1B","both","homozygote","Lethal"
"Lbp","MGI:1098776","H-LBP-A07-TM1B","both","homozygote","Viable"
"Spink2","MGI:1917232","BL3569","both","homozygote","Viable"
"Secisbp2","MGI:1922670","MRRT","both","homozygote","Viable"
"Dnajc21","MGI:1925371","TCPA0778Cre","both","homozygote","Subviable"
"Clcf1","MGI:1930088","BL3310","both","homozygote","Lethal"
"Setd2","MGI:1918177","TCPA0733Cre","both","homozygote","Viable"
"Dnajb3","MGI:1306822","JR18632","both","homozygote","Viable"
"Dnajc15","MGI:1913398","DNADB","both","homozygote","Viable"
"Aif1l","MGI:1919598","AFLLB","both","homozygote","Viable"
"Dph2","MGI:1914978","MDKG","both","homozygote","Lethal"
"Ucn3","MGI:1932970","BL3800","both","homozygote","Viable"
"Cttn","MGI:99695","H-Cttn-D11-TM1B","both","homozygote","Viable"
"Hcrt","MGI:1202306","BL3611","both","homozygote","Viable"
"Aldh16a1","MGI:1916998","MBWA","both","homozygote","Viable"
"Dnase1l2","MGI:1913955","MUCK","both","homozygote","Viable"
"Acsm2","MGI:2385289","JR24654","both","homozygote","Viable"
"Slc25a3","MGI:1353498","BL2350","both","homozygote","Lethal"
"Lst1","MGI:1096324","ET9009","both","homozygote","Viable"
"Itsn2","MGI:1338049","BL3634","both","homozygote","Viable"
"Anks1b","MGI:1924781","MELK","both","homozygote","Viable"
"Jmjd1c","MGI:1918614","MDGL","both","homozygote","Subviable"
"Coro1c","MGI:1345964","MDWY","both","homozygote","Viable"
"C3","MGI:88227","JR22098","both","homozygote","Viable"
"Dnaja1","MGI:1270129","JR18585","both","homozygote","Subviable"
"Cacna1s","MGI:88294","JR22783","both","homozygote","Lethal"
"Timm50","MGI:1913775","IP00004892a","both","homozygote","Lethal"
"Crb2","MGI:2679260","MFET","both","homozygote","Lethal"
"Spata22","MGI:2685728","BL4167","both","homozygote","Viable"
"Usp5","MGI:1347343","MGJB","both","homozygote","Lethal"
"Sez6l2","MGI:2385295","IP00005825a","both","homozygote","Viable"
"Bmp10","MGI:1338820","IP00005999a","both","homozygote","Lethal"
"Nobox","MGI:108011","BL4264","both","homozygote","Subviable"
"Sst","MGI:98326","RIKEN-Sst-F04_","both","homozygote","Viable"
"Atp6v0a4","MGI:2153480","RIKEN-Atp6v0a4-AB3_","both","homozygote","Lethal"
"Dlg3","MGI:1888986","MCZY","both","homozygote","Viable"
"Krt31","MGI:1309993","MFSN","both","homozygote","Viable"
"Mettl24","MGI:3045338","MFUB","both","homozygote","Viable"
"Mamstr","MGI:1921740","MUEM","both","homozygote","Viable"
"Kifap3","MGI:107566","MCKW","both","homozygote","Lethal"
"Rbm14","MGI:1929092","MGDJ","both","homozygote","Viable"
"Trpc5","MGI:109524","RIKEN-Trpc5-B02_","both","homozygote","Viable"
"Iqcj","MGI:3644166","JR26272","both","homozygote","Viable"
"Erlin2","MGI:2387215","MFKU","both","homozygote","Viable"
"Caskin1","MGI:2442952","BL4238","both","homozygote","Subviable"
"Ggnbp1","MGI:3055306","BL2405","both","homozygote","Viable"
"Hpcal4","MGI:2157521","BL2277","both","homozygote","Viable"
"Tcf19","MGI:103180","TCPA0618Cre","both","homozygote","Viable"
"Ccnb1","MGI:88302","H-CCNB1-E11-TM1B","both","homozygote","Lethal"
"Gpr33","MGI:1277106","H-GPR33-A05-TM1B","both","homozygote","Viable"
"Wee1","MGI:103075","TCPA0163Cre","both","homozygote","Lethal"
"Mboat7","MGI:1924832","H-MBOAT7-C11-TM1B","both","homozygote","Subviable"
"Pkp4","MGI:109281","JR25388","both","homozygote","Viable"
"Gsto2","MGI:1915464","MFYL","both","homozygote","Viable"
"Gbf1","MGI:1861607","MDRZ","both","homozygote","Lethal"
"Ube2m","MGI:108278","JR24027","both","homozygote","Lethal"
"Fnip2","MGI:2683054","MGSD","both","homozygote","Viable"
"Tspyl2","MGI:106244","Tspyl2 EPD0706_5_B03","both","homozygote","Viable"
"Coq6","MGI:1924408","IP00005524a","both","homozygote","Lethal"
"4930505A04Rik","MGI:1922337","MAODB","both","homozygote","Viable"
"1700125H20Rik","MGI:1920884","1700125H20Rik <EPD0473_3_E11>-1","both","homozygote","Viable"
"Casz1","MGI:1196251","H-CASZ1-D09-TM1B","both","homozygote","Lethal"
"C1qb","MGI:88224","JR22013","both","homozygote","Viable"
"Osm","MGI:104749","JR22338","both","homozygote","Viable"
"Tmem110","MGI:1921500","PMAC","both","homozygote","Viable"
"Pfkfb1","MGI:107816","PFKKB","both","homozygote","Viable"
"Pibf1","MGI:1261910","JR23601","both","homozygote","Lethal"
"Cyp2ab1","MGI:3644957","CYABB","both","homozygote","Viable"
"Pitrm1","MGI:1916867","MFXT","both","homozygote","Lethal"
"Atp8b2","MGI:1859660","MFFN","both","homozygote","Subviable"
"Irf5","MGI:1350924","MGJK","both","homozygote","Viable"
"Glg1","MGI:104967","MDJF","both","homozygote","Subviable"
"Cdkal1","MGI:1921765","MDZB","both","homozygote","Viable"
"Ttll6","MGI:2683461","JR25517","both","homozygote","Viable"
"Cd55b","MGI:104849","MFJK","both","homozygote","Viable"
"Dtnbp1","MGI:2137586","TCPA0069Cre","both","homozygote","Viable"
"Creb3l1","MGI:1347062","MEEN","both","homozygote","Viable"
"Eps8l1","MGI:1914675","BL3131","both","homozygote","Viable"
"Slitrk1","MGI:2679446","BL4165","both","homozygote","Viable"
"Pdk3","MGI:2384308","MFKA","both","homozygote","Viable"
"Pde1b","MGI:97523","PDELB","both","homozygote","Viable"
"Fam209","MGI:1923676","FAMKB","both","homozygote","Viable"
"Arhgef11","MGI:2441869","H-ARHGEF11-B05-TM1B","both","homozygote","Viable"
"Cldn19","MGI:3033992","JR23666","both","homozygote","Viable"
"Pde8a","MGI:1277116","H-PDE8A-B11-TM1B","both","homozygote","Viable"
"Zfp207","MGI:1340045","H-ZFP207-E04-TM1B","both","homozygote","Lethal"
"Fzd6","MGI:108474","MGHV","both","homozygote","Viable"
"Wdr37","MGI:1920393","MCZD","both","homozygote","Viable"
"Col9a2","MGI:88466","H-COL9A2-F03-TM1B","both","homozygote","Viable"
"Mmp23","MGI:1347361","BL3033","both","homozygote","Viable"
"Clstn3","MGI:2178323","H-Clstn3-C09-TM1B","both","homozygote","Viable"
"Lrrc2","MGI:1921499","TCPA0158Cre","both","homozygote","Viable"
"Fam210a","MGI:1914000","TCPM0583Cre","both","homozygote","Lethal"
"Hspb3","MGI:1928479","JR18618","both","homozygote","Viable"
"P3h3","MGI:1315208","BL1321","both","homozygote","Viable"
"Mettl20","MGI:2443575","BL1856","both","homozygote","Viable"
"Ddx55","MGI:1915098","METX","both","homozygote","Lethal"
"Psph","MGI:97788","BL3199-1","both","homozygote","Lethal"
"Atp6v1d","MGI:1921084","TCPA0536Cre","both","homozygote","Lethal"
"Ldah","MGI:1916082","HMGU-EPD0564_4_F01-1-1","both","homozygote","Viable"
"Camk1","MGI:1098535","CAMDB","both","homozygote","Viable"
"Avpi1","MGI:1916784","Monterotondo-HEPD0550_6_C05-2-1","both","homozygote","Viable"
"Slc38a10","MGI:1919305","MDEV","both","homozygote","Viable"
"Cyfip2","MGI:1924134","MEPG","both","homozygote","Lethal"
"Isg20","MGI:1928895","MFFD","both","homozygote","Viable"
"Fgf2","MGI:95516","H-FGF2-A08-TM1B","both","homozygote","Viable"
"Agpat4","MGI:1915512","H-AGPAT4-A12-TM1B","both","homozygote","Viable"
"Sec22b","MGI:1338759","MDZV","both","homozygote","Lethal"
"Cep164","MGI:2384878","H-CEP164-A03-TM1B","both","homozygote","Lethal"
"Rilpl2","MGI:1933112","JR21750","both","homozygote","Viable"
"Slc16a6","MGI:2144585","MECE","both","homozygote","Viable"
"Eme1","MGI:3576783","EMELB","both","homozygote","Viable"
"Uhrf2","MGI:1923718","TCPA0706Cre","both","homozygote","Subviable"
"Bpifb1","MGI:2137431","MGDH","both","homozygote","Viable"
"Clvs1","MGI:1921688","JR24658","both","homozygote","Viable"
"Unc13b","MGI:1342278","BL3431","both","homozygote","Subviable"
"Psmd14","MGI:1913284","Psmd14_N00099P0_T36C2-1","both","homozygote","Lethal"
"Lor","MGI:96816","BL4188","both","homozygote","Subviable"
"Pak1","MGI:1339975","H-PAK1-H11-TM1B","both","homozygote","Viable"
"Vps37d","MGI:2159402","Vps37d EPD0554_9_D02-1","both","homozygote","Lethal"
"Cpa2","MGI:3617840","GSF-HEPD0509_3_H12-1-1","both","homozygote","Viable"
"Slc8b1","MGI:2180781","JR26242","both","homozygote","Viable"
"Ppbp","MGI:1888712","ET9199","both","homozygote","Viable"
"Plat","MGI:97610","BL4538","both","homozygote","Viable"
"Chtf18","MGI:2384887","JR23317","both","homozygote","Subviable"
"4931429L15Rik","MGI:1921611","MGNZ","both","homozygote","Viable"
"Myo18a","MGI:2667185","UCD-EPD0396_4_E05-1-1","both","homozygote","Lethal"
"Fdxacb1","MGI:3584513","JR25183","both","homozygote","Viable"
"Bbs5","MGI:1919819","H-BBS5-C06-TM1B-2","both","homozygote","Viable"
"Slc25a21","MGI:2445059","MSLD","both","homozygote","Viable"
"Stat5b","MGI:103035","JR24351","both","homozygote","Viable"
"Lrp1","MGI:96828","JR22778","both","homozygote","Lethal"
"Slc17a3","MGI:2389216","H-SLC17A3-F08-TM1B","both","homozygote","Viable"
"Fcer1g","MGI:95496","BL4074","both","homozygote","Subviable"
"P4hb","MGI:97464","ET8110","both","homozygote","Subviable"
"Vegfb","MGI:106199","JR24407","both","homozygote","Viable"
"Amz2","MGI:104837","MFXD","both","homozygote","Viable"
"Otud6b","MGI:1919451","H-OTUD6B-H08-TM1B","both","homozygote","Subviable"
"Gbp2","MGI:102772","HMGU-EPD0234_4_G07-1-1","both","homozygote","Viable"
"Serpina3c","MGI:102848","MFCY","both","homozygote","Viable"
"Ascc2","MGI:1922702","Ascc2 EPD0792_5_A06-2","both","homozygote","Lethal"
"Cmtm5","MGI:2447164","MGBY","both","homozygote","Viable"
"Pcx","MGI:97520","HMGU-EPD0241_5_E07-1-1","both","homozygote","Lethal"
"Ntf5","MGI:97381","IP00005281a","both","homozygote","Viable"
"Abtb2","MGI:2139365","MEWH","both","homozygote","Viable"
"Ncf4","MGI:109186","H-NCF4-F12-TM1B","both","homozygote","Viable"
"Csf3r","MGI:1339755","BL4334","both","homozygote","Subviable"
"Egfl8","MGI:1932094","ET10094","both","homozygote","Viable"
"Rhox13","MGI:1920864","MEEK","both","homozygote","Viable"
"Shmt1","MGI:98299","H-SHMT1-A06-TM1B","both","homozygote","Viable"
"Dppa1","MGI:2157522","MELY","both","homozygote","Viable","Conflicting Data"
"Arhgef28","MGI:1346016","H-ARHGEF28-D06-TM1B","both","homozygote","Viable"
"Ptpn23","MGI:2144837","HMGU-HEPD0570_9_H06-1-1","both","homozygote","Lethal"
"Galp","MGI:2663979","RIKEN-Galp-E05_","both","homozygote","Viable"
"Trmt2a","MGI:96270","MUFP","both","homozygote","Viable"
"Mrps25","MGI:1928140","JR18635","both","homozygote","Lethal"
"Dbn1","MGI:1931838","H-DBN1-A05-TM1B","both","homozygote","Subviable","Conflicting Data"
"Tex37","MGI:1921471","BL1380","both","homozygote","Viable"
"Fastk","MGI:1913837","BL1653","both","homozygote","Viable"
"Mat2a","MGI:2443731","RIKEN-Mat2a-D11_","both","homozygote","Lethal"
"Idh2","MGI:96414","H-IDH2-G10-TM1B","both","homozygote","Viable"
"Adck2","MGI:1889336","JR24518","both","homozygote","Viable"
"Reg2","MGI:97896","ET3612","both","homozygote","Viable"
"P2rx4","MGI:1338859","H-P2rx4-E09-TM1B","both","homozygote","Viable"
"Fbxo7","MGI:1917004","MEBV","both","homozygote","Viable"
"Zgpat","MGI:2449939","TCPM0650Cre","both","homozygote","Viable"
"Tmem184b","MGI:2445179","BL4061","both","homozygote","Subviable"
"Abca6","MGI:1923434","TCPM0226Cre","both","homozygote","Viable"
"Evi5","MGI:104736","MFZM","both","homozygote","Viable"
"Hip1r","MGI:1352504","HIPRB","both","homozygote","Viable"
"Sgsm1","MGI:107320","MUCV","both","homozygote","Viable"
"Pink1","MGI:1916193","H-PINK1-G02-TM1B","both","homozygote","Viable"
"Stk16","MGI:1313271","JR18611","both","homozygote","Viable"
"4932438H23Rik","MGI:1921637","MDUU","both","homozygote","Viable"
"Ppp1r9b","MGI:2387581","JR18609","both","homozygote","Viable"
"4933430I17Rik","MGI:3045314","E112JM8N4-2","both","homozygote","Viable"
"Nxn","MGI:109331","GSF-EPD0045_1_B11-3-1","both","homozygote","Lethal"
"Srsf7","MGI:1926232","MFJE","both","homozygote","Lethal"
"Synj1","MGI:1354961","H-SYNJ1-C03-TM1B","both","homozygote","Lethal"
"Npc1","MGI:1097712","H-NPC1-G05-TM1B","both","homozygote","Subviable"
"Ppp1r35","MGI:1922853","JR25860","both","homozygote","Lethal"
"Sorbs2","MGI:1924574","JR22780","both","homozygote","Viable"
"Knop1","MGI:1913606","KNOTB","both","homozygote","Viable"
"Sostdc1","MGI:1913292","BL4400","both","homozygote","Subviable"
"Prkab2","MGI:1336185","H-PRKAB2-C09-TM1B","both","homozygote","Subviable"
"Efemp1","MGI:1339998","BL4123","both","homozygote","Viable"
"Toporsl","MGI:1915524","BL4779","both","homozygote","Viable"
"Il15","MGI:103014","H-IL15-C06-TM1B","both","homozygote","Viable"
"Asf1a","MGI:1913653","JR22101","both","homozygote","Lethal"
"Cyb5r2","MGI:2444415","H-CYB5R2-C08-TM1B","both","homozygote","Viable"
"Gprc5b","MGI:1927596","MDYT","both","homozygote","Viable"
"Ermp1","MGI:106250","JR23489","both","homozygote","Viable"
"Nr1h3","MGI:1352462","BL4911","both","homozygote","Viable"
"Fcmr","MGI:1916419","BL2570Cre","both","homozygote","Viable"
"Tomm20l","MGI:1922516","MUAR","both","homozygote","Viable"
"Mlh1","MGI:101938","H-MLH1-D07-TM1B","both","homozygote","Viable"
"Kdm7a","MGI:2443388","MDVT","both","homozygote","Viable"
"Cttnbp2","MGI:1353467","MUDC","both","homozygote","Viable"
"Dgcr2","MGI:892866","DGCAB","both","homozygote","Viable"
"Spink10","MGI:3584533","MEUY","both","homozygote","Viable"
"Psen1","MGI:1202717","JR24025","both","homozygote","Lethal"
"Popdc3","MGI:1930153","BL2949","both","homozygote","Viable"
"Cybrd1","MGI:2654575","H-CYBRD1-E12-TM1B","both","homozygote","Viable"
"Cyp2r1","MGI:2449771","MUBS","both","homozygote","Viable"
"Vps4a","MGI:1890520","VPSSB","both","homozygote","Lethal"
"Fgfr1op","MGI:1922546","Monterotondo-HEPD0550_7_C03-1-1","both","homozygote","Lethal"
"Kcnh3","MGI:1341723","JR21140","both","homozygote","Viable"
"Derl2","MGI:2151483","IP00005724a","both","homozygote","Lethal"
"Vps53","MGI:1915549","MDJZ","both","homozygote","Lethal"
"Cand2","MGI:1914338","MDKN","both","homozygote","Viable"
"Atp6v1d","MGI:1921084","IP00004932a","both","homozygote","Lethal"
"Dnal4","MGI:1859217","IP00005194a","both","homozygote","Subviable"
"Prame","MGI:1923079","MEJQ","both","homozygote","Viable"
"Ahcyl1","MGI:2385184","MECH","both","homozygote","Viable"
"Nedd4l","MGI:1933754","H-NEDD4L-A12-TM1B","both","homozygote","Subviable"
"Pcx","MGI:97520","H-PCX-A07-TM1B","both","homozygote","Lethal"
"Iqce","MGI:1921489","IP00005274a","both","homozygote","Viable"
"Dynlrb2","MGI:1922715","MFYF","both","homozygote","Subviable"
"Rxfp2","MGI:2153463","GSF-EPD0243_5_D11-1-1","both","homozygote","Viable"
"Coro1a","MGI:1345961","BL3641","both","homozygote","Viable"
"Ghsr","MGI:2441906","JR18595","both","homozygote","Viable"
"Trub2","MGI:2442186","MFJX","both","homozygote","Lethal"
"Atp1a4","MGI:1351335","H-ATP1A4-F02-TM1B","both","homozygote","Viable"
"Igsf11","MGI:2388477","JR21516","both","homozygote","Viable"
"Olah","MGI:2139018","BL2428","both","homozygote","Viable"
"Ranbp2","MGI:894323","BL3938","both","homozygote","Lethal"
"Fam13b","MGI:2447834","FAMMB","both","homozygote","Subviable"
"Gm5544","MGI:3648209","MFYG","both","homozygote","Subviable"
"Man2b2","MGI:1195262","MUAJ","both","homozygote","Viable"
"Irf8","MGI:96395","JR18655","both","homozygote","Viable"
"Pkd1l2","MGI:2664668","H-Pkd1l2-A09-TM1B","both","homozygote","Viable"
"Gdi2","MGI:99845","H4779-HEPD0749_2_D12-1","both","homozygote","Lethal"
"Pkd2l2","MGI:1858231","H-PKD2L2-A07-TM1B","both","homozygote","Viable"
"Coro6","MGI:2183448","MFZK","both","homozygote","Viable"
"Mapk10","MGI:1346863","MDMP","both","homozygote","Viable"
"Cr1l","MGI:88513","JR22343","both","homozygote","Lethal"
"Chrna7","MGI:99779","H-CHRNA7-E08-TM1B","both","homozygote","Viable"
"Fbxo33","MGI:1917861","MUBU","both","homozygote","Viable"
"Slc9b2","MGI:2140077","BL2067","both","homozygote","Viable"
"Rhbdl2","MGI:3608413","JR24674","both","homozygote","Viable"
"Rnf13","MGI:1346341","JR26488","both","homozygote","Viable"
"Fads1","MGI:1923517","BL3530","both","homozygote","Viable"
"Wfdc1","MGI:1915116","ET10112","both","homozygote","Viable"
"Asic4","MGI:2652846","BL4210","both","homozygote","Viable"
"Fgf7","MGI:95521","H-FGF7-F12-TM1B","both","homozygote","Viable"
"Myo7b","MGI:107709","JR24673","both","homozygote","Viable"
"Oog2","MGI:2684035","MFTG","both","homozygote","Viable"
"Nudt14","MGI:1913424","BL2301","both","homozygote","Viable"
"Adamts19","MGI:2442875","MGTS","both","homozygote","Viable"
"Arf2","MGI:99595","JR24425","both","homozygote","Viable"
"Rtn1","MGI:1933947","H-RTN1-G10-TM1B","both","homozygote","Viable"
"Wnt5b","MGI:98959","TCPM0198Cre","both","homozygote","Viable"
"Thada","MGI:3039623","Thada EPD0693_2_C09 HOM","both","homozygote","Viable"
"Sycp3","MGI:109542","JR22784","both","homozygote","Viable"
"Adipor1","MGI:1919924","H-ADIPOR1-B12-TM1B","both","homozygote","Viable"
"Slc47a1","MGI:1914723","GSF-EPD0423_5_H01-1-1","both","homozygote","Viable"
"Chp2","MGI:1917511","JR25118","both","homozygote","Viable"
"Trip13","MGI:1916966","JR18553","both","homozygote","Viable"
"Gtpbp2","MGI:1860138","BL2589-1","both","homozygote","Subviable"
"Syt1","MGI:99667","MDNJ","both","homozygote","Subviable"
"Nampt","MGI:1929865","BL3798","both","homozygote","Lethal"
"Slc6a3","MGI:94862","JR22301","both","homozygote","Viable"
"Skida1","MGI:1919918","BL2596-1","both","homozygote","Subviable"
"Gyg","MGI:1351614","GYGGB","both","homozygote","Lethal"
"Ypel3","MGI:1913340","BL2476","both","homozygote","Viable"
"Arhgef38","MGI:1924919","MEWJ","both","homozygote","Viable"
"Wnt2b","MGI:1261834","TCPM0202Cre","both","homozygote","Viable"
"Adora2b","MGI:99403","JR18592","both","homozygote","Viable"
"Htr1f","MGI:99842","JR24269","both","homozygote","Viable"
"Prpf31","MGI:1916238","EPD0256_6_H06-1","both","homozygote","Lethal"
"Rpia","MGI:103254","MGQP","both","homozygote","Lethal"
"Fam216a","MGI:1916198","HMGU-HEPD0675_7_F06-1-1","both","homozygote","Viable"
"Atxn3","MGI:1099442","MGEK","both","homozygote","Viable"
"Crbn","MGI:1913277","BL2967","both","homozygote","Viable"
"Dnajc17","MGI:1916658","GSF-HEPD0546_1_F06-1-1","both","homozygote","Lethal"
"Apoc4","MGI:87878","H4593-DEPD00512_2_B09-1","both","homozygote","Viable"
"Slc46a3","MGI:1918956","JR25376","both","homozygote","Viable"
"Scrib","MGI:2145950","TCPA0598Cre","both","homozygote","Lethal"
"Cml5","MGI:1916299","H-CML5-F05-TM1B","both","homozygote","Viable"
"A2m","MGI:2449119","TCPA0687Cre","both","homozygote","Viable"
"Spop","MGI:1343085","TCPA0016Cre","both","homozygote","Lethal"
"Sel1l","MGI:1329016","MDYY","both","homozygote","Lethal"
"Abcg2","MGI:1347061","JR23411","both","homozygote","Viable"
"Zswim5","MGI:1921714","BL4409","both","homozygote","Subviable"
"Zfp84","MGI:107780","MUDX","both","homozygote","Viable"
"Tbc1d4","MGI:2429660","JR26232","both","homozygote","Viable"
"Krt8","MGI:96705","IP00005602a","both","homozygote","Lethal"
"Thra","MGI:98742","IP00005646a","both","homozygote","Subviable"
"Slc1a1","MGI:105083","JR24411","both","homozygote","Viable"
"Leprot","MGI:2687005","MUAX","both","homozygote","Viable"
"Zfp719","MGI:2444708","MENA","both","homozygote","Viable"
"Nemf","MGI:1918305","JR18697","both","homozygote","Lethal"
"Nutf2","MGI:1915301","BL2173-1","both","homozygote","Lethal"
"Cenpe","MGI:1098230","Monterotondo-HEPD0553_1_A09-1-1","both","homozygote","Lethal"
"Dzank1","MGI:2139080","BL2388","both","homozygote","Viable"
"3110035E14Rik","MGI:1924232","TCPA0050Cre","both","homozygote","Viable"
"Arhgef15","MGI:3045246","BL4089","both","homozygote","Subviable"
"Aoc1","MGI:1923757","H4340-HEPD0615_1_A11-1","both","homozygote","Viable"
"Fxn","MGI:1096879","JR25732","both","homozygote","Lethal"
"Pawr","MGI:2149961","H-PAWR-F09-TM1B","both","homozygote","Subviable"
"B9d2","MGI:2387643","MCZV","both","homozygote","Lethal"
"Slc20a2","MGI:97851","MEQX","both","homozygote","Viable","Conflicting Data"
"Tmem151b","MGI:2685169","JR23060","both","homozygote","Viable"
"Smoc2","MGI:1929881","JR24350","both","homozygote","Viable"
"Pdzd3","MGI:2429554","METD","both","homozygote","Viable"
"Rala","MGI:1927243","MEAH","both","homozygote","Subviable"
"Usp50","MGI:1922333","USP50_19064A-C1","both","homozygote","Lethal"
"Usp10","MGI:894652","Usp10_N01994P1_W199C5-1","both","homozygote","Lethal"
"Ctdspl2","MGI:1196405","Ctdspl2 EPD0694_3_B05 HOM","both","homozygote","Subviable"
"Ramp1","MGI:1858418","H-RAMP1-B11-TM1B","both","homozygote","Viable"
"A430005L14Rik","MGI:2140680","MEVK","both","homozygote","Viable"
"Rab36","MGI:1924127","JR23664","both","homozygote","Viable"
"Ccdc109b","MGI:1914065","H-CCDC109B-F05-TM1B","both","homozygote","Viable"
"Fdft1","MGI:102706","MFXN","both","homozygote","Lethal"
"Lrrk1","MGI:2142227","H-LRRK1-C01-TM1B","both","homozygote","Viable"
"G3bp2","MGI:2442040","MDWN","both","homozygote","Lethal"
"Ahsg","MGI:107189","BL3485","both","homozygote","Viable"
"Taar2","MGI:2685071","BL2358","both","homozygote","Viable"
"Htra4","MGI:3036260","BL1512","both","homozygote","Viable"
"Arl9","MGI:1915496","BL4765","both","homozygote","Viable"
"Il13","MGI:96541","BL4366","both","homozygote","Viable"
"Nbeal2","MGI:2448554","MDVP","both","homozygote","Viable"
"Tcte1","MGI:98640","MEQN","both","homozygote","Viable"
"Col4a3bp","MGI:1915268","MFGR","both","homozygote","Subviable"
"Ydjc","MGI:1916351","MEYD","both","homozygote","Viable"
"Pard3b","MGI:1919301","H4645-EPD0463_2_E03-1","both","homozygote","Viable"
"Slc47a2","MGI:3588190","BL2459","both","homozygote","Viable"
"Arrb1","MGI:99473","JR22420","both","homozygote","Viable"
"Edc4","MGI:2446249","MFAD","both","homozygote","Lethal"
"Sdhc","MGI:1913302","H-SDHC-B04-TM1B","both","homozygote","Lethal"
"Abi3bp","MGI:2444583","TCPA0007Cre","both","homozygote","Subviable"
"Rnf10","MGI:1859162","ET6713","both","homozygote","Subviable","Conflicting Data"
"Fbxo47","MGI:1920223","MDTZ","both","homozygote","Viable"
"Btbd9","MGI:1916625","HMGU-EPD0631_3_A09-1-1","both","homozygote","Viable"
"Rabggta","MGI:1860443","Rabggta_AE8-1","both","homozygote","Lethal"
"Kcnh4","MGI:2156184","MUFM","both","homozygote","Viable"
"Dbn1","MGI:1931838","MCKS-3","both","homozygote","Lethal","Conflicting Data"
"Lrrtm3","MGI:2389177","BL3932","both","homozygote","Viable"
"Fjx1","MGI:1341907","ET9534","both","homozygote","Viable"
"Ndufb8","MGI:1914514","MFHG","both","homozygote","Lethal"
"Cdc20","MGI:1859866","JR18590","both","homozygote","Lethal"
"Gata5","MGI:109497","BL4341","both","homozygote","Viable"
"Plpp3","MGI:1915166","H-PPAP2b-D11-TM1B","both","homozygote","Lethal"
"Lgmn","MGI:1330838","TCPA0680Cre","both","homozygote","Viable"
"Pnmt","MGI:97724","JR24330","both","homozygote","Viable"
"Ahcy","MGI:87968","TCPA0663Cre","both","homozygote","Lethal"
"Ifnl3","MGI:2450574","JR25270","both","homozygote","Viable"
"Mapkbp1","MGI:1347004","H-MAPKBP1-H02-TM1B","both","homozygote","Viable"
"Stk36","MGI:1920831","JR26819","both","homozygote","Viable"
"Masp1","MGI:88492","JR24759","both","homozygote","Subviable"
"Xrcc3","MGI:1921585","JR24345","both","homozygote","Lethal"
"Dnaja4","MGI:1927638","JR22776","both","homozygote","Viable"
"Gimap6","MGI:1918876","JR24028","both","homozygote","Viable"
"Cfi","MGI:105937","H-CFI-F03-TM1B","both","homozygote","Viable"
"Ssbp2","MGI:1914220","TCPM0603Cre","both","homozygote","Viable"
"Gpr50","MGI:1333877","BL1376","both","homozygote","Viable"
"Dcdc2b","MGI:2686212","MUFJ","both","homozygote","Viable"
"Trem1","MGI:1930005","MFZX","both","homozygote","Viable"
"Snai2","MGI:1096393","BL3612","both","homozygote","Subviable"
"Fam20a","MGI:2388266","BL3181","both","homozygote","Viable"
"Ercc3","MGI:95414","TCPA0685Cre","both","homozygote","Lethal"
"Abca4","MGI:109424","MCZT","both","homozygote","Viable"
"Gnao1","MGI:95775","H-GNAO1-G05-TM1B","both","homozygote","Lethal"
"Rnaseh2c","MGI:1915459","MDUP","both","homozygote","Lethal"
"Ube2u","MGI:3588216","H-UBE2U-F06-TM1B","both","homozygote","Viable"
"Fam151a","MGI:2657115","BL3825","both","homozygote","Viable"
"Tm4sf4","MGI:2385173","BL2273","both","homozygote","Viable"
"Prkab1","MGI:1336167","ET6880","both","homozygote","Subviable","Conflicting Data"
"Clmn","MGI:2136957","TCPM0541Cre","both","homozygote","Viable"
"Naaa","MGI:1914361","MEQW","both","homozygote","Viable"
"Pcsk1n","MGI:1353431","BL1504","both","homozygote","Viable"
"Gpbar1","MGI:2653863","BL3559","both","homozygote","Viable"
"Pacsin2","MGI:1345153","JR25263","both","homozygote","Subviable"
"Cbx5","MGI:109372","MCTN","both","homozygote","Subviable"
"Cited4","MGI:1861694","JR18587","both","homozygote","Viable"
"Rest","MGI:104897","HMGU-EPD0156_1_D10-1-1","both","homozygote","Lethal"
"Tdrp","MGI:1919398","ET8169","both","homozygote","Viable"
"Sfxn3","MGI:2137679","MUBE","both","homozygote","Viable"
"Cxcr1","MGI:2448715","MGKP","both","homozygote","Viable"
"Slc5a7","MGI:1927126","MFED","both","homozygote","Lethal"
"Ctdsp2","MGI:1098748","BL3627","both","homozygote","Subviable"
"Dmxl2","MGI:2444630","MDTX","both","homozygote","Lethal"
"Dixdc1","MGI:2679721","JR18584","both","homozygote","Viable"
"Nbr1","MGI:108498","H-NBR1-C09-TM1B","both","homozygote","Viable"
"Zfp719","MGI:2444708","MUAW","both","homozygote","Viable"
"Cast","MGI:1098236","JR23393","both","homozygote","Viable"
"Dmap1","MGI:1913483","JR18565","both","homozygote","Lethal"
"3110043O21Rik","MGI:1920455","BL3210","both","homozygote","Viable"
"Crybb3","MGI:102717","ET8208","both","homozygote","Viable"
"Lipe","MGI:96790","BL5160","both","homozygote","Viable"
"Acbd3","MGI:2181074","H4344-HEPD0637_3_G08-1","both","homozygote","Lethal"
"Mcu","MGI:3026965","H-MCU-B01-TM1B","both","homozygote","Lethal"
"Selenbp1","MGI:96825","BL2597","both","homozygote","Viable"
"Afap1l2","MGI:2147658","BL3140","both","homozygote","Viable"
"Mylip","MGI:2388271","JR25268","both","homozygote","Viable"
"Aldh3b1","MGI:1914939","MUBT","both","homozygote","Subviable"
"Gpnmb","MGI:1934765","JR18554","both","homozygote","Viable"
"Atp6v1b2","MGI:109618","TCPA0014Cre","both","homozygote","Lethal"
"Fbxl21","MGI:2442921","H-FBXl21-A09-TM1B","both","homozygote","Viable"
"Rnmtl1","MGI:1914640","JR24056","both","homozygote","Lethal"
"Phyh","MGI:891978","TCPM0717Cre","both","homozygote","Viable"
"Vps25","MGI:106354","TCPA0147Cre","both","homozygote","Lethal"
"Ppp1r32","MGI:1915002","BL4340","both","homozygote","Viable"
"C1qtnf2","MGI:1916433","H-C1QTNF2-A12-TM1B","both","homozygote","Viable"
"Trpm1","MGI:1330305","H-TRPM1-E06-TM1B","both","homozygote","Viable"
"Rhox13","MGI:1920864","MUAA","both","homozygote","Viable"
"Slu7","MGI:2385598","MFMP","both","homozygote","Lethal"
"Epc2","MGI:1278321","GSF-EPD0018_2_G10-1-1","both","homozygote","Lethal"
"Mdk","MGI:96949","JR23024","both","homozygote","Subviable"
"Map3k1","MGI:1346872","MDDY","both","homozygote","Subviable"
"Atp1a3","MGI:88107","H-ATP1A3-H02-TM1B","both","homozygote","Lethal"
"Epdr1","MGI:2145369","TCPA0678Cre","both","homozygote","Viable"
"Timp3","MGI:98754","JR18639","both","homozygote","Viable"
"Mir320","MGI:3619332","mirKO_ES_PuDtk_5G1-1","both","homozygote","Lethal"
"Ngfr","MGI:97323","H-NGFR-D03-TM1B","both","homozygote","Subviable"
"Aldh9a1","MGI:1861622","ALDHB","both","homozygote","Viable"
"Fgf3","MGI:95517","FGFGB","both","homozygote","Subviable"
"Cutal","MGI:1925246","MFBV","both","homozygote","Viable"
"Abcb9","MGI:1861729","TCPM0210Cre","both","homozygote","Viable"
"Klk9","MGI:1921082","MEUJ","both","homozygote","Viable"
"Thsd1","MGI:1929096","JR21839","both","homozygote","Viable"
"Acaa1a","MGI:2148491","MEAD","both","homozygote","Viable"
"Dennd1c","MGI:1918035","MUAT","both","homozygote","Viable"
"Fam53b","MGI:1925188","Monterotondo-HEPD0667_7_D08-1-1","both","homozygote","Viable"
"Rnf20","MGI:1925927","TCPA0030Cre","both","homozygote","Lethal"
"Aspn","MGI:1913945","H4350-HEPD0627_6_A09-1","both","homozygote","Viable"
"Usp24","MGI:1919936","MESV","both","homozygote","Viable"
"Ddx51","MGI:1916913","MGMT","both","homozygote","Lethal"
"Rhbdl3","MGI:2179276","H-Rhbdl3-C11-TM1B","both","homozygote","Subviable"
"Skida1","MGI:1919918","MDHR","both","homozygote","Subviable"
"Tomm20l","MGI:1922516","MEJY","both","homozygote","Viable"
"Pdcd2","MGI:104643","MUCT","both","homozygote","Lethal"
"Rnf10","MGI:1859162","RNFGB","both","homozygote","Viable","Conflicting Data"
"Tceal5","MGI:3036236","MUAM","both","homozygote","Viable"
"Kcnb1","MGI:96666","H-KCNB1-D01-TM1B","both","homozygote","Viable"
"Atxn10","MGI:1859293","MUFW","both","homozygote","Lethal"
"Oxtr","MGI:109147","RIKEN-13082A-C7","both","homozygote","Viable"
"Ap4e1","MGI:1336993","RIKEN_EPD0025_5_A08","both","homozygote","Viable"
"Fstl1","MGI:102793","H-FSTL1-B07-TM1B","both","homozygote","Viable"
"3300002A11Rik","MGI:1919073","MFBX","both","homozygote","Viable"
"Pam16","MGI:1913699","MUEK","both","homozygote","Lethal"
"Fadd","MGI:109324","UCD-EPD0317_1_C03-1-1","both","homozygote","Lethal"
"3110035E14Rik","MGI:1924232","MELP","both","homozygote","Viable"
"Tppp","MGI:1920198","JR24900","both","homozygote","Viable"
"Coq4","MGI:1098826","MCZX","both","homozygote","Lethal"
"Abhd17a","MGI:106388","MFTD","both","homozygote","Viable"
"Zfp239","MGI:1306812","MUHG","both","homozygote","Viable"
"Wisp2","MGI:1328326","ET7963","both","homozygote","Viable"
"Ctnnbip1","MGI:1915756","H-CTNNBIP1-G10-Tm1B","both","homozygote","Subviable"
"Ccdc18","MGI:1922974","MFVF","both","homozygote","Viable"
"Ahnak","MGI:1316648","H-AHNAK-A01-TM1B","both","homozygote","Subviable"
"Nxn","MGI:109331","IP00005258a","both","homozygote","Lethal"
"Cdc26","MGI:1913690","IP00005031a","both","homozygote","Lethal"
"Siva1","MGI:1353606","H4642-HEPD0636_6_G01-1","both","homozygote","Viable"
"Cystm1","MGI:1913310","HMGU-HEPD0779_6_E06-1-1","both","homozygote","Viable"
"Ccdc79","MGI:2443187","BL4237","both","homozygote","Viable"
"Gdf10","MGI:95684","BL3228","both","homozygote","Viable"
"4930591A17Rik","MGI:1915425","MFCL","both","homozygote","Viable"
"Fbf1","MGI:1922033","MFGV","both","homozygote","Viable"
"Ccl26","MGI:3589281","JR24349","both","homozygote","Viable"
"Dact3","MGI:3654828","MUHK","both","homozygote","Viable"
"Prokr1","MGI:1929676","JR18568","both","homozygote","Viable"
"Slc25a4","MGI:1353495","MDKZ","both","homozygote","Viable"
"Hsp90aa1","MGI:96250","MCPD","both","homozygote","Viable"
"Fam134c","MGI:1915248","H-Fam134c-B03-TM1B","both","homozygote","Viable"
"Rrad","MGI:1930943","JR23419","both","homozygote","Viable"
"Mxra7","MGI:1914872","H-Mxra7-G06-TM1B","both","homozygote","Viable"
"Atp2a1","MGI:105058","H-ATP2A1-A07-TM1B","both","homozygote","Lethal"
"Lgals3","MGI:96778","H-LGALS3-A09-TM1B","both","homozygote","Viable"
"Sgms1","MGI:2444110","MEBK","both","homozygote","Viable"
"Cyb5d1","MGI:2685586","JR22096","both","homozygote","Viable"
"Myoz1","MGI:1929471","GSF-HEPD0534_5_A02-1-1","both","homozygote","Viable"
"Gabarapl2","MGI:1890602","H-GABARAPL2-F09-TM1B","both","homozygote","Lethal"
"Ang6","MGI:3528602","BL3843","both","homozygote","Viable"
"Cd84","MGI:1336885","JR24040","both","homozygote","Viable"
"Obp2a","MGI:2387617","IP00005800a","both","homozygote","Viable"
"Rab40c","MGI:2183454","JR24093","both","homozygote","Subviable"
"Eya4","MGI:1337104","TCPA0076Cre","both","homozygote","Lethal"
"Rnf183","MGI:1923322","H-RNF183-D07-TM1B","both","homozygote","Viable"
"Adgrl3","MGI:2441950","ET10155","both","homozygote","Viable"
"Tmed10","MGI:1915831","BL3579","both","homozygote","Lethal"
"Orc3","MGI:1354944","MDJJ","both","homozygote","Lethal"
"Pard3","MGI:2135608","H-PARD3-C04-TM1B","both","homozygote","Lethal"
"D7Ertd443e","MGI:1196431","MGLR","both","homozygote","Viable"
"Arid3a","MGI:1328360","JR18569","both","homozygote","Lethal"
"Epn3","MGI:1919139","BL2342","both","homozygote","Viable"
"Eif3h","MGI:1915385","MGLM","both","homozygote","Lethal"
"Col4a3","MGI:104688","H-COL4A3-B07-TM1B","both","homozygote","Viable"
"2210010C04Rik","MGI:1914623","2210010C04Rik <EPD0709_4_E11>-1","both","homozygote","Viable"
"Casp12","MGI:1312922","MECG","both","homozygote","Viable"
"Cts6","MGI:1889619","CTSSB","both","homozygote","Viable"
"Acat2","MGI:87871","Acat2 EPD0797_6_H04-1","both","homozygote","Lethal"
"Ankrd27","MGI:2444103","IP00005556a","both","homozygote","Viable"
"Dbn1","MGI:1931838","ET6714","both","homozygote","Subviable","Conflicting Data"
"Slc6a5","MGI:105090","BL3902","both","homozygote","Lethal"
"Prps1","MGI:97775","IP00005647a","both","homozygote","Lethal"
"Mybphl","MGI:1916003","MEHZ","both","homozygote","Subviable"
"Saa3","MGI:98223","ET8108","both","homozygote","Viable"
"BC030499","MGI:2652869","JR24652","both","homozygote","Viable"
"Ankrd6","MGI:2154278","MUBA","both","homozygote","Viable"
"Dmgdh","MGI:1921379","MEUP","both","homozygote","Viable"
"Kif1b","MGI:108426","JR23603","both","homozygote","Lethal"
"Kctd15","MGI:2385276","UCD-EPD0177_1_E09-1-1","both","homozygote","Lethal"
"Ntrk1","MGI:97383","H-NTRK1-D04-TM1B","both","homozygote","Lethal"
"Ecm1","MGI:103060","H-ECM1-F10-TM1B","both","homozygote","Subviable"
"Laptm4a","MGI:108017","E184JM8N4-12","both","homozygote","Viable"
"Vps13a","MGI:2444304","MUDS","both","homozygote","Viable"
"Memo1","MGI:1924140","Memo1 EPD0785_3_A06","both","homozygote","Lethal"
"Ceacam16","MGI:2685615","JR22335","both","homozygote","Viable"
"Hipk2","MGI:1314872","H-Hipk2-F08-TM1B","both","homozygote","Subviable"
"Fosb","MGI:95575","BL4990","both","homozygote","Viable"
"Kctd15","MGI:2385276","IP00005100a","both","homozygote","Lethal"
"Synpo2","MGI:2153070","IP00005112a","both","homozygote","Lethal"
"Satb1","MGI:105084","IP00005408a","both","homozygote","Lethal"
"Pcsk1","MGI:97511","IP00005259a","both","homozygote","Subviable"
"Tmem108","MGI:1932411","IP00005450a","both","homozygote","Viable"
"Ppp1r42","MGI:1921138","MDEF","both","homozygote","Viable"
"Otoa","MGI:2149209","BL2531","both","homozygote","Viable"
"Cd83","MGI:1328316","BL3306","both","homozygote","Viable"
"Il33","MGI:1924375","ET5048","both","homozygote","Viable"
"Neurl2","MGI:3043305","JR25572","both","homozygote","Viable"
"Trmt1","MGI:1289155","IP00005710a","both","homozygote","Subviable"
"Rgp1","MGI:1915956","JR22345","both","homozygote","Lethal"
"Tff1","MGI:88135","MDKX","both","homozygote","Viable"
"Panx3","MGI:1918881","BL3207","both","homozygote","Viable"
"Rrm2","MGI:98181","REMBB","both","homozygote","Lethal"
"Phpt1","MGI:1922704","BL2475","both","homozygote","Viable"
"1110001J03Rik","MGI:1913367","1110001J03Rik EPD0647_2_B09","both","homozygote","Subviable"
"4933430I17Rik","MGI:3045314","IP00004326a","both","homozygote","Viable"
"Klhdc2","MGI:1916804","H-KLHDC2-G08-TM1B","both","homozygote","Lethal"
"Pold3","MGI:1915217","MUHD","both","homozygote","Lethal"
"Ogfod3","MGI:1913429","MENY","both","homozygote","Viable"
"Glt8d2","MGI:1922032","MDJD","both","homozygote","Subviable"
"4933402N03Rik","MGI:1914681","MFAX","both","homozygote","Viable"
"Dsc2","MGI:103221","MDZL","both","homozygote","Viable"
"Dpy30","MGI:1913560","MFKN","both","homozygote","Lethal"
"Cyp4f16","MGI:1917351","H-CYP4F16-H05-TM1B","both","homozygote","Viable"
"Rab15","MGI:1916865","MEAW","both","homozygote","Viable"
"Bms1","MGI:2446132","H4352-HEPD0570_8_B09-1","both","homozygote","Lethal"
"Eif4ebp3","MGI:1270847","BL3728","both","homozygote","Viable"
"Fbxw9","MGI:1915878","Fbxw9 EPD0485_1_H05","both","homozygote","Viable","Conflicting Data"
"Parp1","MGI:1340806","IP00005750a","both","homozygote","Subviable"
"Dusp5","MGI:2685183","MFAJ","both","homozygote","Viable"
"Cyp2b13","MGI:88599","MUGE","both","homozygote","Viable"
"Fbxo41","MGI:1261912","BL3487","both","homozygote","Viable"
"Il18bp","MGI:1333800","ET8509","both","homozygote","Viable"
"Cgn","MGI:1927237","JR24092","both","homozygote","Lethal"
"Myo15","MGI:1261811","MCXD","both","homozygote","Viable"
"Adar","MGI:1889575","JR22334","both","homozygote","Lethal"
"Rbm47","MGI:2384294","MFRM","both","homozygote","Viable"
"Xndc1","MGI:5546359","MDUH","both","homozygote","Viable"
"Seh1l","MGI:1919374","MDJL","both","homozygote","Lethal"
"Pkia","MGI:104747","PKIBB","both","homozygote","Viable"
"Dnajc28","MGI:2181053","JR18636","both","homozygote","Viable"
"Setx","MGI:2443480","IP00005514a","both","homozygote","Viable"
"Smc5","MGI:2385088","IP00005492a","both","homozygote","Lethal"
"Klhl21","MGI:1919288","MEZW","both","homozygote","Subviable"
"Srd5a3","MGI:1930252","JR24184","both","homozygote","Lethal"
"Prkab1","MGI:1336167","PARKB","both","homozygote","Viable","Conflicting Data"
"Btnl1","MGI:1932027","TCPA0169Cre","both","homozygote","Viable"
"Ypel4","MGI:3605071","MERY","both","homozygote","Viable"
"Daam2","MGI:1923691","MEQD","both","homozygote","Viable"
"Otub1","MGI:2147616","IP00005148a","both","homozygote","Lethal"
"2810417H13Rik","MGI:1915276","MGRK","both","homozygote","Viable"
"Ube2e2","MGI:2384997","H-Ube2e2-A11-TM1B","both","homozygote","Viable"
"Tspan18","MGI:1917186","JR21483","both","homozygote","Viable"
"Nabp2","MGI:1917167","BL3331","both","homozygote","Lethal"
"Apool","MGI:1915367","MECV","both","homozygote","Viable"
"Ptprv","MGI:108027","TCPA0569Cre","both","homozygote","Viable"
"Nae1","MGI:2384561","IP00005028a","both","homozygote","Lethal"
"Col14a1","MGI:1341272","COLEB","both","homozygote","Viable"
"Hapln1","MGI:1337006","JR24023","both","homozygote","Subviable"
"Slc52a2","MGI:1289288","UCD-13532A-D11-1-1","both","homozygote","Lethal"
"Pla2g10","MGI:1347522","GSF-HEPD0539_1_A05-1-1","both","homozygote","Viable"
"Ppp3r2","MGI:107171","BL2928","both","homozygote","Viable"
"Casp4","MGI:107700","BL3518","both","homozygote","Viable"
"Ocstamp","MGI:1921864","JR18707","both","homozygote","Viable"
"Mfap4","MGI:1342276","TCPA0704Cre","both","homozygote","Viable"
"Dhfr","MGI:94890","TCPA0165Cre","both","homozygote","Lethal"
"Dlec1","MGI:2443671","GSF-EPD0183_3_F08-1-1","both","homozygote","Viable"
"Dbn1","MGI:1931838","IP00005427a","both","homozygote","Lethal","Conflicting Data"
"Atxn7l3","MGI:3036270","IP00005711a","both","homozygote","Lethal"
"Casq1","MGI:1309468","IP00005801a","both","homozygote","Viable"
"Smdt1","MGI:1916279","SMDBB","both","homozygote","Lethal"
"Sgpl1","MGI:1261415","BL3615","both","homozygote","Lethal"
"Ccdc120","MGI:1859619","JR18591","both","homozygote","Viable"
"Lss","MGI:1336155","LESSB","both","homozygote","Lethal"
"Pgam5","MGI:1919792","IP00005612a","both","homozygote","Viable"
"Greb1","MGI:2149712","GRECB","both","homozygote","Viable"
"Xxylt1","MGI:2146443","MFVL","both","homozygote","Viable"
"Ddhd1","MGI:2150302","MFCR","both","homozygote","Viable"
"Nfatc4","MGI:1920431","JR24897","both","homozygote","Viable"
"Fam73a","MGI:1924567","HMGU-EPD0598_3_H10-1-1","both","homozygote","Viable"
"Daam1","MGI:1914596","H-DAAM1-C09-TM1B","both","homozygote","Lethal"
"Gipc3","MGI:2387006","JR18643","both","homozygote","Viable"
"Timm22","MGI:1929742","JR24406","both","homozygote","Lethal"
"Arl10","MGI:1930788","BL1672","both","homozygote","Viable"
"Rasd1","MGI:1270848","BL3486","both","homozygote","Viable"
"Aqp3","MGI:1333777","H-Aqp3-E11-TM1B","both","homozygote","Viable"
"Gnpda2","MGI:1915230","BL1470","both","homozygote","Viable"
"Notch3","MGI:99460","BL4255","both","homozygote","Viable"
"Atp2a2","MGI:88110","Atp2a2","both","homozygote","Lethal"
"Apof","MGI:104539","BL794","both","homozygote","Viable"
"Kcnj9","MGI:108007","H-Kcnj9-F04-TM1B","both","homozygote","Viable"
"Gtf2a1","MGI:1933277","MDEG","both","homozygote","Lethal"
"Hmga1","MGI:96160","HMGGB","both","homozygote","Subviable"
"Mfsd2a","MGI:1923824","BL4225","both","homozygote","Subviable"
"Atp6v0a1","MGI:103286","TCPA0152Cre","both","homozygote","Lethal"
"Scarf2","MGI:1858430","BL2327","both","homozygote","Viable"
"Nme6","MGI:1861676","JR25177","both","homozygote","Lethal"
"Irak2","MGI:2429603","H-IRAK2-A08-TM1B","both","homozygote","Viable"
"Ccdc160","MGI:3588225","MEDS","both","homozygote","Viable"
"Cenpo","MGI:1923800","JR18836","both","homozygote","Lethal"
"Frs2","MGI:1100860","H-Frs2-B06-TM1B-3","both","homozygote","Lethal"
"Nxn","MGI:109331","RIKEN-Nxn-A11_","both","homozygote","Lethal"
"Pfdn6","MGI:95908","JR25639","both","homozygote","Subviable"
"Nek11","MGI:2442276","JR25580","both","homozygote","Viable"
"Anks6","MGI:1922941","MUFX","both","homozygote","Lethal"
"Rufy3","MGI:106484","RIKEN-Rufy3-B08_","both","homozygote","Lethal"
"Ube2g1","MGI:1914378","RIKEN-Ube2g1-B02_","both","homozygote","Viable"
"Mir141","MGI:2676826","mirKO_ES_PuDtk_11A2-2","both","homozygote","Lethal"
"Akap11","MGI:2684060","JR23512","both","homozygote","Viable"
"Il6ra","MGI:105304","BL1357","both","homozygote","Viable"
"Mthfsl","MGI:3780550","HMGU-HEPD0550_2_B06-1-1","both","homozygote","Viable"
"Slc1a4","MGI:2135601","MENZ","both","homozygote","Viable"
"F2","MGI:88380","H-F2-G11-TM1B","both","homozygote","Subviable"
"Snx27","MGI:1923992","ET4513","both","homozygote","Subviable"
"Gc","MGI:95669","BL4047","both","homozygote","Viable"
"Hddc3","MGI:1915945","BL5037","both","homozygote","Viable"
"Casc3","MGI:2179723","BL3762","both","homozygote","Lethal"
"Cpe","MGI:101932","GSF-HEPD0594_7_A02-1-1","both","homozygote","Viable"
"Tmem132a","MGI:2147810","Tmem132a EPD0111_5_B06","both","homozygote","Lethal"
"Mpo","MGI:97137","H-MPO-C03-TM1B","both","homozygote","Viable"
"Twist2","MGI:104685","BL3655","both","homozygote","Subviable"
"Cox7c","MGI:103226","JR21449","both","homozygote","Lethal"
"Plod1","MGI:99907","TCPA0666Cre","both","homozygote","Viable"
"Pacsin3","MGI:1891410","MDUQ","both","homozygote","Viable"
"Ndrg4","MGI:2384590","H-NDRG4-D05-TM1B","both","homozygote","Viable"
"Rln3","MGI:2158015","RIKEN-DEPD00503_4_A06","both","homozygote","Viable"
"Gart","MGI:95654","TCPA0115Cre","both","homozygote","Lethal"
"Rspo4","MGI:1924467","MGNR","both","homozygote","Viable"
"Fam161a","MGI:1921123","JR18705","both","homozygote","Viable"
"Cep76","MGI:1923401","CEPPB","both","homozygote","Viable"
"Pitx3","MGI:1100498","JR22306","both","homozygote","Viable"
"Nat10","MGI:2138939","MGEG","both","homozygote","Lethal"
"Adcyap1r1","MGI:108449","RIKEN-Adcyap1r1-B07_","both","homozygote","Subviable"
"Pitx2","MGI:109340","H-PITX2-A07-TM1B","both","homozygote","Lethal"
"Txndc5","MGI:2145316","BL3824","both","homozygote","Viable"
"Exoc8","MGI:2142527","BL2345","both","homozygote","Lethal"
"Ccdc33","MGI:1922464","BL2479","both","homozygote","Viable"
"Snx22","MGI:2685966","TCPM0671Cre","both","homozygote","Subviable"
"Ndufs7","MGI:1922656","NDUSB","both","homozygote","Lethal"
"Cdk4","MGI:88357","TCPA0701Cre","both","homozygote","Subviable"
"Pcdh18","MGI:1920423","BL2240","both","homozygote","Viable"
"Alg13","MGI:1914824","MCWY","both","homozygote","Viable"
"Mlc1","MGI:2157910","BL3629","both","homozygote","Viable"
"Supt3","MGI:1923723","MGEJ","both","homozygote","Lethal"
"Nxn","MGI:109331","ET6690_TCP","both","homozygote","Lethal"
"Tpgs2","MGI:1913898","JR21752","both","homozygote","Viable"
"Plpp6","MGI:1921661","ET7897","both","homozygote","Viable"
"Dbn1","MGI:1931838","JR21507","both","homozygote","Subviable","Conflicting Data"
"Kif1bp","MGI:1919570","MGCY","both","homozygote","Lethal"
"Ube2j1","MGI:1926245","RIKEN-N02070P1_C_236W_B6","both","homozygote","Viable"
"Diaph3","MGI:1927222","JR25186","both","homozygote","Lethal"
"Chmp3","MGI:1913950","CHIPB","both","homozygote","Lethal"
"Glycam1","MGI:95759","UCD-10916A-F3-1-1","both","homozygote","Viable"
"Adad2","MGI:1923023","JR25475","both","homozygote","Viable"
"Clpp","MGI:1858213","MFLC","both","homozygote","Viable"
"Ect2","MGI:95281","IP00005491a","both","homozygote","Lethal"
"Stxbp5l","MGI:2443815","BL2533","both","homozygote","Viable"
"Ap3s2","MGI:1337060","H-Ap3s2-B08-TM1B","both","homozygote","Viable"
"Foxj3","MGI:2443432","FOXJB","both","homozygote","Lethal","Conflicting Data"
"Zfpl1","MGI:1891017","ZFFPB","both","homozygote","Viable"
"Comt","MGI:88470","H-COMT-G06-TM1B","both","homozygote","Viable"
"Prelp","MGI:2151110","BL2259","both","homozygote","Viable"
"Dbn1","MGI:1931838","ET6714_TCP","both","homozygote","Subviable","Conflicting Data"
"Thbs1","MGI:98737","BL4259","both","homozygote","Viable"
"Pex26","MGI:1921293","ET7871","both","homozygote","Lethal"
"Ift22","MGI:1914536","BL3682","both","homozygote","Viable"
"Slc24a5","MGI:2677271","JR24675","both","homozygote","Viable"
"Palb2","MGI:3040695","JR22095","both","homozygote","Lethal"
"Anapc15","MGI:1922680","JR24656","both","homozygote","Lethal"
"Rnf10","MGI:1859162","H-RNF10-A10-TM1B","both","homozygote","Viable","Conflicting Data"
"Rel","MGI:97897","H-REL-D10-TM1B","both","homozygote","Viable"
"4930402H24Rik","MGI:1923029","TCPA0563Cre","both","homozygote","Viable"
"Sez6l","MGI:1935121","H-SEZ6L-E05-TM1B","both","homozygote","Viable"
"1110037F02Rik","MGI:1913435","MEYX","both","homozygote","Lethal"
"Slc22a8","MGI:1336187","H-SLC22A8-F12-TM1B","both","homozygote","Viable"
"Rab32","MGI:1915094","ET8295","both","homozygote","Subviable"
"Cnr1","MGI:104615","BL3395","both","homozygote","Subviable"
"Gfi1b","MGI:1276578","H-GFI1B-E11-TM1B","both","homozygote","Lethal"
"Nme2","MGI:97356","BL4546","both","homozygote","Viable"
"Tgif2","MGI:1915299","IP00005359a","both","homozygote","Lethal"
"Rnf144b","MGI:2384986","E203JM8N4-28","both","homozygote","Viable"
"Abca14","MGI:2388708","TCPA0775Cre","both","homozygote","Viable"
"Egr1","MGI:95295","TCPA0686Cre","both","homozygote","Subviable"
"1700112E06Rik","MGI:1923883","MGGQ","both","homozygote","Viable"
"Adcy2","MGI:99676","MDZW","both","homozygote","Viable"
"Enthd2","MGI:1926027","MUFN","both","homozygote","Viable"
"Srrm4","MGI:1916205","MDYA","both","homozygote","Subviable"
"Bach2","MGI:894679","MFZQ","both","homozygote","Viable"
"Mir200a","MGI:2676874","mirKO_ES_PuDtk_5H10-1","both","homozygote","Lethal"
"Ap4e1","MGI:1336993","APEXB","both","homozygote","Viable"
"Psph","MGI:97788","MGJF","both","homozygote","Lethal"
"Pth1r","MGI:97801","MFUV","both","homozygote","Lethal"
"Ahrr","MGI:1333776","JR18561","both","homozygote","Viable"
"Slc25a30","MGI:1914804","MELD","both","homozygote","Viable"
"Mrps5","MGI:1924971","MUBK","both","homozygote","Lethal"
"Thpo","MGI:101875","BL3483","both","homozygote","Viable"
"Selk","MGI:1931466","MUAE","both","homozygote","Viable"
"Armc7","MGI:2679719","MUCC","both","homozygote","Subviable"
"1700010I14Rik","MGI:1914181","BL3688","both","homozygote","Viable"
"Pced1a","MGI:2442177","MUCD","both","homozygote","Viable"
"Tcp11","MGI:98544","MFMT","both","homozygote","Viable"
"Ccdc64","MGI:1922915","CDCDB","both","homozygote","Viable"
"Car7","MGI:103100","JR23283","both","homozygote","Viable"
"Nagk","MGI:1860418","H-Nagk-D04-TM1B","both","homozygote","Viable"
"Uri1","MGI:1342294","MFEW","both","homozygote","Viable"
"Exoc4","MGI:1096376","JR25733","both","homozygote","Lethal"
"Sh3tc2","MGI:2444417","JR21142","both","homozygote","Viable"
"Ino80","MGI:1915392","IP00004468a","both","homozygote","Lethal","Conflicting Data"
"Rwdd3","MGI:1920420","IP00005451a","both","homozygote","Lethal"
"Avp","MGI:88121","H-AVP-H07-TM1B","both","homozygote","Lethal"
"Cdk19","MGI:1925584","JR26911","both","homozygote","Subviable"
"Fam96a","MGI:1915500","MDLT","both","homozygote","Viable"
"Bpifb1","MGI:2137431","BL4243","both","homozygote","Viable"
"Cybb","MGI:88574","H-CYBB-C11-TM1B","both","homozygote","Viable"
"Adamts18","MGI:2442600","BL3122","both","homozygote","Viable"
"Cabp1","MGI:1352750","MDYD","both","homozygote","Viable"
"Atn1","MGI:104725","H-ATN1-F08-TM1B","both","homozygote","Viable"
"Gfpt1","MGI:95698","H-GFPT1-H11-TM1B","both","homozygote","Lethal"
"Abcb11","MGI:1351619","GSF-HEPD0507_7_B05-1-3","both","homozygote","Subviable"
"Rnf10","MGI:1859162","ET6713_TCP","both","homozygote","Subviable","Conflicting Data"
"Nat1","MGI:97279","JR23599","both","homozygote","Viable"
"Cdkn1a","MGI:104556","BL3423","both","homozygote","Viable"
"Patz1","MGI:1891832","BL3680","both","homozygote","Lethal"
"Acot5","MGI:2384969","MFCQ","both","homozygote","Viable"
"Pyroxd1","MGI:2676395","PYROB","both","homozygote","Lethal"
"Htra2","MGI:1928676","BL3753","both","homozygote","Viable"
"Macrod2","MGI:1920149","JR18570","both","homozygote","Viable"
"Usp22","MGI:2144157","H-USP22-D11-TM1B","both","homozygote","Lethal"
"Mapkapk2","MGI:109298","H-Mapkapk2-A02-TM1B","both","homozygote","Viable"
"Acsf2","MGI:2388287","JR24902","both","homozygote","Viable"
"Kdm8","MGI:1924285","H-Kdm8-A04-TM1B","both","homozygote","Lethal"
"Cldn34b2","MGI:1920597","MECS","both","homozygote","Viable"
"Fbxo9","MGI:1918788","TCPM0222Cre","both","homozygote","Viable"
"Rbms1","MGI:1861774","H-RBMS1-E03-TM1B","both","homozygote","Lethal"
"Prkab1","MGI:1336167","JR21509","both","homozygote","Subviable","Conflicting Data"
"Wdr59","MGI:2442115","WDRBB","both","homozygote","Lethal"
"Elf3","MGI:1101781","BL3508","both","homozygote","Subviable"
"Xpnpep1","MGI:2180003","MFHU","both","homozygote","Subviable"
"Tmem127","MGI:1916720","MFJN","both","homozygote","Viable"
"Usp11","MGI:2384312","MFVM","both","homozygote","Viable"
"Plxna2","MGI:107684","MEAM","both","homozygote","Viable"
"Dhodh","MGI:1928378","MUBN","both","homozygote","Lethal"
"Dctn1","MGI:107745","MDWE","both","homozygote","Lethal"
"D630023F18Rik","MGI:2138198","MUDD","both","homozygote","Subviable"
"Fbxo31","MGI:1354708","Fbxo31 <EPD0631_4_E11>-1","both","homozygote","Viable"
"Nr6a1","MGI:1352459","NRADB","both","homozygote","Lethal"
"Lta4h","MGI:96836","H-Lta4H-B01-TM1B","both","homozygote","Viable"
"Grm6","MGI:1351343","H-Grm6-G06-TM1B","both","homozygote","Viable"
"Fbxl7","MGI:3052506","MDRA","both","homozygote","Viable"
"Iqsec3","MGI:2677208","IQSSB","both","homozygote","Viable"
"1700019B03Rik","MGI:1923656","RICOB","both","homozygote","Viable"
"Catip","MGI:2685062","MUCX","both","homozygote","Viable"
"Setd6","MGI:1913333","JR21482","both","homozygote","Viable"
"Hsf2","MGI:96239","JR24981","both","homozygote","Viable"
"Plin4","MGI:1929709","BL3229","both","homozygote","Viable"
"Cmtm4","MGI:2142888","MDLQ","both","homozygote","Viable"
"Ppp2r2b","MGI:1920180","MASL-1","both","homozygote","Viable"
"Htr3b","MGI:1861899","JR18615","both","homozygote","Viable"
"Exosc8","MGI:1916889","JR18622","both","homozygote","Lethal"
"Ifi44","MGI:2443016","TCPM0200Cre","both","homozygote","Viable"
"Rock1","MGI:107927","TCPA0571Cre","both","homozygote","Subviable"
"Myo10","MGI:107716","MFQX","both","homozygote","Viable"
"Sufu","MGI:1345643","BL3339","both","homozygote","Lethal"
"Tead1","MGI:101876","Tead1 EPD0207_2_C09-1","both","homozygote","Lethal"
"Hells","MGI:106209","GSF-EPD0102_4_A04-1-1","both","homozygote","Lethal"
"Tango6","MGI:2142786","H-TANGO6-D06-TM1B","both","homozygote","Lethal"
"Kif20a","MGI:1201682","HMGU-HEPD0652_8_C02-2-1","both","homozygote","Lethal"
"Whsc1l1","MGI:2142581","H-WHSC1L1-G02-TM1B","both","homozygote","Subviable"
"Esyt3","MGI:1098699","H-Esyt3-C09-TM1B-2","both","homozygote","Viable"
"Dapk1","MGI:1916885","H-Dapk1-B11-TM1B","both","homozygote","Viable"
"Aldh3a1","MGI:1353451","H-ALDH3A1-G05-TM1B-2","both","homozygote","Viable"
"Gnpda1","MGI:1347054","TCPM0189Cre","both","homozygote","Lethal"
"Cwc27","MGI:1914535","JR22344","both","homozygote","Subviable"
"Hecw2","MGI:2685817","MFHN","both","homozygote","Subviable"
"Dcaf11","MGI:90168","MGEU","both","homozygote","Viable"
"Strn3","MGI:2151064","JR18693","both","homozygote","Lethal"
"Mrm1","MGI:2443470","MFRT","both","homozygote","Subviable"
"Ampd1","MGI:88015","ET5105","both","homozygote","Subviable"
"Atp2b1","MGI:104653","TCPM0549Cre","both","homozygote","Subviable"
"Pja2","MGI:2159342","PJADB","both","homozygote","Viable"
"Ackr3","MGI:109562","IP00005749a","both","homozygote","Lethal"
"Mmp9","MGI:97011","IP00005555a","both","homozygote","Viable"
"Rrp8","MGI:1914251","JR25640","both","homozygote","Subviable"
"Tbccd1","MGI:1917823","TBCTB","both","homozygote","Viable"
"Yars","MGI:2147627","TCPA0141Cre","both","homozygote","Lethal"
"Mmrn1","MGI:1918195","H-MMRN1-G03-TM1B","both","homozygote","Viable"
"Nr1d1","MGI:2444210","Nr1d1 11705A-E7-1","both","homozygote","Viable","Conflicting Data"
"H2-Eb1","MGI:95901","MFEH","both","homozygote","Viable"
"Ralb","MGI:1927244","MDTQ","both","homozygote","Viable"
"Adcy9","MGI:108450","MUFE","both","homozygote","Subviable"
"Plxnb3","MGI:2154240","MGFF","both","homozygote","Viable"
"Gatm","MGI:1914342","HMGU-EPD0218_5_E08-1-1","both","homozygote","Viable"
"Ccdc181","MGI:1922145","CDDXB","both","homozygote","Viable"
"Ang","MGI:88022","BL3842","both","homozygote","Viable"
"9930012K11Rik","MGI:2145726","MAWLB","both","homozygote","Viable"
"Pbdc1","MGI:1914933","MEDL","both","homozygote","Viable"
"Usp21","MGI:1353665","MECN","both","homozygote","Viable"
"Usmg5","MGI:1891435","H-USMG5-C06-TM1B","both","homozygote","Viable"
"Ddah1","MGI:1916469","MGKQ","both","homozygote","Viable"
"Sept10","MGI:1918110","MFXQ","both","homozygote","Subviable"
"Hdac10","MGI:2158340","JR18844","both","homozygote","Viable"
"Prkab1","MGI:1336167","RIKEN_EPD0033_3_C09","both","homozygote","Viable","Conflicting Data"
"Farsa","MGI:1913840","MDRV","both","homozygote","Lethal"
"Tprn","MGI:2139535","JR18606","both","homozygote","Viable"
"Smyd5","MGI:108048","MEBR","both","homozygote","Viable"
"Zfyve28","MGI:2684992","MUCZ","both","homozygote","Viable"
"Tctex1d2","MGI:1913311","MFYD","both","homozygote","Viable"
"Abo","MGI:2135738","BL2425","both","homozygote","Viable"
"Unc119b","MGI:2147162","BL3750","both","homozygote","Viable"
"Arrb2","MGI:99474","JR18608","both","homozygote","Viable"
"Cdk9","MGI:1328368","BL4146","both","homozygote","Lethal"
"Rnf10","MGI:1859162","IP00005349a","both","homozygote","Viable","Conflicting Data"
"Exoc3l2","MGI:1921713","MEKM","both","homozygote","Viable","Conflicting Data"
"Nxn","MGI:109331","EPD0045_1_A11-2","both","homozygote","Lethal"
"Wdr12","MGI:1927241","JR18573","both","homozygote","Lethal"
"Pcsk4","MGI:97514","JR18355","both","homozygote","Viable"
"Ralgps2","MGI:1925505","MDYP","both","homozygote","Viable"
"Dynll1","MGI:1861457","MCSZ","both","homozygote","Lethal"
"Supt5","MGI:1202400","MFJT","both","homozygote","Lethal"
"Emc10","MGI:1916933","H-Emc10-E10-TM1B","both","homozygote","Viable"
"Card9","MGI:2685628","MFVJ","both","homozygote","Viable"
"Grb7","MGI:102683","PMAA","both","homozygote","Viable"
"Mfsd8","MGI:1919425","H-MFSD8-A06-TM1B","both","homozygote","Viable"
"Ap4e1","MGI:1336993","ET6689_TCP","both","homozygote","Viable"
"Repin1","MGI:1889817","MFTS","both","homozygote","Viable"
"Tram2","MGI:1924817","MFKX","both","homozygote","Subviable"
"Lrfn3","MGI:2442512","BL4459","both","homozygote","Viable"
"Hfe2","MGI:1916835","JR24947","both","homozygote","Viable"
"Arf3","MGI:99432","HMGU-HEPD0652_7_H10-1-1","both","homozygote","Viable"
"Gkn1","MGI:1913533","ET9353","both","homozygote","Viable"
"Gm17359","MGI:4936993","GMECB","both","homozygote","Viable"
"Lce3c","MGI:2135932","MFVV","both","homozygote","Viable"
"Tm9sf4","MGI:2139220","MDGW","both","homozygote","Viable"
"Arap1","MGI:1916960","BL2097","both","homozygote","Viable"
"Lyplal1","MGI:2385115","ET4709","both","homozygote","Viable"
"Ddx41","MGI:1920185","BL3367-1","both","homozygote","Lethal"
"Gldc","MGI:1341155","MDSB","both","homozygote","Lethal"
"Ptdss1","MGI:1276575","IP00005133a","both","homozygote","Viable"
"Baiap2l2","MGI:2652819","IP00004537a","both","homozygote","Viable"
"Crym","MGI:102675","JR22015","both","homozygote","Viable"
"Hibadh","MGI:1889802","MUDR","both","homozygote","Viable"
"Gp9","MGI:1860137","BL3654","both","homozygote","Viable"
"Plk1","MGI:97621","TCPA0148Cre","both","homozygote","Lethal"
"Hpse","MGI:1343124","TCPM0753Cre","both","homozygote","Viable"
"Vps33b","MGI:2446237","MEXC","both","homozygote","Lethal"
"Dusp3","MGI:1919599","MDUS","both","homozygote","Viable"
"Pabpc4","MGI:2385206","MEBQ","both","homozygote","Viable"
"Tmem248","MGI:1918917","BL1425","both","homozygote","Viable"
"Fcgbp","MGI:2444336","H-Fcgbp-E12-TM1B","both","homozygote","Viable"
"Sh3bp2","MGI:1346349","TCPA0712Cre","both","homozygote","Viable"
"Ldhb","MGI:96763","MUGM","both","homozygote","Viable"
"Nrde2","MGI:2670969","MFUJ","both","homozygote","Lethal"
"Mgat4d","MGI:1914805","MGATB","both","homozygote","Viable"
"Mcam","MGI:1933966","BL2151","both","homozygote","Viable"
"C1qtnf7","MGI:1925911","BL2558","both","homozygote","Viable"
"Krt9","MGI:96696","JR25383","both","homozygote","Viable"
"2610318N02Rik","MGI:1917708","MUBP","both","homozygote","Viable"
"Nrcam","MGI:104750","JR18645","both","homozygote","Viable"
"Loxl1","MGI:106096","JR18563","both","homozygote","Viable"
"Sdha","MGI:1914195","JR23136","both","homozygote","Lethal"
"Zfp36","MGI:99180","Zfp36_AB8-1","both","homozygote","Lethal"
"Gjd4","MGI:2444990","JR25266","both","homozygote","Viable"
"Nr1d1","MGI:2444210","Nr1d1 11705A-E7","both","homozygote","Subviable","Conflicting Data"
"Aldh1b1","MGI:1919785","MGER","both","homozygote","Viable"
"Rgcc","MGI:1913464","ET8351","both","homozygote","Viable"
"Cabp1","MGI:1352750","H-Cabp1-H04-TM1B","both","homozygote","Viable"
"Cxcl17","MGI:2387642","BL4462","both","homozygote","Viable"
"Chmp4c","MGI:1913621","H-CHMP4C-B10-TM1B","both","homozygote","Viable"
"Zdhhc24","MGI:1917855","H-Zdhhc24-C08-TM1B","both","homozygote","Viable"
"Phtf2","MGI:1916020","MDTN","both","homozygote","Viable"
"Rnf25","MGI:1890215","JR25262","both","homozygote","Viable"
"Pxdc1","MGI:1914145","TCPA0002Cre","both","homozygote","Viable"
"Clrn1","MGI:2388124","BL4921","both","homozygote","Viable"
"Ppm1a","MGI:99878","H-PPM1A-G04-TM1B","both","homozygote","Viable"
"Pigh","MGI:99463","JR18614","both","homozygote","Lethal"
"Dnpep","MGI:1278328","MGJA","both","homozygote","Viable"
"Spns2","MGI:2384936","MCSR","both","homozygote","Viable"
"Nphp1","MGI:1858233","BL3586","both","homozygote","Viable"
"Gdap1","MGI:1338002","ET9330","both","homozygote","Viable"
"Cnbd1","MGI:3650508","MUAY","both","homozygote","Viable"
"Ikzf5","MGI:1914393","RIKEN-Ikzf5-C06_","both","homozygote","Viable"
"Kcnip4","MGI:1933131","MDZY","both","homozygote","Viable"
"Ghr","MGI:95708","JR21486","both","homozygote","Viable"
"Polr3f","MGI:1924086","MFVN","both","homozygote","Lethal"
"Kcnab3","MGI:1336208","ET9329","both","homozygote","Viable"
"Krt2","MGI:96699","ET8220","both","homozygote","Subviable"
"Slc7a13","MGI:1921337","ET8296","both","homozygote","Viable"
"Defb22","MGI:3045368","MFXV","both","homozygote","Viable"
"Fam20c","MGI:2136853","BL3200","both","homozygote","Lethal"
"Igfbp7","MGI:1352480","IGFBB","both","homozygote","Viable"
"Mybphl","MGI:1916003","MUAF","both","homozygote","Subviable"
"Ghrhr","MGI:95710","JR19459","both","homozygote","Viable"
"Boc","MGI:2151153","H-BOC-E05-TM1B","both","homozygote","Viable"
"Fggy","MGI:1922828","MDRB","both","homozygote","Viable"
"Spata5","MGI:1927170","SSPAB","both","homozygote","Lethal"
"Ccdc94","MGI:1920136","CCDDB","both","homozygote","Lethal"
"Selk","MGI:1931466","MEEH","both","homozygote","Viable"
"Gm13125","MGI:3712553","MUDJ","both","homozygote","Viable"
"Tmem254b","MGI:3710397","MFHM","both","homozygote","Viable"
"Tep1","MGI:109573","TCPA0677Cre","both","homozygote","Viable"
"Sypl","MGI:108081","TCPM0573Cre","both","homozygote","Viable"
"Rspo1","MGI:2183426","BL4206","both","homozygote","Viable"
"Wnt10a","MGI:108071","BL2529","both","homozygote","Viable"
"Ddit3","MGI:109247","BL4570","both","homozygote","Viable"
"Exoc3l2","MGI:1921713","MUAU","both","homozygote","Lethal","Conflicting Data"
"Klhl18","MGI:2143315","MFEM","both","homozygote","Viable"
"Stra6l","MGI:1921402","ET7870","both","homozygote","Viable"
"Mgl2","MGI:2385729","BL2813","both","homozygote","Viable"
"Fam49b","MGI:1923520","TCPM0616Cre","both","homozygote","Subviable"
"Klhl29","MGI:2683857","IP00005147a","both","homozygote","Subviable"
"Bmx","MGI:1101778","IP00005336a","both","homozygote","Viable"
"Gpx3","MGI:105102","H-GPX3-D05-TM1B","both","homozygote","Lethal"
"Enc1","MGI:109610","MFZR","both","homozygote","Viable"
"1700001C02Rik","MGI:1922684","MGBV","both","homozygote","Viable"
"Unc119","MGI:1328357","BL3658","both","homozygote","Viable"
"Nmral1","MGI:1915074","BL3685","both","homozygote","Viable"
"Ube2e2","MGI:2384997","BL1487","both","homozygote","Viable"
"Rint1","MGI:1916233","JR21141","both","homozygote","Lethal"
"Tsfm","MGI:1913649","MDFF","both","homozygote","Lethal"
"Sox18","MGI:103559","JR23020","both","homozygote","Viable"
"Actn4","MGI:1890773","MCZU","both","homozygote","Subviable"
"Blk","MGI:88169","BL4090","both","homozygote","Viable"
"Ms4a3","MGI:2158468","ET9197","both","homozygote","Viable"
"D1Ertd622e","MGI:1277184","JR24659","both","homozygote","Subviable"
"Cyp7b1","MGI:104978","CYPKB","both","homozygote","Viable"
"Bzw2","MGI:1914162","JR18653","both","homozygote","Viable"
"Baiap2","MGI:2137336","TCPA0503Cre","both","homozygote","Subviable"
"Epha10","MGI:3586824","JR25180","both","homozygote","Viable"
"Ipp","MGI:96581","JR24571","both","homozygote","Viable"
"Slc8a3","MGI:107976","JR24409","both","homozygote","Viable"
"Gpr20","MGI:2441803","BL1803","both","homozygote","Viable"
"Snrnp27","MGI:1913868","SNRBB","both","homozygote","Lethal"
"Lima1","MGI:1920992","JR22302","both","homozygote","Subviable"
"Ube2h","MGI:104632","Ube2h_HEPD0679_4_B07-1","both","homozygote","Lethal"
"Thegl","MGI:1919118","1700023E05Rik EPD0762_5_G04","both","homozygote","Viable"
"Rhbdl1","MGI:2384891","BL2779","both","homozygote","Subviable"
"Hirip3","MGI:2142364","BL3281","both","homozygote","Viable"
"Commd9","MGI:1923751","H-COMMD9-D11-TM1B","both","homozygote","Lethal"
"Satb2","MGI:2679336","UCD-EPD0098_3_H05-2-1","both","homozygote","Subviable"
"Serpinb5","MGI:109579","JR25585","both","homozygote","Viable"
"Arhgef5","MGI:1858952","TCPA0703Cre","both","homozygote","Viable"
"Grk5","MGI:109161","BL4363","both","homozygote","Viable"
"Ewsr1","MGI:99960","TCPA0155Cre","both","homozygote","Lethal"
"Clspn","MGI:2445153","RIKEN-Clspn-AA8_","both","homozygote","Lethal"
"Mir143","MGI:2676828","mirKO_ES_PuDtk_10E1-1","both","homozygote","Lethal"
"Fbxo16","MGI:1354706","Fbxo16 HEPD0580_3_D06-1","both","homozygote","Lethal"
"Cers5","MGI:1919199","JR22819","both","homozygote","Viable"
"Ankrd11","MGI:1924337","IP00005581a","both","homozygote","Lethal"
"Usp39","MGI:107622","Usp39_HEPD0763_5_C04-1","both","homozygote","Lethal"
"Fdx1","MGI:103224","H4776-EPD0532_5_D01-1","both","homozygote","Lethal"
"Brms1","MGI:2388804","JR24348","both","homozygote","Subviable"
"Phf6","MGI:1918248","IP00005725a","both","homozygote","Lethal"
"Fbxw8","MGI:1923041","Fbxw8_HEPD0731_7_D12-1","both","homozygote","Subviable"
"Prdm10","MGI:2682952","IP00004970a","both","homozygote","Lethal"
"Zranb1","MGI:106441","IP00005458a","both","homozygote","Subviable","Conflicting Data"
"Usp14","MGI:1928898","H-USP14-G09-TM1B","both","homozygote","Lethal"
"Sirt1","MGI:2135607","H-Sirt1-B04-TM1B","both","homozygote","Subviable"
"Idh1","MGI:96413","TCPM0227Cre","both","homozygote","Viable"
"1700006E09Rik","MGI:1922687","RICMB","both","homozygote","Viable"
"Ptgr1","MGI:1914353","Ptgr1 <EPD0045_3_G02>-1","both","homozygote","Viable"
"Tgm6","MGI:3044321","MGKM","both","homozygote","Viable"
"Smpd4","MGI:1924876","MUBD","both","homozygote","Subviable"
"Yipf5","MGI:1914430","IP00005029a","both","homozygote","Lethal"
"Ptchd1","MGI:2685233","IP00005191a","both","homozygote","Viable"
"Snx29","MGI:1921728","IP00005240a","both","homozygote","Viable"
"Parp16","MGI:2446133","JR21613","both","homozygote","Viable"
"Atr","MGI:108028","JR21925","both","homozygote","Lethal"
"Spopl","MGI:1924107","MEAL","both","homozygote","Viable"
"Eomes","MGI:1201683","H-EOMES-G05-TM1B","both","homozygote","Lethal"
"Ces4a","MGI:2384581","JR24189","both","homozygote","Viable"
"Gpx1","MGI:104887","BL3596","both","homozygote","Viable"
"Gh","MGI:95707","ET9532","both","homozygote","Viable"
"Tslp","MGI:1855696","BL1297","both","homozygote","Viable"
"Rhpn1","MGI:1098783","BL3234","both","homozygote","Viable"
"Rimklb","MGI:1918325","JR22346","both","homozygote","Viable"
"Pycr1","MGI:2384795","JR23667","both","homozygote","Viable"
"Klk4","MGI:1861379","ET7908","both","homozygote","Viable"
"Ntn4","MGI:1888978","NTNCB","both","homozygote","Viable"
"Syndig1l","MGI:2685107","BL1472","both","homozygote","Viable"
"Padi2","MGI:1338892","BL3479","both","homozygote","Subviable"
"Tceal5","MGI:3036236","MEGQ","both","homozygote","Viable"
"Rufy2","MGI:1917682","MDDP","both","homozygote","Viable"
"Rfc1","MGI:97891","JR23072","both","homozygote","Lethal"
"Col24a1","MGI:1918605","MUFB","both","homozygote","Viable"
"Eci3","MGI:1916373","MUBM","both","homozygote","Viable"
"Nptn","MGI:108077","H-NPTN-A06-TM1B","both","homozygote","Viable"
"Fbxw26","MGI:3646662","MUBR","both","homozygote","Viable"
"Ssbp1","MGI:1920040","MEPZ","both","homozygote","Lethal"
"Uchl5","MGI:1914848","Uch15_N01863P1_W173F9-1","both","homozygote","Lethal"
"Akr1b8","MGI:107673","JR24334","both","homozygote","Viable"
"Rptor","MGI:1921620","H-RPTOR-H12-TM1B","both","homozygote","Lethal"
"Tcaim","MGI:1196217","H-TCAIM-B11-TM1B","both","homozygote","Viable"
"Fpr3","MGI:1194495","IP00005513a","both","homozygote","Viable"
"Nfatc3","MGI:103296","HMGU-HEPD0725_7_C12-1-2","both","homozygote","Lethal"
"Arpc1b","MGI:1343142","MDWK","both","homozygote","Viable"
"Rundc1","MGI:2144506","MUAV","both","homozygote","Subviable","Conflicting Data"
"Eml2","MGI:1919455","EMLTB","both","homozygote","Viable"
"Arsk","MGI:1924291","JR18657","both","homozygote","Viable"
"Fanci","MGI:2384790","MFGY","both","homozygote","Subviable"
"Sirt4","MGI:1922637","H-SIRT4-E08-TM1B","both","homozygote","Viable"
"Dnajc16","MGI:2442146","JR18633","both","homozygote","Subviable"
"Fgfr1","MGI:95522","BL4091","both","homozygote","Lethal"
"Slc15a3","MGI:1929691","H-SLC15A3-A03-TM1B","both","homozygote","Viable"
"Sema3f","MGI:1096347","H-SEMA3F-A04-TM1B","both","homozygote","Subviable"
"Prkab1","MGI:1336167","H-PRKAB1-C09-TM1B","both","homozygote","Viable","Conflicting Data"
"Cd5l","MGI:1334419","H-CD5L-B08-TM1B","both","homozygote","Viable"
"Prep","MGI:1270863","JR22099","both","homozygote","Lethal"
"Lgals7","MGI:1316742","MEHU","both","homozygote","Viable"
"Acvr2a","MGI:102806","BL3450","both","homozygote","Subviable"
"Fgf22","MGI:1914362","H-Fgf22-F04-TM1B","both","homozygote","Viable"
"Coq2","MGI:1919133","H-COQ2-F02-TM1B","both","homozygote","Lethal"
"Tmem43","MGI:1921372","TMECB","both","homozygote","Viable"
"Htr1b","MGI:96274","JR18634","both","homozygote","Subviable"
"Il1r2","MGI:96546","MGES","both","homozygote","Viable"
"Cd33","MGI:99440","JR22016","both","homozygote","Viable"
